<?xml version="1.0" encoding="UTF-8"?><kml xmlns="http://www.opengis.net/kml/2.2"><Document><name>Greenbank parkrun</name><description/><Style id="icon-1899-0F9D58-nodesc-normal"><IconStyle><color>ff589d0f</color><scale>1</scale><Icon><href>https://www.gstatic.com/mapspro/images/stock/503-wht-blank_maps.png</href></Icon><hotSpot x="32" xunits="pixels" y="64" yunits="insetPixels"/></IconStyle><LabelStyle><scale>0</scale></LabelStyle><BalloonStyle><text><![CDATA[<h3>$[name]</h3>]]></text></BalloonStyle></Style><Style id="icon-1899-0F9D58-nodesc-highlight"><IconStyle><color>ff589d0f</color><scale>1</scale><Icon><href>https://www.gstatic.com/mapspro/images/stock/503-wht-blank_maps.png</href></Icon><hotSpot x="32" xunits="pixels" y="64" yunits="insetPixels"/></IconStyle><LabelStyle><scale>1</scale></LabelStyle><BalloonStyle><text><![CDATA[<h3>$[name]</h3>]]></text></BalloonStyle></Style><StyleMap id="icon-1899-0F9D58-nodesc"><Pair><key>normal</key><styleUrl>#icon-1899-0F9D58-nodesc-normal</styleUrl></Pair><Pair><key>highlight</key><styleUrl>#icon-1899-0F9D58-nodesc-highlight</styleUrl></Pair></StyleMap><Style id="icon-1899-FF5252-nodesc-normal"><IconStyle><color>ff5252ff</color><scale>1</scale><Icon><href>https://www.gstatic.com/mapspro/images/stock/503-wht-blank_maps.png</href></Icon><hotSpot x="32" xunits="pixels" y="64" yunits="insetPixels"/></IconStyle><LabelStyle><scale>0</scale></LabelStyle><BalloonStyle><text><![CDATA[<h3>$[name]</h3>]]></text></BalloonStyle></Style><Style id="icon-1899-FF5252-nodesc-highlight"><IconStyle><color>ff5252ff</color><scale>1</scale><Icon><href>https://www.gstatic.com/mapspro/images/stock/503-wht-blank_maps.png</href></Icon><hotSpot x="32" xunits="pixels" y="64" yunits="insetPixels"/></IconStyle><LabelStyle><scale>1</scale></LabelStyle><BalloonStyle><text><![CDATA[<h3>$[name]</h3>]]></text></BalloonStyle></Style><StyleMap id="icon-1899-FF5252-nodesc"><Pair><key>normal</key><styleUrl>#icon-1899-FF5252-nodesc-normal</styleUrl></Pair><Pair><key>highlight</key><styleUrl>#icon-1899-FF5252-nodesc-highlight</styleUrl></Pair></StyleMap><Style id="line-0288D1-5000-nodesc-normal"><LineStyle><color>ffd18802</color><width>5</width></LineStyle><BalloonStyle><text><![CDATA[<h3>$[name]</h3>]]></text></BalloonStyle></Style><Style id="line-0288D1-5000-nodesc-highlight"><LineStyle><color>ffd18802</color><width>7.5</width></LineStyle><BalloonStyle><text><![CDATA[<h3>$[name]</h3>]]></text></BalloonStyle></Style><StyleMap id="line-0288D1-5000-nodesc"><Pair><key>normal</key><styleUrl>#line-0288D1-5000-nodesc-normal</styleUrl></Pair><Pair><key>highlight</key><styleUrl>#line-0288D1-5000-nodesc-highlight</styleUrl></Pair></StyleMap><Folder><name>Untitled layer</name><Placemark><name>Course</name><styleUrl>#line-0288D1-5000-nodesc</styleUrl><LineString><tessellate>1</tessellate><coordinates>            152.923066,-27.739199,60.8            152.923062,-27.739184,60.8            152.923083,-27.739132,61            152.923091,-27.739116,61.4            152.923091,-27.739106,61.6            152.923085,-27.739097,61.8            152.923077,-27.739089,61.8            152.923049,-27.739052,61.6            152.923017,-27.739022,61.6            152.922886,-27.738954,61.2            152.922783,-27.738902,61            152.922775,-27.738898,61.2            152.922718,-27.738863,61.4            152.922652,-27.738824,62            152.922643,-27.738823,62.2            152.922507,-27.738799,62.4            152.922415,-27.738805,62.4            152.922296,-27.73877,62.6            152.922262,-27.738755,62.6            152.922189,-27.738728,62            152.922151,-27.738692,61.8            152.922117,-27.738655,62            152.922084,-27.738559,62.2            152.922129,-27.738504,62            152.922142,-27.73849,62            152.92216,-27.738475,62            152.922233,-27.738454,61.6            152.922247,-27.738455,61.8            152.922295,-27.738469,62.6            152.922326,-27.738484,62.2            152.922348,-27.738494,62.4            152.922374,-27.738517,62.8            152.922395,-27.738536,62.2            152.922405,-27.738547,61.8            152.922456,-27.738614,62.4            152.922535,-27.738673,62            152.922564,-27.738694,62.2            152.922597,-27.738711,62.4            152.92262,-27.738728,60.8            152.922631,-27.738736,61            152.922642,-27.738741,61            152.922692,-27.73875,61            152.922706,-27.738749,61.2            152.922727,-27.738751,61.2            152.922772,-27.73875,61.2            152.922784,-27.738747,61.2            152.922796,-27.738743,62.4            152.922809,-27.73874,62.4            152.92288,-27.738727,61.2            152.922907,-27.738728,60.6            152.922977,-27.738716,61            152.922988,-27.738712,62.6            152.923042,-27.738714,62            152.923072,-27.738706,61.2            152.923109,-27.738685,62.4            152.923179,-27.738642,61            152.923226,-27.738591,60.2            152.923325,-27.738528,60.8            152.92339,-27.738493,61.6            152.923449,-27.73847,61.8            152.923512,-27.738448,62            152.923564,-27.73845,61.6            152.923636,-27.738514,60.4            152.92368,-27.738594,60.8            152.923684,-27.738605,60.8            152.923706,-27.738633,60.8            152.923752,-27.738663,60.2            152.923796,-27.738692,60.6            152.923844,-27.738723,60.4            152.923858,-27.73873,60.2            152.923873,-27.738738,60            152.9239,-27.738752,60            152.923914,-27.738758,59.8            152.923977,-27.738786,59.8            152.924008,-27.738793,59.8            152.924025,-27.738795,59.8            152.924122,-27.738792,59.8            152.924169,-27.738784,59.8            152.924211,-27.738771,61.2            152.924227,-27.738764,59.8            152.924241,-27.738761,60.8            152.924255,-27.73876,62.6            152.924267,-27.738756,60.8            152.924282,-27.738758,60.4            152.924317,-27.738763,60.2            152.924339,-27.738759,59.6            152.924349,-27.738759,61.2            152.924385,-27.738749,62.8            152.924396,-27.738746,60.8            152.924407,-27.738742,62.2            152.924433,-27.738735,63            152.924461,-27.738722,63.4            152.924536,-27.73868,63.2            152.924624,-27.738616,63.2            152.924693,-27.738583,61            152.924704,-27.738577,62.6            152.924793,-27.738544,62.6            152.924857,-27.738511,62.6            152.924895,-27.738498,62.6            152.925003,-27.738468,62.4            152.925016,-27.738468,62.4            152.925105,-27.738478,62.2            152.925188,-27.738505,61.8            152.925198,-27.738509,61.4            152.92521,-27.738517,62            152.925303,-27.738555,61.4            152.925396,-27.738588,62            152.925496,-27.738598,62            152.925535,-27.738595,62            152.925549,-27.738594,62            152.925582,-27.738584,62.4            152.925598,-27.73858,62            152.925709,-27.738554,61.8            152.925802,-27.738486,61.8            152.925866,-27.738442,61            152.925889,-27.738422,61.4            152.925945,-27.738369,61.4            152.925952,-27.738367,61.2            152.925978,-27.738336,61.4            152.925993,-27.738324,61.2            152.926003,-27.738321,61.2            152.926011,-27.738312,61.2            152.926011,-27.738282,61            152.926018,-27.738251,61            152.92602,-27.738239,61            152.926033,-27.73821,61.2            152.926037,-27.7382,61.2            152.926043,-27.738186,61            152.926045,-27.73817,61            152.926055,-27.738036,61.2            152.9261,-27.737935,61.6            152.926121,-27.737897,62            152.926138,-27.737865,62.4            152.926144,-27.737854,62.4            152.926156,-27.737828,62.4            152.926186,-27.73775,62.6            152.926195,-27.737712,62.4            152.926195,-27.737618,62            152.926185,-27.73757,61            152.926187,-27.737558,63            152.92619,-27.737547,60.4            152.926198,-27.737526,59.8            152.926213,-27.737498,59.2            152.92625,-27.737449,59.8            152.926336,-27.737415,60            152.926408,-27.737459,61.6            152.926431,-27.737494,61.6            152.92642,-27.737549,61.2            152.926399,-27.73757,62.2            152.926368,-27.737611,62.8            152.926357,-27.737624,62            152.926345,-27.737633,61            152.926331,-27.737641,62.4            152.926317,-27.737648,60.8            152.926272,-27.737669,62            152.926221,-27.737688,62            152.926194,-27.737708,62.2            152.926169,-27.737766,62.4            152.926152,-27.737846,63            152.92615,-27.737895,63.2            152.926141,-27.737932,64.4            152.926125,-27.737955,65            152.926111,-27.737965,64.8            152.926101,-27.737979,64.8            152.926087,-27.738008,63.2            152.92607,-27.738049,65.6            152.926066,-27.738083,65.8            152.926063,-27.738096,65.6            152.926055,-27.738132,64.6            152.926051,-27.738141,63.2            152.926042,-27.738162,63            152.926019,-27.738214,65            152.926013,-27.73826,65.6            152.926015,-27.738321,66.2            152.926011,-27.738337,64.8            152.926008,-27.738351,63.4            152.926004,-27.738367,63            152.925985,-27.738432,63.6            152.925975,-27.738444,65.2            152.925965,-27.738457,65            152.925952,-27.73847,62.6            152.925937,-27.738481,62.4            152.925924,-27.738493,62            152.92591,-27.738506,63.6            152.925895,-27.738515,64            152.92588,-27.738529,64            152.925862,-27.73854,63.2            152.925846,-27.738552,65            152.925831,-27.73856,65.8            152.925819,-27.738569,65.4            152.925805,-27.738576,65            152.92579,-27.738581,64.6            152.925775,-27.738588,65            152.925761,-27.738598,65.2            152.925746,-27.73861,65.8            152.925732,-27.73862,65            152.925718,-27.738631,65            152.925704,-27.738639,64.6            152.925691,-27.738646,63.4            152.925675,-27.73865,63            152.925661,-27.738652,63.2            152.925645,-27.738655,66            152.925628,-27.738659,66.4            152.925609,-27.738661,65.6            152.925593,-27.738666,65.4            152.925576,-27.73867,65            152.925561,-27.738676,63            152.925546,-27.738681,62.8            152.92553,-27.738678,63            152.925515,-27.738677,63            152.925498,-27.738677,62.8            152.925481,-27.738675,62.4            152.925466,-27.73867,62.2            152.925452,-27.738666,62.8            152.925436,-27.738656,63.2            152.925421,-27.738645,62.4            152.925406,-27.738634,62.4            152.925389,-27.738624,62.4            152.925373,-27.738617,62.8            152.925357,-27.738608,63.2            152.925333,-27.738607,63.2            152.925319,-27.73861,63.2            152.925306,-27.738605,63.2            152.925291,-27.738597,61.8            152.925277,-27.738589,61.6            152.925263,-27.738582,62.2            152.92525,-27.738574,62.8            152.925237,-27.738567,62.6            152.92522,-27.738565,62.6            152.925205,-27.738561,63            152.925188,-27.738557,62.6            152.925164,-27.738556,62.6            152.925149,-27.738552,62.6            152.925134,-27.738548,63.2            152.925119,-27.738545,62.8            152.925106,-27.738543,62.8            152.925093,-27.738542,63.6            152.92508,-27.738544,63.6            152.925062,-27.738542,62.2            152.925044,-27.738537,61.8            152.925029,-27.738534,63.4            152.925013,-27.738529,63.4            152.924995,-27.738529,63.4            152.92498,-27.738527,61.2            152.924965,-27.738527,61.2            152.924951,-27.738531,61            152.924939,-27.738534,62.4            152.924922,-27.73854,62.6            152.924903,-27.738549,61            152.92489,-27.738558,60.8            152.924879,-27.738566,61.4            152.924865,-27.738575,61.2            152.924854,-27.738584,61.2            152.92484,-27.738592,62.6            152.924826,-27.738601,62.8            152.924812,-27.738606,63.2            152.924796,-27.738611,61.4            152.92478,-27.738617,61.4            152.924767,-27.738623,61.4            152.924752,-27.73863,61.2            152.924739,-27.738639,62.6            152.924725,-27.738648,62.4            152.924712,-27.738657,61.8            152.924695,-27.738667,62.6            152.92468,-27.738676,62.8            152.924665,-27.738686,62.6            152.924653,-27.738699,62.8            152.924643,-27.738712,63.8            152.924634,-27.738721,63.6            152.924627,-27.73873,63.2            152.92462,-27.738738,64.8            152.924616,-27.738751,63.6            152.924611,-27.738765,64.2            152.924605,-27.73878,64            152.9246,-27.738794,66            152.924595,-27.738809,67            152.92459,-27.738823,66.4            152.924583,-27.738837,66.2            152.924575,-27.738846,66.6            152.924568,-27.738856,66            152.924563,-27.738867,66            152.924557,-27.738877,66            152.924551,-27.738887,65.8            152.924546,-27.738898,64.8            152.924541,-27.738909,63.4            152.924536,-27.738921,64            152.92453,-27.73893,64.6            152.924524,-27.738943,65            152.924516,-27.738955,65.2            152.924511,-27.738969,64.8            152.924503,-27.738977,65            152.924495,-27.738989,64.8            152.924487,-27.739003,64.2            152.924479,-27.739018,64.6            152.924467,-27.739032,64.6            152.924458,-27.739048,64.6            152.924451,-27.739066,64.8            152.924443,-27.739082,64.8            152.924437,-27.739099,64.8            152.924429,-27.739116,64.8            152.924429,-27.739141,64.8            152.924424,-27.73916,65            152.924416,-27.739173,65            152.92441,-27.739185,65            152.924396,-27.739195,64.8            152.924387,-27.739208,64.8            152.924376,-27.739218,64.8            152.924366,-27.739227,64.8            152.924357,-27.739239,64.8            152.924347,-27.739251,65.2            152.924335,-27.739261,65.6            152.924323,-27.73927,65.8            152.924309,-27.73928,65.8            152.924299,-27.739293,65.8            152.924289,-27.739306,65.8            152.92428,-27.73932,65.6            152.924271,-27.73933,65.4            152.924258,-27.739342,65.4            152.924249,-27.739358,65.4            152.924239,-27.73937,65.4            152.924221,-27.739376,65.4            152.924212,-27.739387,65.6            152.924204,-27.739395,65.8            152.924189,-27.739402,65.8            152.924176,-27.739405,66            152.924161,-27.73941,65.8            152.924149,-27.739416,65.8            152.924136,-27.739423,65.8            152.924124,-27.73943,65.8            152.924113,-27.73944,65.6            152.924105,-27.739452,65.6            152.924094,-27.739463,65.6            152.924082,-27.739475,65.8            152.924069,-27.739483,66            152.924056,-27.739493,66            152.924045,-27.739501,66            152.924036,-27.739511,66.2            152.924026,-27.739519,66.2            152.924014,-27.739529,66            152.924004,-27.739535,65.8            152.923994,-27.739539,65.6            152.923987,-27.739549,65.6            152.92398,-27.73956,65.6            152.923969,-27.739574,65.6            152.92396,-27.739586,65.6            152.923952,-27.7396,65.8            152.923948,-27.73962,66            152.923937,-27.739632,66            152.923927,-27.739645,66            152.923916,-27.739657,65.8            152.923907,-27.739672,65.8            152.923893,-27.739685,65.6            152.923885,-27.739698,65.6            152.923877,-27.739712,65.6            152.923865,-27.739724,65.6            152.923854,-27.739738,65.8            152.923844,-27.739753,66            152.923836,-27.739767,66.2            152.923827,-27.739778,66.2            152.923817,-27.73979,66.2            152.923807,-27.739804,66.2            152.923796,-27.739813,66.2            152.923787,-27.739824,66            152.923778,-27.739839,66            152.92377,-27.739854,66            152.92376,-27.739863,65.8            152.923749,-27.73987,65.6            152.92374,-27.73988,65.4            152.923741,-27.739904,65.4            152.923737,-27.73992,65.2            152.923728,-27.739929,65            152.923723,-27.73994,65            152.923717,-27.739953,65            152.923712,-27.739967,65            152.923708,-27.739978,65.2            152.923701,-27.739989,65.4            152.923695,-27.740004,65.4            152.92368,-27.740014,65.6            152.923673,-27.740027,65.6            152.92366,-27.740038,65.6            152.923651,-27.740052,65.6            152.923642,-27.740064,65.6            152.923634,-27.740078,65.6            152.923628,-27.740092,65.4            152.923624,-27.740106,65.4            152.923619,-27.74012,65.6            152.923614,-27.740138,65.6            152.923612,-27.740158,65.4            152.92361,-27.740173,65.4            152.923609,-27.740193,65.6            152.923609,-27.740212,65.8            152.923608,-27.740221,65.8            152.923606,-27.740235,65.8            152.923601,-27.740233,65.8            152.923599,-27.740237,65.8            152.923596,-27.74024,66            152.923595,-27.74024,66            152.923597,-27.74024,66            152.923596,-27.74024,65.8            152.923595,-27.740239,65.6            152.923593,-27.740238,64.8            152.923595,-27.740237,64.8            152.923597,-27.740235,64.8            152.923599,-27.740232,64.8            152.923596,-27.74023,64.8            152.923595,-27.74023,64.8            152.923592,-27.740235,64.8            152.923582,-27.740244,64.8            152.923578,-27.740263,64.8            152.923574,-27.740279,64.8            152.923568,-27.740295,64.8            152.923562,-27.740311,64.8            152.923557,-27.740327,64.8            152.92355,-27.740342,64.8            152.923543,-27.740359,65            152.923535,-27.740375,65.2            152.923529,-27.740393,65.4            152.923525,-27.740412,65.6            152.923521,-27.740428,65.8            152.92352,-27.740445,66            152.923518,-27.740461,66            152.923516,-27.740476,65.8            152.923515,-27.740492,65.6            152.923513,-27.740507,65.6            152.923511,-27.740523,65.6            152.923511,-27.740538,65.6            152.923512,-27.740551,65.6            152.923513,-27.740566,65.6            152.923516,-27.740583,65.6            152.923521,-27.740598,65.6            152.923523,-27.740611,65.6            152.923525,-27.740625,65.6            152.923527,-27.740639,65.6            152.923532,-27.740651,65.8            152.923537,-27.740661,65.8            152.923545,-27.740669,65.8            152.923557,-27.740675,65.8            152.923573,-27.740679,66            152.92359,-27.74068,66            152.923607,-27.740679,66            152.923629,-27.740674,66            152.923646,-27.740667,66            152.923662,-27.74066,66            152.923679,-27.740656,66            152.923696,-27.740652,65.8            152.923713,-27.740647,65.6            152.92373,-27.740641,65.4            152.923746,-27.740635,65.2            152.923761,-27.74063,65            152.923775,-27.740625,64.8            152.923789,-27.740619,64.8            152.923808,-27.740616,64.8            152.923823,-27.740613,65            152.923838,-27.740612,65            152.923854,-27.740611,65.2            152.92387,-27.740614,65.2            152.92389,-27.740616,65.4            152.923906,-27.740614,65.2            152.923922,-27.740612,63.2            152.923942,-27.74061,61.8            152.923961,-27.74061,62            152.923984,-27.740608,61.4            152.923999,-27.740608,61.8            152.924017,-27.740608,61.4            152.924033,-27.740606,61.4            152.924049,-27.740607,61.4            152.924064,-27.740606,61.4            152.924079,-27.740605,61.2            152.924098,-27.740602,61.4            152.924116,-27.7406,61.4            152.924133,-27.740599,61.4            152.92415,-27.740598,61            152.924166,-27.740599,61            152.924177,-27.7406,61            152.924191,-27.740601,61            152.924202,-27.740602,61            152.924213,-27.740602,61            152.924225,-27.740603,61.2            152.924237,-27.740604,61.2            152.924251,-27.740607,61.2            152.924266,-27.740611,61.4            152.924281,-27.740615,61.4            152.924297,-27.740622,61.2            152.924312,-27.740628,61.2            152.92433,-27.740637,61.2            152.924346,-27.740647,61            152.924361,-27.740659,61            152.924377,-27.740671,60.8            152.924387,-27.740683,60.8            152.924397,-27.740695,60.8            152.924401,-27.740708,61            152.924417,-27.740719,61            152.92443,-27.740731,61            152.924438,-27.740744,61            152.924443,-27.740757,61            152.92445,-27.740772,60.8            152.924454,-27.740789,60.8            152.924461,-27.740807,60.6            152.924469,-27.740822,60.6            152.924477,-27.740836,60.4            152.92448,-27.740848,60.4            152.924484,-27.74086,60.4            152.924486,-27.740875,60.4            152.924489,-27.740891,60.4            152.924493,-27.740907,60.4            152.924497,-27.740923,60.4            152.924497,-27.74094,60.6            152.924497,-27.740958,60.6            152.924497,-27.740975,60.6            152.924497,-27.740992,60.4            152.924497,-27.741008,60.4            152.924495,-27.741024,60.4            152.924491,-27.741041,60.4            152.924492,-27.741058,60.4            152.924491,-27.741077,60.6            152.92449,-27.741097,60.6            152.924487,-27.741113,60.6            152.924481,-27.741129,60.8            152.924477,-27.741145,60.8            152.924472,-27.741162,60.8            152.924465,-27.741176,60.6            152.924458,-27.741189,60.4            152.92445,-27.741199,60.4            152.924445,-27.741211,60.6            152.92444,-27.741223,60.6            152.924433,-27.741236,60.6            152.924427,-27.741251,60.6            152.92442,-27.741263,60.6            152.924411,-27.741274,60.6            152.9244,-27.741286,60.6            152.924389,-27.741297,60.6            152.924375,-27.74131,60.8            152.924359,-27.741324,60.8            152.924343,-27.741334,61            152.924329,-27.741344,61            152.924314,-27.741357,61            152.924303,-27.741369,61            152.924292,-27.741383,61            152.924282,-27.741396,61            152.924269,-27.741406,61            152.92426,-27.741419,60.8            152.924249,-27.741432,60.8            152.924239,-27.741444,60.8            152.924221,-27.741456,60.8            152.924207,-27.741466,61            152.924196,-27.741476,61.2            152.924179,-27.741487,61.4            152.924162,-27.741497,61.4            152.924147,-27.741509,61.6            152.924135,-27.741521,61.6            152.924127,-27.741535,61.6            152.924116,-27.741544,61.6            152.924109,-27.741555,61.4            152.924097,-27.741563,61.2            152.92409,-27.741575,61            152.924084,-27.741589,61            152.924077,-27.741603,60.8            152.92407,-27.741613,60.8            152.924062,-27.741626,60.8            152.924053,-27.741636,60.8            152.924042,-27.741648,60.8            152.924034,-27.741661,60.6            152.924023,-27.741677,60.6            152.924017,-27.741695,60.4            152.924006,-27.741707,60.4            152.923999,-27.74172,60.8            152.923995,-27.741733,60.8            152.923981,-27.741743,61            152.923977,-27.741758,61.2            152.923963,-27.741767,61.4            152.923952,-27.741781,61.2            152.923942,-27.741794,61.2            152.923932,-27.741805,61            152.923926,-27.741816,61            152.923914,-27.741823,61            152.923907,-27.741832,61.2            152.923901,-27.741841,61.4            152.923895,-27.741851,61.4            152.92389,-27.741862,61.4            152.923883,-27.741875,61.4            152.92388,-27.741891,61.4            152.923874,-27.741905,61.2            152.923869,-27.741919,61.2            152.923866,-27.741935,61.2            152.923861,-27.741951,61.2            152.923858,-27.741966,61.4            152.923856,-27.741982,61.4            152.923852,-27.741995,61.6            152.923856,-27.742013,61.6            152.923856,-27.74203,61.6            152.923858,-27.742048,61.6            152.92386,-27.742064,61.6            152.923861,-27.742079,61.6            152.923858,-27.742093,61.6            152.923858,-27.742107,61.8            152.923856,-27.742122,61.8            152.923853,-27.742135,61.8            152.923849,-27.742144,61.8            152.923845,-27.742158,61.8            152.923845,-27.742169,61.6            152.92384,-27.742182,61.6            152.923841,-27.742195,61.4            152.923846,-27.74221,61.4            152.923854,-27.742225,61.4            152.923856,-27.74224,61.4            152.923856,-27.742256,61.6            152.923856,-27.74227,61.6            152.923859,-27.742284,61.8            152.923859,-27.742297,61.8            152.92386,-27.74231,61.8            152.923854,-27.742318,61.8            152.923853,-27.742325,61.8            152.923853,-27.742335,61.6            152.923852,-27.742345,61.6            152.923854,-27.742358,61.6            152.923852,-27.742364,61.6            152.923851,-27.742375,61.6            152.923853,-27.74239,61.8            152.923852,-27.742402,61.8            152.923854,-27.74241,62            152.923852,-27.74242,62            152.923851,-27.74243,62            152.92385,-27.742439,61.8            152.923848,-27.742451,61.6            152.923844,-27.742461,61.4            152.923853,-27.742471,61.2            152.923863,-27.742484,61.2            152.923874,-27.742498,61.2            152.923879,-27.742515,61.2            152.923878,-27.74253,61.2            152.923877,-27.742547,61.2            152.923875,-27.742564,61.2            152.923874,-27.74258,61.4            152.923866,-27.742594,61.6            152.923856,-27.742602,61.8            152.923848,-27.742612,61.8            152.923842,-27.742627,61.8            152.923834,-27.742641,62            152.92383,-27.742656,62            152.923827,-27.74267,62            152.923821,-27.742686,62            152.923815,-27.742702,62            152.923811,-27.742717,62            152.923809,-27.742732,62            152.923808,-27.742748,61.8            152.923806,-27.742762,61.8            152.923805,-27.74278,61.6            152.923802,-27.742793,61.4            152.923799,-27.742808,61.4            152.923797,-27.742826,61.2            152.923795,-27.742844,61.2            152.923792,-27.742859,61.2            152.923793,-27.74288,61.4            152.923797,-27.742896,61.4            152.923795,-27.742914,61.6            152.923789,-27.742931,61.6            152.923781,-27.742945,61.6            152.923776,-27.742961,61.8            152.923774,-27.742979,61.8            152.923774,-27.742996,61.8            152.923773,-27.743012,61.8            152.923774,-27.743025,61.8            152.923777,-27.743041,62            152.923777,-27.743057,62            152.923773,-27.74307,62            152.923771,-27.743087,61.8            152.923767,-27.743101,61.8            152.923764,-27.743116,61.8            152.923762,-27.74313,61.8            152.923758,-27.743145,61.8            152.923753,-27.743158,61.8            152.923748,-27.743168,61.8            152.923744,-27.743181,61.8            152.923739,-27.743195,62            152.923731,-27.743208,62            152.923723,-27.74322,61.8            152.92372,-27.743233,61.8            152.923718,-27.743248,61.8            152.923713,-27.743262,61.6            152.92371,-27.743276,61.6            152.923705,-27.74329,61.6            152.923699,-27.743306,61.6            152.923693,-27.743322,61.6            152.923683,-27.743338,61.4            152.923676,-27.743352,61.4            152.923668,-27.743365,61.4            152.923661,-27.74338,61.4            152.923654,-27.743398,61.4            152.923645,-27.743413,61.4            152.923636,-27.743429,61.6            152.923629,-27.743446,61.6            152.923623,-27.743463,61.8            152.923617,-27.743479,61.8            152.923611,-27.743495,61.8            152.923606,-27.743508,61.6            152.923599,-27.74352,61.6            152.923592,-27.743533,61.4            152.923581,-27.743542,61.4            152.923574,-27.743554,61.4            152.923567,-27.743566,61.2            152.923562,-27.743581,61.2            152.923556,-27.743595,61.2            152.923554,-27.743611,61.4            152.923551,-27.743625,61.8            152.923544,-27.743637,62            152.92354,-27.74365,62.2            152.923535,-27.743663,62.2            152.923529,-27.743674,62.4            152.923523,-27.743687,62.4            152.923515,-27.743701,62.2            152.923511,-27.743716,62            152.923505,-27.743731,62            152.923497,-27.743746,62            152.923491,-27.743764,62            152.923485,-27.74378,62            152.92348,-27.743796,62            152.923475,-27.743813,61.8            152.923466,-27.743827,61.8            152.923458,-27.743843,61.8            152.923454,-27.74386,61.8            152.923448,-27.743874,61.8            152.923444,-27.743889,61.6            152.923439,-27.743902,61.6            152.923434,-27.743914,61.6            152.923428,-27.743928,61.4            152.923424,-27.743944,61.4            152.923419,-27.743957,61.2            152.923411,-27.743968,61.2            152.923404,-27.743978,61.2            152.923397,-27.743989,61.2            152.923388,-27.743997,61            152.923378,-27.744009,61            152.92337,-27.74402,61.2            152.923361,-27.744029,61.2            152.923353,-27.744039,61.2            152.923345,-27.74405,61.2            152.923338,-27.744063,61.4            152.923327,-27.744074,61.6            152.923322,-27.744088,61.8            152.923318,-27.744103,61.8            152.92331,-27.744116,61.8            152.923301,-27.744131,62            152.923292,-27.744145,62            152.923282,-27.744156,62            152.923274,-27.744166,62            152.923271,-27.744176,62            152.923267,-27.744186,61.8            152.923262,-27.744196,61.6            152.923257,-27.744207,61.6            152.923251,-27.74422,61.6            152.923241,-27.744231,61.4            152.923233,-27.744243,61.4            152.923227,-27.744254,61.4            152.923222,-27.744268,61.4            152.923219,-27.744281,61.4            152.923217,-27.744296,61.6            152.923212,-27.744304,61.6            152.923206,-27.744317,61.6            152.923198,-27.744329,61.8            152.92319,-27.744341,61.6            152.923185,-27.744356,61.6            152.923177,-27.744369,61.4            152.923176,-27.744384,61.2            152.923181,-27.744402,61.2            152.923179,-27.744417,61            152.923177,-27.744432,61            152.923176,-27.744446,60.8            152.923174,-27.744461,60.8            152.923177,-27.744477,61            152.923178,-27.744494,61            152.923176,-27.744508,61.4            152.923171,-27.744523,61.4            152.923169,-27.744539,61.6            152.923169,-27.744554,61.8            152.923168,-27.744572,61.8            152.923166,-27.744588,62            152.923158,-27.744602,62            152.923154,-27.744614,61.8            152.923145,-27.744628,61.8            152.923137,-27.744642,61.6            152.92313,-27.744657,61.6            152.923121,-27.744669,61.4            152.923109,-27.74468,61.4            152.923097,-27.744688,61.4            152.92308,-27.744692,61.4            152.923068,-27.744691,61.4            152.923056,-27.744686,61.4            152.923046,-27.744679,61.4            152.923038,-27.744671,61.4            152.92303,-27.744662,61.4            152.923019,-27.744652,61.4            152.92301,-27.744639,61.4            152.923003,-27.744623,61            152.922996,-27.744606,60.8            152.922988,-27.744588,60.6            152.922981,-27.744568,60.4            152.922983,-27.74455,60.4            152.922983,-27.744531,60.4            152.922986,-27.744511,60.4            152.922987,-27.744493,60.4            152.922995,-27.74448,60.4            152.923003,-27.744468,60.6            152.923012,-27.744455,60.8            152.923024,-27.744443,60.8            152.923038,-27.744433,61            152.923052,-27.744417,61            152.923064,-27.744406,61            152.923077,-27.744395,60.8            152.92309,-27.744386,60.8            152.923104,-27.744376,60.6            152.923116,-27.744365,60.8            152.923131,-27.744352,60.8            152.923145,-27.74434,60.8            152.923156,-27.744328,60.8            152.923165,-27.744317,60.8            152.923172,-27.744308,60.6            152.92318,-27.744297,60.6            152.923186,-27.744287,60.4            152.923191,-27.744276,60.4            152.9232,-27.744267,60.4            152.923209,-27.744256,62.2            152.923217,-27.744243,62            152.923224,-27.744233,61.8            152.923231,-27.744221,62.6            152.923237,-27.744205,63.2            152.92324,-27.744181,62.8            152.923246,-27.744164,62.8            152.923249,-27.744145,63            152.923253,-27.744123,63            152.923258,-27.744104,63            152.923265,-27.744089,62.8            152.923268,-27.74408,62.8            152.923275,-27.744069,62.6            152.92328,-27.744054,62.6            152.923286,-27.744038,62.4            152.923293,-27.744026,62.4            152.923301,-27.744012,62.4            152.923311,-27.743999,62.4            152.923321,-27.743984,62.2            152.923329,-27.743975,62.2            152.923337,-27.743967,62.2            152.923344,-27.743955,62.4            152.923351,-27.743943,62.4            152.923359,-27.743932,62.4            152.923368,-27.743922,62.4            152.923376,-27.74391,62.4            152.923383,-27.743897,62.2            152.923389,-27.743885,62.2            152.923397,-27.743875,62.2            152.923408,-27.743861,62.2            152.923414,-27.743849,62.2            152.923422,-27.743833,62.4            152.923433,-27.743816,62.4            152.923436,-27.743802,62.8            152.923446,-27.743785,62.8            152.923455,-27.74377,63            152.923463,-27.743754,63            152.923472,-27.743736,62.8            152.923479,-27.743724,62.8            152.923488,-27.743711,62.6            152.923499,-27.743698,62.6            152.923507,-27.743685,62.4            152.923515,-27.743672,62.6            152.923519,-27.743658,62.6            152.923523,-27.743645,62.6            152.923528,-27.743635,62.6            152.923536,-27.743624,62.8            152.923543,-27.743613,62.8            152.923548,-27.7436,61.4            152.923553,-27.743589,61.2            152.923559,-27.743578,61            152.923566,-27.743567,60.8            152.923569,-27.743554,60.6            152.923573,-27.74354,60.6            152.923578,-27.743528,60.6            152.923584,-27.743514,60.8            152.923589,-27.7435,60.8            152.923597,-27.743485,60.8            152.923604,-27.74347,61.8            152.92361,-27.743458,61.8            152.923617,-27.743446,61.8            152.923626,-27.743433,61.8            152.923633,-27.743418,62.2            152.923638,-27.743402,62.4            152.923645,-27.743384,62.4            152.923651,-27.743367,62.4            152.923656,-27.743351,62.4            152.923657,-27.743327,62.4            152.923663,-27.743308,62.4            152.923667,-27.743292,62.4            152.923669,-27.743275,62.4            152.923667,-27.743263,62.4            152.92367,-27.74325,62.4            152.923676,-27.743234,62.4            152.923678,-27.743218,62.4            152.923683,-27.743202,62.4            152.923691,-27.743187,62.4            152.923696,-27.743172,62.2            152.923703,-27.743159,62            152.92371,-27.743144,62.2            152.923715,-27.743126,62.2            152.92372,-27.743109,62.2            152.923725,-27.743095,62.4            152.92373,-27.743081,62.4            152.923735,-27.743069,62.4            152.923741,-27.743057,62.4            152.923745,-27.743045,62.4            152.923749,-27.743035,62.4            152.923755,-27.743023,62.4            152.923757,-27.74301,62.2            152.923758,-27.742997,62.2            152.92376,-27.742984,62            152.923763,-27.742971,62            152.923766,-27.742957,61.8            152.923768,-27.742944,61.8            152.92377,-27.74293,61.8            152.923772,-27.742914,61.8            152.923777,-27.742903,61.8            152.923783,-27.742894,61.6            152.923787,-27.742881,61.6            152.923787,-27.742867,61.4            152.923789,-27.742851,61.4            152.923789,-27.742834,61.4            152.923789,-27.742818,61.4            152.923788,-27.742804,61.4            152.923788,-27.742788,61.4            152.923789,-27.742771,61.6            152.923792,-27.742749,61.8            152.923792,-27.742729,62            152.923792,-27.742712,62            152.923792,-27.742699,62.4            152.923789,-27.742688,62.2            152.923791,-27.742673,62.4            152.923788,-27.742659,62.2            152.923788,-27.742643,62.8            152.923789,-27.742627,62.6            152.923792,-27.742616,62.4            152.923795,-27.742604,62.4            152.923797,-27.742587,62.4            152.9238,-27.742572,62.6            152.923801,-27.742558,62.6            152.923796,-27.742531,62.6            152.923803,-27.742518,62.6            152.923813,-27.742506,62.6            152.92382,-27.742492,62.4            152.923826,-27.742476,62.4            152.923834,-27.74246,62.4            152.923838,-27.742446,62            152.923842,-27.742431,62            152.923843,-27.742417,62            152.923847,-27.742404,62.4            152.923852,-27.742388,62.8            152.923861,-27.742373,63.2            152.923867,-27.742354,62.8            152.92387,-27.742337,62.6            152.923869,-27.742316,62.6            152.92387,-27.742299,62.6            152.923871,-27.742284,62.4            152.923872,-27.742269,62.4            152.923871,-27.742255,61.4            152.923871,-27.742242,62            152.923871,-27.742232,61.8            152.923872,-27.742218,62            152.923876,-27.742203,61.8            152.92388,-27.742188,61.4            152.923879,-27.742177,61.6            152.923878,-27.742164,61.6            152.923876,-27.742154,61.4            152.923878,-27.742141,61.2            152.923876,-27.742129,61            152.92387,-27.742118,61            152.92387,-27.742104,61            152.923866,-27.742092,61.2            152.923864,-27.742079,61.2            152.923865,-27.742061,61.2            152.923864,-27.742043,61.4            152.923862,-27.742026,61.4            152.923861,-27.74201,61.4            152.923859,-27.741994,61.4            152.923861,-27.741975,60.6            152.923861,-27.741959,60.4            152.923859,-27.741942,60.6            152.923859,-27.741925,60.4            152.923862,-27.741904,61.6            152.923862,-27.741888,61.6            152.923858,-27.741871,61.2            152.923858,-27.741854,61            152.923863,-27.741836,61            152.92387,-27.741818,61            152.923877,-27.741803,61.2            152.923879,-27.741787,61.2            152.92388,-27.741769,61            152.923877,-27.741754,61            152.923871,-27.741739,61            152.923864,-27.741726,61            152.923854,-27.741714,61            152.92384,-27.741701,61            152.923829,-27.741691,61            152.923818,-27.74168,61.2            152.923808,-27.74167,61.4            152.923794,-27.741662,61.4            152.923783,-27.741658,61.4            152.923777,-27.74165,61.6            152.923751,-27.741646,61.6            152.923741,-27.741637,61.6            152.923732,-27.741633,61.4            152.92373,-27.741632,61.4            152.923728,-27.741633,61.4            152.923721,-27.741635,61.2            152.923717,-27.741635,61.2            152.923715,-27.741632,61.2            152.923707,-27.741625,61.2            152.923697,-27.741615,61            152.92369,-27.741603,61            152.92368,-27.741595,61            152.923667,-27.741586,61            152.923651,-27.741576,61            152.923639,-27.741565,61            152.92363,-27.741555,60.8            152.923622,-27.741545,60.8            152.923612,-27.741535,60.8            152.9236,-27.741523,60.6            152.923586,-27.741513,60.6            152.923573,-27.741503,60.6            152.92356,-27.741493,60.6            152.923547,-27.741485,60.4            152.923535,-27.741475,60.4            152.923522,-27.741467,60.4            152.923512,-27.741458,60            152.9235,-27.741449,60            152.923487,-27.741439,60            152.923475,-27.74143,60.2            152.923463,-27.741421,60.4            152.923452,-27.741411,60.4            152.923439,-27.741399,60.8            152.923423,-27.741387,61            152.923411,-27.741375,61            152.923398,-27.741361,61            152.923381,-27.741349,61            152.92337,-27.741337,61            152.923358,-27.741332,61            152.923345,-27.741323,61            152.92333,-27.741311,61.2            152.923317,-27.741296,61.2            152.923303,-27.741283,61.2            152.92329,-27.74127,61.2            152.923278,-27.741258,61.2            152.923269,-27.741249,61.2            152.92326,-27.741239,61.2            152.923252,-27.741229,61            152.923241,-27.741218,61            152.923231,-27.741206,61            152.923218,-27.741197,61            152.923207,-27.741187,61            152.923195,-27.741174,61            152.923184,-27.741161,61            152.923175,-27.74115,61            152.92317,-27.741143,61            152.92316,-27.741131,60.8            152.923147,-27.741119,60.8            152.923137,-27.741112,60.8            152.923129,-27.741103,60.8            152.923121,-27.741093,60.6            152.923113,-27.74108,60.4            152.923101,-27.74107,60.4            152.923093,-27.741058,60.2            152.923083,-27.741044,60.2            152.923072,-27.741031,60.4            152.923064,-27.741019,60.4            152.923051,-27.741007,60.4            152.92304,-27.740996,60.4            152.92303,-27.740983,60.6            152.923019,-27.74097,60.6            152.923008,-27.740957,60.6            152.923,-27.740941,60.6            152.922991,-27.740927,60.6            152.922979,-27.740915,60.8            152.922968,-27.740902,61            152.92296,-27.740887,61.2            152.922944,-27.740875,61.4            152.922936,-27.740861,61.4            152.92293,-27.740848,61.6            152.922919,-27.740835,61.6            152.922907,-27.740823,61.6            152.922897,-27.740809,61.6            152.922891,-27.740794,61.6            152.92288,-27.740781,61.6            152.922866,-27.740769,61.6            152.922856,-27.740756,61.6            152.922845,-27.740741,61.6            152.922833,-27.740727,61.6            152.922824,-27.740714,61.4            152.922812,-27.740703,61.4            152.922799,-27.740692,61.2            152.922785,-27.740682,61.2            152.922773,-27.74067,61.2            152.922763,-27.740658,61            152.922754,-27.740645,61            152.922742,-27.740635,61            152.922734,-27.740622,61.2            152.922724,-27.740608,61.2            152.922712,-27.740594,61.2            152.922699,-27.740581,61.2            152.922689,-27.740568,61.2            152.922684,-27.740555,61            152.922677,-27.740543,60.8            152.922665,-27.740531,60.6            152.92266,-27.740517,60.4            152.922647,-27.740505,60.4            152.92264,-27.74049,60.2            152.922636,-27.740474,60.2            152.92263,-27.740461,60.4            152.922617,-27.740448,60.6            152.922612,-27.740432,60.8            152.9226,-27.740418,61            152.922595,-27.740403,61.4            152.92259,-27.740389,61.4            152.922586,-27.740372,61.4            152.922584,-27.740356,61.2            152.922578,-27.740341,61.2            152.922569,-27.740327,61.2            152.922561,-27.740314,61.2            152.922557,-27.740299,61            152.922551,-27.740286,61            152.922544,-27.740274,61            152.92254,-27.740261,61            152.922535,-27.740248,60.8            152.922532,-27.740235,60.8            152.922527,-27.740221,60.8            152.92252,-27.740208,60.8            152.922514,-27.740196,60.8            152.922509,-27.740182,60.8            152.922501,-27.740169,60.8            152.922494,-27.740156,61            152.922488,-27.740144,61            152.922482,-27.740132,61.2            152.922476,-27.740119,61.4            152.922474,-27.740105,61.8            152.922471,-27.74009,62            152.922463,-27.740077,62.2            152.922454,-27.740063,62.2            152.922445,-27.740049,62.4            152.922441,-27.740032,62.4            152.922436,-27.740015,62.4            152.922431,-27.74,62.4            152.922427,-27.739985,62.6            152.922426,-27.739969,62.6            152.922423,-27.739956,62.6            152.92242,-27.739942,62.6            152.922419,-27.739928,62.4            152.922422,-27.739916,62.6            152.922426,-27.739901,62.6            152.922431,-27.739887,62.6            152.922435,-27.739873,62.8            152.922437,-27.739859,62.8            152.922439,-27.739845,62.8            152.922442,-27.739832,62.8            152.922446,-27.739818,62.8            152.922459,-27.7398,61.2            152.922467,-27.739785,61.4            152.922473,-27.739769,61.4            152.92248,-27.739753,61.4            152.922489,-27.739737,61.2            152.9225,-27.739722,60.8            152.922507,-27.739708,61            152.922515,-27.739693,61            152.922525,-27.739681,61            152.922536,-27.73967,61            152.922548,-27.739658,61            152.922562,-27.739646,61            152.922576,-27.739638,61            152.922587,-27.73964,61            152.922598,-27.739641,61            152.922612,-27.73964,61            152.922626,-27.739633,61            152.92264,-27.739627,61            152.922656,-27.739621,60.8            152.922674,-27.73962,60.8            152.922691,-27.739619,60.6            152.922713,-27.739624,60.4            152.922731,-27.739623,60.4            152.92275,-27.739624,60.4            152.922769,-27.739624,60.4            152.922784,-27.73962,60.4            152.922802,-27.739619,60.4            152.922826,-27.73962,60.4            152.922842,-27.739617,60.4            152.922858,-27.739615,60.4            152.922874,-27.739612,60.4            152.922888,-27.739606,60.2            152.922903,-27.739596,60.2            152.922923,-27.739577,60            152.922938,-27.73956,60            152.92295,-27.739545,60            152.922955,-27.73952,60            152.922963,-27.739503,59.8            152.92297,-27.739487,59.8            152.922976,-27.739472,59.6            152.922981,-27.739458,59.6            152.922986,-27.739444,59.4            152.922991,-27.739429,59.4            152.922997,-27.739415,59.4            152.923003,-27.739403,59.2            152.923008,-27.739388,59.2            152.923013,-27.739374,59.2            152.923016,-27.73936,59.2            152.923021,-27.739346,59            152.923026,-27.739331,59            152.923027,-27.739316,58.8            152.923026,-27.739298,58.8            152.923028,-27.739287,58.8            152.923028,-27.739274,58.8            152.923028,-27.739262,58.8            152.92303,-27.739252,60.2            152.923034,-27.739244,60.2            152.923037,-27.739233,60            152.923039,-27.739223,59.2            152.923039,-27.739212,59            152.923042,-27.7392,58.6            152.923042,-27.739186,58.8            152.923043,-27.739175,59            152.923042,-27.739162,59            152.923039,-27.739148,58.8            152.923032,-27.739135,58.8            152.923028,-27.739121,58.8            152.923025,-27.739105,58.8            152.92302,-27.739091,58.8            152.923014,-27.739077,58.8            152.923007,-27.739064,58.8            152.922999,-27.739048,58.8            152.922991,-27.739035,58.8            152.922982,-27.739025,58.8            152.922973,-27.739013,58.8            152.922964,-27.739001,58.8            152.922953,-27.738989,58.8            152.922943,-27.738977,58.8            152.922934,-27.738967,59            152.922922,-27.738957,59            152.922909,-27.738948,59.2            152.922895,-27.738936,59            152.92288,-27.738926,59.2            152.922865,-27.738916,59.2            152.922843,-27.738908,59.4            152.922828,-27.7389,59.4            152.922813,-27.738893,59.6            152.922795,-27.738886,59.6            152.922778,-27.738879,59.8            152.922759,-27.738871,59.8            152.922741,-27.738864,59.8            152.922723,-27.738857,59.8            152.922705,-27.738854,59.8            152.922685,-27.738852,59.8            152.922665,-27.738845,60            152.922647,-27.73884,60            152.922629,-27.738834,60.2            152.922614,-27.738828,60.2            152.9226,-27.738824,60.2            152.922587,-27.738816,60.4            152.92257,-27.738811,60.2            152.922552,-27.738806,60.2            152.922536,-27.738803,60.4            152.922519,-27.7388,60.4            152.922501,-27.738797,60.4            152.922483,-27.738795,60.4            152.922467,-27.738793,60.4            152.922449,-27.738792,60.4            152.922434,-27.738791,60.4            152.922417,-27.738791,60.2            152.922399,-27.738794,60.2            152.922382,-27.738792,60.2            152.922365,-27.738794,60.2            152.922349,-27.738793,60.2            152.922333,-27.73879,60.2            152.922314,-27.738791,60.4            152.922295,-27.738787,60.6            152.92228,-27.73878,60.8            152.922265,-27.738773,60.6            152.922248,-27.738766,60.4            152.922234,-27.73876,60.4            152.922221,-27.738752,60.2            152.922205,-27.738744,60.2            152.922191,-27.738737,60            152.922177,-27.738728,60            152.922165,-27.738717,60            152.922153,-27.738706,59.8            152.922145,-27.738695,59.8            152.922137,-27.738683,59.8            152.922127,-27.738668,59.8            152.922118,-27.738654,59.8            152.92211,-27.73864,59.8            152.922105,-27.738627,59.8            152.922099,-27.738617,59.8            152.922092,-27.738606,59.6            152.922093,-27.738593,59.6            152.922098,-27.738574,59.4            152.922103,-27.738557,59.4            152.922109,-27.738537,59.4            152.922121,-27.73852,59.6            152.922132,-27.738505,59.6            152.922149,-27.73849,59.6            152.922166,-27.738478,59.8            152.922181,-27.738468,59.8            152.922198,-27.738461,60            152.922216,-27.738456,60            152.922231,-27.738453,60            152.922244,-27.738451,60            152.922257,-27.73845,59.8            152.922274,-27.738453,59.8            152.922288,-27.738458,59.8            152.922306,-27.738464,59.8            152.922327,-27.738472,60            152.92234,-27.738479,60            152.922354,-27.738487,60            152.922366,-27.738496,59.6            152.922377,-27.738506,59.8            152.922386,-27.738519,59.4            152.922402,-27.738532,59.6            152.922415,-27.738547,59.8            152.922425,-27.738562,59.8            152.922435,-27.738576,59.8            152.922444,-27.738587,59.8            152.922453,-27.738599,60            152.922474,-27.738609,60            152.922487,-27.738621,60.2            152.922504,-27.738635,60.2            152.922515,-27.738648,60.2            152.922533,-27.738657,60.2            152.922545,-27.738669,60.2            152.922558,-27.738679,60.2            152.922572,-27.738689,60            152.922587,-27.738696,59.8            152.922602,-27.738701,59.6            152.922617,-27.738708,59.6            152.922631,-27.738713,59.6            152.922645,-27.738721,59.6            152.92266,-27.73873,59.4            152.922674,-27.738739,59.4            152.92269,-27.738744,59.6            152.922704,-27.738749,59.6            152.922719,-27.738753,59.8            152.922732,-27.738756,60            152.922749,-27.738758,58.2            152.922764,-27.738759,58            152.922778,-27.738759,59.4            152.922792,-27.738758,57.6            152.922809,-27.738755,57.4            152.92283,-27.738752,57.6            152.922849,-27.738752,57.4            152.922864,-27.73875,57.2            152.922878,-27.738747,56.8            152.922892,-27.738746,57            152.922909,-27.738745,57            152.922925,-27.738743,57            152.922941,-27.73874,56.8            152.922956,-27.738733,56.8            152.922974,-27.738728,56.6            152.922991,-27.738722,56.6            152.923004,-27.738714,56.4            152.923019,-27.738707,56.4            152.923032,-27.738698,56.4            152.923045,-27.738687,56.4            152.92306,-27.738679,56.2            152.923072,-27.738667,56.2            152.923082,-27.738657,56.2            152.923094,-27.738646,56.4            152.923109,-27.73864,56.2            152.923122,-27.738629,56.2            152.923136,-27.73862,56.2            152.923149,-27.738611,56.2            152.923163,-27.738601,56            152.923178,-27.738592,56            152.923191,-27.738584,56            152.923206,-27.738574,55.8            152.923224,-27.738566,55.8            152.923239,-27.738558,55.8            152.923255,-27.73855,55.8            152.923271,-27.738543,55.8            152.923288,-27.738535,55.8            152.923305,-27.73853,55.8            152.923319,-27.738523,55.8            152.923334,-27.738518,55.8            152.92335,-27.738514,55.8            152.923363,-27.738506,55.8            152.923378,-27.738501,55.8            152.923398,-27.738499,55.8            152.923417,-27.738493,55.6            152.923434,-27.738489,55.4            152.923449,-27.738482,55.4            152.923465,-27.738475,55.4            152.92348,-27.738466,55.4            152.923494,-27.738457,55.4            152.923512,-27.73845,55.6            152.923527,-27.738445,55.8            152.923544,-27.738443,55.8            152.923559,-27.738446,55.8            152.923574,-27.738452,55.8            152.923585,-27.738459,55.6            152.923596,-27.738469,55.4            152.923606,-27.738483,54.8            152.923616,-27.738495,54.4            152.923625,-27.738506,54.2            152.923633,-27.738516,54.2            152.92364,-27.738526,54.2            152.923647,-27.738536,54.2            152.923657,-27.738546,54.2            152.923666,-27.738558,54.2            152.923677,-27.738568,54            152.923685,-27.73858,53.8            152.92369,-27.73859,53.8            152.923693,-27.738601,54            152.923699,-27.738613,54.2            152.923708,-27.738627,54            152.923719,-27.73864,54            152.923733,-27.738651,53.8            152.923745,-27.738661,53.8            152.923755,-27.738671,53.6            152.923767,-27.738683,53.6            152.923782,-27.738694,53.6            152.923797,-27.738704,53.6            152.923812,-27.738714,53.6            152.923827,-27.738723,53.6            152.923844,-27.738731,53.8            152.923859,-27.738739,53.8            152.923875,-27.738749,53.8            152.923893,-27.738757,53.8            152.92391,-27.738766,53.8            152.923928,-27.738774,53.8            152.923944,-27.738781,54            152.923957,-27.738787,54            152.923971,-27.738792,54            152.923988,-27.738797,54            152.924006,-27.7388,54            152.924025,-27.738802,54            152.924042,-27.738802,54            152.924058,-27.738802,54            152.924085,-27.738798,54            152.924101,-27.738796,54            152.924118,-27.738794,54            152.924138,-27.738789,54            152.924155,-27.738789,54            152.924176,-27.73879,54            152.924193,-27.738787,54            152.92421,-27.738784,54            152.924228,-27.738781,53.8            152.924245,-27.738777,53.8            152.924262,-27.738773,53.8            152.924279,-27.738769,53.6            152.924298,-27.738764,53.4            152.924317,-27.738763,53.2            152.924332,-27.738758,53            152.924346,-27.738755,53            152.924358,-27.73875,53            152.924372,-27.738745,53.2            152.924388,-27.73874,53.4            152.924402,-27.738735,53.6            152.924415,-27.738729,53.6            152.92443,-27.738723,53.8            152.924445,-27.738716,53.8            152.924461,-27.738707,53.8            152.924476,-27.738698,54            152.924493,-27.73869,54            152.924512,-27.738682,54            152.92453,-27.738674,54            152.924548,-27.738665,53.8            152.924567,-27.738656,53.8            152.924584,-27.738647,53.8            152.924599,-27.738642,53.6            152.924612,-27.738632,53.6            152.924624,-27.73862,55.4            152.924637,-27.738607,53.6            152.924652,-27.738593,55.4            152.924667,-27.738588,54.8            152.924683,-27.738581,55            152.924698,-27.738573,53.4            152.924712,-27.73856,53.6            152.924727,-27.738551,53.8            152.924742,-27.738541,55.2            152.924757,-27.738534,53.6            152.924774,-27.738532,54            152.924791,-27.73853,53.6            152.924807,-27.738527,53.6            152.924822,-27.738522,53.6            152.924837,-27.738514,53.8            152.924852,-27.738506,53.8            152.924867,-27.738501,53.8            152.924882,-27.738494,53.8            152.924897,-27.738489,53.8            152.924911,-27.738486,53.8            152.924926,-27.738482,53.8            152.924941,-27.73848,54            152.924956,-27.738478,54            152.924971,-27.738476,54.2            152.924987,-27.738478,54.2            152.925005,-27.738479,54.2            152.925022,-27.73848,54.4            152.925038,-27.738482,54.6            152.925054,-27.738486,54.6            152.925068,-27.73849,54.6            152.925081,-27.738493,54.6            152.925095,-27.738497,54.6            152.925109,-27.738502,55.4            152.925124,-27.738506,55            152.925137,-27.738512,55.2            152.925151,-27.738517,55            152.925166,-27.738522,55            152.925184,-27.738529,55.2            152.925199,-27.738534,55.2            152.925215,-27.738541,55            152.925236,-27.738549,55            152.92525,-27.738557,55            152.925272,-27.738562,54.8            152.925297,-27.738566,54.8            152.925316,-27.738571,54.8            152.925331,-27.738577,55            152.925347,-27.738585,55            152.925363,-27.738589,55.2            152.925378,-27.738594,55.2            152.925391,-27.738602,55.4            152.925407,-27.738609,55.2            152.925427,-27.738613,55.2            152.925445,-27.738615,55.2            152.925464,-27.738615,55.2            152.925481,-27.738614,55.2            152.925503,-27.738615,55.2            152.925523,-27.738613,55.2            152.925542,-27.73861,55.2            152.925561,-27.738608,55            152.92558,-27.7386,55            152.925599,-27.738593,55            152.92562,-27.73859,53            152.925637,-27.738585,52.8            152.925653,-27.738576,53.2            152.92567,-27.738569,53.2            152.925686,-27.738563,52.6            152.925701,-27.738548,53.2            152.925716,-27.738536,53.2            152.92573,-27.738525,53.2            152.925745,-27.738513,53.2            152.92576,-27.738503,53.2            152.925775,-27.738493,53.2            152.925789,-27.738483,53.2            152.925799,-27.738475,52.8            152.925811,-27.738468,52.4            152.925825,-27.738461,54.2            152.925844,-27.738452,55.6            152.925863,-27.738443,53.2            152.925881,-27.738431,53.4            152.925896,-27.738418,53.2            152.925906,-27.738403,52.8            152.92592,-27.73839,52.4            152.92593,-27.738378,52.2            152.925937,-27.738367,52            152.925946,-27.738357,52.2            152.925953,-27.738345,52.4            152.92596,-27.738335,52.4            152.925965,-27.738327,52.2            152.925972,-27.738318,52.2            152.92598,-27.738309,52.2            152.925986,-27.738298,52.4            152.92599,-27.738283,52.4            152.925994,-27.738268,52.6            152.925998,-27.738252,52.6            152.925999,-27.738235,52.6            152.926001,-27.738219,52.6            152.926003,-27.738204,52.8            152.926006,-27.738191,52.8            152.926007,-27.738178,52.8            152.926011,-27.738162,52.8            152.926014,-27.738148,52.8            152.926021,-27.738131,52.8            152.92603,-27.738118,52.8            152.926039,-27.738104,52.8            152.926047,-27.738089,52.8            152.926055,-27.738075,52.8            152.926061,-27.73806,52.8            152.926067,-27.738048,52.6            152.926073,-27.738031,52.6            152.926079,-27.738015,52.6            152.926085,-27.738,52.6            152.926091,-27.737986,52.6            152.926096,-27.737971,52.6            152.926104,-27.737958,52.6            152.92611,-27.73794,52.6            152.926115,-27.737923,52.6            152.926121,-27.737906,52.6            152.926128,-27.73789,52.6            152.926135,-27.737874,52.6            152.926141,-27.737859,52.6            152.926147,-27.737845,52.4            152.926154,-27.73783,52.2            152.92616,-27.73781,52            152.926166,-27.737795,51.8            152.926168,-27.737778,51.8            152.926171,-27.73776,51.6            152.926174,-27.737741,51.6            152.926177,-27.737724,51.6            152.92618,-27.737709,51.4            152.926183,-27.737692,51.4            152.926187,-27.737676,51.4            152.926187,-27.737658,51.4            152.926186,-27.737643,51.4            152.926184,-27.737627,51.4            152.926183,-27.737611,51.6            152.926183,-27.737596,53.2            152.926183,-27.737582,54            152.926185,-27.737569,54            152.926186,-27.737558,55.4            152.926187,-27.737547,54.8            152.926193,-27.737536,55            152.926201,-27.737526,55            152.926212,-27.737517,55.2            152.926223,-27.737505,55.2            152.926235,-27.737495,54            152.926246,-27.737486,54            152.926256,-27.737475,54.4            152.926271,-27.737468,54.4            152.926284,-27.737459,54.2            152.926295,-27.737456,54.2            152.926307,-27.737458,54.2            152.92632,-27.737451,54.2            152.926333,-27.73745,54.2            152.926346,-27.737454,54.2            152.926361,-27.737459,54.2            152.926377,-27.737468,54.2            152.92639,-27.737479,54.2            152.926399,-27.737491,54.2            152.926406,-27.737505,54.2            152.92642,-27.737521,55.4            152.926421,-27.737539,55.4            152.926419,-27.737553,55.6            152.926413,-27.737564,55.6            152.926405,-27.737572,55.4            152.926396,-27.73758,55.6            152.926388,-27.737589,55.4            152.92638,-27.737597,55.4            152.926371,-27.737607,55.6            152.926362,-27.737618,55.6            152.92635,-27.737627,55.4            152.926334,-27.737633,55.6            152.92632,-27.737639,55.6            152.926308,-27.737646,55.4            152.926296,-27.737653,55.6            152.926281,-27.737658,55.6            152.926269,-27.737667,54.8            152.926255,-27.737674,54.8            152.926241,-27.737684,54.8            152.926225,-27.737694,55            152.926213,-27.737705,55.2            152.926202,-27.73772,55.4            152.926194,-27.737739,55.8            152.926187,-27.737755,56.2            152.926179,-27.73777,56.8            152.926176,-27.737785,57            152.926171,-27.737799,57            152.926166,-27.737813,57.2            152.926163,-27.737827,57            152.926161,-27.737843,57            152.926159,-27.737858,57.2            152.926154,-27.737874,55.4            152.926148,-27.737891,55.2            152.926146,-27.737909,55.8            152.926142,-27.737923,55.4            152.926134,-27.737936,55            152.926128,-27.737951,55            152.926125,-27.737966,55            152.926124,-27.737984,55            152.92612,-27.738,55            152.926113,-27.738015,54.8            152.926107,-27.73803,54.6            152.926099,-27.738043,54.6            152.926091,-27.738055,54.4            152.926088,-27.738068,54.2            152.926083,-27.738084,54.2            152.926077,-27.738101,54            152.926073,-27.738116,54            152.926069,-27.73813,54            152.926065,-27.738144,54            152.926062,-27.738161,54.2            152.926058,-27.738176,54.2            152.926055,-27.738189,54.4            152.926052,-27.738202,54.4            152.92605,-27.738216,54.6            152.926045,-27.738231,54.6            152.92604,-27.738249,54.8            152.926037,-27.738264,54.8            152.926036,-27.738281,54.8            152.92603,-27.738295,54.8            152.926025,-27.738311,54.8            152.926019,-27.73833,54.6            152.926019,-27.738348,54.6            152.926021,-27.738366,54.4            152.926026,-27.738383,54.4            152.926024,-27.738398,54.2            152.926016,-27.738412,54.2            152.926008,-27.738425,54            152.925995,-27.738438,54            152.925983,-27.738451,54.2            152.92597,-27.738465,54.6            152.925958,-27.738479,55            152.925943,-27.73849,55.2            152.92593,-27.738501,55.2            152.92592,-27.738513,55.2            152.92591,-27.738522,55.2            152.925896,-27.738528,55            152.925881,-27.738535,54.6            152.925869,-27.738546,55            152.925858,-27.738559,54.8            152.925838,-27.738565,55.4            152.925818,-27.738569,55.6            152.9258,-27.738575,55.8            152.925782,-27.738584,54.8            152.925764,-27.738591,54.6            152.92575,-27.738599,55            152.925739,-27.738608,55.6            152.925725,-27.738616,56            152.925707,-27.738622,54            152.925684,-27.738628,54            152.925666,-27.738634,54.6            152.925649,-27.73864,54.8            152.925629,-27.738642,55.2            152.925608,-27.738645,54.6            152.925591,-27.738647,54            152.925574,-27.738649,55.6            152.925554,-27.73865,56            152.925534,-27.738652,56.8            152.925516,-27.738652,57.2            152.925493,-27.73865,56.8            152.925473,-27.738646,57.8            152.925453,-27.738639,57.6            152.925432,-27.738635,57.4            152.925411,-27.73863,55.6            152.925389,-27.738624,53.8            152.92537,-27.738616,56            152.925353,-27.738608,57.2            152.925334,-27.738602,57.8            152.925318,-27.738598,57.8            152.925303,-27.738592,58            152.925286,-27.738586,58.2            152.92527,-27.738579,58.2            152.925254,-27.738574,58.2            152.925241,-27.738568,58.2            152.925228,-27.738562,58.2            152.925214,-27.738556,58.2            152.9252,-27.738549,57.8            152.925187,-27.738543,57.4            152.925174,-27.738537,56.8            152.925158,-27.738532,56.6            152.925144,-27.738528,56.2            152.925125,-27.738524,56.2            152.925107,-27.738523,56.4            152.925088,-27.738521,56.6            152.92507,-27.738519,56.6            152.92505,-27.738518,56.6            152.925034,-27.738516,56.6            152.925014,-27.738515,56.6            152.924998,-27.738514,56.6            152.924982,-27.738512,56.4            152.924963,-27.738512,55.6            152.924948,-27.738514,55.4            152.92493,-27.738516,55.6            152.924916,-27.738519,55.6            152.924901,-27.738522,55            152.924889,-27.738526,55.2            152.924875,-27.738531,54.6            152.924862,-27.738537,54.8            152.924847,-27.738543,54.4            152.924835,-27.738552,54.6            152.924821,-27.738561,55.2            152.924806,-27.73857,54.6            152.924791,-27.738578,55            152.924775,-27.738583,55            152.92476,-27.738581,55.8            152.924744,-27.738589,55.2            152.924727,-27.738601,56.2            152.924709,-27.738611,55.2            152.924692,-27.738621,54.8            152.924677,-27.73863,54.6            152.924662,-27.73864,55            152.924648,-27.738649,54.8            152.924634,-27.73866,55.2            152.924623,-27.738672,54            152.924615,-27.738685,55.2            152.924609,-27.7387,55.4            152.924603,-27.738714,54.2            152.924599,-27.738727,55.2            152.924595,-27.738741,55.2            152.924589,-27.738753,54.2            152.924584,-27.738769,55.4            152.924578,-27.738783,55.4            152.924573,-27.738795,55            152.92457,-27.738807,55            152.924565,-27.738817,54.8            152.92456,-27.73883,54.6            152.924556,-27.738844,54.6            152.924552,-27.738859,54.4            152.924547,-27.738871,54.8            152.924542,-27.738886,54.8            152.924537,-27.738901,54.6            152.924534,-27.738919,54.6            152.924528,-27.738934,54.6            152.92452,-27.738946,54.8            152.924513,-27.73896,54.8            152.924506,-27.738974,54.8            152.924498,-27.738989,54.6            152.924491,-27.739005,54.6            152.92448,-27.739021,54.4            152.924471,-27.739037,54.4            152.924464,-27.739053,54.2            152.924457,-27.73907,54.2            152.924449,-27.739087,54.4            152.92444,-27.739101,54.4            152.924433,-27.739116,54.4            152.924423,-27.73913,54.8            152.924415,-27.739144,55.2            152.924408,-27.739157,55.6            152.9244,-27.739168,55.8            152.924388,-27.739181,55.8            152.924378,-27.739193,55.8            152.924366,-27.739203,55.8            152.924356,-27.739214,55.6            152.924347,-27.739224,55.4            152.924339,-27.739234,55.2            152.92433,-27.739246,54.8            152.92432,-27.739256,54.8            152.924307,-27.739264,54.6            152.924298,-27.739271,54.6            152.924288,-27.739279,54.6            152.924276,-27.739287,54.8            152.924268,-27.739297,54.8            152.924255,-27.739305,54.8            152.924245,-27.739314,55            152.924233,-27.739323,54.8            152.924224,-27.739334,54.8            152.924214,-27.739345,55            152.924205,-27.739357,55            152.924192,-27.739364,55.2            152.924182,-27.739369,55.2            152.924174,-27.739375,55.2            152.924162,-27.739379,55.4            152.924154,-27.739383,55.4            152.924147,-27.739386,55.2            152.924142,-27.739392,55.2            152.924133,-27.739396,55.2            152.924127,-27.739401,55.2            152.924119,-27.73941,54.8            152.92411,-27.73942,54.8            152.924104,-27.739429,55            152.924097,-27.739438,55.2            152.924084,-27.739448,55.2            152.924073,-27.739458,55.2            152.92406,-27.739468,55.2            152.92405,-27.739475,55.4            152.924043,-27.739483,55.6            152.924041,-27.739494,55.4            152.924033,-27.739503,55.4            152.924023,-27.739512,55.4            152.924015,-27.739521,55.6            152.924009,-27.739529,55.6            152.924,-27.73954,55.6            152.923994,-27.73955,55.6            152.923985,-27.739561,55.8            152.923973,-27.739573,55.8            152.923962,-27.739587,55.8            152.923952,-27.739599,55.8            152.923944,-27.739611,55.8            152.923937,-27.739626,55.8            152.923928,-27.739641,55.8            152.923918,-27.739657,55.6            152.923907,-27.739673,55.6            152.923899,-27.739688,55.8            152.923889,-27.739703,55.8            152.92388,-27.739721,56            152.923873,-27.739737,56.2            152.923866,-27.739752,56.2            152.923858,-27.739767,56.4            152.923851,-27.739778,56.4            152.923844,-27.739786,56.2            152.923838,-27.739796,56.2            152.92383,-27.739805,56.2            152.923822,-27.739815,56.2            152.923815,-27.739826,56            152.923808,-27.739838,55.8            152.923799,-27.739848,55.8            152.92379,-27.739859,55.4            152.923782,-27.739871,55.4            152.923774,-27.73988,55.2            152.923766,-27.739892,55.2            152.923754,-27.739906,55            152.923746,-27.739922,54.8            152.923735,-27.739937,54.6            152.923727,-27.739955,54.6            152.923721,-27.73997,54.6            152.923715,-27.739985,54.6            152.923708,-27.739998,54.6            152.923701,-27.740014,55            152.923693,-27.740031,55.2            152.923686,-27.740045,55.4            152.923679,-27.740059,55.8            152.923671,-27.740074,56            152.923664,-27.740087,56.4            152.923657,-27.740101,56.6            152.923651,-27.740114,56.8            152.923648,-27.740128,56.8            152.923646,-27.740143,57            152.923647,-27.74016,57            152.923646,-27.740176,56.8            152.923644,-27.740195,56.8            152.923643,-27.740211,56.6            152.92364,-27.740224,56.4            152.923638,-27.740238,56.2            152.923634,-27.740251,56            152.923631,-27.740261,55.8            152.923624,-27.740274,55.8            152.923619,-27.740289,55.6            152.923616,-27.740302,55.6            152.923613,-27.740316,55.8            152.923609,-27.74033,55.8            152.923604,-27.740342,55.8            152.923598,-27.740352,56            152.92359,-27.74036,56            152.923583,-27.740372,56            152.923575,-27.740384,55.8            152.92357,-27.740396,55.8            152.923567,-27.74041,55.6            152.923563,-27.740426,55.6            152.923559,-27.740442,55.6            152.923553,-27.740458,55.6            152.923547,-27.740475,55.6            152.923543,-27.74049,55.6            152.923542,-27.740505,55.6            152.923542,-27.740521,55.6            152.923543,-27.740538,55.6            152.923544,-27.740555,55.6            152.923544,-27.740571,55.6            152.923548,-27.740587,55.8            152.923552,-27.740601,56            152.923552,-27.740615,56            152.923555,-27.74063,55.8            152.923559,-27.740645,55.8            152.923565,-27.740658,55.6            152.923571,-27.740668,55.6            152.92358,-27.740676,55.6            152.923598,-27.74068,55.4            152.923616,-27.740681,55.4            152.923633,-27.740678,55.6            152.923652,-27.740674,55.4            152.923668,-27.740671,55.8            152.923682,-27.740667,55.8            152.9237,-27.740665,55.6            152.923717,-27.740662,55.6            152.923736,-27.740659,55.4            152.923756,-27.740655,55.4            152.923771,-27.740649,55.4            152.923787,-27.740643,55.4            152.923805,-27.740637,55.4            152.923823,-27.740633,55.6            152.923839,-27.740627,55.4            152.923854,-27.740626,55.4            152.923871,-27.740625,55.6            152.92389,-27.740623,55.6            152.923907,-27.74062,55.6            152.923924,-27.740616,55.8            152.923944,-27.740614,55.8            152.923961,-27.740609,55.8            152.923979,-27.740604,55.6            152.923993,-27.740598,55.6            152.924009,-27.740595,55.6            152.924022,-27.740592,55.6            152.924038,-27.74059,55.6            152.924058,-27.740588,55.4            152.924072,-27.740586,55.2            152.924088,-27.740583,55.2            152.924108,-27.740581,55.2            152.924122,-27.740579,55.2            152.924135,-27.740576,55            152.924153,-27.740574,55            152.924177,-27.74057,54.8            152.924201,-27.740567,54.8            152.924216,-27.740566,54.8            152.924235,-27.740575,54.8            152.924253,-27.740579,55            152.924268,-27.740583,55            152.924296,-27.740584,56.2            152.924312,-27.740595,55            152.924328,-27.740602,54.4            152.924342,-27.74061,55.2            152.924357,-27.740621,55.4            152.924372,-27.740632,54.8            152.924381,-27.740643,54.8            152.924389,-27.740654,56.4            152.924396,-27.740664,56            152.924404,-27.740673,55.8            152.92441,-27.740687,55.8            152.924418,-27.740701,55.6            152.924424,-27.740714,55.8            152.924432,-27.740728,55.8            152.924439,-27.740742,55.8            152.924458,-27.740754,55.6            152.924465,-27.740768,55.8            152.924473,-27.740781,55.6            152.92448,-27.740793,55.6            152.924485,-27.740805,55.6            152.924491,-27.740817,55.4            152.924494,-27.740831,55.6            152.924496,-27.740845,55.6            152.924498,-27.740862,55.6            152.9245,-27.740877,55.6            152.924503,-27.740893,55.8            152.92451,-27.740908,56            152.924511,-27.740923,56            152.924509,-27.740936,56            152.924506,-27.740947,56.2            152.924506,-27.740962,56.6            152.924507,-27.740978,56.6            152.924506,-27.740993,56.6            152.924504,-27.741009,57            152.924504,-27.741026,57.2            152.924505,-27.741043,57.2            152.924504,-27.74106,57.4            152.924504,-27.741076,57.4            152.924499,-27.741091,57.4            152.924495,-27.741104,57.2            152.924491,-27.741117,57.2            152.924486,-27.741131,57            152.924481,-27.741146,57            152.924475,-27.741157,57            152.924469,-27.741171,57            152.924461,-27.741187,57.2            152.924453,-27.741201,57.2            152.924447,-27.741217,57.2            152.924437,-27.741233,57.2            152.924433,-27.74125,57.4            152.924421,-27.741262,57.4            152.924403,-27.741272,57.6            152.924391,-27.741281,57.6            152.924377,-27.74129,57.6            152.924359,-27.741298,57.6            152.924343,-27.741305,57.6            152.924327,-27.741313,57.6            152.924309,-27.741321,57.6            152.924295,-27.741333,57.6            152.924285,-27.741344,57.6            152.924274,-27.741358,57.4            152.924264,-27.741373,57.4            152.924254,-27.74139,57.2            152.924242,-27.741405,57.4            152.924229,-27.741419,57.6            152.924216,-27.741431,57.8            152.924195,-27.74144,57.8            152.924179,-27.741452,58            152.924161,-27.741461,58            152.924143,-27.741471,58            152.924126,-27.741478,58.2            152.924113,-27.741486,58.2            152.924102,-27.741495,58.2            152.92409,-27.741505,58            152.924081,-27.741515,57.8            152.924072,-27.741528,57.8            152.924062,-27.741544,57.6            152.924051,-27.74156,57.6            152.924042,-27.741573,57.4            152.924032,-27.741585,57.6            152.924024,-27.741595,57.6            152.924021,-27.74161,57.4            152.924014,-27.741626,57.4            152.924006,-27.741638,57.6            152.924001,-27.741651,57.6            152.923998,-27.741666,57.6            152.923993,-27.74168,57.6            152.923987,-27.741691,57.6            152.923975,-27.741703,57.6            152.923965,-27.741715,57.6            152.923954,-27.741728,57.6            152.923944,-27.741742,57.6            152.923934,-27.741754,57.6            152.923925,-27.741765,57.6            152.923915,-27.741777,57.6            152.923909,-27.74179,57.4            152.923898,-27.741805,57.4            152.92389,-27.741816,57.2            152.923887,-27.741828,57.2            152.923885,-27.741843,57.2            152.923881,-27.741857,57.2            152.92388,-27.741873,57.2            152.923878,-27.741888,57.4            152.923875,-27.741903,57.6            152.923874,-27.741916,57.8            152.92387,-27.74193,58            152.92387,-27.741944,58.2            152.92387,-27.741959,58.4            152.923873,-27.741972,58.4            152.923874,-27.741985,58.6            152.923875,-27.741996,58.6            152.923877,-27.742011,58.6            152.92388,-27.742025,58.6            152.923883,-27.742038,58.6            152.923883,-27.742054,58.4            152.923883,-27.742071,58.2            152.923884,-27.742087,58.2            152.923892,-27.742104,58.2            152.923894,-27.742123,58.2            152.923893,-27.74214,58.2            152.923892,-27.742157,58            152.923892,-27.742174,58            152.923894,-27.742189,57.8            152.923896,-27.742204,57.6            152.923898,-27.742221,57.6            152.923901,-27.742236,57.4            152.923902,-27.742249,57.4            152.923902,-27.742263,57.4            152.923901,-27.742277,57.4            152.923897,-27.742292,57.4            152.923892,-27.742305,57.4            152.923889,-27.74232,57.4            152.923884,-27.742334,57.6            152.923881,-27.742348,57.8            152.923877,-27.742363,57.8            152.92387,-27.742377,58            152.923863,-27.742388,57.8            152.923858,-27.742402,57.8            152.923854,-27.742415,57.6            152.923851,-27.742428,57.6            152.923846,-27.742441,57.6            152.923842,-27.742455,57.6            152.923837,-27.742469,57.6            152.923836,-27.742484,57.6            152.923833,-27.742501,57.4            152.92383,-27.742517,57.4            152.923826,-27.742534,57.4            152.923822,-27.74255,57.4            152.923819,-27.742565,57.4            152.923814,-27.742582,57.4            152.923814,-27.742598,57.4            152.92381,-27.742614,57.4            152.923808,-27.742629,57.4            152.923808,-27.742645,57.6            152.923808,-27.742662,57.6            152.92381,-27.742678,57.6            152.923818,-27.742695,57.6            152.923817,-27.742709,57.6            152.923816,-27.742725,57.4            152.923815,-27.74274,57.2            152.923813,-27.742755,57.2            152.923812,-27.74277,57.2            152.923807,-27.742784,57.2            152.923804,-27.742803,57.2            152.923801,-27.742821,57.2            152.9238,-27.742838,57.2            152.923798,-27.742854,57.2            152.923798,-27.742871,57.2            152.9238,-27.742889,57.2            152.923805,-27.742904,57.2            152.923804,-27.742921,57.2            152.9238,-27.742937,57            152.923796,-27.74295,57            152.923794,-27.742963,57            152.923795,-27.742977,57.2            152.923795,-27.742995,57            152.923791,-27.743014,57            152.923789,-27.743032,57            152.923786,-27.743047,57.2            152.92378,-27.74306,57.2            152.923774,-27.743074,57.4            152.923771,-27.743088,57.4            152.923769,-27.743103,57.6            152.923765,-27.743117,57.6            152.923761,-27.743132,57.6            152.923759,-27.743146,57.8            152.923754,-27.743159,57.8            152.923748,-27.743171,57.8            152.92375,-27.743183,57.8            152.923747,-27.743197,57.6            152.923741,-27.743211,57.6            152.923736,-27.743226,57.6            152.92373,-27.74324,57.6            152.923722,-27.743253,57.6            152.923714,-27.743265,57.4            152.923704,-27.743279,57.4            152.923696,-27.743296,57.4            152.923687,-27.743312,57.4            152.92368,-27.743328,57.4            152.923677,-27.743344,57.4            152.923672,-27.743357,57.4            152.923669,-27.743371,57.2            152.923663,-27.743383,57.2            152.923661,-27.743397,57.2            152.923658,-27.743411,57.2            152.923651,-27.743428,57.2            152.923646,-27.743443,57.2            152.92364,-27.743458,57.2            152.923637,-27.743472,57.4            152.923631,-27.743487,57.4            152.923625,-27.743501,57.4            152.923622,-27.743519,57.4            152.923614,-27.743535,57.6            152.923609,-27.74355,57.6            152.923605,-27.743565,57.6            152.923597,-27.74358,57.8            152.923592,-27.743594,57.6            152.923586,-27.743608,57.6            152.92358,-27.743624,57.6            152.92357,-27.74364,57.4            152.923561,-27.743656,57.4            152.923553,-27.743671,57.4            152.923544,-27.743684,57.2            152.923535,-27.743699,57.4            152.923525,-27.743711,57.4            152.923516,-27.743724,57.4            152.923507,-27.743741,57.6            152.923497,-27.743757,57.8            152.923489,-27.743779,57.8            152.923484,-27.743797,57.6            152.923477,-27.743812,57.6            152.923471,-27.743829,57.6            152.923461,-27.743844,57.4            152.923454,-27.743858,57.2            152.923448,-27.743873,57            152.923439,-27.743888,57.2            152.923431,-27.743902,57.4            152.923423,-27.743914,57.6            152.923418,-27.74393,57.6            152.92341,-27.743943,57.6            152.923401,-27.743954,57.6            152.923388,-27.743967,57.4            152.923378,-27.743981,57.4            152.923368,-27.743994,57.2            152.92336,-27.744006,57.2            152.923355,-27.744017,57.4            152.92335,-27.744028,57.4            152.923347,-27.744039,57.4            152.92334,-27.744053,57.6            152.923333,-27.74407,57.6            152.923329,-27.744084,57.6            152.923321,-27.744096,57.6            152.923313,-27.744108,57.6            152.923304,-27.744123,57.6            152.923296,-27.744138,57.6            152.923289,-27.744154,57.6            152.923281,-27.744169,57.4            152.923271,-27.744184,57.4            152.923263,-27.744196,57.2            152.923252,-27.744207,57.2            152.923243,-27.744213,57            152.923233,-27.744222,57            152.923226,-27.744235,57.2            152.923221,-27.744247,57.2            152.923214,-27.744262,57            152.923204,-27.744276,57            152.923197,-27.744293,57            152.92319,-27.744312,57.2            152.923182,-27.744327,57.2            152.923177,-27.744346,57.2            152.923171,-27.744361,57.2            152.923167,-27.744377,57.2            152.923167,-27.744391,57.2            152.92317,-27.744407,57.2            152.923176,-27.744421,57.2            152.923179,-27.744435,57.4            152.923186,-27.74445,57.4            152.923194,-27.744468,57.4            152.923197,-27.744485,57.4            152.923201,-27.744505,57.6            152.923201,-27.744523,57.6            152.923195,-27.744541,57.6            152.923185,-27.74456,57.6            152.923181,-27.744581,57.6            152.923178,-27.744596,57.6            152.923179,-27.74461,57.8            152.923171,-27.744624,57.6            152.923165,-27.744635,57.6            152.923159,-27.744645,57.6            152.923149,-27.744652,57.8            152.923129,-27.74466,57.8            152.923113,-27.744666,57.6            152.9231,-27.744669,57.8            152.923087,-27.744669,57.8            152.923072,-27.744665,58            152.92306,-27.744664,58            152.923051,-27.744659,57.8            152.923038,-27.744649,57.6            152.92303,-27.744639,57.6            152.923019,-27.744623,57.4            152.923014,-27.744605,57.4            152.923007,-27.744586,57.4            152.922996,-27.744565,57.6            152.922987,-27.744543,57.8            152.922985,-27.744524,57.8            152.922988,-27.744505,57.8            152.922996,-27.744487,58            152.923012,-27.744471,58            152.923028,-27.744453,57.8            152.923041,-27.74444,57.8            152.923051,-27.744428,57.8            152.923058,-27.744418,57.6            152.923065,-27.744407,57.6            152.923077,-27.744398,57.6            152.923089,-27.744387,57.8            152.923103,-27.744378,57.8            152.923116,-27.744369,57.8            152.923131,-27.744364,57.8            152.923146,-27.744356,57.8            152.92316,-27.744349,57.8            152.923173,-27.744342,57.6            152.923182,-27.74433,57.4            152.923189,-27.744312,57.4            152.923191,-27.7443,57.4            152.923193,-27.744285,57.2            152.923203,-27.744263,57.4            152.923207,-27.744247,57.2            152.923207,-27.744233,57.2            152.92321,-27.74422,57.2            152.923215,-27.744205,57.4            152.923222,-27.744189,57.8            152.92323,-27.744175,57.8            152.923236,-27.744162,58.2            152.92324,-27.744148,58.2            152.923244,-27.744136,58.2            152.923246,-27.744123,58.2            152.923248,-27.74411,58.2            152.923253,-27.744097,58.2            152.923258,-27.744084,58.2            152.923264,-27.74407,58.2            152.92327,-27.744057,58            152.923275,-27.744041,58            152.92328,-27.744025,57.8            152.923288,-27.744014,57.6            152.923297,-27.744003,57.6            152.923305,-27.743992,57.6            152.923315,-27.743981,57.6            152.923324,-27.743969,57.6            152.923331,-27.743955,57.6            152.923341,-27.743941,57.6            152.923352,-27.743927,57.6            152.923362,-27.743912,57.6            152.923372,-27.7439,57.6            152.923373,-27.74388,57.6            152.923381,-27.743865,57.6            152.923386,-27.74385,57.6            152.923391,-27.743834,57.4            152.923398,-27.743819,57.4            152.923404,-27.743805,57.6            152.923414,-27.743793,57.6            152.923421,-27.743781,57.8            152.923428,-27.743769,57.6            152.923435,-27.743758,57.6            152.923444,-27.743746,57.6            152.923453,-27.743733,57.6            152.923464,-27.743722,57.6            152.923474,-27.743712,57.6            152.923483,-27.743695,57.6            152.923492,-27.743681,57.4            152.923498,-27.743667,57.4            152.923503,-27.743647,57.4            152.923509,-27.743629,57.4            152.923515,-27.743612,57.6            152.923521,-27.743595,57.6            152.923529,-27.743579,57.6            152.923538,-27.743562,57.8            152.923548,-27.743543,57.8            152.923558,-27.743525,57.8            152.923566,-27.743508,57.8            152.923573,-27.74349,57.8            152.923579,-27.743474,57.8            152.923583,-27.743456,58            152.923587,-27.743439,58            152.923591,-27.743421,58            152.923594,-27.743406,58            152.923597,-27.743393,58            152.923601,-27.743378,58            152.923605,-27.743364,58            152.923608,-27.743352,58            152.923609,-27.743341,57.8            152.923609,-27.743329,58            152.923609,-27.743318,58            152.923608,-27.743307,58            152.923609,-27.743291,58            152.92361,-27.74328,58            152.923613,-27.743267,58            152.92362,-27.743251,58            152.923626,-27.743238,58.2            152.923632,-27.743225,58.2            152.923638,-27.743211,58.4            152.923647,-27.743196,58.4            152.923654,-27.743184,58.6            152.923663,-27.743169,58.6            152.923668,-27.743157,58.6            152.923674,-27.743144,58.6            152.92368,-27.743132,58.4            152.923686,-27.743118,58.4            152.923691,-27.743104,58.4            152.923697,-27.743091,58.2            152.923706,-27.743074,58.2            152.92371,-27.74306,58.2            152.923716,-27.743044,58.4            152.923724,-27.743026,58.4            152.923729,-27.743011,58.4            152.923737,-27.742995,58.4            152.923746,-27.74298,58.6            152.923754,-27.742966,58.4            152.923763,-27.742952,58.2            152.923767,-27.742939,58            152.92377,-27.742924,57.8            152.923772,-27.742909,57.8            152.923773,-27.742894,57.6            152.923778,-27.742882,57.6            152.923781,-27.74287,57.6            152.923782,-27.742857,57.6            152.923783,-27.742844,57.8            152.923786,-27.742831,57.8            152.923788,-27.742816,57.8            152.92379,-27.742798,57.6            152.923788,-27.74278,57.8            152.923785,-27.742762,57.8            152.923786,-27.742745,57.8            152.923783,-27.742733,57.8            152.923778,-27.742719,57.4            152.923775,-27.742705,57.6            152.923775,-27.74269,57.6            152.923775,-27.742675,57.4            152.923776,-27.742661,57.4            152.923778,-27.742649,57.4            152.923776,-27.742631,57.2            152.923774,-27.742616,57.2            152.923774,-27.742601,57            152.923776,-27.742583,56.8            152.923779,-27.742563,57            152.923782,-27.742543,57            152.923784,-27.742522,57            152.923786,-27.742502,57            152.923789,-27.742487,57            152.923793,-27.742473,57            152.923796,-27.742458,57            152.923802,-27.742446,57.2            152.92381,-27.742428,57.2            152.923817,-27.742413,57.4            152.923825,-27.742398,57.4            152.923832,-27.742381,57.6            152.923835,-27.742368,57.8            152.923838,-27.742353,57.8            152.92384,-27.742337,58            152.923839,-27.742316,57.8            152.923842,-27.742301,57.8            152.923849,-27.742285,57.8            152.923855,-27.742271,57.8            152.92386,-27.742255,57.8            152.923861,-27.742239,57.8            152.923861,-27.742226,57.8            152.92386,-27.742211,57.8            152.92386,-27.742196,57.8            152.923858,-27.742178,57.8            152.923857,-27.742162,57.8            152.923859,-27.742146,57.6            152.923857,-27.742132,57.6            152.923855,-27.742121,57.8            152.923853,-27.742108,57.8            152.923852,-27.742095,57.6            152.923852,-27.742082,57.8            152.923853,-27.742066,57.8            152.923855,-27.742052,57.8            152.923854,-27.742039,57.8            152.92385,-27.742025,57.8            152.923845,-27.74201,57.8            152.923842,-27.741993,57.8            152.923841,-27.741975,57.8            152.923841,-27.741954,58            152.923843,-27.741932,58.2            152.923844,-27.741915,58.2            152.923845,-27.741896,58.2            152.923846,-27.741877,58.2            152.923848,-27.74186,58.2            152.923852,-27.741842,58.2            152.923857,-27.741823,58.2            152.923863,-27.741806,58            152.923869,-27.741789,58            152.923875,-27.741776,58            152.923881,-27.741763,58            152.923881,-27.741749,57.8            152.923875,-27.741735,57.8            152.923867,-27.741722,57.6            152.923857,-27.74171,57.6            152.923846,-27.741701,57.6            152.923836,-27.741692,57.6            152.923824,-27.741681,57.4            152.92381,-27.74167,57.4            152.9238,-27.741661,57.2            152.923788,-27.741653,57.2            152.923774,-27.741643,57            152.92376,-27.741635,57            152.923748,-27.741629,57            152.923747,-27.741627,57.2            152.92374,-27.741625,57.2            152.923731,-27.741625,57.4            152.92373,-27.74163,57.4            152.923732,-27.741634,57.6            152.923729,-27.74163,57.8            152.923721,-27.741623,56.4            152.923713,-27.741615,56.4            152.923704,-27.741605,56.4            152.923695,-27.741595,56.4            152.923686,-27.741585,56.4            152.923677,-27.741577,56.4            152.923668,-27.741567,56.4            152.923658,-27.741558,56.4            152.923647,-27.741548,56.4            152.923638,-27.74154,56.4            152.923629,-27.741531,56.4            152.923618,-27.741522,56.4            152.923606,-27.741513,56.4            152.923595,-27.741504,56.2            152.923585,-27.741497,56            152.923574,-27.741489,55.8            152.923563,-27.741481,55.8            152.923552,-27.741473,55.6            152.923542,-27.741464,55.6            152.92353,-27.741457,55.6            152.923519,-27.741449,55.8            152.923505,-27.741443,55.8            152.923495,-27.741435,56            152.923484,-27.741427,56.2            152.923473,-27.741418,56.2            152.923462,-27.741409,56.2            152.923451,-27.741402,56.2            152.92344,-27.741396,56.2            152.92343,-27.741389,56.2            152.923421,-27.741379,56.2            152.923406,-27.741374,56.4            152.923392,-27.741365,56.4            152.923378,-27.741358,56.8            152.923367,-27.741349,57.2            152.923354,-27.741342,57.8            152.923343,-27.741333,58.2            152.923332,-27.741319,58.4            152.923319,-27.741305,58.6            152.923305,-27.741292,58.6            152.923293,-27.741279,58.4            152.923281,-27.741269,58.2            152.923269,-27.741258,58            152.923257,-27.741247,57.8            152.923241,-27.741238,57.8            152.923225,-27.741226,57.6            152.923211,-27.741215,57.6            152.923198,-27.741204,57.4            152.923185,-27.74119,57.4            152.923174,-27.741177,57.4            152.923161,-27.741165,57.4            152.923148,-27.741151,57.4            152.923135,-27.741137,57.6            152.923123,-27.741125,58.2            152.923112,-27.741112,58.4            152.923102,-27.741101,58.6            152.92309,-27.741088,58.8            152.923078,-27.741073,58.8            152.923066,-27.741059,58.8            152.923055,-27.741046,59            152.923046,-27.741033,59            152.923037,-27.741021,59            152.92303,-27.741011,59            152.92302,-27.740998,59            152.923011,-27.740987,59            152.923001,-27.740976,59            152.922991,-27.740964,58.8            152.922981,-27.740951,58.8            152.922971,-27.740938,58.6            152.92296,-27.740924,58.6            152.922954,-27.740908,58.6            152.922946,-27.740895,58.6            152.922938,-27.740883,58.4            152.922928,-27.740871,58.4            152.922918,-27.740859,58.2            152.922909,-27.740843,58.2            152.9229,-27.74083,58            152.922889,-27.740815,58            152.922879,-27.740802,57.6            152.922871,-27.740789,57.2            152.922861,-27.740777,57            152.922852,-27.740765,57.2            152.922843,-27.740753,57.2            152.922835,-27.74074,57.6            152.922826,-27.740727,57.6            152.922816,-27.740714,57.8            152.922806,-27.7407,58            152.922798,-27.740686,58.2            152.922789,-27.740672,58.2            152.922778,-27.74066,58.2            152.922766,-27.740648,58.2            152.922756,-27.740637,58.2            152.922743,-27.740626,58.2            152.922734,-27.740614,58.2            152.922723,-27.740602,58.2            152.922714,-27.74059,58.2            152.922704,-27.740575,58            152.922695,-27.740559,58            152.922685,-27.740545,58            152.922674,-27.740529,58            152.922663,-27.740512,58.2            152.922652,-27.740496,58.4            152.922642,-27.740482,58.6            152.922632,-27.740466,58.6            152.922623,-27.740451,58.8            152.922615,-27.740437,58.8            152.922614,-27.740422,58.8            152.922606,-27.740408,59            152.9226,-27.740393,59.2            152.922593,-27.740381,59.2            152.922583,-27.740368,59.4            152.922574,-27.740352,59.2            152.922565,-27.740335,59.4            152.922558,-27.740318,59.4            152.922552,-27.740304,59.6            152.922544,-27.740287,59.6            152.922537,-27.740271,59.6            152.92253,-27.740255,59.4            152.922522,-27.740241,59.6            152.922515,-27.740227,59.4            152.922506,-27.740214,59.6            152.922497,-27.7402,59.6            152.922489,-27.740187,59.6            152.922481,-27.740173,59.6            152.922474,-27.740158,59.8            152.922466,-27.740142,59.8            152.922459,-27.740124,59.8            152.922453,-27.740107,59.8            152.922446,-27.74009,59.6            152.922438,-27.740074,59.6            152.922429,-27.740058,59.6            152.922422,-27.740043,59.6            152.922416,-27.740028,59.6            152.92241,-27.740013,59.6            152.922405,-27.739998,59.8            152.922403,-27.739982,60            152.922399,-27.739964,60            152.922397,-27.739948,60            152.922397,-27.739931,59.8            152.922399,-27.739914,59.6            152.922399,-27.739897,59.6            152.922401,-27.73988,59.6            152.922401,-27.739863,59.6            152.922401,-27.739846,59.8            152.922404,-27.739829,59.8            152.922408,-27.739813,60            152.922414,-27.739796,60            152.922421,-27.73978,60            152.922427,-27.739765,60.2            152.922436,-27.73975,60.2            152.922444,-27.739735,60.4            152.922456,-27.739722,60.4            152.922468,-27.739709,60.4            152.922482,-27.739695,60.4            152.922497,-27.739683,60.4            152.922511,-27.739672,60.4            152.922526,-27.739661,60.4            152.922541,-27.739648,60.4            152.922555,-27.739637,60.4            152.92257,-27.739626,60.2            152.922589,-27.739617,60.2            152.922608,-27.739608,60.2            152.922624,-27.739599,60            152.922641,-27.739591,60            152.922661,-27.739586,60            152.922681,-27.739581,60            152.922701,-27.739577,60            152.922719,-27.739575,60.2            152.922737,-27.739575,60            152.922755,-27.739577,60            152.92277,-27.739576,59.8            152.922785,-27.739576,59.6            152.922801,-27.739575,59.4            152.922815,-27.73958,59            152.922829,-27.739584,58.8            152.922846,-27.739587,58.8            152.922864,-27.739588,58.6            152.922884,-27.739586,58.6            152.922902,-27.739577,58.6            152.922917,-27.739569,58.6            152.922927,-27.739557,58.6            152.922935,-27.739545,59            152.922943,-27.73953,59.4            152.922951,-27.739518,59.6            152.92296,-27.739507,59.6            152.922967,-27.739492,59.6            152.922972,-27.739477,59.6            152.922977,-27.739461,59.6            152.922982,-27.739446,59.4            152.922988,-27.739428,59.4            152.922992,-27.739411,59.2            152.922994,-27.739396,59            152.922994,-27.739382,59            152.922998,-27.739369,58.8            152.922999,-27.739354,58.8            152.923001,-27.739338,58.8            152.923002,-27.739323,58.8            152.923007,-27.73931,58.8            152.923016,-27.739298,58.8            152.923021,-27.739286,58.8            152.923023,-27.739271,58.6            152.92303,-27.739258,58.6            152.923035,-27.739247,58.6            152.92305,-27.739243,58.4            152.923061,-27.739235,58.6            152.923066,-27.739223,58.6            152.923066,-27.739211,58.6          </coordinates></LineString></Placemark><Placemark><name>Finish</name><styleUrl>#icon-1899-FF5252-nodesc</styleUrl><Point><coordinates>            152.923066,-27.739211,58.6          </coordinates></Point></Placemark><Placemark><name>Start</name><styleUrl>#icon-1899-0F9D58-nodesc</styleUrl><Point><coordinates>            152.923066,-27.739199,60.8          </coordinates></Point></Placemark></Folder></Document></kml>