<?xml version="1.0" encoding="UTF-8"?><kml xmlns="http://www.opengis.net/kml/2.2"><Document><name>Riverway parkrun (from Mar 2023)</name><description/><Style id="icon-1899-0F9D58-nodesc-normal"><IconStyle><color>ff589d0f</color><scale>1</scale><Icon><href>https://www.gstatic.com/mapspro/images/stock/503-wht-blank_maps.png</href></Icon><hotSpot x="32" xunits="pixels" y="64" yunits="insetPixels"/></IconStyle><LabelStyle><scale>0</scale></LabelStyle><BalloonStyle><text><![CDATA[<h3>$[name]</h3>]]></text></BalloonStyle></Style><Style id="icon-1899-0F9D58-nodesc-highlight"><IconStyle><color>ff589d0f</color><scale>1</scale><Icon><href>https://www.gstatic.com/mapspro/images/stock/503-wht-blank_maps.png</href></Icon><hotSpot x="32" xunits="pixels" y="64" yunits="insetPixels"/></IconStyle><LabelStyle><scale>1</scale></LabelStyle><BalloonStyle><text><![CDATA[<h3>$[name]</h3>]]></text></BalloonStyle></Style><StyleMap id="icon-1899-0F9D58-nodesc"><Pair><key>normal</key><styleUrl>#icon-1899-0F9D58-nodesc-normal</styleUrl></Pair><Pair><key>highlight</key><styleUrl>#icon-1899-0F9D58-nodesc-highlight</styleUrl></Pair></StyleMap><Style id="icon-1899-FF5252-nodesc-normal"><IconStyle><color>ff5252ff</color><scale>1</scale><Icon><href>https://www.gstatic.com/mapspro/images/stock/503-wht-blank_maps.png</href></Icon><hotSpot x="32" xunits="pixels" y="64" yunits="insetPixels"/></IconStyle><LabelStyle><scale>0</scale></LabelStyle><BalloonStyle><text><![CDATA[<h3>$[name]</h3>]]></text></BalloonStyle></Style><Style id="icon-1899-FF5252-nodesc-highlight"><IconStyle><color>ff5252ff</color><scale>1</scale><Icon><href>https://www.gstatic.com/mapspro/images/stock/503-wht-blank_maps.png</href></Icon><hotSpot x="32" xunits="pixels" y="64" yunits="insetPixels"/></IconStyle><LabelStyle><scale>1</scale></LabelStyle><BalloonStyle><text><![CDATA[<h3>$[name]</h3>]]></text></BalloonStyle></Style><StyleMap id="icon-1899-FF5252-nodesc"><Pair><key>normal</key><styleUrl>#icon-1899-FF5252-nodesc-normal</styleUrl></Pair><Pair><key>highlight</key><styleUrl>#icon-1899-FF5252-nodesc-highlight</styleUrl></Pair></StyleMap><Style id="line-0288D1-5000-nodesc-normal"><LineStyle><color>ffd18802</color><width>5</width></LineStyle><BalloonStyle><text><![CDATA[<h3>$[name]</h3>]]></text></BalloonStyle></Style><Style id="line-0288D1-5000-nodesc-highlight"><LineStyle><color>ffd18802</color><width>7.5</width></LineStyle><BalloonStyle><text><![CDATA[<h3>$[name]</h3>]]></text></BalloonStyle></Style><StyleMap id="line-0288D1-5000-nodesc"><Pair><key>normal</key><styleUrl>#line-0288D1-5000-nodesc-normal</styleUrl></Pair><Pair><key>highlight</key><styleUrl>#line-0288D1-5000-nodesc-highlight</styleUrl></Pair></StyleMap><Folder><name>Untitled layer</name><Placemark><name>Course</name><styleUrl>#line-0288D1-5000-nodesc</styleUrl><LineString><tessellate>1</tessellate><coordinates>            146.731286449358,-19.3184398580343,15.3999996185303            146.731281755492,-19.3184370920062,15.3999996185303            146.731272619218,-19.318431392312,15.3999996185303            146.731258956715,-19.3184247706085,15.3999996185303            146.731240265071,-19.3184138741344,15.1999998092651            146.731216963381,-19.3183990381658,15.1999998092651            146.731191314757,-19.3183824419975,15            146.731168851256,-19.3183653429151,15            146.73114513047,-19.3183470703661,15.1999998092651            146.731120236218,-19.3183287139982,15.3999996185303            146.731097688898,-19.3183101899922,15.3999996185303            146.731079583988,-19.3182888999581,15.3999996185303            146.731065753847,-19.318267358467,15.3999996185303            146.731052929536,-19.3182455655187,15.3999996185303            146.731037255377,-19.3182241916656,15.3999996185303            146.731020407751,-19.3182035721838,15.6000003814697            146.731003560126,-19.3181808572263,15.6000003814697            146.730986796319,-19.3181559629738,15.6000003814697            146.73096768558,-19.3181347567588,15.3999996185303            146.730949748307,-19.3181127961725,15.3999996185303            146.73093306832,-19.3180899135768,15.3999996185303            146.730920663103,-19.3180656898767,15.1999998092651            146.730909431353,-19.3180407118052,15.1999998092651            146.730898786336,-19.3180147279054,15            146.730888476595,-19.3179879896343,15            146.73087598756,-19.3179677892476,15            146.730852685869,-19.3179590720683,15.1999998092651            146.730823935941,-19.3179521150887,15.1999998092651            146.730791581795,-19.3179474212229,15.3999996185303            146.730758808553,-19.3179426435381,15.3999996185303            146.730725448579,-19.3179384525865,15.6000003814697            146.730693513528,-19.3179334234446,15.8000001907349            146.730662249029,-19.3179262988269,15.8000001907349            146.730628889054,-19.3179192580283,16            146.730597792193,-19.3179116304964,16            146.730567198247,-19.3179024942219,16.2000007629395            146.730536436662,-19.3178951181471,16.2000007629395            146.730504082516,-19.3178882449865,16.3999996185303            146.730472650379,-19.3178817909211,16.6000003814697            146.730441553518,-19.3178757559508,16.6000003814697            146.730410708115,-19.3178733251989,16.6000003814697            146.73038170673,-19.3178742472082,16.6000003814697            146.730352453887,-19.3178764265031,16.6000003814697            146.730326637626,-19.3178793601692,16.6000003814697            146.730299480259,-19.317881623283,16.6000003814697            146.730270814151,-19.3178840540349,16.6000003814697            146.73024139367,-19.3178849760443,16.6000003814697            146.730211721733,-19.3178829643875,16.6000003814697            146.730181965977,-19.3178796954453,16.6000003814697            146.730150701478,-19.317876175046,16.6000003814697            146.730119101703,-19.3178725708276,16.6000003814697            146.730089848861,-19.317868296057,16.6000003814697            146.730060847476,-19.3178642727435,16.3999996185303            146.73003109172,-19.3178599141538,16.3999996185303            146.730002341792,-19.3178545497358,16.3999996185303            146.729972418398,-19.3178510293365,16.3999996185303            146.729943333194,-19.3178475927562,16.3999996185303            146.729913409799,-19.3178434018046,16.3999996185303            146.729883234948,-19.317839210853,16.3999996185303            146.729851216078,-19.3178343493491,16.3999996185303            146.729820035398,-19.3178330920637,16.3999996185303            146.72979044728,-19.3178388755769,16.3999996185303            146.729765469208,-19.3178507778794,16.3999996185303            146.729746945202,-19.317868463695,16.6000003814697            146.729735294357,-19.3178934417665,16.6000003814697            146.729730349034,-19.3179216049612,16.6000003814697            146.729728169739,-19.3179494328797,16.7999992370605            146.729725906625,-19.3179791886359,17            146.729721715674,-19.3180095311254,17            146.729718195274,-19.3180383648723,16.7999992370605            146.729715848342,-19.3180678691715,16.7999992370605            146.729715345427,-19.3180954456329,16.6000003814697            146.729715513065,-19.3181245308369,16.6000003814697            146.729715010151,-19.3181541189551,16.3999996185303            146.729714004323,-19.3181845452636,16.3999996185303            146.729712411761,-19.3182132951915,16.2000007629395            146.729711070657,-19.3182415422052,16.2000007629395            146.729714171961,-19.3182723037899,16            146.729717859998,-19.3183008860797,16            146.729721464217,-19.3183291330934,15.8000001907349            146.729725319892,-19.3183569610119,15.8000001907349            146.729727666825,-19.3183847051114,15.6000003814697            146.729728840292,-19.3184151314199,15.6000003814697            146.72973160632,-19.3184467311949,15.3999996185303            146.7297350429,-19.318476067856,15.3999996185303            146.729741329327,-19.3185061588883,15.1999998092651            146.729749124497,-19.318537004292,15            146.729756500572,-19.3185667600483,15            146.729764966294,-19.3185961805284,15            146.729773767292,-19.3186254333705,15.1999998092651            146.729782568291,-19.3186544347554,15.3999996185303            146.729791620746,-19.3186839390546,15.6000003814697            146.729801092297,-19.3187133595347,15.8000001907349            146.72981031239,-19.31874060072,16            146.729819783941,-19.3187654949725,16.2000007629395            146.729832775891,-19.3187890481204,16.3999996185303            146.729848366231,-19.3188076559454,16.6000003814697            146.729868734255,-19.3188252579421,17            146.729890275747,-19.3188392557204,17.6000003814697            146.72991684638,-19.3188571091741,18            146.72994014807,-19.318875130266,18.3999996185303            146.729960599914,-19.3188944086432,19            146.72997744754,-19.318914860487,19.3999996185303            146.72998867929,-19.3189406767488,19.6000003814697            146.729993121698,-19.3189695943147,20            146.729993121698,-19.3189992662519,20.2000007629395            146.729988930747,-19.3190279323608,20.2000007629395            146.729983231053,-19.3190565984696,20.3999996185303            146.729974094778,-19.319084174931,20.3999996185303            146.729964287952,-19.3191123381257,20.6000003814697            146.729957330972,-19.3191382382065,20.6000003814697            146.729952888563,-19.3191639706492,20.6000003814697            146.729954229668,-19.3191882781684,20.6000003814697            146.729959342629,-19.319213591516,20.7999992370605            146.729970071465,-19.3192378152162,20.7999992370605            146.729979626834,-19.3192606978118,20.7999992370605            146.72998775728,-19.319282155484,20.7999992370605            146.729999156669,-19.3193071335554,20.7999992370605            146.730009214953,-19.3193357996643,20.7999992370605            146.730019273236,-19.3193638790399,20.7999992370605            146.730026146397,-19.3193900305778,20.7999992370605            146.730033271015,-19.3194146733731,20.7999992370605            146.730040227994,-19.3194400705397,20.6000003814697            146.730045508593,-19.3194684851915,20.6000003814697            146.730049867183,-19.3194953911006,20.6000003814697            146.730054058135,-19.3195196986198,20.3999996185303            146.730057662353,-19.3195425812155,20.3999996185303            146.730062188581,-19.3195656314492,20.3999996185303            146.730062188581,-19.3195906933397,20.2000007629395            146.730060260743,-19.319623298943,20.2000007629395            146.730059087276,-19.3196538928896,20            146.730057243258,-19.3196847382933,20            146.730057746172,-19.319710303098,20            146.730056907982,-19.3197336047888,20.2000007629395            146.730052884668,-19.319758079946,20.2000007629395            146.730043496937,-19.3197841476649,20.2000007629395            146.730036623776,-19.3198051024228,20.2000007629395            146.730030840263,-19.3198260571808,20.3999996185303            146.730027738959,-19.319847850129,20.3999996185303            146.730024889112,-19.3198732472956,20.3999996185303            146.730020362884,-19.319903422147,20.6000003814697            146.730016004294,-19.3199335131794,20.6000003814697            146.730014998466,-19.3199559766799,20.6000003814697            146.730015333742,-19.3199786916375,20.6000003814697            146.730009885505,-19.3199998978525,20.6000003814697            146.729996809736,-19.320011800155,20.6000003814697            146.729979962111,-19.3200201820582,20.3999996185303            146.729960013181,-19.3200279772282,20.2000007629395            146.729944590479,-19.3200393766165,20.2000007629395            146.729933023453,-19.3200569786131,20            146.729927323759,-19.3200762569904,20            146.729924138635,-19.3200998939574,20            146.729922126979,-19.3201208487153,19.7999992370605            146.729917265475,-19.3201433122158,19.7999992370605            146.72990729101,-19.3201697152108,19.6000003814697            146.729894969612,-19.3201952800155,19.6000003814697            146.729880133644,-19.3202216830105,19.3999996185303            146.72986311838,-19.3202461581677,19.2000007629395            146.729852808639,-19.3202684540302,19.2000007629395            146.729851216078,-19.3202934321016,19.2000007629395            146.729857837781,-19.3203186616302,19.2000007629395            146.72987183556,-19.3203452322632,19.3999996185303            146.729888599366,-19.3203716352582,19.3999996185303            146.729906788096,-19.3203977867961,19.3999996185303            146.72992288135,-19.3204183224589,19.2000007629395            146.72994190827,-19.3204294703901,19            146.729965545237,-19.3204437196255,18.7999992370605            146.729992032051,-19.3204618245363,18.6000003814697            146.730019608513,-19.3204774986953,18.3999996185303            146.730046933517,-19.3204937595874,18.2000007629395            146.730074426159,-19.3205118644983,18            146.730099823326,-19.3205274548382,17.7999992370605            146.73011851497,-19.3205473199487,17.6000003814697            146.730130584911,-19.320566765964,17.3999996185303            146.730134608224,-19.3205909896642,17            146.730132009834,-19.3206193204969,16.7999992370605            146.730127483606,-19.3206449691206,16.3999996185303            146.730121448636,-19.3206688575447,16.2000007629395            146.730112647638,-19.3206896446645,16            146.730102337897,-19.3207072466612,15.8000001907349            146.730089010671,-19.3207212444395,15.6000003814697            146.730076856911,-19.320733062923,15.6000003814697            146.730065625161,-19.3207454681396,15.3999996185303            146.730051292107,-19.3207599688321,15.3999996185303            146.730034612119,-19.3207747209817,15.3999996185303            146.73001809977,-19.3207978550345,15.1999998092651            146.729996223003,-19.3208173010498,15.3999996185303            146.729971915483,-19.3208382558078,15.3999996185303            146.72994710505,-19.3208524212241,15.6000003814697            146.729918103665,-19.3208614736795,15.8000001907349            146.729887006804,-19.3208682630211,16            146.729858759791,-19.3208743818104,16.2000007629395            146.72983109951,-19.3208826798946,16.3999996185303            146.729805450886,-19.3208935763687,16.3999996185303            146.729782149196,-19.3209089152515,16.6000003814697            146.729754824191,-19.3209271878004,16.6000003814697            146.729726744816,-19.3209479749203,16.6000003814697            146.729697324336,-19.3209675885737,16.6000003814697            146.729669580236,-19.320992231369,16.6000003814697            146.729642003775,-19.3210190534592,16.6000003814697            146.729616187513,-19.3210393376648,16.6000003814697            146.729593388736,-19.3210578616709,16.7999992370605            146.729570506141,-19.3210770562291,16.7999992370605            146.729546617717,-19.321092646569,16.7999992370605            146.729522561654,-19.3211078178138,16.7999992370605            146.729500181973,-19.3211222346872,16.7999992370605            146.729477718472,-19.32114017196,17            146.729456931353,-19.3211597017944,17.2000007629395            146.729437988251,-19.3211759626865,17.3999996185303            146.729420889169,-19.3211926426739,17.3999996185303            146.72940085642,-19.3212070595473,17.6000003814697            146.729376548901,-19.321224829182,17.7999992370605            146.729350481182,-19.3212424311787,18            146.729323491454,-19.3212607037276,18.2000007629395            146.729298429564,-19.3212812393904,18.3999996185303            146.729273870587,-19.3213036190718,18.6000003814697            146.729249143973,-19.3213236518204,18.7999992370605            146.729220394045,-19.3213456124067,19            146.729190638289,-19.3213656451553,19.3999996185303            146.729162475094,-19.3213902879506,19.6000003814697            146.729138167575,-19.3214126676321,20            146.729112351313,-19.3214371427894,20.2000007629395            146.729089384899,-19.3214586004615,20.3999996185303            146.729069184512,-19.3214798904955,20.6000003814697            146.729052336887,-19.3215036951005,20.7999992370605            146.729037500918,-19.3215290084481,21            146.729024592787,-19.3215528130531,21.2000007629395            146.729011014104,-19.3215804733336,21.6000003814697            146.728996178135,-19.3216073792428,21.7999992370605            146.728979749605,-19.32163445279,21.7999992370605            146.728964410722,-19.3216616939753,21.7999992370605            146.728952173144,-19.3216864205897,21.7999992370605            146.728939432651,-19.321711147204,21.6000003814697            146.728925351053,-19.3217365443707,21.3999996185303            146.728908503428,-19.3217656295747,21.3999996185303            146.728891320527,-19.3218019232154,21.2000007629395            146.728873299435,-19.321835199371,21            146.728852679953,-19.3218626920134,20.7999992370605            146.728834826499,-19.321888005361,20.6000003814697            146.728820828721,-19.321917090565,20.2000007629395            146.728801047429,-19.3219421524554,20            146.728781266138,-19.3219696450979,19.6000003814697            146.728761820123,-19.3220138177276,19            146.728742374107,-19.3220401369035,18.6000003814697            146.728725442663,-19.3220702279359,18.2000007629395            146.728710187599,-19.3220984749496,18            146.728696106002,-19.3221263866872,17.6000003814697            146.728682359681,-19.322152370587,17.2000007629395            146.728670792654,-19.3221807852387,17            146.728658471256,-19.3222081940621,17            146.728646149859,-19.3222361057997,17            146.728634247556,-19.3222650233656,17            146.728621674702,-19.3222931865603,17            146.728609520942,-19.3223201762885,17            146.728597953916,-19.3223459087312,17            146.728587308899,-19.3223713897169,17            146.728579262272,-19.322398127988,16.7999992370605            146.72857071273,-19.3224221840501,16.7999992370605            146.728568281978,-19.3224471621215,16.7999992370605            146.728570461273,-19.3224730622023,16.7999992370605            146.728569287807,-19.3224981240928,17            146.728566689417,-19.322524946183,17            146.728567108512,-19.3225558754057,17.2000007629395            146.72855772078,-19.3225851282477,17.3999996185303            146.728546237573,-19.3226139619946,17.6000003814697            146.728529389948,-19.3226396106184,17.7999992370605            146.728514721617,-19.3226663488895,18            146.728496365249,-19.3226931709796,18.2000007629395            146.728477757424,-19.3227182328701,18.3999996185303            146.728457976133,-19.322741786018,18.6000003814697            146.728442050517,-19.3227651715279,18.6000003814697            146.728428220376,-19.3227883055806,18.7999992370605            146.728416820988,-19.3228139542043,18.7999992370605            146.728398967534,-19.3228374235332,19            146.728376168758,-19.3228574562818,19            146.728354543447,-19.3228769022971,19.2000007629395            146.728330738842,-19.3228957615793,19.2000007629395            146.728307940066,-19.322913447395,19.3999996185303            146.72828505747,-19.3229291215539,19.3999996185303            146.728262007236,-19.322942616418,19.3999996185303            146.728239124641,-19.3229548539966,19.6000003814697            146.728214649484,-19.3229661695659,19.6000003814697            146.728193862364,-19.3229768145829,19.7999992370605            146.728171231225,-19.3229888007045,19.7999992370605            146.728148683906,-19.3230014573783,19.7999992370605            146.72812496312,-19.3230130244046,20            146.728101745248,-19.3230280280113,19.7999992370605            146.728079114109,-19.3230421934277,19.6000003814697            146.728055309504,-19.323058957234,19.3999996185303            146.728035192937,-19.3230742122978,19.2000007629395            146.728015998378,-19.3230891320854,19            146.727997893468,-19.3231053091586,18.7999992370605            146.727979956195,-19.3231187202036,18.6000003814697            146.727960510179,-19.3231307901442,18.6000003814697            146.727943830192,-19.3231452070177,18.3999996185303            146.727932849899,-19.3231598753482,18.2000007629395            146.727923126891,-19.3231784831733,18            146.727913320065,-19.3232014495879,17.7999992370605            146.727902675048,-19.3232270982116,17.6000003814697            146.727893538773,-19.3232489749789,17.3999996185303            146.727883731946,-19.3232720252126,17.2000007629395            146.727872751653,-19.3232978414744,17.2000007629395            146.727861519903,-19.3233248312026,17.2000007629395            146.727852718905,-19.3233505636454,17.2000007629395            146.727845007554,-19.3233762960881,17.3999996185303            146.727835536003,-19.3234027829021,17.3999996185303            146.727825729176,-19.3234282638878,17.6000003814697            146.727817850187,-19.3234519008547,17.6000003814697            146.727809635922,-19.3234752863646,17.6000003814697            146.727801421657,-19.3235000967979,17.7999992370605            146.727794799954,-19.3235285114497,17.7999992370605            146.727788848802,-19.323555836454,18            146.727784825489,-19.3235829100013,18.2000007629395            146.727780634537,-19.3236074689776,18.6000003814697            146.727775018662,-19.3236289266497,19            146.727767977864,-19.3236498814076,19.2000007629395            146.727762361988,-19.3236696626991,19.3999996185303            146.727756829932,-19.3236896954477,19.6000003814697            146.727752136067,-19.3237103149295,20            146.727747274563,-19.3237313535064,20.2000007629395            146.727741826326,-19.3237525597215,20.3999996185303            146.727738138288,-19.323780471459,20.7999992370605            146.727732270956,-19.3238134123385,21.2000007629395            146.727727325633,-19.3238444253802,21.3999996185303            146.727722631767,-19.3238753546029,21.7999992370605            146.72772154212,-19.3239025957882,22.2000007629395            146.72771634534,-19.3239331059158,22.3999996185303            146.727710226551,-19.3239587545395,22.7999992370605            146.727702682838,-19.3239818047732,23            146.727693127468,-19.3240035139024,23.3999996185303            146.727679381147,-19.3240241333842,23.6000003814697            146.727668149397,-19.3240464292467,24            146.727653564885,-19.3240659590811,24.2000007629395            146.727644680068,-19.3240962177515,24.6000003814697            146.727641243488,-19.3241180945188,25            146.727637303993,-19.3241396360099,25            146.727638226002,-19.3241600040346,24.7999992370605            146.727641830221,-19.3241808749735,24.7999992370605            146.727646691725,-19.3242019135505,24.6000003814697            146.727652726695,-19.3242257181555,24.6000003814697            146.727658677846,-19.324248265475,24.6000003814697            146.727663958445,-19.3242731597275,24.3999996185303            146.727668484673,-19.3242993112653,24.3999996185303            146.727674687281,-19.3243233673275,24.2000007629395            146.727677704766,-19.3243456631899,24.2000007629395            146.727678375319,-19.3243685457855,24            146.727674854919,-19.324393523857,24            146.727669071406,-19.324417244643,23.7999992370605            146.727662784979,-19.3244394566864,23.6000003814697            146.727657755837,-19.3244599923491,23.3999996185303            146.727655995637,-19.3244838807732,23            146.727654989809,-19.3245094455779,22.7999992370605            146.727655492723,-19.3245324119925,22.6000003814697            146.727657336742,-19.3245536182076,22.2000007629395            146.727661862969,-19.3245770037174,22            146.727670244873,-19.3246017303318,22            146.727674435824,-19.3246272951365,21.7999992370605            146.727678207681,-19.3246542010456,21.6000003814697            146.727680722252,-19.3246801011264,21.3999996185303            146.727682733908,-19.3247061688453,21.3999996185303            146.727682985365,-19.3247335776687,21.3999996185303            146.727682147175,-19.3247630819678,21.3999996185303            146.72768088989,-19.3247903231531,21.3999996185303            146.727680135518,-19.3248173967004,21.3999996185303            146.727679632604,-19.324842793867,21.3999996185303            146.727682650089,-19.3248709570616,21.2000007629395            146.727685919032,-19.3248976953328,21.2000007629395            146.727687511593,-19.3249228410423,21.2000007629395            146.72768952325,-19.3249474000186,21            146.727692708373,-19.3249744735658,21            146.727693378925,-19.3249996192753,20.7999992370605            146.727692876011,-19.3250235915184,20.7999992370605            146.72769119963,-19.3250527605414,20.6000003814697            146.727690612897,-19.3250788282603,20.6000003814697            146.727690193802,-19.3251087516546,20.3999996185303            146.727687427774,-19.3251354899257,20.2000007629395            146.727685332298,-19.3251628987491,19.7999992370605            146.727688349783,-19.3251908104867,19.6000003814697            146.727692540735,-19.3252186384052,19.2000007629395            146.727697066963,-19.325249735266,18.7999992370605            146.727700335905,-19.3252804130316,18.6000003814697            146.727700755,-19.3253123480827,18.3999996185303            146.72770335339,-19.3253410980105,18.2000007629395            146.727706538513,-19.3253711052239,18            146.727708969265,-19.3253975082189,17.6000003814697            146.727711400017,-19.3254221510142,17.3999996185303            146.727713579312,-19.3254492245615,17            146.727713579312,-19.3254768848419,16.7999992370605            146.727717267349,-19.3255097419024,16.3999996185303            146.727719362825,-19.3255393300205,16.2000007629395            146.727719949558,-19.3255726061761,16            146.727722464129,-19.3256076425314,16            146.727730007842,-19.325643517077,15.8000001907349            146.727733192965,-19.3256693333387,15.8000001907349            146.727738976479,-19.3256942275912,15.8000001907349            146.72774316743,-19.3257181998342,15.8000001907349            146.727746687829,-19.3257429264486,15.6000003814697            146.727752555162,-19.3257665634155,15.6000003814697            146.727757165208,-19.3257899489254,15.6000003814697            146.727761607617,-19.3258108198643,15.6000003814697            146.727764876559,-19.3258325289935,15.8000001907349            146.727763032541,-19.3258483707905,15.8000001907349            146.727764122188,-19.3258631229401,15.8000001907349            146.727763786912,-19.3258807249367,16            146.727761020884,-19.3258994165808,16            146.727756243199,-19.3259155936539,16            146.727751968428,-19.3259310163558,16.2000007629395            146.727749286219,-19.3259452655911,16.2000007629395            146.72774660401,-19.3259591795504,16.3999996185303            146.727744592354,-19.3259740993381,16.3999996185303            146.727742413059,-19.3259891029447,16.3999996185303            146.727739479393,-19.3260036874563,16.6000003814697            146.727739060298,-19.3260174337775,16.6000003814697            146.727737383917,-19.3260324373841,16.6000003814697            146.72773713246,-19.3260477762669,16.6000003814697            146.727734031156,-19.3260607682168,16.7999992370605            146.727732354775,-19.3260729219764,16.7999992370605            146.727731600404,-19.3260870035738,16.7999992370605            146.727731600404,-19.3261010013521,17            146.727729756385,-19.3261141609401,17            146.727727828547,-19.3261262308806,17            146.727726487443,-19.3261366244406,17            146.72772154212,-19.3261491134763,17.2000007629395            146.727717770264,-19.3261591717601,17.2000007629395            146.72771634534,-19.3261691462249,17.2000007629395            146.727715004236,-19.3261812161654,17.3999996185303            146.727714668959,-19.3261943757534,17.3999996185303            146.727713411674,-19.3262061942369,17.3999996185303            146.727710478008,-19.3262165877968,17.3999996185303            146.727709220722,-19.3262279871851,17.6000003814697            146.727708382532,-19.3262416496873,17.6000003814697            146.727708633989,-19.3262532167137,17.6000003814697            146.727709472179,-19.3262670468539,17.6000003814697            146.727710645646,-19.3262848164886,17.7999992370605            146.72770938836,-19.3263036757708,17.7999992370605            146.727708298713,-19.3263299949467,18            146.727706873789,-19.3263551406562,18            146.727706622332,-19.3263806216419,18            146.727708633989,-19.3264055997133,18            146.72771374695,-19.3264322541654,18            146.727718524635,-19.3264599144459,17.7999992370605            146.727722967044,-19.3264859821647,17.7999992370605            146.727728247643,-19.3265128042549,17.7999992370605            146.727733360603,-19.3265373632312,17.7999992370605            146.72773713246,-19.3265616707504,17.7999992370605            146.727741826326,-19.3265839666128,17.7999992370605            146.727746017277,-19.326605675742,17.6000003814697            146.727750459686,-19.3266337551177,17.6000003814697            146.727755907923,-19.326663678512,17.6000003814697            146.72776135616,-19.3266936019063,17.6000003814697            146.727765798569,-19.3267208430916,17.6000003814697            146.727772252634,-19.326748419553,17.7999992370605            146.727778036147,-19.3267777562141,17.7999992370605            146.727782646194,-19.326806422323,17.7999992370605            146.727788429707,-19.326838189736,18            146.727791782469,-19.3268710467964,18            146.727792704478,-19.3269046582282,18.2000007629395            146.727793626487,-19.3269393593073,18.3999996185303            146.727792955935,-19.3269718810916,18.2000007629395            146.727791279554,-19.3270013853908,18.2000007629395            146.72778734006,-19.3270291294903,18.2000007629395            146.727784574032,-19.3270566221327,18            146.72778130509,-19.3270826898515,18            146.72777954489,-19.3271085061133,18            146.727777365595,-19.327131640166,17.7999992370605            146.727775102481,-19.3271551094949,17.7999992370605            146.727775270119,-19.3271778244525,17.6000003814697            146.727776192129,-19.3271993659437,17.6000003814697            146.727776778862,-19.3272204883397,17.6000003814697            146.727774683386,-19.327239850536,17.3999996185303            146.727772839367,-19.32726114057,17.6000003814697            146.727773258463,-19.3272817600518,17.6000003814697            146.72777610831,-19.3273043073714,17.7999992370605            146.727778622881,-19.3273251783103,17.7999992370605            146.727780802175,-19.3273457977921,17.7999992370605            146.727781975642,-19.3273681774735,18            146.727783065289,-19.3273903056979,18            146.727781808004,-19.3274131044745,18            146.727784071118,-19.3274336401373,18.2000007629395            146.727788597345,-19.3274561036378,18.2000007629395            146.727789435536,-19.3274794053286,18.2000007629395            146.727790022269,-19.3275010306388,18.2000007629395            146.72779253684,-19.3275228235871,18.2000007629395            146.727796979249,-19.3275407608598,18.3999996185303            146.727801589295,-19.3275626376271,18.3999996185303            146.72780812718,-19.3275858554989,18.3999996185303            146.727814078331,-19.3276103306562,18.6000003814697            146.727821622044,-19.3276315368712,18.6000003814697            146.72783578746,-19.3276524078101,18.7999992370605            146.727853138,-19.3276702612638,18.7999992370605            146.72786780633,-19.3276852648705,18.7999992370605            146.727883229032,-19.3276954907924,18.7999992370605            146.727902507409,-19.3276990111917,18.7999992370605            146.727923881263,-19.3277017772198,19            146.727945590392,-19.327707644552,19.2000007629395            146.727964701131,-19.3277125898749,19.2000007629395            146.72798817046,-19.3277175351977,19.3999996185303            146.728003676981,-19.3277217261493,19.3999996185303            146.728024296463,-19.3277216423303,19.6000003814697            146.728046005592,-19.3277244921774,19.6000003814697            146.728067127988,-19.3277231510729,19.7999992370605            146.728085316718,-19.3277257494628,19.7999992370605            146.728100152686,-19.3277270905674,20            146.728114653379,-19.3277332931757,20            146.728126807138,-19.3277371488512,20.2000007629395            146.728140637279,-19.3277409207076,20.2000007629395            146.728154299781,-19.327739495784,20.2000007629395            146.72817944549,-19.3277374841273,20.2000007629395            146.728206183761,-19.3277377355844,20.2000007629395            146.728237029165,-19.3277385737747,20.2000007629395            146.728263515979,-19.327739411965,20.2000007629395            146.728294696659,-19.3277405016124,20.2000007629395            146.728324703872,-19.3277374003083,20.2000007629395            146.728350687772,-19.327733963728,20            146.728379940614,-19.3277306109667,20            146.728405337781,-19.3277322035283,19.7999992370605            146.728433333337,-19.3277317006141,19.3999996185303            146.728458395228,-19.3277278449386,18.7999992370605            146.728483540937,-19.3277219776064,18.3999996185303            146.72851270996,-19.3277211394161,18            146.728542046621,-19.3277212232351,17.3999996185303            146.728582363576,-19.3277212232351,16.6000003814697            146.728615639731,-19.3277214746922,16            146.728647071868,-19.3277211394161,15.3999996185303            146.728677833453,-19.3277222290635,15            146.728708259761,-19.3277266714722,15            146.728741787374,-19.3277356401086,15            146.728771124035,-19.3277384899557,15.1999998092651            146.728802053258,-19.3277376517653,15.1999998092651            146.728829964995,-19.3277426809072,15.1999998092651            146.72885896638,-19.3277494702488,15.1999998092651            146.72889014706,-19.3277535773814,15.3999996185303            146.728921495378,-19.3277569301426,15.3999996185303            146.728952592239,-19.327757768333,15            146.728986119851,-19.3277596123517,15            146.729011768475,-19.3277653958648,15            146.729036998004,-19.3277700897306,15.1999998092651            146.72906071879,-19.327776376158,15.1999998092651            146.729093659669,-19.3277627136558,15.3999996185303            146.729125259444,-19.3277662340552,15.3999996185303            146.729159206152,-19.327768497169,15.6000003814697            146.729187704623,-19.3277749512345,15.6000003814697            146.729213101789,-19.3277841713279,15.8000001907349            146.729239169508,-19.3277954868972,16            146.72927713953,-19.3278124183416,16            146.72930396162,-19.3278223928064,16            146.729328520596,-19.3278308585286,16            146.729356935248,-19.327831864357,16            146.72938015312,-19.3278363067657,16            146.72941124998,-19.3278307747096,16            146.729428349063,-19.3278242368251,16.2000007629395            146.72943899408,-19.3278188724071,16.2000007629395            146.729449052364,-19.3278063833714,16.2000007629395            146.729447543621,-19.327797498554,16            146.729447208345,-19.3277876917273,16            146.729447040707,-19.327768329531,16            146.729450142011,-19.3277479615062,16            146.729451399297,-19.3277239892632,16            146.729456176981,-19.3277064710855,16            146.729463553056,-19.3276851810515,16            146.729470007122,-19.3276690039784,16            146.729473359883,-19.3276456184685,16            146.72947964631,-19.3276275135577,16            146.729484759271,-19.3276077322662,16            146.729487776756,-19.3275851849467,16            146.729487609118,-19.3275615479797,16            146.729488195851,-19.3275363184512,16            146.729496829212,-19.3275118432939,16            146.729500517249,-19.3274877872318,16            146.729502864182,-19.3274666648358,16            146.729502277449,-19.3274431116879,16            146.729499846697,-19.3274207320064,16            146.729498421773,-19.3273951672018,16            146.729491464794,-19.3273677583784,16            146.729490375146,-19.3273413553834,16            146.729485848919,-19.3273172993213,16            146.729480652139,-19.3272917345166,16            146.729476461187,-19.327266253531,15.8000001907349            146.729476796463,-19.3272421136498,15.8000001907349            146.729475874454,-19.327216045931,15.8000001907349            146.729472689331,-19.3271909840405,16            146.72946925275,-19.3271638266742,16            146.729468917474,-19.3271382618695,16.2000007629395            146.729471180588,-19.3271124456078,16.2000007629395            146.729470426217,-19.3270850367844,16.3999996185303            146.729469420388,-19.3270597234368,16.3999996185303            146.729469839483,-19.3270357511938,16.3999996185303            146.729471934959,-19.3270115274936,16.6000003814697            146.729471348226,-19.3269890639931,16.6000003814697            146.729466151446,-19.3269655946642,16.7999992370605            146.729460451752,-19.3269408680499,16.7999992370605            146.729448549449,-19.3269144650549,16.7999992370605            146.72943807207,-19.3268889840692,16.7999992370605            146.729428935796,-19.3268652632833,16.7999992370605            146.729423906654,-19.3268420454115,16.6000003814697            146.729415189475,-19.3268137145787,16.6000003814697            146.729413093999,-19.3267881497741,16.6000003814697            146.729404460639,-19.3267606571317,16.6000003814697            146.729398593307,-19.3267317395657,16.6000003814697            146.729394569993,-19.326705923304,16.6000003814697            146.729391133413,-19.3266814481467,16.6000003814697            146.729386271909,-19.326655715704,16.6000003814697            146.729380739853,-19.3266304861754,16.6000003814697            146.729378979653,-19.3266074359417,16.6000003814697            146.729377973825,-19.3265868164599,16.6000003814697            146.729379063472,-19.3265667837113,16.6000003814697            146.729378979653,-19.3265463318676,16.6000003814697            146.729379314929,-19.3265223596245,16.6000003814697            146.729372022673,-19.3264900892973,16.6000003814697            146.72936799936,-19.3264635186642,16.3999996185303            146.729363724589,-19.3264376185834,16.3999996185303            146.729360455647,-19.3264130596071,16.3999996185303            146.7293576058,-19.3263890873641,16.3999996185303            146.729358024895,-19.3263637740165,16.3999996185303            146.729360036552,-19.3263368681073,16.3999996185303            146.729359617457,-19.3263084534556,16.3999996185303            146.729359449819,-19.3262819666415,16.3999996185303            146.729360790923,-19.3262531328946,16.3999996185303            146.729364730418,-19.3262255564332,16.3999996185303            146.729367580265,-19.3261978961527,16.3999996185303            146.729369843379,-19.326172079891,16.3999996185303            146.729371016845,-19.3261450063437,16.3999996185303            146.729369089007,-19.3261143285781,16.2000007629395            146.729368083179,-19.326085075736,16            146.729365903884,-19.3260565772653,16            146.729364227504,-19.3260284140706,16            146.729365233332,-19.3259996641427,16.2000007629395            146.729364478961,-19.325971249491,16.2000007629395            146.72936456278,-19.3259387277067,16.3999996185303            146.729364478961,-19.3259101454169,16.3999996185303            146.729363976046,-19.3258799705654,16.3999996185303            146.729362551123,-19.3258505500853,16.3999996185303            146.729361293837,-19.325817944482,16.3999996185303            146.729361712933,-19.3257858417928,16.3999996185303            146.729360455647,-19.3257541581988,16.6000003814697            146.729362383485,-19.3257269170135,16.7999992370605            146.729366909713,-19.3257023580372,17            146.729370513931,-19.3256731051952,17.3999996185303            146.72937235795,-19.3256425950676,17.6000003814697            146.729374285787,-19.3256140127778,17.7999992370605            146.729378728196,-19.3255844246596,18            146.729382919148,-19.3255612906069,18.2000007629395            146.729387361556,-19.3255394138396,18.3999996185303            146.729392474517,-19.3255212251097,18.6000003814697            146.729396497831,-19.3255037907511,18.7999992370605            146.729399263859,-19.3254861049354,18.7999992370605            146.729403873906,-19.32546665892,19            146.729410160333,-19.3254459556192,19.2000007629395            146.729416698217,-19.3254203908145,19.3999996185303            146.729421727359,-19.3253939878196,19.3999996185303            146.729427091777,-19.3253672495484,19.6000003814697            146.729432540014,-19.325342187658,19.7999992370605            146.72943547368,-19.3253138568252,20            146.729437736794,-19.3252773117274,20.3999996185303            146.729439916089,-19.3252409342676,20.7999992370605            146.729441089556,-19.3252064846456,21            146.729442095384,-19.325178572908,21.2000007629395            146.729442263022,-19.3251513317227,21.2000007629395            146.729443436489,-19.3251207377762,21.3999996185303            146.729445783421,-19.3250908143818,21.3999996185303            146.729447795078,-19.3250589631498,21.6000003814697            146.729449974373,-19.3250288721174,21.7999992370605            146.729453746229,-19.3249963503331,22            146.7294562608,-19.3249626550823,22.2000007629395            146.7294597812,-19.3249285407364,22.3999996185303            146.729465145618,-19.324898365885,22.3999996185303            146.72946925275,-19.3248705379665,22.2000007629395            146.729474700987,-19.3248463980854,22.2000007629395            146.729481825605,-19.3248239345849,22.2000007629395            146.729487106204,-19.3247965257615,22.2000007629395            146.72949523665,-19.3247717991471,22            146.729504037648,-19.3247463181615,22            146.729513676837,-19.324718490243,22            146.729523902759,-19.3246924225241,22            146.729534128681,-19.3246676959097,22            146.729544354603,-19.3246431369334,21.7999992370605            146.729554245248,-19.3246158957481,21.7999992370605            146.729565896094,-19.3245870620012,21.6000003814697            146.729575870559,-19.3245589826256,21.3999996185303            146.729587186128,-19.3245284724981,21.2000007629395            146.729599256068,-19.3245005607605,21            146.729611828923,-19.3244737386703,21            146.729624066502,-19.3244488444179,20.7999992370605            146.729634962976,-19.3244233634323,20.6000003814697            146.729645691812,-19.3244006484747,20.6000003814697            146.729654911906,-19.3243788555264,20.6000003814697            146.729661868885,-19.3243563920259,20.6000003814697            146.729666395113,-19.3243322521448,20.7999992370605            146.729671927169,-19.3243054300547,21            146.729678632692,-19.3242764286697,21            146.729687685147,-19.3242477625608,21.2000007629395            146.729697240517,-19.3242179229856,21.3999996185303            146.729705035686,-19.324187496677,21.3999996185303            146.72971341759,-19.3241584952921,21.2000007629395            146.72972288914,-19.3241301644593,21.2000007629395            146.729733953252,-19.324102839455,21.2000007629395            146.729743760079,-19.3240771070123,21            146.729756416753,-19.3240494467318,21            146.729768151417,-19.3240228760988,21            146.729783155024,-19.3239958025515,21            146.729795811698,-19.3239692319185,21            146.729809641838,-19.3239424098283,20.7999992370605            146.729822633788,-19.3239165097475,20.6000003814697            146.729833111167,-19.3238916154951,20.6000003814697            146.729841325432,-19.3238629493862,20.3999996185303            146.729846103117,-19.323835959658,20.2000007629395            146.72984668985,-19.3238088022918,20            146.729843420908,-19.3237797170877,19.7999992370605            146.729839900509,-19.3237534817308,19.3999996185303            146.729833194986,-19.3237279169261,19.2000007629395            146.729824980721,-19.3236987479031,18.7999992370605            146.729819616303,-19.3236704170704,18.3999996185303            146.729816347361,-19.3236425053328,18            146.729811569676,-19.3236148450524,17.7999992370605            146.729804361239,-19.3235872685909,17.3999996185303            146.729799835011,-19.3235594406724,17            146.729796314612,-19.3235301878303,17            146.729793464765,-19.3234990909696,16.7999992370605            146.72979304567,-19.3234688322991,16.6000003814697            146.729793380946,-19.3234377354383,16.6000003814697            146.729796230793,-19.323407644406,16.3999996185303            146.729800589383,-19.3233792297542,16.3999996185303            146.729808216915,-19.3233500607312,16.3999996185303            146.729818610474,-19.3233211431652,16.2000007629395            146.72982850112,-19.3232939019799,16.2000007629395            146.729840822518,-19.3232668284327,16            146.729852138087,-19.323241179809,15.8000001907349            146.729863956571,-19.3232163693756,15.6000003814697            146.729877619073,-19.3231908045709,15.3999996185303            146.729891533032,-19.3231666646898,15            146.729906871915,-19.3231426924467,14.8000001907349            146.729922462255,-19.3231204804033,14.6000003814697            146.729939645156,-19.3231009505689,14.3999996185303            146.729956325144,-19.3230834323913,14.3999996185303            146.729974346235,-19.3230630643666,14.1999998092651            146.729992032051,-19.3230400979519,14            146.730009298772,-19.3230176344514,13.8000001907349            146.730024889112,-19.3229943327606,13.6000003814697            146.730040982366,-19.3229687679559,13.6000003814697            146.73005967401,-19.3229438737035,13.6000003814697            146.730075096712,-19.3229198176414,13.3999996185303            146.730089848861,-19.3228968512267,13.3999996185303            146.730105355382,-19.3228745553643,13.3999996185303            146.730123041198,-19.3228487391025,13.6000003814697            146.730143073946,-19.3228220846504,13.6000003814697            146.730160508305,-19.3227947596461,13.6000003814697            146.730174086988,-19.3227703683078,13.3999996185303            146.730189677328,-19.3227486591786,13.6000003814697            146.730203423649,-19.3227267824113,13.6000003814697            146.730219349265,-19.3227028101683,13.6000003814697            146.730235191062,-19.3226787541062,13.8000001907349            146.730254134163,-19.3226558715105,14            146.730273747817,-19.3226343300194,14.1999998092651            146.730290427804,-19.3226152192801,14.3999996185303            146.730305431411,-19.3225974496454,14.6000003814697            146.730317166075,-19.3225787580013,14.8000001907349            146.73033493571,-19.3225592281669,15            146.730354465544,-19.3225379381329,15            146.730374498293,-19.3225167319179,15.1999998092651            146.730396291241,-19.3224961124361,15.3999996185303            146.730419257656,-19.3224768340588,15.6000003814697            146.730441721156,-19.3224558793008,15.8000001907349            146.730464100838,-19.3224335834384,15.8000001907349            146.730485642329,-19.3224081024528,16            146.730504417792,-19.3223820347339,16.2000007629395            146.730519589037,-19.322358481586,16.2000007629395            146.730531742796,-19.3223410472274,16.3999996185303            146.730540711433,-19.3223246186972,16.3999996185303            146.730547752231,-19.3223102856427,16.3999996185303            146.730557475239,-19.3223023228347,16.6000003814697            146.730565605685,-19.3222896661609,16.6000003814697            146.730576669797,-19.3222799431533,16.6000003814697            146.730586392805,-19.3222678732127,16.7999992370605            146.730597289279,-19.3222551327199,16.7999992370605            146.730607012287,-19.3222429789603,17            146.730617322028,-19.3222319986671,17            146.730627967045,-19.3222221080214,17            146.730638109148,-19.3222126364708,17            146.730647664517,-19.3222033325583,17.2000007629395            146.730658980086,-19.3221912626177,17.2000007629395            146.730672223493,-19.3221829645336,17.2000007629395            146.730681695044,-19.3221725709736,17.2000007629395            146.730692842975,-19.3221634346992,17.2000007629395            146.730704326183,-19.322152454406,17.2000007629395            146.730716228485,-19.3221452459693,17.2000007629395            146.730726622045,-19.3221397977322,17.2000007629395            146.730735925958,-19.3221335951239,17.2000007629395            146.730746151879,-19.3221268057823,17.2000007629395            146.730757551268,-19.3221183400601,17.2000007629395            146.730766687542,-19.3221072759479,17            146.730778338388,-19.3220979720354,17            146.730787390843,-19.32209151797,17            146.730795856565,-19.3220869917423,17            146.730805328116,-19.322078358382,17            146.730815973133,-19.3220688030124,17            146.730826701969,-19.3220605887473,17            146.730834748596,-19.3220528773963,17            146.730842543766,-19.3220436573029,16.7999992370605            146.730851093307,-19.3220330122858,16.7999992370605            146.730860564858,-19.3220181763172,16.7999992370605            146.730870623142,-19.3220036756247,16.6000003814697            146.730881268159,-19.3219931144267,16.6000003814697            146.730892583728,-19.3219828046858,16.6000003814697            146.730903480202,-19.3219693098217,16.6000003814697            146.7309140414,-19.3219564016908,16.6000003814697            146.730925105512,-19.3219439964741,16.6000003814697            146.7309382651,-19.32193569839,16.6000003814697            146.730951340869,-19.3219266459346,16.6000003814697            146.730961985886,-19.3219152465463,16.6000003814697            146.730972547084,-19.3219029251486,16.6000003814697            146.730983862653,-19.3218890111893,16.6000003814697            146.730996100232,-19.3218837305903,16.6000003814697            146.73100925982,-19.321877444163,16.6000003814697            146.731024095789,-19.3218715768307,16.6000003814697            146.731042200699,-19.3218636978418,16.7999992370605            146.731059970334,-19.321856321767,16.7999992370605            146.731077488512,-19.3218473531306,16.7999992370605            146.731093497947,-19.3218385521322,16.7999992370605            146.731107579544,-19.3218288291246,16.7999992370605            146.731120739132,-19.3218182679266,16.7999992370605            146.73113389872,-19.3218107242137,16.7999992370605            146.731144459918,-19.3218023423105,16.7999992370605            146.731154182926,-19.3217931222171,16.7999992370605            146.731165833771,-19.3217842373997,16.7999992370605            146.731176646426,-19.3217757716775,16.7999992370605            146.731188045815,-19.3217659648508,16.6000003814697            146.731201205403,-19.3217590078712,16.7999992370605            146.731216292828,-19.3217517156154,16.7999992370605            146.731232134625,-19.3217475246638,16.7999992370605            146.731246970594,-19.3217432498932,16.7999992370605            146.731259878725,-19.3217364605516,16.7999992370605            146.731275971979,-19.321726905182,17            146.731294998899,-19.3217170145363,17            146.731317043304,-19.3217041902244,17            146.731339422986,-19.3216912820935,17            146.731363059953,-19.3216752726585,17            146.731386780739,-19.3216611072421,17            146.731412010267,-19.3216467741877,17            146.73143690452,-19.3216311000288,17            146.731460960582,-19.3216125760227,17            146.731485687196,-19.3215934652835,16.7999992370605            146.731512006372,-19.3215747736394,16.6000003814697            146.731536649168,-19.3215568363667,16.3999996185303            146.731560789049,-19.3215345405042,16.2000007629395            146.731584258378,-19.3215145077556,16            146.731606302783,-19.3214893620461,15.8000001907349            146.731621390209,-19.3214674852788,15.3999996185303            146.731636142358,-19.3214485421777,15.1999998092651            146.731651732698,-19.3214247375727,15            146.731668412685,-19.3213983345777,14.6000003814697            146.731686014682,-19.3213711772114,14.1999998092651            146.73170353286,-19.3213472049683,14            146.731721470132,-19.3213216401637,13.8000001907349            146.731743849814,-19.3213016074151,13.8000001907349            146.731767822057,-19.3212818261236,13.8000001907349            146.731792213395,-19.3212664872408,13.8000001907349            146.731817610562,-19.3212541658431,14            146.731848372146,-19.3212415929884,14.1999998092651            146.731878798455,-19.3212317023426,14.3999996185303            146.731909224764,-19.3212215602398,14.6000003814697            146.731936214492,-19.3212120886892,14.8000001907349            146.731961863115,-19.3212026171386,15            146.731987176463,-19.3211928941309,15.1999998092651            146.732013160363,-19.321185015142,15.3999996185303            146.732037719339,-19.3211840931326,15.6000003814697            146.732060518116,-19.3211791478097,15.6000003814697            146.732085915282,-19.3211714364588,15.8000001907349            146.732114078477,-19.3211595341563,15.8000001907349            146.732141822577,-19.3211462907493,15.8000001907349            146.732169985771,-19.321137657389,16            146.732197059318,-19.3211264256388,16            146.732224216685,-19.3211144395173,16.2000007629395            146.732253050432,-19.321103207767,16.2000007629395            146.732281297445,-19.3210928142071,16.2000007629395            146.732309041545,-19.3210842646658,16.3999996185303            146.732337791473,-19.321076804772,16.3999996185303            146.732367714867,-19.3210697639734,16.3999996185303            146.732398141176,-19.3210633937269,16.3999996185303            146.732426807284,-19.3210510723293,16.3999996185303            146.732453545555,-19.3210392538458,16.3999996185303            146.732479361817,-19.3210296984762,16.3999996185303            146.732506603003,-19.3210224900395,16.6000003814697            146.732532251626,-19.3210109230131,16.6000003814697            146.732559157535,-19.3210006132722,16.6000003814697            146.732587404549,-19.3209879565984,16.3999996185303            146.732613556087,-19.3209771439433,16.3999996185303            146.732640461996,-19.3209661636502,16.3999996185303            146.732666781172,-19.3209532555193,16.2000007629395            146.732694106176,-19.3209380004555,16            146.732721598819,-19.3209229968488,16            146.732748672366,-19.320905059576,15.8000001907349            146.73277515918,-19.3208893015981,15.6000003814697            146.732800640166,-19.3208722863346,15.3999996185303            146.732825785875,-19.3208545166999,15.3999996185303            146.732852524146,-19.3208383396268,15.1999998092651            146.732876915485,-19.3208216596395,15.1999998092651            146.732900636271,-19.3208064045757,15.1999998092651            146.732923770323,-19.3207915686071,15.3999996185303            146.732946904376,-19.320777989924,15.3999996185303            146.732970876619,-19.3207643274218,15.3999996185303            146.732994513586,-19.3207494914532,15.6000003814697            146.733017228544,-19.3207370024174,15.6000003814697            146.733040530235,-19.3207256868482,15.8000001907349            146.733063664287,-19.3207166343927,15.8000001907349            146.733085792512,-19.3207072466612,15.8000001907349            146.733106831089,-19.3206982780248,16            146.73312745057,-19.3206911534071,16            146.733150584623,-19.3206835258752,16.2000007629395            146.733175395057,-19.3206753116101,16.3999996185303            146.733199451119,-19.3206657562405,16.6000003814697            146.733222920448,-19.3206548597664,16.7999992370605            146.733245383948,-19.3206440471113,17            146.733269188553,-19.320635413751,17            146.733292574063,-19.320627367124,17.2000007629395            146.733314618468,-19.3206167221069,17.2000007629395            146.733337249607,-19.3206147104502,17.3999996185303            146.733359042555,-19.3206121958792,17.3999996185303            146.73338024877,-19.3206101004034,17.6000003814697            146.733402628452,-19.3206050712615,17.6000003814697            146.733425175771,-19.3205988686532,17.6000003814697            146.7334486451,-19.3205910734832,17.6000003814697            146.733474377543,-19.320577327162,17.7999992370605            146.733497343957,-19.3205604795367,17.7999992370605            146.733515365049,-19.3205423746258,17.7999992370605            146.733534140512,-19.3205235153437,18            146.733554592356,-19.3205054942518,18            146.733574457467,-19.3204907421023,18            146.733594993129,-19.3204785045236,18            146.733616534621,-19.3204652611166,18            146.733638495207,-19.3204540293664,18            146.733660204336,-19.320439696312,18            146.73368325457,-19.3204235192388,18            146.733707059175,-19.3204114492983,18            146.733730612323,-19.3203955236822,18            146.733751567081,-19.3203814420849,18            146.733776461333,-19.320360571146,18            146.73379666172,-19.320341963321,18            146.733817197382,-19.3203207571059,18            146.733833793551,-19.3202993832529,18            146.733849551529,-19.3202771712095,18            146.733866063878,-19.3202511873096,18            146.733880899847,-19.3202222697437,18            146.733894227073,-19.3201955314726,17.7999992370605            146.733908979222,-19.3201716430485,17.7999992370605            146.733923982829,-19.3201514426619,17.7999992370605            146.733941836283,-19.3201328348368,17.6000003814697            146.733960025012,-19.3201157357544,17.6000003814697            146.733981734142,-19.3200987204909,17.6000003814697            146.734006209299,-19.3200859799981,17.3999996185303            146.734032277018,-19.3200764246285,17.3999996185303            146.734057758003,-19.320067288354,17.3999996185303            146.734083238989,-19.3200584035367,17.3999996185303            146.734108133242,-19.3200526200235,17.3999996185303            146.734134871513,-19.3200493510813,17.3999996185303            146.734161693603,-19.3200483452529,17.2000007629395            146.734189689159,-19.3200474232435,17.2000007629395            146.734218103811,-19.3200483452529,17            146.734245847911,-19.3200496025383,17            146.734273089096,-19.3200503569096,17            146.734301000834,-19.320051446557,17            146.734327739105,-19.3200516980141,17            146.734350705519,-19.3200450763106,17            146.734374091029,-19.3200315814465,17            146.73439823091,-19.3200183380395,17            146.734424298629,-19.320003753528,17            146.734449779615,-19.3199881631881,17            146.734474673867,-19.3199741654098,17            146.734499400482,-19.3199597485363,17            146.734525132924,-19.3199434038252,17            146.734551284462,-19.3199259694666,17            146.734577519819,-19.3199075292796,17            146.734600989148,-19.3198916874826,17            146.73462068662,-19.3198755104095,17            146.73463627696,-19.319858327508,17            146.734649017453,-19.3198383785784,17            146.734659243375,-19.319816166535,17            146.734666116536,-19.3197926133871,17            146.73467265442,-19.3197667971253,17            146.734678018838,-19.3197412323207,16.7999992370605            146.734682125971,-19.319715583697,16.7999992370605            146.734688496217,-19.3196903541684,16.7999992370605            146.73469780013,-19.3196657113731,16.6000003814697            146.734705930576,-19.3196393921971,16.3999996185303            146.734715234488,-19.3196142464876,16.3999996185303            146.734726466238,-19.3195880111307,16.2000007629395            146.73473845236,-19.3195640388876,16            146.734751947224,-19.3195415753871,16            146.734769465402,-19.3195191957057,15.8000001907349            146.73478782177,-19.3194985762239,15.8000001907349            146.734805591404,-19.319477956742,15.6000003814697            146.734826546162,-19.3194586783648,15.6000003814697            146.734850686044,-19.319440741092,15.6000003814697            146.734875999391,-19.3194245640188,15.6000003814697            146.734902570024,-19.3194113206118,15.6000003814697            146.734931319952,-19.3194025196135,15.6000003814697            146.734957303852,-19.3193950597197,15.6000003814697            146.734984712675,-19.3193892762065,15.6000003814697            146.735012205318,-19.3193824868649,15.8000001907349            146.735038273036,-19.3193723447621,15.8000001907349            146.735067861155,-19.3193633761257,15.8000001907349            146.735095353797,-19.319353736937,15.8000001907349            146.735123097897,-19.3193423375487,15.8000001907349            146.735151931643,-19.319327250123,15.6000003814697            146.735174478963,-19.3193107377738,15.6000003814697            146.735194092616,-19.3192930519581,15.3999996185303            146.735213957727,-19.3192751146853,15.3999996185303            146.735233990476,-19.3192554172128,15.1999998092651            146.735253855586,-19.3192344624549,15.1999998092651            146.735271541402,-19.3192123342305,15.1999998092651            146.735289646313,-19.3191902060062,15.1999998092651            146.735304733738,-19.3191680777818,15            146.735316552222,-19.3191498890519,15            146.735326778144,-19.3191301077604,15            146.735334824771,-19.3191086500883,15            146.735348068178,-19.3190830852836,15            146.735361311585,-19.3190595321357,15.1999998092651            146.735373549163,-19.3190371524543,15.1999998092651            146.73538511619,-19.319012761116,15.3999996185303            146.73539458774,-19.3189896270633,15.3999996185303            146.735403137282,-19.318962469697,15.3999996185303            146.73541621305,-19.3189382459968,15.6000003814697            146.735429791734,-19.3189143575728,15.6000003814697            146.735444627702,-19.3188917264342,15.8000001907349            146.735461978242,-19.3188684247434,15.8000001907349            146.735478406772,-19.3188447039574,16            146.735495086759,-19.3188218213618,16            146.73551151529,-19.3187987711281,15.8000001907349            146.735529033467,-19.3187777325511,15.6000003814697            146.735545713454,-19.3187553528696,15.6000003814697            146.73556256108,-19.3187337275594,15.3999996185303            146.73557898961,-19.3187128566206,15.3999996185303            146.735597429797,-19.3186945840716,15.1999998092651            146.735613020137,-19.3186734616756,15.1999998092651            146.73562659882,-19.3186561111361,15            146.735639758408,-19.3186451308429,15.1999998092651            146.735650990158,-19.3186380062252,15.1999998092651            146.735660629347,-19.3186309654266,15.1999998092651            146.735672364011,-19.3186237569898,15.1999998092651            146.735684350133,-19.3186181411147,15.3999996185303            146.735697761178,-19.3186141178012,15.3999996185303            146.735708573833,-19.318610932678,15.3999996185303            146.735720224679,-19.3186142016202,15.6000003814697            146.735730534419,-19.3186198174953,15.8000001907349            146.735739754513,-19.3186238408089,16            146.735743945464,-19.3186263553798,16            146.735747633502,-19.3186281993985,16            146.735749980435,-19.3186287861317,16.2000007629395            146.735752495006,-19.3186307139695,16.2000007629395            146.73575475812,-19.3186323903501,16.2000007629395            146.735757272691,-19.318634737283,16.2000007629395            146.735758027062,-19.3186382576823,16.3999996185303            146.735761547461,-19.3186333123595,16.3999996185303            146.735763894394,-19.3186246789992,16.2000007629395            146.735768672079,-19.3186137825251,16.2000007629395            146.73577546142,-19.3185955099762,16            146.735783508047,-19.3185853678733,16            146.735791722313,-19.3185759801418,16            146.735802199692,-19.3185645807534,16            146.735813934356,-19.318555444479,16            146.735824914649,-19.3185491580516,16.2000007629395            146.735834637657,-19.3185437098145,16.2000007629395            146.735844612122,-19.3185397703201,16.2000007629395            146.735853329301,-19.3185351602733,16.3999996185303            146.735864561051,-19.3185259401798,16.3999996185303            146.735872775316,-19.3185137026012,16.3999996185303            146.735882917419,-19.3184981960803,16.3999996185303            146.735890712589,-19.3184828571975,16.3999996185303            146.735893310979,-19.3184664286673,16.2000007629395            146.735895574093,-19.3184511736035,16.2000007629395            146.735898172483,-19.3184359185398,16            146.735901441425,-19.318420747295,16            146.735903788358,-19.3184053245932,15.8000001907349            146.735908566043,-19.3183904048055,15.8000001907349            146.735911834985,-19.3183769099414,15.8000001907349            146.735913343728,-19.318365175277,15.6000003814697            146.73591569066,-19.3183522671461,15.6000003814697            146.73591569066,-19.3183390237391,15.3999996185303            146.735919043422,-19.3183261156082,15.3999996185303            146.735922312364,-19.3183129560202,15.3999996185303            146.735924575478,-19.3182999640703,15.1999998092651            146.735926168039,-19.3182869721204,15.1999998092651            146.735928095877,-19.3182744830847,15            146.73593044281,-19.3182605691254,15            146.735931364819,-19.3182485830039,15            146.735934717581,-19.3182340823114,15            146.735940249637,-19.3182174861431,14.8000001907349            146.735947709531,-19.3182028178126,14.8000001907349            146.735957181081,-19.3181884847581,14.8000001907349            146.735968161374,-19.3181751575321,14.8000001907349            146.735977632925,-19.3181634228677,14.8000001907349            146.735988948494,-19.3181549571455,14.8000001907349            146.736003113911,-19.3181468266994,14.8000001907349            146.736015100032,-19.3181383609772,14.8000001907349            146.736024739221,-19.3181277997792,14.8000001907349            146.736038234085,-19.3181213457137,14.8000001907349            146.736053070053,-19.3181195855141,15            146.736066732556,-19.3181169871241,15            146.736079892144,-19.3181125447154,15            146.736090369523,-19.3181077670306,15            146.736104283482,-19.3181027378887,15            146.736119454727,-19.318098379299,15.1999998092651            146.736135128886,-19.3180935177952,15.1999998092651            146.736145019531,-19.3180899973959,15.1999998092651            146.736154910177,-19.3180852197111,15.1999998092651            146.736165387556,-19.3180790171027,15.1999998092651            146.736175948754,-19.3180711381137,15.1999998092651            146.736186845228,-19.3180599901825,15.1999998092651            146.736198076978,-19.3180464953184,15.3999996185303            146.736207380891,-19.3180340062827,15.3999996185303            146.736214589328,-19.3180220201612,15.3999996185303            146.736222971231,-19.3180112913251,15.3999996185303            146.73622909002,-19.3179983831942,15.3999996185303            146.73623688519,-19.3179882410914,15.1999998092651            146.736248536035,-19.3179786019027,15.1999998092651            146.736261276528,-19.317968795076,15.1999998092651            146.736276950687,-19.3179618380964,15.1999998092651            146.736292373389,-19.3179568927735,15.3999996185303            146.73630787991,-19.3179523665458,15.3999996185303            146.736324811354,-19.3179497681558,15.3999996185303            146.736345849931,-19.3179489299655,15.6000003814697            146.736369151622,-19.3179485946894,15.8000001907349            146.736394548789,-19.3179436493665,16            146.736419945955,-19.3179377820343,16            146.736450204626,-19.3179334234446,16.2000007629395            146.736480379477,-19.3179276399314,16.3999996185303            146.736510302871,-19.3179234489799,16.7999992370605            146.736542405561,-19.3179154023528,17            146.736575765535,-19.3178990576416,17            146.736602000892,-19.3178809527308,17            146.73663251102,-19.3178619258106,17.2000007629395            146.736661260948,-19.3178454134613,17.2000007629395            146.736689340323,-19.3178271409124,17.2000007629395            146.736715743318,-19.3178113829345,17.2000007629395            146.736741894856,-19.3177921045572,17.2000007629395            146.736765112728,-19.3177726585418,17.2000007629395            146.73678740859,-19.3177504464984,17.2000007629395            146.736805764958,-19.3177274800837,17.2000007629395            146.736822361127,-19.3177032563835,17.2000007629395            146.73684113659,-19.3176804576069,17            146.736861336976,-19.3176593352109,17            146.736880363896,-19.3176389671862,16.7999992370605            146.736893355846,-19.317617174238,16.7999992370605            146.736902408302,-19.3175926990807,16.6000003814697            146.736911796033,-19.3175679724663,16.3999996185303            146.736916992813,-19.3175419047475,16.3999996185303            146.736920345575,-19.317516926676,16            146.736921016127,-19.3174921162426,15.8000001907349            146.736924787983,-19.3174652941525,15.6000003814697            146.736929565668,-19.3174409866333,15.3999996185303            146.736936438829,-19.3174129072577,15.3999996185303            146.736948592588,-19.3173880130053,15.3999996185303            146.736960746348,-19.3173606041819,15.3999996185303            146.736971391365,-19.3173348717391,15.3999996185303            146.736981952563,-19.3173066247255,15.1999998092651            146.736992429942,-19.3172824848443,15.1999998092651            146.736997291446,-19.3172572553158,15.1999998092651            146.736995782703,-19.3172283377498,15.1999998092651            146.736988406628,-19.3171984143555,15            146.736978599802,-19.3171723466367,14.8000001907349            146.736967703328,-19.317146865651,14.6000003814697            146.736953202635,-19.3171214684844,14.3999996185303            146.736936941743,-19.3170973286033,14.1999998092651            146.736919758841,-19.317072937265,14            146.73690341413,-19.3170477915555,13.8000001907349            146.736885895953,-19.3170249089599,13.6000003814697            146.736872736365,-19.3169995956123,13.6000003814697            146.736857732758,-19.3169733602554,13.8000001907349            146.736843902618,-19.3169480469078,13.8000001907349            146.736827977002,-19.3169214762747,13.8000001907349            146.736811799929,-19.316895827651,14            146.736794030294,-19.3168735317886,14            146.736775003374,-19.3168525770307,14            146.736758323386,-19.3168336339295,13.8000001907349            146.736741308123,-19.3168168701231,13.8000001907349            146.736725885421,-19.3167999386787,13.6000003814697            146.73671130091,-19.3167773075402,13.6000003814697            146.736698979512,-19.3167547602206,13.3999996185303            146.736686658114,-19.316731961444,13.1999998092651            146.736675258726,-19.3167096655816,13.1999998092651            146.736662182957,-19.3166849389672,13            146.736647766083,-19.3166613858193,13            146.736633433029,-19.316636743024,13            146.736623039469,-19.3166106753051,13            146.736610969529,-19.3165855295956,12.8000001907349            146.736598648131,-19.316557366401,12.6000003814697            146.736583225429,-19.3165315501392,12.3999996185303            146.736569982022,-19.3165054824203,12.1999998092651            146.736553888768,-19.3164801690727,11.8000001907349            146.736540477723,-19.3164549395442,11.6000003814697            146.736525222659,-19.3164292071015,11.1999998092651            146.736510302871,-19.3164023850113,10.8000001907349            146.736495802179,-19.3163763172925,10.6000003814697            146.736480798572,-19.3163477350026,10.1999998092651            146.736462358385,-19.3163210805506,10            146.73644551076,-19.3162953481078,10            146.736430088058,-19.3162714596838,10            146.736411899328,-19.3162446375936,10            146.736390860751,-19.3162182345986,10            146.736372169107,-19.316192837432,10            146.736355153844,-19.3161681108177,10.1999998092651            146.736336210743,-19.3161431327462,10            146.73631911166,-19.3161183223128,10            146.73630268313,-19.3160933442414,9.80000019073486            146.736288769171,-19.3160662706941,9.60000038146973            146.736272173002,-19.3160397838801,9.60000038146973            146.736254990101,-19.3160139676183,9.80000019073486            146.736237052828,-19.3159906659275,9.80000019073486            146.736217606813,-19.3159664422274,9.39999961853027            146.736201010644,-19.3159433919936,9.19999980926514            146.736185001209,-19.3159168213606,9            146.736169662327,-19.3158912565559,8.80000019073486            146.736156083643,-19.3158652726561,8.60000038146973            146.736142588779,-19.3158408813179,8.39999961853027            146.736128423363,-19.3158181663603,8.39999961853027            146.736112749204,-19.3157953675836,8.19999980926514            146.736096320674,-19.3157727364451,8.39999961853027            146.73608282581,-19.3157493509352,8.39999961853027            146.736069079489,-19.3157257139683,8.60000038146973            146.736055333167,-19.315701238811,8.80000019073486            146.736039910465,-19.3156776018441,8.80000019073486            146.736024571583,-19.3156547192484,9            146.736008645967,-19.3156293220818,9.19999980926514            146.735995737836,-19.3156082835048,9.19999980926514            146.735985344276,-19.3155917711556,9.39999961853027            146.735975369811,-19.3155800364912,9.39999961853027            146.735966736451,-19.3155705649406,9.60000038146973            146.735960282385,-19.3155621830374,9.60000038146973            146.735953409225,-19.3155529629439,9.60000038146973            146.735946703702,-19.3155446648598,9.60000038146973            146.735937735066,-19.3155361153185,9.80000019073486            146.735928179696,-19.3155284039676,9.80000019073486            146.735917953774,-19.315521446988,9.80000019073486            146.735909404233,-19.3155134003609,10            146.735897334293,-19.3155066948384,10            146.73588199541,-19.3155027553439,10.1999998092651            146.735866069794,-19.3155004922301,10.6000003814697            146.735852742568,-19.3155007436872,10.8000001907349            146.73584125936,-19.3155041802675,10.8000001907349            146.735830111429,-19.3155070301145,11            146.735819885507,-19.315508203581,11.1999998092651            146.735807228833,-19.3155092094094,11.1999998092651            146.735794991255,-19.315510969609,11.3999996185303            146.735783340409,-19.3155139870942,11.6000003814697            146.735773952678,-19.31551608257,11.8000001907349            146.735764564946,-19.3155186809599,11.8000001907349            146.735753249377,-19.3155219499022,12            146.735745957121,-19.3155259732157,12            146.735739922151,-19.3155261408538,12.1999998092651            146.735732043162,-19.3155274819583,12.1999998092651            146.735726259649,-19.3155285716057,12.3999996185303            146.735717793927,-19.3155302479863,12.3999996185303            146.735709328204,-19.3155331816524,12.6000003814697            146.735701365396,-19.3155357800424,12.6000003814697            146.735693821684,-19.3155360314995,12.8000001907349            146.735687870532,-19.3155349418521,12.8000001907349            146.735679991543,-19.3155328463763,13            146.73567160964,-19.3155372049659,13            146.735662305728,-19.31555329822,13            146.735652331263,-19.3155693076551,13            146.735645374283,-19.315576851368,13.1999998092651            146.735636908561,-19.3155868258327,13.1999998092651            146.735626012087,-19.3155974708498,13.1999998092651            146.735613523051,-19.3156072776765,13.3999996185303            146.735605476424,-19.3156149052083,13.3999996185303            146.735597010702,-19.3156207725406,13.6000003814697            146.735586365685,-19.3156265560538,13.6000003814697            146.735577313229,-19.315635105595,13.6000003814697            146.735568931326,-19.315645666793,13.8000001907349            146.735560633242,-19.315658994019,13.8000001907349            146.73555300571,-19.3156690523028,13.8000001907349            146.73554353416,-19.3156780209392,13.8000001907349            146.735534649342,-19.3156844750047,14            146.735525093973,-19.3156938627362,14            146.73551402986,-19.3157030828297,14.1999998092651            146.735503887758,-19.3157128896564,14.1999998092651            146.735494835302,-19.3157230317593,14.1999998092651            146.735485196114,-19.3157351016998,14.1999998092651            146.735475389287,-19.3157471716404,14.3999996185303            146.735463403165,-19.3157611694187,14.3999996185303            146.73544915393,-19.3157716467977,14.6000003814697            146.73543440178,-19.3157825432718,14.6000003814697            146.735422080383,-19.315793775022,14.8000001907349            146.735410345718,-19.3158059287816,15            146.735398443416,-19.3158181663603,15            146.735386122018,-19.3158298172057,15.1999998092651            146.735375393182,-19.3158418033272,15.3999996185303            146.735361982137,-19.3158536218107,15.3999996185303            146.735349157825,-19.3158683739603,15.6000003814697            146.73533574678,-19.315881030634,15.8000001907349            146.735322838649,-19.3158943578601,15.8000001907349            146.735312528908,-19.3159059248865,15.8000001907349            146.735301380977,-19.3159199226648,16            146.735291406512,-19.3159324117005,16            146.735281432047,-19.3159438949078,16            146.735270032659,-19.3159567192197,16.2000007629395            146.735261818394,-19.3159660231322,16.2000007629395            146.735254274681,-19.315976165235,16.2000007629395            146.735246479511,-19.3159876484424,16.3999996185303            146.73523876816,-19.3159973714501,16.3999996185303            146.735231056809,-19.3160068430007,16.3999996185303            146.73522233963,-19.3160185776651,16.3999996185303            146.73521538265,-19.3160272948444,16.3999996185303            146.735207922757,-19.3160343356431,16.6000003814697            146.735197110102,-19.3160438910127,16.6000003814697            146.735186967999,-19.3160513509065,16.7999992370605            146.735178502277,-19.3160611577332,16.7999992370605            146.735170204192,-19.3160694558173,17            146.735161822289,-19.3160775862634,17            146.735151512548,-19.3160874769092,17.2000007629395            146.735140783712,-19.3161015585065,17.3999996185303            146.735129551962,-19.3161137960851,17.3999996185303            146.73511756584,-19.3161247763783,17.6000003814697            146.735105831176,-19.3161365948617,17.7999992370605            146.735096359625,-19.3161479942501,18            146.735088480636,-19.3161562085152,18            146.735083954409,-19.3161607347429,18.2000007629395            146.735078422353,-19.316168949008,18.2000007629395            146.735072974116,-19.316179510206,18.3999996185303            146.735067106783,-19.3161911610514,18.3999996185303            146.735064256936,-19.3162013031542,18.6000003814697            146.735063502565,-19.3162115290761,18.6000003814697            146.735063502565,-19.3162225931883,18.6000003814697            146.735064592212,-19.316235166043,18.6000003814697            146.735064424574,-19.3162468168885,18.6000003814697            146.735063251108,-19.3162576295435,18.7999992370605            146.735060233623,-19.3162685260177,18.7999992370605            146.735059311613,-19.3162798415869,18.7999992370605            146.735056042671,-19.3162955995649,18.7999992370605            146.7350535281,-19.3163189012557,19            146.735050510615,-19.3163409456611,19            146.735040787607,-19.3163696955889,19.2000007629395            146.735033327714,-19.3163960985839,19.2000007629395            146.735028047115,-19.316422669217,19.3999996185303            146.735025532544,-19.3164497427642,19.3999996185303            146.735027711838,-19.3164748046547,19.3999996185303            146.735032154247,-19.3165002856404,19.6000003814697            146.735035087913,-19.3165286164731,19.6000003814697            146.735032573342,-19.3165581207722,19.7999992370605            146.735027292743,-19.3165886308998,20            146.735017318279,-19.3166195601225,20            146.735008684918,-19.3166488129646,20            146.735000805929,-19.3166751321405,20            146.734994519502,-19.316700194031,20            146.734990915284,-19.3167255073786,20            146.734986724332,-19.3167470488697,20            146.734986640513,-19.3167685065418,20            146.734988233075,-19.3167888745666,20            146.734989657998,-19.3168105836958,20            146.734989238903,-19.3168339692056,20            146.73498865217,-19.3168603722006,20            146.734987981617,-19.3168843444437,20            146.734985886142,-19.3169067241251,20            146.734985299408,-19.3169308640063,19.7999992370605            146.734982114285,-19.316951148212,19.6000003814697            146.73497825861,-19.3169727735221,19.3999996185303            146.734973816201,-19.3169914651662,19.2000007629395            146.734972056001,-19.3170104920864,19.2000007629395            146.734972056001,-19.317030608654,19            146.734968870878,-19.3170523177832,18.7999992370605            146.734963590279,-19.3170722667128,18.7999992370605            146.734956214204,-19.317088611424,18.6000003814697            146.73494364135,-19.3171053752303,18.3999996185303            146.734929308295,-19.3171235639602,18.3999996185303            146.734918579459,-19.3171410821378,18.2000007629395            146.734909107909,-19.3171566724777,18.2000007629395            146.734903072938,-19.3171739391983,18            146.734892930835,-19.3171844165772,17.7999992370605            146.734882201999,-19.3171961512417,17.7999992370605            146.734875580296,-19.3172052036971,17.6000003814697            146.734868455678,-19.3172187823802,17.3999996185303            146.734861498699,-19.3172389827669,17.2000007629395            146.734856972471,-19.3172523938119,17.2000007629395            146.734849847853,-19.317263038829,17            146.73484322615,-19.3172743543983,16.7999992370605            146.734834676608,-19.317287011072,16.7999992370605            146.734828138724,-19.3172953091562,16.6000003814697            146.734822019935,-19.3173046968877,16.6000003814697            146.734817074612,-19.3173153419048,16.3999996185303            146.734810117632,-19.3173295911402,16.2000007629395            146.734803663567,-19.3173439241946,16.2000007629395            146.734794359654,-19.3173577543348,16            146.734788073227,-19.317368734628,15.8000001907349            146.734775835648,-19.3173832353204,15.6000003814697            146.734764017165,-19.3173958919942,15.3999996185303            146.73475488089,-19.3174035195261,15.1999998092651            146.734743313864,-19.3174120690674,15            146.734725879505,-19.3174238875508,14.8000001907349            146.734712887555,-19.3174290843308,14.6000003814697            146.734696961939,-19.3174369633198,14.3999996185303            146.734680281952,-19.3174412380904,14.3999996185303            146.734666200355,-19.3174472730607,14.1999998092651            146.73465622589,-19.3174531403929,14            146.734648179263,-19.3174588400871,14.1999998092651            146.734639126807,-19.3174657132477,14.1999998092651            146.734628314152,-19.3174724187702,14.1999998092651            146.734611298889,-19.3174828123301,14            146.734597636387,-19.3174922838807,14            146.734581626952,-19.3175074551255,14.1999998092651            146.734565701336,-19.3175186030567,14.1999998092651            146.734546758235,-19.3175237998366,14            146.734534101561,-19.3175289966166,14            146.734524294734,-19.317537881434,14            146.734514068812,-19.3175479397178,14            146.7345047649,-19.3175607640296,14.1999998092651            146.734494874254,-19.3175718281418,14.1999998092651            146.734486157075,-19.3175845686346,14.1999998092651            146.734475009143,-19.3175997398794,14.3999996185303            146.734464699402,-19.3176168389618,14.3999996185303            146.73445363529,-19.3176336027682,14.6000003814697            146.734442738816,-19.3176492769271,14.6000003814697            146.73443024978,-19.3176706507802,14.8000001907349            146.734416838735,-19.3176953773946,15            146.734400074929,-19.3177156616002,15            146.734382221475,-19.3177331797779,15.1999998092651            146.73436193727,-19.3177499435842,15.1999998092651            146.734339976683,-19.317773077637,15.1999998092651            146.734320446849,-19.3177888356149,15            146.734298821539,-19.3178064376116,15            146.73427275382,-19.3178382050246,15            146.73424760811,-19.3178681284189,15.1999998092651            146.734224976972,-19.3178905081004,15.1999998092651            146.734203184023,-19.3179226107895,15.3999996185303            146.734178708866,-19.3179482594132,15.3999996185303            146.734153395519,-19.3179715611041,15.3999996185303            146.734132021666,-19.3179886601865,15.6000003814697            146.734109725803,-19.3180068489164,15.6000003814697            146.73408751376,-19.3180259596556,15.6000003814697            146.734066139907,-19.3180475011468,15.6000003814697            146.734045855701,-19.3180683720857,15.6000003814697            146.734024900943,-19.3180873151869,15.6000003814697            146.734003191814,-19.318108856678,15.6000003814697            146.73397930339,-19.3181302305311,15.6000003814697            146.733952648938,-19.3181531131268,15.6000003814697            146.733929011971,-19.3181702960283,15.6000003814697            146.733905961737,-19.3181941844523,15.6000003814697            146.733884168789,-19.3182132951915,15.3999996185303            146.733862208202,-19.3182319868356,15.3999996185303            146.733838990331,-19.3182492535561,15.3999996185303            146.733816359192,-19.3182650115341,15.3999996185303            146.733793728054,-19.3182815238833,15.3999996185303            146.733771767467,-19.3182940967381,15.1999998092651            146.733749555424,-19.318309770897,15            146.733727175742,-19.318325445056,14.8000001907349            146.73370052129,-19.318343969062,14.6000003814697            146.733675627038,-19.3183603975922,14.3999996185303            146.733650481328,-19.3183762393892,14.3999996185303            146.73362265341,-19.3183876387775,14.3999996185303            146.733594238758,-19.3183987028897,14.3999996185303            146.733568003401,-19.318410102278,14.3999996185303            146.733541768044,-19.3184220883995,14.3999996185303            146.733519220725,-19.3184354156256,14.3999996185303            146.733500948176,-19.3184509221464,14.3999996185303            146.733492398635,-19.3184696976095,14.3999996185303            146.733492147177,-19.318486629054,14.1999998092651            146.733501115814,-19.3184966035187,14            146.733515532687,-19.3184986151755,14            146.733533218503,-19.3184912391007,14            146.733550736681,-19.3184882216156,14            146.733572781086,-19.3184832762927,14            146.733596334234,-19.3184749782085,14            146.733619719744,-19.3184659257531,13.8000001907349            146.733646374196,-19.3184557836503,13.8000001907349            146.733670346439,-19.3184500001371,13.8000001907349            146.733691301197,-19.3184536043555,13.8000001907349            146.733699096367,-19.3184643331915,13.8000001907349            146.733692977577,-19.3184776604176,13.6000003814697            146.733675627038,-19.3184887245297,13.6000003814697            146.733650900424,-19.3184980284423,13.6000003814697            146.733624665067,-19.3185074161738,13.6000003814697            146.733598932624,-19.3185134511441,13.6000003814697            146.733572948724,-19.3185190670192,13.6000003814697            146.733548641205,-19.3185288738459,13.6000003814697            146.733523160219,-19.3185466434807,13.6000003814697            146.733499607071,-19.3185629043728,13.6000003814697            146.73347722739,-19.3185838591307,13.6000003814697            146.733455099165,-19.3186005391181,13.6000003814697            146.733434563503,-19.3186170514673,13.6000003814697            146.733415201306,-19.3186299595982,13.6000003814697            146.733398102224,-19.318640101701,13.8000001907349            146.733379745856,-19.3186535965651,13.8000001907349            146.733363149688,-19.3186644092202,13.8000001907349            146.733341608196,-19.3186753895134,13.8000001907349            146.733324341476,-19.3186854477972,13.8000001907349            146.733311768621,-19.3186936620623,13.8000001907349            146.73329458572,-19.3187004514039,13.8000001907349            146.733281845227,-19.3187052290887,13.8000001907349            146.733269607648,-19.3187095876783,14            146.733257789165,-19.3187158741057,14            146.7332478147,-19.3187212385237,14            146.733239516616,-19.3187252618372,14            146.733230883256,-19.3187328055501,14            146.733221160248,-19.3187409359962,14            146.733213700354,-19.3187447078526,14            146.733204731718,-19.3187499046326,14            146.733196014538,-19.3187561072409,14            146.733187884092,-19.3187631480396,14            146.733177909628,-19.3187706917524,14            146.733167180791,-19.318780163303,14            146.733157373965,-19.3187873717397,14.1999998092651            146.733148656785,-19.3187967594713,14            146.733138179407,-19.3188070692122,14            146.733126780018,-19.3188189715147,14            146.733115212992,-19.3188305385411,14.1999998092651            146.733103310689,-19.3188437819481,14.1999998092651            146.733092246577,-19.3188527505845,14.1999998092651            146.733081769198,-19.3188613839447,14.3999996185303            146.733071208,-19.3188706040382,14.3999996185303            146.733058718964,-19.3188827577978,14.6000003814697            146.733043631539,-19.3188949115574,14.6000003814697            146.733025610447,-19.3189071491361,14.8000001907349            146.733004152775,-19.3189222365618,15            146.73298202455,-19.3189347255975,15.1999998092651            146.732959393412,-19.3189457897097,15.3999996185303            146.732936259359,-19.318957272917,15.6000003814697            146.732913292944,-19.3189682532102,15.8000001907349            146.732889488339,-19.3189867772162,16            146.732865935192,-19.3190083187073,16.2000007629395            146.732843974605,-19.3190264236182,16.3999996185303            146.732822600752,-19.3190498929471,16.3999996185303            146.732803322375,-19.3190689198673,16.6000003814697            146.732784966007,-19.3190883658826,16.7999992370605            146.732764597982,-19.319110410288,16.7999992370605            146.732742050663,-19.3191334605217,17            146.732721347362,-19.3191568460315,17            146.73270156607,-19.3191771302372,17            146.732682287693,-19.3191948998719,17.2000007629395            146.732659656554,-19.3192131724209,17.2000007629395            146.732638282701,-19.3192331213504,17.3999996185303            146.732615400106,-19.3192560877651,17.3999996185303            146.73259075731,-19.3192757014185,17.6000003814697            146.732563516125,-19.3192929681391,17.7999992370605            146.732536023483,-19.3193104863167,17.7999992370605            146.732507608831,-19.319324567914,17.7999992370605            146.732480451465,-19.3193347938359,17.7999992370605            146.732452204451,-19.3193459417671,17.7999992370605            146.732426891103,-19.3193550780416,17.7999992370605            146.732403002679,-19.3193648848683,17.7999992370605            146.73237785697,-19.3193751107901,17.7999992370605            146.732354220003,-19.3193875160068,17.7999992370605            146.732330918312,-19.3194041121751,17.7999992370605            146.732309125364,-19.3194204568863,18            146.732288924977,-19.3194409925491,18            146.732271742076,-19.3194613605738,18            146.732254559174,-19.3194821476936,18.2000007629395            146.732238214463,-19.3195037730038,18.2000007629395            146.732221031561,-19.3195241410285,18.2000007629395            146.732205022126,-19.3195420783013,18.2000007629395            146.732188090682,-19.3195592612028,18.3999996185303            146.73217006959,-19.3195779528469,18.3999996185303            146.732148109004,-19.3195936270058,18.3999996185303            146.732123047113,-19.319604691118,18.6000003814697            146.73209823668,-19.3196135759354,18.6000003814697            146.73207225278,-19.3196194432676,18.7999992370605            146.732046520337,-19.3196227122098,18.7999992370605            146.732021961361,-19.3196274898946,19            146.73200218007,-19.3196323513985,19            146.731979968026,-19.3196334410459,19            146.73195800744,-19.3196352012455,19            146.731938226148,-19.3196380510926,19            146.731919115409,-19.3196460139006,19            146.731899920851,-19.319657413289,19            146.731883827597,-19.3196714110672,19            146.731867482886,-19.3196819722652,19            146.731849126518,-19.3196938745677,19            146.73182993196,-19.3197075370699,19            146.731814509258,-19.3197230435908,19            146.73179875128,-19.3197390530258,19            146.731779975817,-19.3197576608509,19            146.731759104878,-19.3197748437524,19            146.731739994138,-19.3197920266539,19            146.731718955562,-19.3198113888502,19            146.731700515375,-19.3198278173804,19            146.731680817902,-19.3198486045003,19            146.731659611687,-19.3198723252863,19            146.731639998034,-19.3198968842626,19            146.731620635837,-19.3199180904776,19            146.731603536755,-19.3199394643307,19            146.731587108225,-19.3199580721557,18.7999992370605            146.731569254771,-19.3199803680182,18.6000003814697            146.731547042727,-19.3199962098151,18.3999996185303            146.731519550085,-19.3200102075934,18.2000007629395            146.731492225081,-19.3200235348195,18            146.731465989724,-19.3200367782265,17.7999992370605            146.731442017481,-19.3200521171093,17.6000003814697            146.731423661113,-19.3200678750873,17.6000003814697            146.731411591172,-19.3200833816081,17.3999996185303            146.731398431584,-19.3200965411961,17.2000007629395            146.731382003054,-19.3201109580696,17.2000007629395            146.731363143772,-19.3201271351427,17            146.731342859566,-19.320141300559,17            146.731319893152,-19.3201551306993,17            146.731298519298,-19.3201682902873,17            146.731276391074,-19.3201799411327,17            146.731245042756,-19.3202127143741,16.7999992370605            146.731220399961,-19.320223191753,16.7999992370605            146.731193577871,-19.3202300649136,16.7999992370605            146.731167761609,-19.3202316574752,17            146.731145465747,-19.3202287238091,17.2000007629395            146.731123672798,-19.320228472352,17.3999996185303            146.731104142964,-19.3202381953597,17.3999996185303            146.731078829616,-19.3202609941363,17.3999996185303            146.731053097174,-19.3202803563327,17.6000003814697            146.731026777998,-19.320299886167,17.6000003814697            146.730999788269,-19.3203177396208,17.6000003814697            146.730975145474,-19.3203348387033,17.6000003814697            146.73095041886,-19.3203515186906,17.7999992370605            146.730926949531,-19.3203689530492,17.7999992370605            146.730904653668,-19.3203845433891,17.7999992370605            146.730882441625,-19.3203997984529,17.7999992370605            146.730859642848,-19.3204143829644,17.7999992370605            146.730836927891,-19.3204274587333,17.7999992370605            146.730813710019,-19.3204414565116,17.7999992370605            146.730788815767,-19.320458304137,17.7999992370605            146.730762915686,-19.3204728048295,17.7999992370605            146.730735758319,-19.3204840365797,17.7999992370605            146.730710864067,-19.3204875569791,17.7999992370605            146.730686891824,-19.3204924184829,17.7999992370605            146.730661662295,-19.3204935919493,18            146.730636768043,-19.3204970285296,18            146.73061195761,-19.3205013871193,18            146.730586895719,-19.3205096013844,18            146.730560325086,-19.3205144628882,17.7999992370605            146.730533419177,-19.3205140437931,17.7999992370605            146.730504836887,-19.3205127865076,17.7999992370605            146.730473656207,-19.3205120321363,17.7999992370605            146.730444319546,-19.320513708517,17.7999992370605            146.730417748913,-19.3205139599741,17.7999992370605            146.730391262099,-19.3205158039927,17.7999992370605            146.730359410867,-19.3205256108195,17.6000003814697            146.730330241844,-19.3205292988569,17.6000003814697            146.730304425582,-19.3205340765417,17.6000003814697            146.730273999274,-19.3205422069877,17.6000003814697            146.730241477489,-19.3205437995493,17.6000003814697            146.730210632086,-19.3205440510064,17.6000003814697            146.730182887986,-19.3205451406538,17.6000003814697            146.730154557154,-19.3205444701016,17.6000003814697            146.730125052854,-19.3205406144261,17.6000003814697            146.730100829154,-19.3205311428756,17.7999992370605            146.730075096712,-19.3205215875059,17.7999992370605            146.730050705373,-19.3205091822892,18            146.730026314035,-19.3204940948635,18.2000007629395            146.729998989031,-19.320479594171,18.3999996185303            146.729975854978,-19.3204648420215,18.6000003814697            146.729950709268,-19.3204507604241,18.7999992370605            146.72992547974,-19.320434415713,19            146.729899747297,-19.3204157240689,19.2000007629395            146.72988046892,-19.3203956913203,19.3999996185303            146.729867141694,-19.3203741498291,19.2000007629395            146.729865884408,-19.3203520216048,19.2000007629395            146.729871416464,-19.320334000513,19.3999996185303            146.729884911329,-19.3203194160014,19.3999996185303            146.72989865765,-19.3203060049564,19.3999996185303            146.729913074523,-19.3202899955213,19.3999996185303            146.729920199141,-19.3202720582485,19.3999996185303            146.729919696227,-19.3202490918338,19.3999996185303            146.729915169999,-19.3202244490385,19.3999996185303            146.729908548295,-19.3201982975006,19.6000003814697            146.72990645282,-19.3201737385243,19.6000003814697            146.729903686792,-19.3201526999474,19.6000003814697            146.729914164171,-19.3201338406652,19.7999992370605            146.729930844158,-19.3201175797731,20            146.729950793087,-19.3201045040041,20            146.729970239103,-19.3200926855206,20.2000007629395            146.72999127768,-19.3200773466378,20.2000007629395            146.730007119477,-19.3200637679547,20.3999996185303            146.730017680675,-19.32004339993,20.3999996185303            146.730017513037,-19.3200188409537,20.6000003814697            146.730013070628,-19.319990426302,20.6000003814697            146.730015920475,-19.3199659511447,20.6000003814697            146.730024386197,-19.319942900911,20.6000003814697            146.730029918253,-19.3199180904776,20.6000003814697            146.730034109205,-19.3198909331113,20.6000003814697            146.730036959052,-19.3198631890118,20.3999996185303            146.730037461966,-19.3198343552649,20.3999996185303            146.73003796488,-19.3198031745851,20.2000007629395            146.730039557442,-19.3197715748101,20.2000007629395            146.730037461966,-19.3197399750352,20            146.730034612119,-19.3197074532509,20            146.73003192991,-19.319676021114,19.7999992370605            146.730026984587,-19.3196446727961,19.7999992370605            146.730022625998,-19.3196135759354,20            146.730015920475,-19.3195838201791,20            146.730009634048,-19.3195575848222,20            146.730007538572,-19.3195369653404,20            146.730004101992,-19.3195212073624,20.2000007629395            146.729996893555,-19.3195075448602,20.2000007629395            146.729992618784,-19.3194923736155,20.2000007629395            146.729989266023,-19.3194772023708,20.2000007629395            146.729986499995,-19.3194614443928,20.2000007629395            146.72998524271,-19.3194471113384,20.2000007629395            146.729984572157,-19.319432945922,20.2000007629395            146.729984236881,-19.3194190319628,20.3999996185303            146.729983063415,-19.3194049503654,20.3999996185303            146.729982392862,-19.3193897791207,20.3999996185303            146.729982057586,-19.3193741049618,20.3999996185303            146.729979794472,-19.3193581793457,20.6000003814697            146.729976609349,-19.3193416669965,20.6000003814697            146.729975435883,-19.3193260766566,20.6000003814697            146.729973675683,-19.3193110730499,20.6000003814697            146.729971999303,-19.3192965723574,20.6000003814697            146.729966802523,-19.3192827422172,20.7999992370605            146.729961438105,-19.3192678224295,20.7999992370605            146.72995666042,-19.3192519806325,20.7999992370605            146.729951547459,-19.319234713912,20.7999992370605            146.729950206354,-19.319218788296,20.7999992370605            146.729948110878,-19.3192026112229,20.6000003814697            146.72994534485,-19.3191884458065,20.6000003814697            146.729943081737,-19.3191741965711,20.3999996185303            146.729942914099,-19.3191600311548,20.3999996185303            146.729942914099,-19.3191463686526,20.3999996185303            146.729942075908,-19.3191350530833,20.3999996185303            146.72994366847,-19.3191234022379,20.2000007629395            146.729947775602,-19.319110494107,20.2000007629395            146.72995146364,-19.3190987594426,20.2000007629395            146.729955570772,-19.3190889526159,20.2000007629395            146.729959426448,-19.3190800677985,20.2000007629395            146.72996353358,-19.319070931524,20.2000007629395            146.729969065636,-19.3190609570593,20.2000007629395            146.729973256588,-19.3190514855087,20.2000007629395            146.729977866635,-19.3190425168723,20.2000007629395            146.729980213568,-19.3190320394933,20.2000007629395            146.729982057586,-19.3190187960863,20.2000007629395            146.729984404519,-19.31900463067,20            146.729979794472,-19.3189804907888,19.7999992370605            146.729978537187,-19.3189638946205,19.6000003814697            146.729973424226,-19.3189507350326,19.6000003814697            146.72996705398,-19.3189391680062,19.3999996185303            146.729961354285,-19.3189285229892,19.2000007629395            146.72995230183,-19.3189141061157,19            146.729941405356,-19.3189013656229,18.6000003814697            146.729929922149,-19.3188908044249,18.3999996185303            146.729917349294,-19.3188825901598,18.2000007629395            146.729904357344,-19.3188748788089,18            146.729890694842,-19.3188685085624,17.7999992370605            146.729876445606,-19.318862138316,17.3999996185303            146.729863621295,-19.3188560195267,17.2000007629395            146.729855071753,-19.3188526667655,17            146.72984409146,-19.31884361431,16.7999992370605            146.729833278805,-19.3188332207501,16.6000003814697            146.729823807254,-19.3188234977424,16.3999996185303            146.729815928265,-19.3188115116209,16.2000007629395            146.729809138924,-19.3187997769564,16.2000007629395            146.729802265763,-19.3187866173685,16            146.729794219136,-19.3187724519521,15.8000001907349            146.729786507785,-19.3187576998025,15.8000001907349            146.729778544977,-19.3187424447387,15.6000003814697            146.729769157246,-19.318724507466,15.6000003814697            146.7297610268,-19.3187079951167,15.3999996185303            146.729753063992,-19.3186930753291,15.3999996185303            146.729746107012,-19.3186783231795,15.1999998092651            146.72974023968,-19.3186632357538,15.1999998092651            146.729735713452,-19.3186489865184,15.1999998092651            146.729731103405,-19.3186343181878,15            146.729724733159,-19.3186194822192,15            146.729718362913,-19.3186041433364,15            146.729713333771,-19.3185886368155,15            146.72970822081,-19.3185732141137,15            146.729703778401,-19.3185567017645,15            146.729701515287,-19.318539602682,15            146.72969866544,-19.3185240123421,15.1999998092651            146.729694055393,-19.3185092601925,15.1999998092651            146.729689361528,-19.3184959329665,15.1999998092651            146.729686679319,-19.3184805940837,15.1999998092651            146.7296865955,-19.3184650875628,15.3999996185303            146.72968651168,-19.3184499163181,15.3999996185303            146.729686092585,-19.3184348288924,15.3999996185303            146.729683494195,-19.3184184841812,15.6000003814697            146.72968047671,-19.3184023909271,15.6000003814697            146.729675866663,-19.3183847051114,15.6000003814697            146.729671927169,-19.3183690309525,15.6000003814697            146.729669747874,-19.3183539435267,15.8000001907349            146.729667568579,-19.3183393590152,15.8000001907349            146.729665221646,-19.3183239363134,15.8000001907349            146.729662036523,-19.3183084297925,16            146.729659270495,-19.3182925041765,16            146.729657342657,-19.3182754889131,16            146.729657258838,-19.318259395659,16            146.729659857228,-19.3182430509478,16.2000007629395            146.72966488637,-19.3182266224176,16.2000007629395            146.729671591893,-19.3182101938874,16.2000007629395            146.729678381234,-19.3181925918907,16.3999996185303            146.729683661833,-19.3181756604463,16.3999996185303            146.72968743369,-19.3181580584496,16.3999996185303            146.729690618813,-19.3181418813765,16.6000003814697            146.729693217203,-19.3181254528463,16.6000003814697            146.729694725946,-19.3181096110493,16.6000003814697            146.729692965746,-19.3180953618139,16.6000003814697            146.729691289365,-19.318079855293,16.7999992370605            146.729689445347,-19.3180634267628,16.7999992370605            146.72968827188,-19.3180493451655,16.7999992370605            146.729688439518,-19.3180358503014,16.7999992370605            146.729690115899,-19.3180219363421,17            146.729692043737,-19.3180080223829,17            146.729695731774,-19.3179939407855,17            146.72970042564,-19.3179785180837,17            146.729705706239,-19.3179632630199,16.7999992370605            146.729711489752,-19.317947588861,16.7999992370605            146.72971509397,-19.3179312441498,16.7999992370605            146.729718362913,-19.3179164920002,16.6000003814697            146.72972900793,-19.3179039191455,16.6000003814697            146.729741496965,-19.3178904242814,16.6000003814697            146.729755578563,-19.3178793601692,16.6000003814697            146.729774186388,-19.317873660475,16.6000003814697            146.729790866375,-19.3178679607809,16.6000003814697            146.729809138924,-19.3178636021912,16.3999996185303            146.729829926044,-19.3178581539541,16.3999996185303            146.729854904115,-19.3178537953645,16.3999996185303            146.72988474369,-19.3178516160697,16.3999996185303            146.729915756732,-19.3178509455174,16.3999996185303            146.729948781431,-19.3178515322506,16.3999996185303            146.729989685118,-19.3178579863161,16.3999996185303            146.730026397854,-19.3178614228964,16.3999996185303            146.730060428381,-19.3178633507341,16.3999996185303            146.730093872175,-19.3178672064096,16.6000003814697            146.73012631014,-19.317870894447,16.6000003814697            146.730161514133,-19.3178713135421,16.6000003814697            146.730198562145,-19.3178733251989,16.6000003814697            146.73023276031,-19.3178734090179,16.6000003814697            146.730267796665,-19.3178724031895,16.6000003814697            146.730301743373,-19.3178707268089,16.6000003814697            146.730331247672,-19.3178661167622,16.6000003814697            146.7303599976,-19.3178613390774,16.3999996185303            146.730390088633,-19.317857734859,16.3999996185303            146.730423364788,-19.3178555555642,16.3999996185303            146.730458904058,-19.3178543820977,16.3999996185303            146.730491928756,-19.3178527057171,16.3999996185303            146.73052537255,-19.3178511969745,16.3999996185303            146.73055563122,-19.3178494367748,16.2000007629395            146.730584967881,-19.3178494367748,16.2000007629395            146.730612963438,-19.3178503587842,16            146.730641294271,-19.3178526218981,16            146.730669625103,-19.3178579863161,15.8000001907349            146.730698542669,-19.3178620096296,15.8000001907349            146.730727544054,-19.3178677931428,15.6000003814697            146.730756964535,-19.3178740795702,15.6000003814697            146.730784373358,-19.3178834673017,15.3999996185303            146.730807926506,-19.3178988061845,15.3999996185303            146.730828126892,-19.317918587476,15.1999998092651            146.730845896527,-19.3179414700717,15.1999998092651            146.73086039722,-19.3179625924677,15.1999998092651            146.730877412483,-19.3179806135595,15            146.730893421918,-19.3180016521364,15            146.73090800643,-19.3180218525231,15            146.730920327827,-19.3180469144136,15.1999998092651            146.730933738872,-19.3180723953992,15.1999998092651            146.730948407203,-19.3180981278419,15.3999996185303            146.730964584276,-19.3181222677231,15.3999996185303            146.730975816026,-19.3181495927274,15.6000003814697            146.730992160738,-19.3181735649705,15.6000003814697            146.73100749962,-19.3181988783181,15.6000003814697            146.731025017798,-19.3182232696563,15.6000003814697            146.731045804918,-19.3182441405952,15.3999996185303            146.731068519875,-19.3182653468102,15.3999996185303            146.731091570109,-19.3182862177491,15.3999996185303            146.731115877628,-19.3183075077832,15.3999996185303            146.731139682233,-19.3183298036456,15.1999998092651            146.731163738295,-19.3183526024222,15            146.73118586652,-19.318375736475,15            146.731206569821,-19.3183978646994,15.1999998092651            146.731227189302,-19.318423345685,15.1999998092651            146.731238085777,-19.3184513412416,15.1999998092651            146.731240935624,-19.3184795044363,15.1999998092651            146.731234816834,-19.3185066618025,15.1999998092651            146.731223333627,-19.3185330647975,15            146.73120573163,-19.3185593839735,15            146.731188045815,-19.318584613502,15            146.731170695275,-19.3186100944877,15            146.731153596193,-19.3186361622065,15.1999998092651            146.731138424948,-19.3186619784683,15.1999998092651            146.73112090677,-19.3186858668923,15.3999996185303            146.73110623844,-19.318711347878,15.3999996185303            146.731089893728,-19.3187360744923,15.6000003814697            146.731073884293,-19.3187602981925,15.8000001907349            146.731057036668,-19.3187835160643,15.8000001907349            146.73104127869,-19.3188044708222,16            146.73102401197,-19.3188308738172,16            146.731008002535,-19.3188583664596,16.3999996185303            146.730987215415,-19.3188861105591,16.6000003814697            146.73096684739,-19.3189162854105,17            146.730947317556,-19.3189415149391,17.3999996185303            146.730927787721,-19.3189653195441,17.6000003814697            146.730908090249,-19.3189900461584,18            146.730890069157,-19.3190139345825,18.3999996185303            146.730872299522,-19.3190411757678,18.7999992370605            146.730854362249,-19.3190694227815,19.2000007629395            146.730839023367,-19.319094736129,19.6000003814697            146.730824103579,-19.3191186245531,20            146.730807842687,-19.3191428482533,20.2000007629395            146.730791749433,-19.3191661499441,20.6000003814697            146.730774985626,-19.3191835004836,20.7999992370605            146.730761909857,-19.3192014377564,21            146.730749085546,-19.3192211352289,21.2000007629395            146.730733830482,-19.3192418385297,21.3999996185303            146.730718072504,-19.3192626256496,21.6000003814697            146.730706170201,-19.319279640913,21.7999992370605            146.730697955936,-19.3192815687507,21.7999992370605            146.730702314526,-19.3192861787975,21.7999992370605            146.730720670894,-19.3192808143795,21.6000003814697            146.730744643137,-19.3192693311721,21.2000007629395            146.73077205196,-19.3192551657557,20.7999992370605            146.730801137164,-19.3192409165204,20.3999996185303            146.730828629807,-19.3192270863801,20.2000007629395            146.730853356421,-19.3192130886018,19.7999992370605            146.730878418311,-19.3191990908235,19.6000003814697            146.730905491859,-19.3191832490265,19.2000007629395            146.730933235958,-19.3191699218005,18.7999992370605            146.730960225686,-19.3191590253264,18.3999996185303            146.730984784663,-19.3191505596042,18.2000007629395            146.731003811583,-19.3191412556916,18            146.731015127152,-19.3191337957978,17.7999992370605            146.731024682522,-19.3191280122846,17.6000003814697            146.731034992263,-19.3191203847528,17.6000003814697            146.731044882908,-19.3191140145063,17.3999996185303            146.731055444106,-19.3191093206406,17.2000007629395            146.731064496562,-19.3191039562225,17.2000007629395            146.731073213741,-19.3191056326032,17            146.73107941635,-19.3191055487841,17            146.731083188206,-19.3191040400416,17            146.731084277853,-19.3191037885845,17            146.731086038053,-19.3191039562225,17            146.731087043881,-19.3191043753177,17            146.731087546796,-19.3191062193364,17            146.731087211519,-19.319107728079,17            146.731092073023,-19.3191021122038,16.7999992370605            146.731095425785,-19.319100016728,16.7999992370605            146.731098359451,-19.3191006034613,16.7999992370605            146.73109668307,-19.319100016728,16.7999992370605            146.731094839051,-19.3191037885845,16.7999992370605            146.731092492118,-19.3191041238606,16.7999992370605            146.731092995033,-19.3191069737077,16.7999992370605            146.731096766889,-19.3191172834486,16.7999992370605            146.731097772717,-19.3191190436482,16.7999992370605            146.73109752126,-19.3191203009337,16.7999992370605            146.731095174327,-19.3191222287714,16.7999992370605            146.731089474633,-19.3191217258573,17            146.731081847101,-19.3191220611334,17            146.731080086902,-19.3191199656576,17            146.731076147407,-19.3191214744002,17            146.731069777161,-19.319128934294,17.2000007629395            146.731063993648,-19.319134298712,17.2000007629395            146.731057958677,-19.3191391602159,17.3999996185303            146.731052175164,-19.3191411718726,17.3999996185303            146.731051336974,-19.3191406689584,17.3999996185303            146.731056282297,-19.3191399145871,17.3999996185303            146.731065586209,-19.3191391602159,17.2000007629395            146.731074303389,-19.3191392440349,17.2000007629395            146.731085618958,-19.3191351369023,17            146.731094671413,-19.3191306106746,17            146.731104981154,-19.3191298563033,16.7999992370605            146.731104813516,-19.3191280122846,16.7999992370605            146.731103304774,-19.3191254977137,16.7999992370605            146.73110447824,-19.3191246595234,16.7999992370605            146.731104897335,-19.3191254977137,16.7999992370605            146.731105651706,-19.3191253300756,16.7999992370605            146.731107663363,-19.3191254138947,16.7999992370605            146.731106322259,-19.3191277608275,16.7999992370605            146.73110364005,-19.3191302753985,16.7999992370605            146.731100790203,-19.3191324546933,16.7999992370605          </coordinates></LineString></Placemark><Placemark><name>Finish</name><styleUrl>#icon-1899-FF5252-nodesc</styleUrl><Point><coordinates>            146.731100790203,-19.3191324546933,16.7999992370605          </coordinates></Point></Placemark><Placemark><name>Start</name><styleUrl>#icon-1899-0F9D58-nodesc</styleUrl><Point><coordinates>            146.731286449358,-19.3184398580343,15.3999996185303          </coordinates></Point></Placemark></Folder></Document></kml>