<?xml version="1.0" encoding="UTF-8"?><kml xmlns="http://www.opengis.net/kml/2.2"><Document><name>Tramore Valley parkrun</name><description/><Style id="icon-1899-0F9D58-nodesc-normal"><IconStyle><color>ff589d0f</color><scale>1</scale><Icon><href>https://www.gstatic.com/mapspro/images/stock/503-wht-blank_maps.png</href></Icon><hotSpot x="32" xunits="pixels" y="64" yunits="insetPixels"/></IconStyle><LabelStyle><scale>0</scale></LabelStyle><BalloonStyle><text><![CDATA[<h3>$[name]</h3>]]></text></BalloonStyle></Style><Style id="icon-1899-0F9D58-nodesc-highlight"><IconStyle><color>ff589d0f</color><scale>1</scale><Icon><href>https://www.gstatic.com/mapspro/images/stock/503-wht-blank_maps.png</href></Icon><hotSpot x="32" xunits="pixels" y="64" yunits="insetPixels"/></IconStyle><LabelStyle><scale>1</scale></LabelStyle><BalloonStyle><text><![CDATA[<h3>$[name]</h3>]]></text></BalloonStyle></Style><StyleMap id="icon-1899-0F9D58-nodesc"><Pair><key>normal</key><styleUrl>#icon-1899-0F9D58-nodesc-normal</styleUrl></Pair><Pair><key>highlight</key><styleUrl>#icon-1899-0F9D58-nodesc-highlight</styleUrl></Pair></StyleMap><Style id="icon-1899-FF5252-nodesc-normal"><IconStyle><color>ff5252ff</color><scale>1</scale><Icon><href>https://www.gstatic.com/mapspro/images/stock/503-wht-blank_maps.png</href></Icon><hotSpot x="32" xunits="pixels" y="64" yunits="insetPixels"/></IconStyle><LabelStyle><scale>0</scale></LabelStyle><BalloonStyle><text><![CDATA[<h3>$[name]</h3>]]></text></BalloonStyle></Style><Style id="icon-1899-FF5252-nodesc-highlight"><IconStyle><color>ff5252ff</color><scale>1</scale><Icon><href>https://www.gstatic.com/mapspro/images/stock/503-wht-blank_maps.png</href></Icon><hotSpot x="32" xunits="pixels" y="64" yunits="insetPixels"/></IconStyle><LabelStyle><scale>1</scale></LabelStyle><BalloonStyle><text><![CDATA[<h3>$[name]</h3>]]></text></BalloonStyle></Style><StyleMap id="icon-1899-FF5252-nodesc"><Pair><key>normal</key><styleUrl>#icon-1899-FF5252-nodesc-normal</styleUrl></Pair><Pair><key>highlight</key><styleUrl>#icon-1899-FF5252-nodesc-highlight</styleUrl></Pair></StyleMap><Style id="line-0288D1-5000-nodesc-normal"><LineStyle><color>ffd18802</color><width>5</width></LineStyle><BalloonStyle><text><![CDATA[<h3>$[name]</h3>]]></text></BalloonStyle></Style><Style id="line-0288D1-5000-nodesc-highlight"><LineStyle><color>ffd18802</color><width>7.5</width></LineStyle><BalloonStyle><text><![CDATA[<h3>$[name]</h3>]]></text></BalloonStyle></Style><StyleMap id="line-0288D1-5000-nodesc"><Pair><key>normal</key><styleUrl>#line-0288D1-5000-nodesc-normal</styleUrl></Pair><Pair><key>highlight</key><styleUrl>#line-0288D1-5000-nodesc-highlight</styleUrl></Pair></StyleMap><Folder><name>activity_8913921219.gpx</name><Placemark><name>Course</name><styleUrl>#line-0288D1-5000-nodesc</styleUrl><LineString><tessellate>1</tessellate><coordinates>            -8.46078710630536,51.8802051711828,13            -8.4607866872102,51.8802097812295,13            -8.46078308299184,51.8802379444242,13            -8.46077880822122,51.8802687898278,13            -8.46077369526029,51.8802984617651,13            -8.46076724119484,51.880327379331,13            -8.46076355315745,51.880356380716,13.1999998092651            -8.46075978130102,51.8803883995861,13.1999998092651            -8.46075626090169,51.8804185744375,13.1999998092651            -8.46075399778783,51.8804478272796,13.1999998092651            -8.46074771136045,51.8804787565023,13.3999996185303            -8.46074276603758,51.8805013876408,13.3999996185303            -8.46073941327631,51.8805246055126,13.1999998092651            -8.46073748543859,51.8805488292128,13.3999996185303            -8.46073446795344,51.8805749807507,13.1999998092651            -8.46072759479284,51.8806009646505,13.1999998092651            -8.46072231419384,51.8806277867407,13.1999998092651            -8.46071275882423,51.8806539382786,13.1999998092651            -8.46069733612239,51.8806805089116,13.1999998092651            -8.46068250015378,51.8807085044682,13.1999998092651            -8.46067328006029,51.8807351589203,13.3999996185303            -8.46066967584193,51.8807623162866,13.3999996185303            -8.46066908910871,51.8807897251099,13.3999996185303            -8.46068216487765,51.8808145355433,13.3999996185303            -8.46068518236279,51.8808377534151,13.3999996185303            -8.4606799017638,51.880863821134,13.3999996185303            -8.46066833473742,51.8808906432241,13.3999996185303            -8.46065509133041,51.8809181358665,13.1999998092651            -8.46064561977983,51.880943281576,13.1999998092651            -8.46064209938049,51.8809747137129,13.1999998092651            -8.46063748933375,51.8810037989169,13            -8.46063162200153,51.8810312077403,13            -8.46062575466931,51.8810573592782,12.8000001907349            -8.46062030643225,51.8810834269971,12.6000003814697            -8.46061343327165,51.881107063964,12.6000003814697            -8.46061184071004,51.8811332993209,12.6000003814697            -8.46061175689101,51.8811602052301,12.6000003814697            -8.46060924232006,51.8811887875199,12.3999996185303            -8.46060630865395,51.8812164478004,12.3999996185303            -8.46060102805495,51.8812407553196,12.1999998092651            -8.46059373579919,51.8812639731914,12.1999998092651            -8.46058862283826,51.8812876939774,12            -8.46058510243893,51.8813143484294,12            -8.46058216877282,51.8813391588628,12            -8.46057705581188,51.8813623767346,11.8000001907349            -8.46057043410838,51.8813869357109,11.8000001907349            -8.46056247130036,51.881410907954,11.6000003814697            -8.46055752597749,51.8814341258258,11.1999998092651            -8.46055450849235,51.8814606126398,11.1999998092651            -8.46055316738784,51.8814866803586,11            -8.46054771915078,51.8815128318965,11            -8.46054277382791,51.881537726149,10.8000001907349            -8.46053908579051,51.8815620336682,10.8000001907349            -8.46053422428668,51.8815866764635,10.8000001907349            -8.46052919514477,51.8816133309156,10.8000001907349            -8.4605210646987,51.8816402368248,10.8000001907349            -8.46051142551005,51.8816667236388,10.6000003814697            -8.46050631254911,51.8816939648241,10.6000003814697            -8.46050187014043,51.8817196972668,10.3999996185303            -8.46049977466464,51.881743920967,10.1999998092651            -8.46049575135112,51.8817670550197,10            -8.46049591898918,51.8817922007293,9.80000019073486            -8.46049726009369,51.8818164244294,9.80000019073486            -8.46049692481756,51.8818446714431,9.60000038146973            -8.46049575135112,51.8818738404661,9.60000038146973            -8.46049080602825,51.8819044344127,9.39999961853027            -8.46048795618117,51.8819328490645,9.19999980926514            -8.46049348823726,51.8819610960782,9            -8.46049499697983,51.881989678368,8.80000019073486            -8.4604933205992,51.8820141535252,8.60000038146973            -8.46049323678017,51.882037371397,8.39999961853027            -8.46049826592207,51.8820607569069,8.39999961853027            -8.46051570028067,51.8820883333683,8.19999980926514            -8.46053807996213,51.8821080308408,8            -8.46056515350938,51.882127309218,8            -8.46058384515345,51.8821497727185,8            -8.46060622483492,51.8821708951145,8            -8.46063019707799,51.8821904249489,7.80000019073486            -8.46065592952073,51.8822048418224,7.59999990463257            -8.46068082377315,51.8822211865336,7.59999990463257            -8.46071133390069,51.8822351004928,7.40000009536743            -8.46073815599084,51.8822500202805,7.19999980926514            -8.46077310852706,51.8822668679059,7.19999980926514            -8.46080537885427,51.8822832964361,7.19999980926514            -8.4608350507915,51.8822987191379,7            -8.46086028032005,51.8823158182204,6.80000019073486            -8.46087796613574,51.8823338393122,6.80000019073486            -8.46087486483157,51.882354374975,6.80000019073486            -8.46085156314075,51.8823708035052,6.80000019073486            -8.46081744879484,51.8823793530464,6.80000019073486            -8.46077721565962,51.8823760002851,6.80000019073486            -8.46073773689568,51.8823666963726,6.59999990463257            -8.46070672385395,51.882354542613,6.80000019073486            -8.46067059785128,51.8823380302638,6.80000019073486            -8.46063707023859,51.8823229428381,6.59999990463257            -8.46059910021722,51.8823039159179,6.59999990463257            -8.46057211048901,51.8822895828635,6.59999990463257            -8.46054193563759,51.8822718970478,6.59999990463257            -8.4605105035007,51.8822548817843,6.80000019073486            -8.46047881990671,51.8822395429015,6.80000019073486            -8.46045015379786,51.8822273891419,6.59999990463257            -8.4604206494987,51.8822130560875,6.59999990463257            -8.46039039082825,51.8821977172047,6.59999990463257            -8.46035954542458,51.8821837194264,6.59999990463257            -8.46032677218318,51.8821664527059,6.59999990463257            -8.46029165200889,51.8821490183473,6.59999990463257            -8.46025586128235,51.8821335118264,6.59999990463257            -8.46021940000355,51.8821190111339,6.59999990463257            -8.46018277108669,51.8821076117456,6.59999990463257            -8.46014739945531,51.8820958770812,6.59999990463257            -8.46011118963361,51.8820895068347,6.59999990463257            -8.46007296815515,51.8820852320641,6.40000009536743            -8.46003164537251,51.8820825498551,6.40000009536743            -8.46000012941658,51.8820780236274,6.40000009536743            -8.45996098592877,51.8820685520768,6.40000009536743            -8.45992578193545,51.8820570688695,6.40000009536743            -8.45988487824798,51.8820487707853,6.19999980926514            -8.45984992571175,51.8820401374251,6.19999980926514            -8.45981514081359,51.882029492408,6.19999980926514            -8.45977758988738,51.8820168357342,6.19999980926514            -8.45973920077086,51.882003005594,6.19999980926514            -8.45970315858722,51.8819895107299,6.19999980926514            -8.45966971479356,51.8819736689329,6.19999980926514            -8.45963769592345,51.8819560669363,6.19999980926514            -8.45960676670074,51.8819381296635,6.19999980926514            -8.45957600511611,51.881920946762,6.19999980926514            -8.45954641699791,51.8819041829556,6            -8.45951607450843,51.8818834796548,6.19999980926514            -8.45948883332312,51.8818636145443,6.19999980926514            -8.45946192741394,51.8818467669189,6.40000009536743            -8.45943929627538,51.8818305060267,6.40000009536743            -8.45941482111812,51.8818102218211,6.59999990463257            -8.4593899268657,51.881788847968,6.59999990463257            -8.4593605902046,51.8817600980401,6.59999990463257            -8.45934516750276,51.8817418254912,6.59999990463257            -8.45932731404901,51.8817216251045,6.59999990463257            -8.45930225215852,51.8816948030144,6.40000009536743            -8.4592897631228,51.8816768657416,6.40000009536743            -8.45927149057388,51.8816554918885,6.40000009536743            -8.45925204455853,51.8816352915019,6.40000009536743            -8.45923234708607,51.8816140852869,6.19999980926514            -8.45920845866203,51.8815877661109,6.19999980926514            -8.45918582752347,51.8815655540675,6.19999980926514            -8.45916638150811,51.8815480358899,6            -8.45914375036955,51.8815240636468,5.80000019073486            -8.45912346616387,51.8815004266798,5.80000019073486            -8.45910242758691,51.8814787175506,5.80000019073486            -8.45907786861062,51.8814524821937,5.80000019073486            -8.4590635355562,51.8814307730645,5.80000019073486            -8.45905129797757,51.8814123328775,5.80000019073486            -8.45903101377189,51.8813848402351,6            -8.45901810564101,51.8813668191433,5.80000019073486            -8.45899891108275,51.8813450261951,5.80000019073486            -8.45897980034351,51.8813226465136,5.59999990463257            -8.45896203070879,51.881300015375,5.59999990463257            -8.45894183032215,51.8812763784081,5.40000009536743            -8.45892322249711,51.8812511488795,5.19999980926514            -8.45890067517757,51.8812222313136,5.19999980926514            -8.45888181589544,51.881199600175,5            -8.45886069349945,51.8811762984842,5            -8.45884200185537,51.8811583612114,4.80000019073486            -8.45882004126906,51.8811320420355,4.59999990463257            -8.45880570821464,51.8811134342104,4.59999990463257            -8.45878500491381,51.8810889590532,4.40000009536743            -8.45877192914486,51.8810654059052,4.40000009536743            -8.45876094885171,51.8810459598899,4.19999980926514            -8.45874460414052,51.8810211494565,4.19999980926514            -8.45872943289578,51.880998602137,4.19999980926514            -8.45870856195688,51.8809701036662,4.19999980926514            -8.45869003795087,51.8809445388615,4.19999980926514            -8.45866883173585,51.8809195607901,4.40000009536743            -8.45865148119628,51.8808997794986,4.40000009536743            -8.45863253809512,51.8808756396174,4.40000009536743            -8.45861518755555,51.8808494042605,4.19999980926514            -8.45860035158694,51.8808297906071,4.40000009536743            -8.45858610235155,51.8808078300208,4.19999980926514            -8.4585746191442,51.8807888869196,4.19999980926514            -8.45856221392751,51.8807666748762,4.19999980926514            -8.45854829996824,51.8807390984148,4            -8.45853564329445,51.880718562752,4            -8.45852298662066,51.8806950096041,4            -8.45851577818394,51.8806741386652,4            -8.45850152894855,51.8806496635079,4            -8.45848727971315,51.8806274514645,3.79999995231628            -8.45848149619997,51.8806066643447,3.79999995231628            -8.4584726113826,51.8805846199393,3.79999995231628            -8.45845241099596,51.8805577978492,4            -8.45843589864671,51.8805405311286,4            -8.45841879956424,51.8805167265236,4            -8.45840077847242,51.8804962746799,4            -8.45837890170515,51.8804707936943,4            -8.45836029388011,51.8804491683841,4            -8.45834646373987,51.8804319016635,4            -8.45832852646708,51.8804117012769,4            -8.45831142738461,51.8803906626999,4            -8.45829080790281,51.880364343524,4            -8.45826926641166,51.880343137309,4            -8.45825451426208,51.8803250323981,4            -8.45823573879898,51.8803031556308,4            -8.45821847207844,51.8802818655968,4            -8.45819927752018,51.8802605755627,3.79999995231628            -8.45817949622869,51.8802383635193,3.79999995231628            -8.45815904438496,51.8802153971046,3.79999995231628            -8.45813943073153,51.8801938556135,3.79999995231628            -8.45811914652586,51.8801709730178,3.79999995231628            -8.45809450373054,51.8801493477076,3.79999995231628            -8.45806969329715,51.880129314959,3.79999995231628            -8.45804748125374,51.8801097851247,3.79999995231628            -8.45802602358162,51.8800914287567,3.79999995231628            -8.45800389535725,51.8800675403327,3.79999995231628            -8.45798268914223,51.8800453282893,3.79999995231628            -8.45796382986009,51.8800232000649,3.79999995231628            -8.45795134082437,51.8800060171634,3.79999995231628            -8.45793407410383,51.8799835536629,4            -8.45791437663138,51.8799636885524,4            -8.45788881182671,51.8799411412328,4            -8.45786718651652,51.8799215275794,4            -8.45784237608314,51.8798962142319,4            -8.45782427117229,51.8798804562539,4            -8.45780373550951,51.8798637762666,4            -8.45777724869549,51.879838462919,3.79999995231628            -8.4577508457005,51.8798079527915,3.79999995231628            -8.4577286336571,51.8797889258713,3.79999995231628            -8.457704577595,51.8797680549324,3.79999995231628            -8.45768865197897,51.879751291126,3.79999995231628            -8.45767029561102,51.8797315098345,3.79999995231628            -8.45764607191086,51.8797049392015,3.79999995231628            -8.45762402750552,51.8796831462532,3.79999995231628            -8.45760391093791,51.8796600122005,3.79999995231628            -8.45758823677897,51.8796421587467,3.79999995231628            -8.4575713891536,51.8796235509217,3.79999995231628            -8.45755219459534,51.8795972317457,3.79999995231628            -8.4575370233506,51.8795758578926,3.79999995231628            -8.45751791261137,51.879552975297,3.79999995231628            -8.45750031061471,51.8795355409384,3.79999995231628            -8.45748346298933,51.8795157596469,3.79999995231628            -8.45746871083975,51.8794916197658,4.19999980926514            -8.45745949074626,51.8794740177691,4.40000009536743            -8.45744968391955,51.8794543202966,4.80000019073486            -8.45744205638766,51.8794281687587,5            -8.45743627287447,51.879410399124,5.19999980926514            -8.45741380937397,51.8793767876923,5.19999980926514            -8.45739176496863,51.879352312535,5.19999980926514            -8.4573694691062,51.879328340292,5.40000009536743            -8.45735002309084,51.8793102353811,5.40000009536743            -8.45733560621738,51.8792877718806,5.59999990463257            -8.45732362009585,51.8792689125985,5.59999990463257            -8.45729989930987,51.8792408332229,5.80000019073486            -8.45727911219001,51.8792187888175,5.40000009536743            -8.4572589956224,51.8791955709457,5.19999980926514            -8.45724198035896,51.879177633673,5.19999980926514            -8.45722010359168,51.8791581038386,5            -8.45719235949218,51.8791350536048,4.80000019073486            -8.45717031508684,51.8791147693992,4.80000019073486            -8.45715262927115,51.8790887854993,4.80000019073486            -8.45713879913092,51.8790710996836,4.80000019073486            -8.4571191854775,51.8790500611067,4.80000019073486            -8.45709579996765,51.8790255021304,4.59999990463257            -8.45707375556231,51.8790020328015,4.59999990463257            -8.45705439336598,51.8789788987488,4.59999990463257            -8.45704031176865,51.878960961476,4.40000009536743            -8.45702195540071,51.8789394199848,4.40000009536743            -8.45700217410922,51.8789221532643,4.19999980926514            -8.45698188990355,51.8789006117731,4.19999980926514            -8.45696479082108,51.8788823392242,4.19999980926514            -8.45695096068084,51.8788641504943,4.19999980926514            -8.45693771727383,51.8788493145257,4            -8.45691910944879,51.8788293655962,4            -8.45689999870956,51.8788071535528,4.19999980926514            -8.45688130706549,51.8787871208042,4.19999980926514            -8.45686236396432,51.8787668365985,4.19999980926514            -8.45684727653861,51.8787513300776,4.19999980926514            -8.45682992599905,51.87873121351,4.19999980926514            -8.45681098289788,51.8787081632763,4.19999980926514            -8.4567975718528,51.8786865379661,4.19999980926514            -8.45678147859871,51.8786664213985,4.19999980926514            -8.45676865428686,51.8786479812115,4.19999980926514            -8.45675440505147,51.8786230031401,4.19999980926514            -8.45674199983478,51.8785997852683,4.40000009536743            -8.45672724768519,51.878577740863,4.19999980926514            -8.45671584829688,51.8785586301237,4.19999980926514            -8.45670344308019,51.8785405252129,4.19999980926514            -8.45669028349221,51.8785158824176,4.19999980926514            -8.45667804591358,51.8784904852509,4.19999980926514            -8.45666077919304,51.8784652557224,4.19999980926514            -8.45664284192026,51.8784395232797,4            -8.45662691630423,51.8784098513424,4            -8.45661886967719,51.8783866334707,4            -8.45660705119371,51.8783541955054,4            -8.45659464597702,51.8783256132156,4            -8.45658500678837,51.8783022277057,4            -8.45657830126584,51.8782832007855,3.79999995231628            -8.45656782388687,51.8782609049231,3.79999995231628            -8.45655525103211,51.8782365135849,3.79999995231628            -8.45654343254864,51.8782127927989,3.79999995231628            -8.45653044059873,51.878186808899,3.79999995231628            -8.45651652663946,51.8781536165625,3.59999990463257            -8.45650789327919,51.8781319074333,3.59999990463257            -8.45649825409055,51.8781065102667,3.79999995231628            -8.45649062655866,51.8780791852623,3.79999995231628            -8.45648216083646,51.8780521117151,3.59999990463257            -8.45647411420941,51.8780296482146,3.40000009536743            -8.45646766014397,51.8780078552663,3.59999990463257            -8.45646321773529,51.8779826257378,3.59999990463257            -8.45645676366985,51.8779577314854,3.59999990463257            -8.45644561573863,51.8779272213578,3.59999990463257            -8.45643731765449,51.8779009860009,3.59999990463257            -8.45642952248454,51.8778755050153,3.79999995231628            -8.45642130821943,51.8778546340764,3.79999995231628            -8.4564146026969,51.8778303265572,4            -8.45640613697469,51.8778033368289,3.79999995231628            -8.45640286803246,51.8777788616717,3.79999995231628            -8.45640202984214,51.8777501117438,3.79999995231628            -8.45639968290925,51.8777213618159,4            -8.45639641396701,51.8776968866587,4            -8.45639180392027,51.8776652868837,3.79999995231628            -8.45638543367386,51.8776398897171,3.79999995231628            -8.45638099126518,51.8776163365692,3.79999995231628            -8.45637923106551,51.8775953818113,3.79999995231628            -8.45637638121843,51.8775698170066,4            -8.45636925660074,51.8775399774313,4            -8.45636338926852,51.8775161728263,4            -8.45635827630758,51.8774911109358,4            -8.45635961741209,51.8774669710547,4.19999980926514            -8.45636012032628,51.8774481117725,4.40000009536743            -8.45636028796434,51.8774253129959,4.40000009536743            -8.45636640675366,51.8773968983442,4.40000009536743            -8.45637210644782,51.877372590825,4.40000009536743            -8.45637512393296,51.8773521389812,4.40000009536743            -8.45637763850391,51.8773254845291,4.40000009536743            -8.4563781414181,51.8773028533906,4.40000009536743            -8.45637839287519,51.8772754445672,4.40000009536743            -8.45638023689389,51.8772498797625,4.80000019073486            -8.45638350583613,51.8772267457098,5            -8.45638568513095,51.8772080540657,5.19999980926514            -8.45638803206384,51.877185087651,5.40000009536743            -8.45639339648187,51.8771549966186,5.40000009536743            -8.45639607869089,51.8771293479949,5.40000009536743            -8.45639658160508,51.8771020229906,5.19999980926514            -8.4563955757767,51.8770797271281,5.19999980926514            -8.45639247447252,51.8770498875529,5            -8.45638828352094,51.8770150188357,4.59999990463257            -8.45638643950224,51.8769935611635,4.40000009536743            -8.45638962462544,51.8769644759595,4.40000009536743            -8.45639096572995,51.876944443211,4.19999980926514            -8.45639264211059,51.8769194651395,4            -8.45638945698738,51.8768946547061,3.79999995231628            -8.45638224855065,51.8768637254834,3.79999995231628            -8.45637721940875,51.8768433574587,3.79999995231628            -8.45637043006718,51.8768136855215,3.79999995231628            -8.45636514946819,51.8767979275435,3.59999990463257            -8.45634092576802,51.8767678365111,3.59999990463257            -8.45631913281977,51.8767306208611,3.59999990463257            -8.45631033182144,51.8767069838941,3.59999990463257            -8.45630295574665,51.8766884598881,3.79999995231628            -8.45629055052996,51.8766639847308,3.79999995231628            -8.45627470873296,51.87663808465,3.59999990463257            -8.45626439899206,51.8766073230654,3.40000009536743            -8.45625677146018,51.8765806686133,3.20000004768372            -8.45624947920442,51.8765545170754,3.20000004768372            -8.45624218694866,51.8765337299556,3.20000004768372            -8.4562346432358,51.8765078298748,3            -8.45622877590358,51.8764823488891,3.20000004768372            -8.45621762797236,51.8764515873045,3.20000004768372            -8.45620840787888,51.8764282017946,3.40000009536743            -8.45620254054666,51.8764079175889,3.40000009536743            -8.45619306899607,51.8763798382133,3.59999990463257            -8.45618644729257,51.8763613142073,3.59999990463257            -8.45617907121778,51.8763339053839,3.59999990463257            -8.45617379061878,51.8763098493218,3.40000009536743            -8.45616574399173,51.8762833625078,3.40000009536743            -8.45615685917437,51.8762593064457,3.40000009536743            -8.45615132711828,51.8762355856597,3.40000009536743            -8.45614780671895,51.8762116972357,3.40000009536743            -8.45614369958639,51.8761880602688,3.40000009536743            -8.45613582059741,51.8761637527496,3.40000009536743            -8.45612869597971,51.8761429656297,3.40000009536743            -8.45612391829491,51.8761154729873,3.40000009536743            -8.45611964352429,51.8760957755148,3.40000009536743            -8.45611193217337,51.8760682828724,3.40000009536743            -8.45610187388957,51.8760438077152,3.40000009536743            -8.45609785057604,51.8760236073285,3.40000009536743            -8.45609265379608,51.8760015629232,3.40000009536743            -8.45608276315033,51.8759749922901,3.40000009536743            -8.45607731491327,51.8759502656758,3.40000009536743            -8.45607387833297,51.8759261257946,3.59999990463257            -8.4560723695904,51.8759094458073,3.59999990463257            -8.45607178285718,51.8758866470307,3.59999990463257            -8.45606910064816,51.8758604116738,3.59999990463257            -8.45607111230493,51.8758321646601,3.79999995231628            -8.4560726210475,51.8758101202548,3.79999995231628            -8.45607572235167,51.8757885787636,4            -8.45607463270426,51.8757661990821,3.79999995231628            -8.4560773987323,51.8757388740778,3.79999995231628            -8.45608091913164,51.8757086154073,3.79999995231628            -8.45608787611127,51.8756842240691,3.79999995231628            -8.45609449781478,51.8756589107215,3.79999995231628            -8.45610019750893,51.8756368663162,3.79999995231628            -8.45611033961177,51.8756114691496,3.79999995231628            -8.45612458884716,51.8755839765072,3.79999995231628            -8.45613422803581,51.8755605909973,3.79999995231628            -8.45614235848188,51.8755356129259,3.79999995231628            -8.45615157857537,51.8755179271102,3.79999995231628            -8.45616389997303,51.8754952959716,3.79999995231628            -8.45617169514298,51.8754666298628,3.79999995231628            -8.45617923885584,51.8754410650581,3.79999995231628            -8.4561897162348,51.8754164222628,3.79999995231628            -8.45619935542345,51.8753978144377,3.79999995231628            -8.45620974898338,51.8753754347563,3.79999995231628            -8.45621737651527,51.8753504566848,3.79999995231628            -8.45622366294265,51.8753232993186,3.79999995231628            -8.45623137429357,51.8752905260772,3.79999995231628            -8.45623682253063,51.8752703256905,3.79999995231628            -8.45623925328255,51.8752445094287,3.79999995231628            -8.45624218694866,51.8752181064337,3.79999995231628            -8.45625299960375,51.8751942180097,3.79999995231628            -8.45626330934465,51.875171083957,4            -8.45627496019006,51.8751496262848,4            -8.45628309063613,51.8751272466034,4            -8.45628803595901,51.8751033581793,4            -8.45629817806184,51.8750801403075,4.19999980926514            -8.45631251111627,51.8750515580177,4.19999980926514            -8.45632650889456,51.8750267475843,4.40000009536743            -8.45633371733129,51.8750068824738,4.40000009536743            -8.45633941702545,51.8749815691262,4.40000009536743            -8.45634964294732,51.8749576807022,4.40000009536743            -8.45636146143079,51.8749343790114,4.40000009536743            -8.45637948252261,51.8749055452645,4.40000009536743            -8.45639490522444,51.8748846743256,4.80000019073486            -8.4564159438014,51.8748622108251,5            -8.45644100569189,51.8748397473246,5            -8.45647335983813,51.8748128414154,5            -8.45650278031826,51.8747964128852,5            -8.45653714612126,51.8747819960117,5            -8.45656505785882,51.8747712671757,5            -8.45660160295665,51.8747586105019,4.80000019073486            -8.45664854161441,51.8747493065894,4.80000019073486            -8.45669380389154,51.874743103981,4.59999990463257            -8.45673236064613,51.8747395835817,4.59999990463257            -8.45677552744746,51.874737823382,4.40000009536743            -8.45682104118168,51.8747395835817,4.40000009536743            -8.45687384717166,51.8747437745333,4.40000009536743            -8.45691575668752,51.8747492227703,4.19999980926514            -8.45695783384144,51.8747555091977,4.19999980926514            -8.45698951743543,51.8747630529106,4            -8.4570274874568,51.8747711833566,4            -8.45706755295396,51.8747819960117,4            -8.4571136534214,51.8747912999243,4            -8.45715531148016,51.8748022802174,4            -8.45718959346414,51.8748113326728,3.79999995231628            -8.45721976831555,51.8748194631189,3.79999995231628            -8.45725991763175,51.8748320359737,3.59999990463257            -8.45730978995562,51.874843519181,3.59999990463257            -8.45735052600503,51.8748510628939,3.20000004768372            -8.45739050768316,51.8748591933399,3.20000004768372            -8.45742344856262,51.874867156148,3            -8.45746460370719,51.8748755380511,3            -8.4575127158314,51.8748842552304,3            -8.45755412243307,51.8748892005533,2.79999995231628            -8.45759175717831,51.8748946487904,2.79999995231628            -8.4576229378581,51.8749000970274,3            -8.45766593702137,51.874909652397,3            -8.45770583488047,51.8749204650521,3            -8.45775444991887,51.8749309424311,2.79999995231628            -8.45779610797763,51.8749399110675,3            -8.45783692784608,51.8749471195042,3            -8.45787045545876,51.8749534897506,3            -8.457913370803,51.8749609496445,3.20000004768372            -8.45796399749815,51.8749684095383,3            -8.45800364390016,51.8749765399843,3            -8.4580447152257,51.874983580783,3            -8.45807614736259,51.8749891128391,3            -8.45811570994556,51.8749910406768,3            -8.4581602178514,51.8749954830855,2.79999995231628            -8.45820061862469,51.8750007636845,2.79999995231628            -8.45823917537928,51.8750078883022,3            -8.45826867967844,51.8750117439777,3            -8.45830488950014,51.8750166893005,2.79999995231628            -8.45834906212986,51.8750224728137,2.79999995231628            -8.45838719978929,51.8750255741179,3            -8.45842693001032,51.875028591603,3            -8.45846121199429,51.8750320281833,3            -8.45850085839629,51.8750345427543,3            -8.45854125916958,51.8750379793346,3            -8.45858752727509,51.8750421702862,3            -8.45862541347742,51.8750406615436,3.20000004768372            -8.45866313204169,51.8750420026481,3.20000004768372            -8.45869397744536,51.8750453554094,3.20000004768372            -8.45873412676156,51.8750494625419,3.20000004768372            -8.45878005959094,51.8750557489693,3.40000009536743            -8.45881878398359,51.8750590179116,3.59999990463257            -8.45886035822332,51.875062789768,3.59999990463257            -8.45889723859727,51.8750667292625,3.59999990463257            -8.45893110148609,51.875073350966,3.59999990463257            -8.45898533239961,51.8750788830221,3.59999990463257            -8.45902573317289,51.8750831577927,3.59999990463257            -8.45906588248909,51.8750860914588,3.59999990463257            -8.45910460688174,51.875089192763,3.59999990463257            -8.459134362638,51.8750878516585,3.59999990463257            -8.4591721650213,51.8750869296491,3.40000009536743            -8.45922438427806,51.8750888574868,3.59999990463257            -8.45926713198423,51.8750897794962,3.59999990463257            -8.4593069460243,51.8750908691436,3.79999995231628            -8.45934969373047,51.8750953115523,3.79999995231628            -8.45938422717154,51.8750977423042,3.40000009536743            -8.45943577587605,51.8750956468284,3.59999990463257            -8.45947986468673,51.8750957306474,3.59999990463257            -8.45952412113547,51.8750977423042,3.59999990463257            -8.45955823548138,51.8750982452184,3.59999990463257            -8.45960148610175,51.8751010112464,3.40000009536743            -8.45964456908405,51.8751052860171,3.40000009536743            -8.45969435758889,51.8751102313399,3.59999990463257            -8.45973643474281,51.8751095607877,3.59999990463257            -8.45976711250842,51.8751073814929,3.59999990463257            -8.45981354825199,51.8751038610935,3.40000009536743            -8.4598542843014,51.8751026876271,3.40000009536743            -8.45989502035081,51.8751014303416,3.40000009536743            -8.45993391238153,51.8750982452184,3.40000009536743            -8.45997758209705,51.875097323209,3.59999990463257            -8.46001286990941,51.8750960659236,3.59999990463257            -8.46005662344396,51.8750977423042,3.59999990463257            -8.4601066634059,51.8751013465226,3.59999990463257            -8.46015016548336,51.8751005921513,3.59999990463257            -8.46019249409437,51.8751021847129,3.59999990463257            -8.4602237585932,51.875102603808,3.59999990463257            -8.46026600338519,51.8750987481326,3.59999990463257            -8.46031981520355,51.8750979099423,3.59999990463257            -8.46036340110004,51.8750967364758,3.59999990463257            -8.46040614880621,51.8750942219049,3.59999990463257            -8.46044478937984,51.8750937189907,3.59999990463257            -8.46048770472407,51.8750938866287,3.59999990463257            -8.46053657121956,51.8750934675336,3.59999990463257            -8.46057554706931,51.8750938028097,3.79999995231628            -8.46062030643225,51.8750948924571,4            -8.46065727062523,51.8750954791903,4            -8.46070990897715,51.8750967364758,4            -8.4607436042279,51.8750977423042,4.19999980926514            -8.46079272218049,51.8750988319516,4.19999980926514            -8.4608353022486,51.8750986643136,4.40000009536743            -8.46087536774576,51.8751015141606,4.40000009536743            -8.4609143435955,51.8751044478267,4.40000009536743            -8.46095189452171,51.875107800588,4.40000009536743            -8.46099346876144,51.8751112371683,4.40000009536743            -8.46103412099183,51.8751149252057,4.40000009536743            -8.46107292920351,51.8751187808812,4.40000009536743            -8.46110201440752,51.875120876357,4.40000009536743            -8.46113780513406,51.8751223012805,4.40000009536743            -8.46118373796344,51.8751212954521,4.59999990463257            -8.46122154034674,51.8751155119389,4.59999990463257            -8.46125917509198,51.8751106504351,4.59999990463257            -8.4612927865237,51.8751093931496,4.59999990463257            -8.46133813261986,51.8751101475209,4.59999990463257            -8.46139194443822,51.8751121591777,4.59999990463257            -8.46143569797277,51.8751168530434,4.59999990463257            -8.46147961914539,51.8751206248999,4.80000019073486            -8.46152446232736,51.8751214630902,4.80000019073486            -8.46156125888228,51.8751238938421,4.80000019073486            -8.46160459332168,51.8751256540418,4.80000019073486            -8.46165630966425,51.8751233071089,4.80000019073486            -8.46170182339847,51.8751196190715,4.59999990463257            -8.46174607984722,51.8751163501292,4.59999990463257            -8.46178120002151,51.8751132488251,4.59999990463257            -8.46182520501316,51.8751121591777,4.40000009536743            -8.46187599934638,51.8751123268157,4.40000009536743            -8.46191849559546,51.8751109857112,4            -8.46195898018777,51.8751083873212,4.19999980926514            -8.46199158579111,51.8751043640077,4.19999980926514            -8.46202955581248,51.8751028552651,4.19999980926514            -8.46207473427057,51.875105118379,4.19999980926514            -8.46212795935571,51.8751058727503,4.19999980926514            -8.46217171289027,51.875105118379,4.19999980926514            -8.46220339648426,51.8751035258174,4.19999980926514            -8.46224404871464,51.8751049507409,4.19999980926514            -8.46229299902916,51.8751062080264,4.19999980926514            -8.46233608201146,51.8751059565693,4.19999980926514            -8.4623787458986,51.8751080520451,4.40000009536743            -8.4624223317951,51.8751100637019,4.59999990463257            -8.46245870925486,51.8751110695302,4.59999990463257            -8.46250296570361,51.8751106504351,4.59999990463257            -8.46255292184651,51.8751126620919,4.59999990463257            -8.46259357407689,51.8751176074147,4.59999990463257            -8.46263682469726,51.8751216307282,4.59999990463257            -8.46266834065318,51.8751252349466,4.59999990463257            -8.46270631067455,51.8751291744411,4.59999990463257            -8.46275316551328,51.8751352932304,4.59999990463257            -8.46279473975301,51.8751380592585,4.59999990463257            -8.46283891238272,51.8751408252865,5            -8.46287302672863,51.8751441780478,5.19999980926514            -8.46291057765484,51.8751438427716,5.19999980926514            -8.46295885741711,51.8751443456858,5            -8.46300361678004,51.8751472793519,4.80000019073486            -8.46305022016168,51.875150129199,4.80000019073486            -8.46309036947787,51.875152727589,4.80000019073486            -8.46313563175499,51.8751550745219,4.59999990463257            -8.46318542025983,51.8751548230648,4.40000009536743            -8.46323956735432,51.8751573376358,4.19999980926514            -8.46328608691692,51.8751590140164,4.19999980926514            -8.46332950517535,51.8751611933112,4            -8.4633716661483,51.8751618638635,4            -8.46340762451291,51.8751625344157,3.79999995231628            -8.4634583350271,51.8751629535109,3.79999995231628            -8.46350217238069,51.8751651328057,3.79999995231628            -8.46354156732559,51.8751684017479,3.79999995231628            -8.46357232891023,51.8751721736044,3.79999995231628            -8.46361172385514,51.8751784600317,3.79999995231628            -8.46366008743644,51.8751876801252,3.79999995231628            -8.46370493061841,51.8751943018287,3.79999995231628            -8.46374616958201,51.875197570771,3.79999995231628            -8.46378925256431,51.8752026837319,3.79999995231628            -8.46383065916598,51.8752076290548,4            -8.46386971883476,51.875213412568,4            -8.46390953287482,51.8752216268331,4            -8.46394641324878,51.875229338184,4            -8.46398413181305,51.8752395641059,4            -8.46402050927281,51.8752482812852,4            -8.46405822783709,51.8752588424832,4            -8.46409586258233,51.8752680625767,4.40000009536743            -8.46413735300303,51.8752766121179,4.40000009536743            -8.46417607739568,51.8752832338214,4.59999990463257            -8.46421220339835,51.8752909451723,4.59999990463257            -8.46424732357264,51.8752993270755,4.59999990463257            -8.46428219228983,51.8753042723984,4.59999990463257            -8.46432100050151,51.8753133248538,4.80000019073486            -8.46435905434191,51.8753275740892,4.80000019073486            -8.46438872627914,51.8753410689533,4.80000019073486            -8.46443289890885,51.8753566592932,4.80000019073486            -8.46447304822505,51.8753674719483,5            -8.464509928599,51.875377278775,5            -8.46454462967813,51.875390522182,5            -8.46457991749048,51.8754019215703,5.19999980926514            -8.46461587585509,51.8754132371396,5.19999980926514            -8.46465024165809,51.8754260614514,5.19999980926514            -8.46469173207879,51.8754444178194,5.19999980926514            -8.46471771597862,51.8754621874541,5.40000009536743            -8.46474973484874,51.8754797056317,5.40000009536743            -8.4647845197469,51.8755002412945,5.40000009536743            -8.46481494605541,51.8755145743489,5.19999980926514            -8.46484210342169,51.8755335174501,5.19999980926514            -8.4648690931499,51.8755538016558,5.40000009536743            -8.46489205956459,51.8755757622421,5.40000009536743            -8.46491133794188,51.8755994830281,5.19999980926514            -8.46492969430983,51.8756227008998,5.19999980926514            -8.46494821831584,51.8756469246,5.19999980926514            -8.4649676643312,51.8756700586528,5.19999980926514            -8.46498409286141,51.8756950367242,5.19999980926514            -8.46499599516392,51.8757212720811,5.19999980926514            -8.46500580199063,51.8757513631135,5.19999980926514            -8.46501594409347,51.8757801968604,5.19999980926514            -8.46502030268312,51.8758051749319,5.19999980926514            -8.46502910368145,51.8758327513933,5.19999980926514            -8.46503547392786,51.8758594058454,5.19999980926514            -8.46504134126008,51.8758867308497,5.19999980926514            -8.4650538302958,51.8759146425873,5            -8.46506020054221,51.8759430572391,5            -8.46506288275123,51.8759726453573,5            -8.46506321802735,51.8759986292571,5            -8.46506346948445,51.8760243616998,5            -8.4650643914938,51.8760506808758,4.80000019073486            -8.46506263129413,51.8760766647756,4.80000019073486            -8.46506003290415,51.8761023972183,4.40000009536743            -8.46506615169346,51.8761293031275,4.40000009536743            -8.46507721580565,51.8761593103409,4.40000009536743            -8.4650831669569,51.8761852104217,4.40000009536743            -8.46508366987109,51.8762167263776,4.19999980926514            -8.46508006565273,51.8762476556003,4.40000009536743            -8.46506858244538,51.8762763217092,4.59999990463257            -8.46505776979029,51.8763047363609,4.59999990463257            -8.46504410728812,51.8763277027756,4.59999990463257            -8.46503564156592,51.8763474840671,4.59999990463257            -8.46503128297627,51.8763733003289,4.59999990463257            -8.46502491272986,51.8763996195048,4.59999990463257            -8.46501661464572,51.8764251843095,4.59999990463257            -8.46501158550382,51.8764499947429,4.59999990463257            -8.46500806510448,51.8764731287956,4.59999990463257            -8.46500722691417,51.8764961790293,4.40000009536743            -8.46500622108579,51.8765199836344,4.40000009536743            -8.46500135958195,51.8765439558774,4.40000009536743            -8.46499239094555,51.8765701074153,4.40000009536743            -8.46497973427176,51.8765970133245,4.19999980926514            -8.46496615558863,51.8766244221479,4.19999980926514            -8.46494168043137,51.8766593746841,4.40000009536743            -8.46492600627244,51.8766904715449,4.40000009536743            -8.46491192467511,51.8767177127302,4.40000009536743            -8.46490052528679,51.8767405953258,4.40000009536743            -8.46488761715591,51.8767643161118,4.40000009536743            -8.4648741222918,51.8767907191068,4.59999990463257            -8.46485786139965,51.8768172059208,4.59999990463257            -8.46483640372753,51.8768462073058,4.59999990463257            -8.46481779590249,51.8768747057766,4.59999990463257            -8.46479734405875,51.8768992647529,4.59999990463257            -8.46477571874857,51.8769229017198,4.59999990463257            -8.46475325524807,51.8769514840096,4.59999990463257            -8.46473297104239,51.8769761268049,4.80000019073486            -8.4647136926651,51.8769987579435,4.80000019073486            -8.4646928217262,51.8770214729011,4.80000019073486            -8.46467295661569,51.8770442716777,4.80000019073486            -8.46464957110584,51.8770653102547,4.80000019073486            -8.46462836489081,51.8770891148597,5            -8.46461101435125,51.8771093990654,5            -8.46458469517529,51.8771383166313,5.19999980926514            -8.46456189639866,51.8771625403315,5.19999980926514            -8.46453716978431,51.877182321623,5.19999980926514            -8.46451168879867,51.8772057071328,5.19999980926514            -8.46448536962271,51.8772292602807,5.19999980926514            -8.46446030773222,51.8772504664958,5.19999980926514            -8.46443574875593,51.877269661054,5.59999990463257            -8.46440456807613,51.8772868439555,5.80000019073486            -8.46437020227313,51.8773030210286,5.80000019073486            -8.46433617174625,51.8773183599114,5.80000019073486            -8.46430390141904,51.8773352075368,5.80000019073486            -8.46427188254893,51.8773530609906,5.80000019073486            -8.4642369300127,51.8773671425879,5.80000019073486            -8.46420273184776,51.8773798830807,5.80000019073486            -8.46416685730219,51.8773897737265,6            -8.46412939019501,51.8773985747248,6.19999980926514            -8.46409267745912,51.877404274419,6.19999980926514            -8.4640537854284,51.8774113990366,6.19999980926514            -8.46401271410286,51.8774168472737,6.19999980926514            -8.46397365443408,51.8774212058634,6.19999980926514            -8.46393526531756,51.8774270731956,6.19999980926514            -8.46389662474394,51.8774363771081,6.19999980926514            -8.46385773271322,51.8774436693639,6.40000009536743            -8.46382001414895,51.877451967448,6.40000009536743            -8.46378363668919,51.8774605169892,6.59999990463257            -8.46374943852425,51.877465127036,6.80000019073486            -8.46371063031256,51.877467809245,7.19999980926514            -8.46367291174829,51.8774694856256,7.40000009536743            -8.46363577991724,51.8774740118533,7.80000019073486            -8.46359864808619,51.8774787895381,8            -8.46355699002743,51.877481052652,8.19999980926514            -8.46351801417768,51.8774848245084,8.39999961853027            -8.46348146907985,51.8774931225926,8.60000038146973            -8.46344375051558,51.8774994090199,8.60000038146973            -8.46340276300907,51.877507539466,8.80000019073486            -8.46336127258837,51.8775215372443,8.80000019073486            -8.46333101391792,51.8775373790413,8.80000019073486            -8.46330243162811,51.8775511253625,8.80000019073486            -8.46327938139439,51.8775673862547,9            -8.46325289458036,51.8775838147849,9.19999980926514            -8.46323403529823,51.8775995727629,9.60000038146973            -8.46321417018771,51.8776202760637,10            -8.46319363452494,51.8776382133365,10            -8.46317293122411,51.8776583299041,10.1999998092651            -8.46315004862845,51.8776768539101,10.3999996185303            -8.46312314271927,51.8776940368116,10.6000003814697            -8.46310051158071,51.8777129799128,10.6000003814697            -8.46307821571827,51.8777308333665,10.6000003814697            -8.46305684186518,51.8777490220964,10.8000001907349            -8.46304016187787,51.8777674622834,11            -8.46302038058639,51.87778766267,11            -8.46300269477069,51.8778076954186,11.1999998092651            -8.46298375166953,51.8778268061578,11.6000003814697            -8.46296790987253,51.8778454139829,11.8000001907349            -8.46295290626585,51.8778660334647,12            -8.46293857321143,51.8778851442039,12            -8.46292600035667,51.877901153639,12.1999998092651            -8.4629157744348,51.8779174145311,12.1999998092651            -8.46291300840676,51.8779378663749,12.1999998092651            -8.46291116438806,51.8779589887708,12.3999996185303            -8.46291191875935,51.8779809493572,12.6000003814697            -8.46290999092162,51.8780021555722,12.6000003814697            -8.46291225403547,51.8780257925391,13            -8.46291250549257,51.8780488427728,13.3999996185303            -8.46291275694966,51.8780728988349,13.6000003814697            -8.46291543915868,51.8780970387161,13.6000003814697            -8.46291552297771,51.8781193345785,13.6000003814697            -8.46291510388255,51.8781438097358,13.8000001907349            -8.46291183494031,51.8781670276076,13.8000001907349            -8.46291351132095,51.87819192186,14            -8.46291175112128,51.8782164808363,14.1999998092651            -8.46291091293097,51.8782410398126,14.6000003814697            -8.46290864981711,51.8782650958747,14.8000001907349            -8.46290797926486,51.8782899901271,15            -8.46291099675,51.8783153034747,15            -8.46291267313063,51.878340030089,15.1999998092651            -8.46291493624449,51.8783649243414,15.1999998092651            -8.46291669644415,51.8783937580884,15.1999998092651            -8.46291728317738,51.8784215021878,15.1999998092651            -8.46291032619774,51.8784480728209,15.1999998092651            -8.46290135756135,51.8784731347114,15.3999996185303            -8.46288610249758,51.8784981127828,15.3999996185303            -8.46286891959608,51.8785192351788,15.3999996185303            -8.46284997649491,51.8785404413939,15.3999996185303            -8.46283036284149,51.8785624857992,15.3999996185303            -8.46280764788389,51.8785837758332,15.6000003814697            -8.46277831122279,51.8785996176302,15.8000001907349            -8.46274620853364,51.8786136992276,16.2000007629395            -8.46271477639675,51.878630714491,16.2000007629395            -8.4626826737076,51.8786498252302,16.3999996185303            -8.46265593543649,51.8786708638072,16.3999996185303            -8.46263137646019,51.8786922376603,16.2000007629395            -8.46260815858841,51.878715287894,16.2000007629395            -8.46258125267923,51.8787380866706,16.2000007629395            -8.46255141310394,51.8787572812289,16.2000007629395            -8.46252165734768,51.8787749670446,16.2000007629395            -8.46248913556337,51.8787924014032,16.2000007629395            -8.46245577558875,51.8788091652095,16.2000007629395            -8.46242744475603,51.8788277730346,16.2000007629395            -8.46239861100912,51.8788467161357,16.3999996185303            -8.46237271092832,51.8788675032556,16.3999996185303            -8.46234823577106,51.8788905534893,16.3999996185303            -8.46232929266989,51.8789168726653,16.3999996185303            -8.46231018193066,51.8789412640035,16.3999996185303            -8.46229316666722,51.8789638113231,16.6000003814697            -8.46228034235537,51.8789857719094,16.6000003814697            -8.46226927824318,51.879011252895,16.6000003814697            -8.46225989051163,51.8790369015187,16.6000003814697            -8.46225008368492,51.8790633045137,16.7999992370605            -8.46224036067724,51.8790887016803,16.7999992370605            -8.46222996711731,51.8791120871902,16.7999992370605            -8.46221923828125,51.8791375681758,16.7999992370605            -8.46220834180713,51.8791628815234,16.7999992370605            -8.46220054663718,51.8791886139661,16.7999992370605            -8.46218755468726,51.8792128376663,16.6000003814697            -8.46217783167958,51.8792394921184,16.6000003814697            -8.46216844394803,51.8792606145144,16.7999992370605            -8.46215897239745,51.8792829941958,16.6000003814697            -8.46215109340847,51.8793058767915,16.6000003814697            -8.4621424600482,51.8793272506446,16.6000003814697            -8.46213852055371,51.8793516419828,16.7999992370605            -8.46212737262249,51.8793777097017,16.7999992370605            -8.46210926771164,51.8794002570212,16.7999992370605            -8.46209560520947,51.8794263247401,16.7999992370605            -8.46207649447024,51.8794524762779,17            -8.46205738373101,51.8794794660062,16.7999992370605            -8.46203953027725,51.8795061204582,16.6000003814697            -8.46202033571899,51.8795307632536,16.6000003814697            -8.46200281754136,51.8795543164015,16.3999996185303            -8.46198806539178,51.8795805517584,16.3999996185303            -8.4619714692235,51.8796070385724,16.3999996185303            -8.46195126883686,51.8796289153397,16.3999996185303            -8.4619315713644,51.8796528875828,16.3999996185303            -8.46190919168293,51.8796717468649,16.3999996185303            -8.46189477480948,51.879695719108,16.3999996185303            -8.46188211813569,51.8797197751701,16.3999996185303            -8.46186887472868,51.8797435797751,16.2000007629395            -8.46185194328427,51.8797669652849,16.2000007629395            -8.46183878369629,51.8797906022519,16.2000007629395            -8.46182721666992,51.879817256704,16.2000007629395            -8.46181053668261,51.8798418156803,16.2000007629395            -8.46179226413369,51.8798618484288,16.2000007629395            -8.46177181228995,51.8798838928342,16            -8.46174130216241,51.8799015786499,16.2000007629395            -8.46170634962618,51.879915073514,16            -8.46167005598545,51.8799219466746,16            -8.46162839792669,51.8799220304936,15.8000001907349            -8.46158900298178,51.8799242936075,15.8000001907349            -8.46154944039881,51.8799276463687,15.8000001907349            -8.46150786615908,51.8799268081784,15.6000003814697            -8.46146159805357,51.8799259699881,15.6000003814697            -8.46141331829131,51.8799265567213,15.6000003814697            -8.46136881038547,51.8799329269677,15.3999996185303            -8.46132430247962,51.87993619591,15.3999996185303            -8.46127962693572,51.8799420632422,15.3999996185303            -8.46123838797212,51.8799500260502,15.3999996185303            -8.46119823865592,51.8799577374011,15.3999996185303            -8.46115574240685,51.879965197295,15.3999996185303            -8.46111383289099,51.8799718189985,15.3999996185303            -8.46107284538448,51.8799815420061,15.6000003814697            -8.46103345043957,51.8799952883273,15.6000003814697            -8.4609941393137,51.8800109624863,15.6000003814697            -8.46095633693039,51.8800276424736,15.8000001907349            -8.46092373132706,51.8800470884889,15.8000001907349            -8.4608958195895,51.8800674565136,15.8000001907349            -8.46087050624192,51.8800886627287,15.8000001907349            -8.46085391007364,51.8801126349717,15.8000001907349            -8.46083982847631,51.8801358528435,15.6000003814697            -8.46082650125027,51.8801584001631,15.3999996185303            -8.46081962808967,51.8801840487868,15.3999996185303            -8.46080713905394,51.8802128825337,15.6000003814697            -8.46079389564693,51.8802439793944,15.6000003814697            -8.46078400500119,51.8802806083113,15.6000003814697            -8.46078123897314,51.8803075142205,15.6000003814697            -8.46077252179384,51.8803365156054,15.6000003814697            -8.46076891757548,51.8803675286472,15.6000003814697            -8.46076296642423,51.880393344909,15.6000003814697            -8.46076187677681,51.8804215081036,15.6000003814697            -8.46075626090169,51.880454197526,15.3999996185303            -8.46074737608433,51.8804831150919,15.3999996185303            -8.46073455177248,51.8805107753724,15.3999996185303            -8.46073270775378,51.8805469013751,15.3999996185303            -8.46073270775378,51.8805687781423,15.3999996185303            -8.46073019318283,51.8805966060609,15.3999996185303            -8.46072566695511,51.88062351197,15.1999998092651            -8.46072080545127,51.8806491605937,15.1999998092651            -8.46071368083358,51.8806738033891,15.1999998092651            -8.46070521511137,51.880697440356,15.1999998092651            -8.4606970846653,51.8807216640562,15            -8.46069012768567,51.8807453010231,15            -8.46068166196346,51.8807702790946,15            -8.46067328006029,51.880795257166,14.8000001907349            -8.4606674965471,51.8808214087039,14.8000001907349            -8.46066028811038,51.8808455485851,14.8000001907349            -8.46064947545528,51.8808689340949,14.8000001907349            -8.46063916571438,51.8808942474425,15            -8.46063187345862,51.8809192255139,15            -8.46062558703125,51.8809437844902,15            -8.46061988733709,51.8809691816568,15            -8.46061770804226,51.880995919928,15            -8.46061770804226,51.881025005132,15            -8.46061293035746,51.8810518272221,15            -8.46060773357749,51.8810783978552,14.8000001907349            -8.46060027368367,51.8811052199453,14.8000001907349            -8.4605918917805,51.8811300303787,14.6000003814697            -8.46058166585863,51.8811562657356,14.3999996185303            -8.46057462505996,51.881183674559,14.3999996185303            -8.46057043410838,51.881212759763,14.1999998092651            -8.46056624315679,51.8812427669764,14.1999998092651            -8.46056113019586,51.8812706787139,14            -8.46055417321622,51.8812952376902,13.8000001907349            -8.46054763533175,51.8813167791814,13.8000001907349            -8.46053858287633,51.8813469540328,13.8000001907349            -8.46053070388734,51.881368663162,13.6000003814697            -8.46052668057382,51.8813954014331,13.6000003814697            -8.46052986569703,51.8814201280475,13.3999996185303            -8.46053221262991,51.8814446870238,13.3999996185303            -8.46052676439285,51.8814774602652,13.1999998092651            -8.46052198670805,51.8814996723086,13.1999998092651            -8.46051804721355,51.8815264105797,13            -8.46051226370037,51.8815521430224,12.8000001907349            -8.46051167696714,51.8815814796835,12.8000001907349            -8.46050689928234,51.8816073797643,12.8000001907349            -8.46050078049302,51.8816339503974,12.8000001907349            -8.46049575135112,51.8816635385156,12.6000003814697            -8.46048720180988,51.8816931266338,12.1999998092651            -8.46047412604094,51.8817191943526,11.8000001907349            -8.46046909689903,51.8817456811666,11.8000001907349            -8.46046674996614,51.881773006171,11.6000003814697            -8.46046230755746,51.8817992415279,11.3999996185303            -8.46045551821589,51.8818249739707,11.3999996185303            -8.46044747158885,51.8818512931466,9.60000038146973            -8.4604431129992,51.8818808812648,9.60000038146973            -8.46043892204762,51.881907954812,9.60000038146973            -8.46043556928635,51.8819362018257,9.60000038146973            -8.4604343958199,51.8819649517536,9.60000038146973            -8.460434647277,51.8819930311292,9.60000038146973            -8.46044219098985,51.8820210266858,9.60000038146973            -8.46045400947332,51.8820466753095,9.60000038146973            -8.46047043800354,51.8820732459426,9.80000019073486            -8.46048443578184,51.8820985592902,9.60000038146973            -8.46050061285496,51.8821235373616,9.60000038146973            -8.46051637083292,51.8821474257857,9.39999961853027            -8.46053858287633,51.8821669556201,9.39999961853027            -8.46056540496647,51.8821849767119,9.19999980926514            -8.46059172414243,51.8822029139847,9            -8.46062047407031,51.8822211865336,8.60000038146973            -8.46065316349268,51.8822386208922,8.39999961853027            -8.46068761311471,51.8822546303272,8.19999980926514            -8.46071627922356,51.8822656944394,8.19999980926514            -8.46075366251171,51.8822824582458,8            -8.460788782686,51.8822988029569,8            -8.46082080155611,51.8823182489723,8            -8.46085038967431,51.8823373597115,7.80000019073486            -8.46085558645427,51.8823617510498,7.80000019073486            -8.46083806827664,51.8823759164661,7.59999990463257            -8.46079691313207,51.8823833763599,7.40000009536743            -8.46076221205294,51.88237817958,7.19999980926514            -8.46072013489902,51.8823713902384,7.19999980926514            -8.46068233251572,51.882362253964,7            -8.46064863726497,51.8823511060327,7            -8.46061611548066,51.882338700816,7            -8.4605831746012,51.882325457409,7            -8.46054989844561,51.8823100347072,7.19999980926514            -8.46051695756614,51.8822950311005,7.19999980926514            -8.46048175357282,51.882277680561,7.19999980926514            -8.46044898033142,51.8822583183646,7.19999980926514            -8.46041729673743,51.8822404649109,7.19999980926514            -8.46037538722157,51.8822194263339,7.40000009536743            -8.46034596674144,51.8822052609175,7.40000009536743            -8.46030958928168,51.8821869045496,7.40000009536743            -8.46027472056448,51.8821731582284,7.19999980926514            -8.46023859456182,51.882161423564,7.19999980926514            -8.46020179800689,51.882151030004,7.19999980926514            -8.4601634927094,51.8821395467967,7.19999980926514            -8.46012460067868,51.8821278959513,7            -8.46008520573378,51.8821149040014,7            -8.46004539169371,51.8821039237082,7            -8.46000423654914,51.8820961285383,7            -8.45996366813779,51.8820892553777,7            -8.4599232673645,51.8820794485509,7            -8.4598804358393,51.8820668756962,7            -8.45984330400825,51.8820565659553,7            -8.45981027930975,51.8820442445576,7            -8.45977482385933,51.8820322584361,6.19999980926514            -8.45973827876151,51.8820200208575,6.19999980926514            -8.45969938673079,51.882005520165,6.19999980926514            -8.45966057851911,51.8819890916348,6.19999980926514            -8.4596177469939,51.8819689750671,6.19999980926514            -8.45958665013313,51.8819479364902,6.19999980926514            -8.45955890603364,51.8819283228368,6            -8.45953728072345,51.8819137383252,6            -8.45950827933848,51.8818932864815,6            -8.45948279835284,51.8818730860949,5.59999990463257            -8.45945346169174,51.8818504549563,5.80000019073486            -8.45943284220994,51.8818329367787,6            -8.45940987579525,51.8818108923733,6            -8.45938355661929,51.8817859143019,6            -8.45935815945268,51.8817642051727,6            -8.45932379364967,51.8817370478064,6            -8.45929596573114,51.8817093037069,6            -8.4592794533819,51.881691031158,5.80000019073486            -8.4592583309859,51.8816683162004,5.80000019073486            -8.45923461019993,51.8816444277763,5.80000019073486            -8.45920946449041,51.8816200364381,5.80000019073486            -8.45918473787606,51.8815965671092,5.59999990463257            -8.45916294492781,51.8815690744668,5.59999990463257            -8.45913955941796,51.8815408274531,5.59999990463257            -8.45911500044167,51.8815155141056,5.40000009536743            -8.45908465795219,51.8814833275974,5.40000009536743            -8.45906428992748,51.8814593553543,5.19999980926514            -8.45904316753149,51.8814319465309,5.19999980926514            -8.45902070403099,51.8814010173082,5            -8.45900318585336,51.8813761230558,4.80000019073486            -8.45898843370378,51.8813566770405,4.80000019073486            -8.45896705985069,51.8813288491219,4.59999990463257            -8.45894233323634,51.8812916334718,4.59999990463257            -8.45893085002899,51.8812731932849,4.59999990463257            -8.45891492441297,51.8812483828515,4.59999990463257            -8.45889472402632,51.8812283501029,4.59999990463257            -8.45887678675354,51.8812049645931,4.59999990463257            -8.45885910093784,51.8811825849116,4.40000009536743            -8.45884468406439,51.8811608757824,4.40000009536743            -8.45882867462933,51.8811393342912,4.40000009536743            -8.45881023444235,51.8811132665724,4.19999980926514            -8.45879003405571,51.8810879532248,4.40000009536743            -8.45876614563167,51.881062220782,4.40000009536743            -8.4587403293699,51.8810341414064,4.40000009536743            -8.45871317200363,51.8810014519841,4.40000009536743            -8.45869255252182,51.8809743784368,4.40000009536743            -8.45867025665939,51.8809439521283,4.40000009536743            -8.45865223556757,51.8809112627059,4.40000009536743            -8.45863605849445,51.8808865360916,4.40000009536743            -8.45862164162099,51.880866503343,4.19999980926514            -8.45860387198627,51.8808447103947,4.19999980926514            -8.45858668908477,51.8808224983513,4.19999980926514            -8.45857009291649,51.8807964306325,4            -8.45855492167175,51.8807662557811,4            -8.45853933133185,51.8807364162058,4            -8.45852273516357,51.8807116057724,3.79999995231628            -8.45850370824337,51.8806836940348,4            -8.45849406905472,51.8806665111333,4            -8.45847336575389,51.8806408625096,4            -8.45845165662467,51.8806151300669,4            -8.4584364015609,51.8805952649564,4            -8.45841980539262,51.8805696163327,4            -8.45840438269079,51.8805474881083,4            -8.45838384702802,51.8805258627981,4            -8.45836473628879,51.8805028963834,4            -8.45834587700665,51.8804791755974,4            -8.45832492224872,51.8804536946118,3.79999995231628            -8.45830203965306,51.8804299738258,3.79999995231628            -8.45828292891383,51.8804070074111,3.79999995231628            -8.45826532691717,51.88038546592,3.79999995231628            -8.45824261195958,51.8803584761918,3.79999995231628            -8.45822626724839,51.8803402036428,3.79999995231628            -8.45820380374789,51.8803160637617,3.79999995231628            -8.45818150788546,51.8802908342332,4            -8.45815879292786,51.8802635930479,3.79999995231628            -8.45813716761768,51.8802407104522,3.79999995231628            -8.45811503939331,51.8802206777036,3.79999995231628            -8.4580944199115,51.8802015669644,3.79999995231628            -8.45807782374322,51.8801809474826,3.79999995231628            -8.45806055702269,51.8801589868963,3.79999995231628            -8.4580412786454,51.880137193948,3.79999995231628            -8.45802032388747,51.8801161553711,3.79999995231628            -8.45799962058663,51.8800955358893,3.79999995231628            -8.4579807613045,51.8800724018365,3.79999995231628            -8.45796240493655,51.8800508603454,3.79999995231628            -8.457942456007,51.8800277262926,3.79999995231628            -8.45791948959231,51.8800035025924,3.79999995231628            -8.45789861865342,51.8799803685397,3.59999990463257            -8.45787825062871,51.8799586594105,3.79999995231628            -8.45785746350884,51.8799377046525,3.79999995231628            -8.45783717930317,51.8799158278853,4            -8.45781429670751,51.8798957113177,4            -8.45779241994023,51.8798732478172,4            -8.45777154900134,51.8798512034118,4            -8.45775151625276,51.8798292428255,4            -8.45772846601903,51.8798042647541,4            -8.45770357176661,51.8797789514065,3.79999995231628            -8.45768094062805,51.8797559849918,3.79999995231628            -8.45765856094658,51.879732683301,3.59999990463257            -8.45763458870351,51.8797031790018,3.59999990463257            -8.45761086791754,51.8796777818352,3.59999990463257            -8.45758588984609,51.8796516302973,3.59999990463257            -8.45756342634559,51.8796257302165,3.59999990463257            -8.45754096284509,51.879603266716,3.59999990463257            -8.45752151682973,51.8795824795961,3.79999995231628            -8.45750852487981,51.8795648775995,4            -8.45750450156629,51.879539815709,4            -8.45749620348215,51.8795155920088,4.19999980926514            -8.45747793093324,51.8794943857938,4.19999980926514            -8.45745597034693,51.8794700782746,4.19999980926514            -8.45743719488382,51.879447279498,4.19999980926514            -8.45742428675294,51.8794231396168,4.40000009536743            -8.45741028897464,51.8793999217451,4.40000009536743            -8.45739344134927,51.8793764524162,4.40000009536743            -8.4573729056865,51.8793497141451,5            -8.45734893344343,51.8793270830065,5.40000009536743            -8.45732521265745,51.8793064635247,5.40000009536743            -8.45730165950954,51.879283413291,5.40000009536743            -8.45727919600904,51.8792590219527,5.40000009536743            -8.45726109109819,51.8792418390512,5.40000009536743            -8.4572346881032,51.8792180344462,5.59999990463257            -8.4572085365653,51.879193643108,5.59999990463257            -8.45718221738935,51.8791687488556,5.59999990463257            -8.45715841278434,51.8791441060603,5.59999990463257            -8.45713360235095,51.8791212234646,5.40000009536743            -8.45711214467883,51.8790995981544,5.40000009536743            -8.45709018409252,51.8790783081204,5.19999980926514            -8.45706453546882,51.8790496420115,5.19999980926514            -8.45704584382474,51.8790248315781,5.19999980926514            -8.45703084021807,51.8790041282773,5            -8.45701592043042,51.8789831735194,4.80000019073486            -8.45699035562575,51.8789581116289,4.80000019073486            -8.45696135424078,51.8789276015013,4.59999990463257            -8.45693461596966,51.8788969237357,4.59999990463257            -8.45691106282175,51.878868425265,4.59999990463257            -8.45689128153026,51.8788402620703,4.59999990463257            -8.45687510445714,51.8788120150566,4.59999990463257            -8.45686345361173,51.8787861987948,4.59999990463257            -8.45684492960572,51.8787556048483,4.59999990463257            -8.45683118328452,51.8787369132042,4.59999990463257            -8.45681198872626,51.8787154555321,4.59999990463257            -8.45679530873895,51.8786969315261,4.59999990463257            -8.4567787963897,51.8786774016917,4.80000019073486            -8.45676404424012,51.8786594644189,4.59999990463257            -8.4567476157099,51.8786353245378,4.59999990463257            -8.45673537813127,51.8786176387221,4.80000019073486            -8.45671601593494,51.8785888049752,4.80000019073486            -8.4566942229867,51.8785560317338,4.80000019073486            -8.45667209476233,51.8785289581865,4.80000019073486            -8.45666161738336,51.8785051535815,4.19999980926514            -8.45665340311825,51.8784815166146,4.19999980926514            -8.45663990825415,51.8784577958286,4.19999980926514            -8.45662850886583,51.8784380145371,4.19999980926514            -8.45661350525916,51.878408761695,4.19999980926514            -8.45659615471959,51.878379592672,4.19999980926514            -8.45658425241709,51.8783497530967,4.19999980926514            -8.45657461322844,51.8783257808536,4.19999980926514            -8.45656899735332,51.8782984558493,4.19999980926514            -8.45655860379338,51.8782718013972,4            -8.45654343254864,51.8782391957939,4            -8.45653278753161,51.8782180733979,4            -8.45652130432427,51.8781933467835,4            -8.45650864765048,51.8781679496169,4            -8.45649590715766,51.8781350087374,3.79999995231628            -8.45648358576,51.8781088571995,4            -8.45647512003779,51.878088992089,3.79999995231628            -8.45646589994431,51.8780635111034,3.79999995231628            -8.45645860768855,51.8780382815748,4            -8.45645232126117,51.8780126329511,4            -8.4564452804625,51.8779869843274,4            -8.45643027685583,51.8779547140002,4            -8.45641820691526,51.8779272213578,4            -8.45640974119306,51.8779047578573,4            -8.45640345476568,51.877877349034,4            -8.456399012357,51.8778501916677,4            -8.456393731758,51.8778228666633,4            -8.45638669095933,51.8777977209538,3.79999995231628            -8.4563762973994,51.8777729943395,3.79999995231628            -8.45636992715299,51.8777465075254,4            -8.45636263489723,51.8777206074446,4            -8.45635450445116,51.8776931148022,4            -8.45634939149022,51.8776652868837,4            -8.45634561963379,51.8776393029839,4            -8.45633966848254,51.8776107206941,4            -8.45633304677904,51.8775835633278,4            -8.45632877200842,51.8775584176183,4            -8.45633002929389,51.8775357864797,4            -8.4563295263797,51.8775103054941,4.19999980926514            -8.45632734708488,51.8774840701371,4.19999980926514            -8.45632751472294,51.8774578347802,4.19999980926514            -8.45632625743747,51.8774275761098,4.19999980926514            -8.45632768236101,51.877409638837,4.19999980926514            -8.45632810145617,51.8773843254894,4.19999980926514            -8.4563350584358,51.8773607723415,4.19999980926514            -8.45633673481643,51.877333028242,4.40000009536743            -8.45633279532194,51.8773015122861,4.59999990463257            -8.45633354969323,51.8772751092911,4.59999990463257            -8.45633782446384,51.8772476166487,4.59999990463257            -8.45634369179606,51.8772223871201,4.80000019073486            -8.45635173842311,51.8771943077445,4.80000019073486            -8.4563607070595,51.8771720957011,4.80000019073486            -8.4563662391156,51.8771475367248,4.80000019073486            -8.45636690966785,51.877118954435,4.80000019073486            -8.45636774785817,51.877092635259,4.59999990463257            -8.45636380836368,51.8770607002079,4.59999990463257            -8.45636188052595,51.8770259991288,4.40000009536743            -8.45635810866952,51.8769928906113,4.19999980926514            -8.45635886304081,51.8769612070173,4.19999980926514            -8.45635768957436,51.8769306130707,3.79999995231628            -8.45635165460408,51.8768968340009,3.59999990463257            -8.45634888857603,51.876875711605,3.40000009536743            -8.45634335651994,51.8768491409719,3.20000004768372            -8.45633631572127,51.8768240790814,3.20000004768372            -8.45632919110358,51.8768013641238,3.20000004768372            -8.45632206648588,51.8767791520804,3.20000004768372            -8.45631200820208,51.8767536710948,3            -8.45629960298538,51.8767286092043,3            -8.45628845505416,51.8767033796757,3            -8.45627814531326,51.8766787368804,3            -8.45626909285784,51.8766497354954,3            -8.45626045949757,51.8766210693866,3            -8.4562539216131,51.8766017910093,3.20000004768372            -8.45624201931059,51.8765714485198,3.20000004768372            -8.45623179338872,51.8765499070287,3.20000004768372            -8.45621955581009,51.8765233363956,3.20000004768372            -8.45620966516435,51.8764965981245,3.20000004768372            -8.45619977451861,51.8764696083963,3.20000004768372            -8.45618988387287,51.8764447979629,3.20000004768372            -8.45617873594165,51.876418562606,3.40000009536743            -8.45616540871561,51.8763870466501,3.40000009536743            -8.45615576952696,51.8763669300824,3.40000009536743            -8.45614328049123,51.8763370066881,3.40000009536743            -8.45613607205451,51.876307502389,3.40000009536743            -8.45613079145551,51.8762787524611,3.40000009536743            -8.45612484030426,51.8762543611228,3.40000009536743            -8.456118889153,51.8762306403369,3.20000004768372            -8.45610992051661,51.8762076739222,3            -8.45610070042312,51.8761855456978,3            -8.4560916479677,51.8761629145592,3            -8.45607915893197,51.8761398643255,3            -8.45606558024883,51.8761159759015,3            -8.45605242066085,51.8760924227536,3            -8.4560398478061,51.8760650139302,3            -8.4560311306268,51.8760388623923,3            -8.4560224134475,51.8760140519589,3            -8.45601646229625,51.8759907502681,3            -8.45601352863014,51.8759671133012,3            -8.45600347034633,51.875937525183,3            -8.45598603598773,51.8758950289339,3            -8.45597899518907,51.8758620042354,3            -8.45597765408456,51.8758334219456,3.20000004768372            -8.45597849227488,51.8758060131222,3.20000004768372            -8.45598293468356,51.8757804483175,3.20000004768372            -8.45598561689258,51.8757548835129,3.20000004768372            -8.45598838292062,51.8757301568985,3.79999995231628            -8.45599173568189,51.8757035862654,3.79999995231628            -8.45600053668022,51.8756763450801,3.79999995231628            -8.45600330270827,51.8756460864097,3.79999995231628            -8.45600824803114,51.8756170012057,4.19999980926514            -8.45601805485785,51.8755923584104,4.40000009536743            -8.45603222027421,51.8755680508912,4.40000009536743            -8.45604521222413,51.875543827191,4.59999990463257            -8.45605568960309,51.8755178432912,4.59999990463257            -8.45607019029558,51.8754930328578,4.59999990463257            -8.45608326606452,51.8754693958908,4.59999990463257            -8.4560948330909,51.8754430767149,4.59999990463257            -8.45610338263214,51.8754151649773,4.59999990463257            -8.45610966905951,51.875385157764,4.59999990463257            -8.45611897297204,51.8753567431122,4.40000009536743            -8.45612458884716,51.8753281608224,4.40000009536743            -8.45613456331193,51.8753036018461,4.40000009536743            -8.45614881254733,51.8752802163363,4.40000009536743            -8.45616121776402,51.8752539809793,4.40000009536743            -8.45616901293397,51.8752280808985,4.40000009536743            -8.45617848448455,51.8752040248364,4.40000009536743            -8.45619206316769,51.8751823157072,4.59999990463257            -8.45620354637504,51.8751567509025,4.59999990463257            -8.45621016807854,51.875128839165,4.59999990463257            -8.45621670596302,51.8751027714461,4.59999990463257            -8.45622684806585,51.8750789668411,4.59999990463257            -8.45623573288321,51.8750534020364,4.59999990463257            -8.45624738372862,51.8750301841646,4.80000019073486            -8.45625760965049,51.8750081397593,4.80000019073486            -8.45626791939139,51.8749824073166,4.80000019073486            -8.45628233626485,51.8749589379877,4.80000019073486            -8.45629733987153,51.8749368097633,4.80000019073486            -8.45631209202111,51.8749143462628,5            -8.4563332144171,51.874891128391,5            -8.45635668374598,51.8748678267002,5.40000009536743            -8.45638819970191,51.8748415913433,5            -8.45641485415399,51.874824995175,5            -8.45644745975733,51.8748051300645,5            -8.45648232847452,51.8747887853533,5            -8.45652004703879,51.8747717700899,5            -8.45656807534397,51.8747555930167,5            -8.45660646446049,51.8747493904084,5            -8.4566559176892,51.8747436068952,5            -8.45670411363244,51.8747400026768,5            -8.45675054937601,51.8747431878,5            -8.45680201426148,51.8747496418655,5            -8.45685238949955,51.8747539166361,4.80000019073486            -8.4568998310715,51.8747601192445,4.80000019073486            -8.45694911666214,51.8747725244612,4.80000019073486            -8.45699580386281,51.874780068174,4.80000019073486            -8.45703603699803,51.8747867736965,4.80000019073486            -8.45708029344678,51.8747952394187,4.59999990463257            -8.45712454989552,51.8748067226261,4.40000009536743            -8.45716746523976,51.8748177867383,4.40000009536743            -8.45721239224076,51.874827677384,4.40000009536743            -8.45725748687983,51.8748338799924,4.40000009536743            -8.45730124041438,51.8748398311436,4.19999980926514            -8.45734968781471,51.8748469557613,4            -8.45739394426346,51.8748539127409,4            -8.45743828453124,51.8748596962541,4            -8.45748287625611,51.8748710118234,3.79999995231628            -8.45752746798098,51.8748852610588,3.59999990463257            -8.45756409689784,51.874893642962,3.59999990463257            -8.45760064199567,51.8749021086842,3.40000009536743            -8.4576403722167,51.874912250787,3.40000009536743            -8.45768228173256,51.8749242369086,3.40000009536743            -8.45772687345743,51.8749337084591,3.40000009536743            -8.45776719041169,51.8749406654388,3.40000009536743            -8.45780876465142,51.8749479576945,3            -8.45785000361502,51.8749524839222,3            -8.45789308659732,51.8749578483403,3            -8.45793885178864,51.8749646376818,3            -8.45798025839031,51.8749710079283,3            -8.45801982097328,51.8749810662121,3            -8.45805929973722,51.8749886099249,2.79999995231628            -8.45810229890049,51.8749960698187,2.79999995231628            -8.45814194530249,51.8750036135316,2.40000009536743            -8.45818335190415,51.8750108219683,2.40000009536743            -8.45822316594422,51.8750147614628,2.40000009536743            -8.45826088450849,51.8750181980431,2.40000009536743            -8.45830329693854,51.8750235624611,2.59999990463257            -8.45834562554955,51.8750266637653,2.59999990463257            -8.45838954672218,51.8750315252692,2.59999990463257            -8.45843556337059,51.8750361353159,2.59999990463257            -8.45847956836224,51.8750420864671,2.59999990463257            -8.45852206461132,51.8750485405326,2.59999990463257            -8.45856472849846,51.8750531505793,2.59999990463257            -8.45860873349011,51.8750578444451,2.59999990463257            -8.45865215174854,51.8750636279583,2.79999995231628            -8.45869154669344,51.8750679027289,2.79999995231628            -8.45873203128576,51.8750770390034,2.79999995231628            -8.45877528190613,51.875081229955,2.79999995231628            -8.45881962217391,51.8750834930688,3            -8.45885868184268,51.8750825710595,3            -8.45890159718692,51.8750857561827,3            -8.45894501544535,51.8750897794962,3            -8.45898885279894,51.8750923778862,3            -8.45903109759092,51.8750934675336,3            -8.45907560549676,51.8750960659236,3            -8.45911818556488,51.875097071752,3            -8.45916177146137,51.8751019332558,3            -8.45920502208173,51.8751031905413,3.20000004768372            -8.45924877561629,51.8751034419984,3.59999990463257            -8.45929387025535,51.8751036096364,3.59999990463257            -8.45933779142797,51.87510503456,3.59999990463257            -8.45937944948673,51.8750977423042,3.59999990463257            -8.45942412503064,51.8750951439142,3.40000009536743            -8.45947181805968,51.8750969879329,3.40000009536743            -8.45952068455517,51.8750974908471,3.20000004768372            -8.45956644974649,51.875097071752,3.20000004768372            -8.45960995182395,51.8750948924571,3.20000004768372            -8.45965261571109,51.8750930484384,3            -8.45970039255917,51.8750952277333,3.20000004768372            -8.45974682830274,51.8751010950655,3            -8.4597905818373,51.8751031905413,3            -8.4598352573812,51.8751033581793,3            -8.45987708307803,51.8751087225974,2.79999995231628            -8.45991563983262,51.8751102313399,2.59999990463257            -8.45995495095849,51.8751068785787,2.79999995231628            -8.45999535173178,51.8751034419984,2.79999995231628            -8.46004329621792,51.8751052860171,3            -8.46008880995214,51.8751088064164,3            -8.46013558097184,51.8751116562635,3            -8.46018176525831,51.8751117400825,3            -8.4602274466306,51.8751136679202,3            -8.4602758102119,51.8751132488251,3            -8.46032216213644,51.8751126620919,3            -8.46036583185196,51.8751106504351,3            -8.46041235141456,51.8751089740545,3            -8.46045442856848,51.8751071300358,3.20000004768372            -8.46049558371305,51.8751062918454,3.20000004768372            -8.46053556539118,51.8751061242074,3.20000004768372            -8.46057965420187,51.8751091416925,3.20000004768372            -8.46062382683158,51.8751088064164,3.20000004768372            -8.46066514961421,51.8751075491309,3.20000004768372            -8.46070940606296,51.8751110695302,3.40000009536743            -8.46075852401555,51.8751138355583,3.59999990463257            -8.46080889925361,51.8751181103289,3.59999990463257            -8.46085634082556,51.8751161824912,3.79999995231628            -8.46090126782656,51.8751140031964,3.79999995231628            -8.46094518899918,51.8751150090247,3.79999995231628            -8.46099087037146,51.8751146737486,3.59999990463257            -8.4610353782773,51.8751142546535,4.40000009536743            -8.46107980236411,51.8751108180732,4.40000009536743            -8.46112330444157,51.8751092255116,4.40000009536743            -8.46116705797613,51.8751107342541,4.40000009536743            -8.46121056005359,51.8751142546535,4.40000009536743            -8.46125121228397,51.8751145899296,4.19999980926514            -8.46129404380918,51.8751140870154,4.19999980926514            -8.46133452840149,51.8751141708344,4.19999980926514            -8.46137861721218,51.8751124106348,4.19999980926514            -8.46142262220383,51.8751128297299,4.40000009536743            -8.46146386116743,51.8751138355583,4.40000009536743            -8.46150451339781,51.8751145061105,4.40000009536743            -8.46155053004622,51.8751167692244,4.40000009536743            -8.46159386448562,51.8751175235957,4.40000009536743            -8.46163644455373,51.8751180265099,4.19999980926514            -8.46167977899313,51.8751196190715,4            -8.46172629855573,51.8751202896237,3.79999995231628            -8.46177575178444,51.8751203734428,3.79999995231628            -8.46182369627059,51.8751206248999,3.79999995231628            -8.46187164075673,51.8751212116331,3.79999995231628            -8.46192000433803,51.8751188647002,3.59999990463257            -8.46196392551064,51.875115595758,3.59999990463257            -8.46200876869261,51.8751125782728,3.59999990463257            -8.4620544500649,51.8751129135489,3.59999990463257            -8.46209803596139,51.8751152604818,3.40000009536743            -8.46214204095304,51.8751180265099,3.59999990463257            -8.46218755468726,51.8751190323383,3.59999990463257            -8.46223264932632,51.8751204572618,3.59999990463257            -8.46227942034602,51.8751216307282,3.79999995231628            -8.46232593990862,51.8751213792711,3.79999995231628            -8.46236994490027,51.8751233071089,3.79999995231628            -8.46241319552064,51.8751241452992,3.79999995231628            -8.46245652996004,51.8751249834895,3.79999995231628            -8.46249827183783,51.8751246482134,3.79999995231628            -8.46254018135369,51.8751269113272,3.79999995231628            -8.4625809174031,51.8751295097172,3.79999995231628            -8.46262123435736,51.8751313537359,4.19999980926514            -8.46266238950193,51.8751332815737,4.40000009536743            -8.46270404756069,51.875136718154,4.59999990463257            -8.46274939365685,51.8751401547343,4.59999990463257            -8.46279281191528,51.8751435074955,4.80000019073486            -8.46283589489758,51.8751458544284,4.80000019073486            -8.46287537366152,51.8751469440758,4.80000019073486            -8.46291837282479,51.875152811408,4.59999990463257            -8.46296237781644,51.8751550745219,4.40000009536743            -8.46300898119807,51.8751556612551,4.40000009536743            -8.4630574285984,51.8751603551209,4.40000009536743            -8.46310344524682,51.8751625344157,4.19999980926514            -8.46315314993262,51.8751617800444,4            -8.46320201642811,51.8751634564251,3.79999995231628            -8.46324652433395,51.8751644622535,3.79999995231628            -8.46329094842076,51.8751672282815,3.59999990463257            -8.46333629451692,51.8751705810428,3.59999990463257            -8.46338256262243,51.875176532194,3.59999990463257            -8.46343989484012,51.8751808069646,3.40000009536743            -8.46347568556666,51.8751821480691,3.40000009536743            -8.46351776272058,51.8751842435449,3.40000009536743            -8.46356134861708,51.8751880154014,3.40000009536743            -8.46360744908452,51.875194972381,3.40000009536743            -8.46364927478135,51.8752012588084,3.40000009536743            -8.46368908882141,51.8752092216164,3.40000009536743            -8.46372689120471,51.8752193637192,3.20000004768372            -8.46376921981573,51.8752279970795,3.40000009536743            -8.46380987204611,51.8752342835069,3.40000009536743            -8.46384784206748,51.8752379715443,3.40000009536743            -8.4638917632401,51.8752447608858,3.59999990463257            -8.46392923034728,51.8752509634942,4            -8.46396300941706,51.8752596806735,4            -8.46400081180036,51.8752687331289,4            -8.46403886564076,51.8752754386514,4            -8.46407750621438,51.8752818927169,4            -8.46411656588316,51.8752925377339,4            -8.46415755338967,51.8753046914935,4            -8.46419937908649,51.875316677615,4.19999980926514            -8.46423852257431,51.8753307592124,4.19999980926514            -8.46427917480469,51.8753511272371,4.19999980926514            -8.46432376652956,51.8753616884351,4.40000009536743            -8.46436257474124,51.8753698188812,4.40000009536743            -8.46440205350518,51.8753792066127,4.59999990463257            -8.46444522030652,51.8753943778574,4.59999990463257            -8.46448847092688,51.8754082918167,4.59999990463257            -8.46453490667045,51.8754218704998,4.59999990463257            -8.46457522362471,51.8754352815449,4.59999990463257            -8.4646116849035,51.8754456751049,4.59999990463257            -8.46464873291552,51.8754552304745,4.59999990463257            -8.46467706374824,51.8754640314728,4.40000009536743            -8.46470564603806,51.8754745088518,4.40000009536743            -8.46473230049014,51.8754868302494,4.40000009536743            -8.46476381644607,51.875501582399,4.19999980926514            -8.46478912979364,51.8755158316344,4.40000009536743            -8.46481821499765,51.8755310028791,4.59999990463257            -8.46484629437327,51.8755509518087,4.59999990463257            -8.46486984752119,51.8755724932998,4.59999990463257            -8.4648881200701,51.8755962979048,4.40000009536743            -8.46490941010416,51.8756214436144,4.40000009536743            -8.46493522636592,51.8756504449993,4.59999990463257            -8.4649520739913,51.8756753392518,4.59999990463257            -8.4649660717696,51.8756987247616,4.40000009536743            -8.46497713588178,51.8757188413292,4.40000009536743            -8.46498610451818,51.8757482618093,5.19999980926514            -8.46499498933554,51.875773742795,5.19999980926514            -8.46500454470515,51.8758024089038,5.19999980926514            -8.46501066349447,51.8758297339082,5.19999980926514            -8.4650160279125,51.8758587352931,5.80000019073486            -8.465017369017,51.8758909218013,6.19999980926514            -8.46501183696091,51.8759213481098,6.59999990463257            -8.46501284278929,51.8759552948177,6.59999990463257            -8.46501703374088,51.8759872298688,6.59999990463257            -8.46502281725407,51.876014303416,6.59999990463257            -8.46502767875791,51.87604079023,6.59999990463257            -8.46503010950983,51.8760689534247,6.59999990463257            -8.46503069624305,51.8760974518955,6.59999990463257            -8.46503497101367,51.8761273752898,6.59999990463257            -8.46503807231784,51.8761578015983,6.40000009536743            -8.46503513865173,51.8761874735355,6.40000009536743            -8.46502918750048,51.8762131221592,6.40000009536743            -8.46502566710114,51.8762417882681,6.40000009536743            -8.46502382308245,51.8762719631195,6.40000009536743            -8.46502348780632,51.8762994557619,6.19999980926514            -8.46502340398729,51.876326110214,6.19999980926514            -8.46501979976892,51.8763517588377,6.19999980926514            -8.46500923857093,51.8764090072364,6.19999980926514            -8.46499054692686,51.8764359131455,6.19999980926514            -8.46497386693954,51.8764633219689,6.19999980926514            -8.46496540121734,51.8764940835536,6.19999980926514            -8.46495693549514,51.876521576196,6.40000009536743            -8.46494603902102,51.8765487335622,6.40000009536743            -8.46493455581367,51.8765790760517,6.19999980926514            -8.46492080949247,51.8766080774367,6.19999980926514            -8.46490790136158,51.8766317144036,6.19999980926514            -8.46489038318396,51.8766650743783,4.19999980926514            -8.46488141454756,51.8766945786774,4.19999980926514            -8.46486900933087,51.8767234124243,4.19999980926514            -8.46486096270382,51.8767460435629,4.19999980926514            -8.46484721638262,51.8767796549946,4.19999980926514            -8.46483397297561,51.8768092431128,4.40000009536743            -8.4648154489696,51.876836149022,4.40000009536743            -8.46479910425842,51.8768659885973,4.40000009536743            -8.46478091552854,51.8768903799355,4.40000009536743            -8.46476440317929,51.8769172020257,4.40000009536743            -8.46474772319198,51.8769436888397,4.40000009536743            -8.46472836099565,51.8769677449018,4.40000009536743            -8.46470816060901,51.8769896216691,4.40000009536743            -8.46469340845942,51.8770161923021,4.40000009536743            -8.46467488445342,51.877039661631,4.40000009536743            -8.46465032547712,51.8770612031221,4.40000009536743            -8.46462903544307,51.8770829960704,4.40000009536743            -8.46460699103773,51.877103196457,4.40000009536743            -8.46458796411753,51.8771197926253,4.19999980926514            -8.4645614773035,51.877148039639,4.19999980926514            -8.46453457139433,51.8771712575108,4.59999990463257            -8.4645096771419,51.8771954812109,4.80000019073486            -8.46448796801269,51.8772119097412,5            -8.46446382813156,51.8772337026894,5            -8.46443130634725,51.8772486224771,5.19999980926514            -8.46440875902772,51.8772711697966,5.19999980926514            -8.46438646316528,51.8772925436497,5.19999980926514            -8.46435754559934,51.8773123249412,5.19999980926514            -8.46431278623641,51.8773351237178,5.19999980926514            -8.46426584757864,51.8773523066193,5.40000009536743            -8.46423198468983,51.8773730099201,5.59999990463257            -8.46420667134225,51.8773927912116,5.59999990463257            -8.46417792141438,51.8774081300944,5.80000019073486            -8.46413567662239,51.8774160929024,5.80000019073486            -8.4640971198678,51.8774267379194,5.80000019073486            -8.46406501717865,51.8774338625371,5.80000019073486            -8.46402386203408,51.8774425797164,5.80000019073486            -8.46398446708918,51.8774505425245,5.80000019073486            -8.46393786370754,51.8774605169892,5.80000019073486            -8.46390031278133,51.8774637021124,6            -8.46385278739035,51.8774657975882,6.19999980926514            -8.46380568109453,51.8774667195976,6.59999990463257            -8.46376159228385,51.8774699047208,6.80000019073486            -8.46371264196932,51.8774745985866,7            -8.46368120983243,51.8774767778814,7.19999980926514            -8.46364315599203,51.8774797953665,7.19999980926514            -8.4636052697897,51.877483734861,7.40000009536743            -8.46356612630188,51.8774867523462,7.40000009536743            -8.46352673135698,51.8774897698313,7.40000009536743            -8.46348633058369,51.8774949666113,7.59999990463257            -8.46344031393528,51.8775041867048,7.80000019073486            -8.46339949406683,51.8775107245892,8            -8.46336018294096,51.8775169271976,8.19999980926514            -8.46333051100373,51.877531344071,8.19999980926514            -8.46330150961876,51.8775431625545,8.39999961853027            -8.46327636390924,51.8775570765138,8.39999961853027            -8.46325264312327,51.8775748461485,8.60000038146973            -8.46322674304247,51.87758943066,8.60000038146973            -8.46320159733295,51.8776049371809,8.60000038146973            -8.46317812800407,51.8776259757578,8.60000038146973            -8.46315298229456,51.8776481878012,8.39999961853027            -8.46312657929957,51.8776700645685,8.39999961853027            -8.46310746856034,51.8776926118881,8.80000019073486            -8.46308550797403,51.8777133151889,8.80000019073486            -8.46305985935032,51.8777289893478,9.19999980926514            -8.46304250881076,51.8777500279248,9.60000038146973            -8.46302448771894,51.8777680490166,11            -8.46300663426518,51.8777874112129,11            -8.4629918821156,51.8778055161238,11            -8.46297453157604,51.8778266385198,11            -8.46295961178839,51.8778488505632,11            -8.46294770948589,51.8778700567782,11            -8.46293547190726,51.8778915982693,11            -8.46292030066252,51.8779123015702,11            -8.46291007474065,51.8779345136136,11.1999998092651            -8.46290395595133,51.8779557198286,11.1999998092651            -8.46289842389524,51.8779771775007,11.6000003814697            -8.46289481967688,51.8779967073351,12            -8.46289088018239,51.8780161533505,12.1999998092651            -8.46288870088756,51.8780392874032,12.3999996185303            -8.46288836561143,51.8780627567321,12.8000001907349            -8.46288442611694,51.8780851364136,13            -8.46288216300309,51.8781070969999,13            -8.46288442611694,51.8781328294426,13            -8.46288501285017,51.8781586457044,13            -8.4628866892308,51.8781821988523,13.3999996185303            -8.4628864377737,51.8782065901905,13.3999996185303            -8.46288316883147,51.8782326579094,13.3999996185303            -8.46287931315601,51.8782589770854,13.6000003814697            -8.46288107335567,51.8782861344516,13.8000001907349            -8.46288249827921,51.8783133756369,14            -8.46288316883147,51.8783427961171,14.1999998092651            -8.46288107335567,51.8783739767969,14.3999996185303            -8.46287964843214,51.8783997092396,14.3999996185303            -8.46287503838539,51.8784224241972,14.3999996185303            -8.46287193708122,51.8784489110112,14.3999996185303            -8.46286187879741,51.8784795049578,14.3999996185303            -8.462850227952,51.8784969393164,14.1999998092651            -8.46283086575568,51.8785188160837,14.1999998092651            -8.4628005232662,51.8785470630974,15.3999996185303            -8.46276733092964,51.8785779923201,15.3999996185303            -8.46273061819375,51.8785920739174,15.3999996185303            -8.46270262263715,51.8786183092743,15.3999996185303            -8.46267051994801,51.8786417786032,15.3999996185303            -8.46264151856303,51.8786635715514,15.1999998092651            -8.46261461265385,51.8786851130426,15.1999998092651            -8.46258678473532,51.878702044487,15.1999998092651            -8.46255769953132,51.8787229992449,15            -8.46252945251763,51.8787435349077,15            -8.46249617636204,51.8787632323802,15            -8.46246851608157,51.8787830974907,15.1999998092651            -8.46243859268725,51.8788035493344,15.1999998092651            -8.46240431070328,51.8788232468069,15.1999998092651            -8.46237237565219,51.8788437824696,15.3999996185303            -8.46234505064785,51.8788646534085,15.6000003814697            -8.46232158131897,51.8788873683661,15.8000001907349            -8.46230196766555,51.8789104185998,15.8000001907349            -8.46228159964085,51.8789317086339,16            -8.46226399764419,51.8789555132389,16.2000007629395            -8.46224882639945,51.8789809942245,16.2000007629395            -8.4622339066118,51.8790074810386,16.2000007629395            -8.46221957355738,51.8790364824235,16.2000007629395            -8.462202725932,51.879064058885,16.2000007629395            -8.46218663267791,51.8790926411748,16.2000007629395            -8.4621717967093,51.8791208881885,16.2000007629395            -8.46215385943651,51.8791482970119,16.2000007629395            -8.46213969402015,51.8791735265404,16.3999996185303            -8.46212619915605,51.8791980855167,16.3999996185303            -8.46211060881615,51.8792212195694,16.3999996185303            -8.46209929324687,51.8792479578406,16.7999992370605            -8.46208579838276,51.8792733550072,16.7999992370605            -8.46207381226122,51.879299255088,16.7999992370605            -8.46206232905388,51.8793269153684,16.7999992370605            -8.46204590052366,51.8793466128409,16.7999992370605            -8.46203139983118,51.879368070513,16.7999992370605            -8.46201874315739,51.8793938029557,16.7999992370605            -8.46200499683619,51.8794223014265,16.6000003814697            -8.46199108287692,51.8794496264309,16.6000003814697            -8.46197892911732,51.879479046911,16.3999996185303            -8.46196786500514,51.8795057851821,16.3999996185303            -8.46195504069328,51.8795295059681,16.2000007629395            -8.46194984391332,51.8795553222299,16.2000007629395            -8.46193777397275,51.8795824795961,16.2000007629395            -8.46191992051899,51.8796048592776,16.2000007629395            -8.46190583892167,51.8796328548342,16            -8.46189402043819,51.8796605151147,16            -8.46188027411699,51.8796841520816,15.8000001907349            -8.46186560578644,51.8797092139721,15.8000001907349            -8.46185026690364,51.8797308392823,15.8000001907349            -8.46183501183987,51.8797534704208,15.6000003814697            -8.46181816421449,51.8797794543207,15.3999996185303            -8.4618004783988,51.8798064440489,15.3999996185303            -8.46178002655506,51.8798333499581,15.3999996185303            -8.46175437793136,51.8798574060202,15.3999996185303            -8.46171841956675,51.8798749241978,15.3999996185303            -8.46167776733637,51.8798869941384,15.3999996185303            -8.46163359470665,51.8798917718232,15.3999996185303            -8.46159134991467,51.8798948731273,15.3999996185303            -8.4615483507514,51.8798979744315,15.3999996185303            -8.46150359138846,51.8798996508122,15.3999996185303            -8.46145614981651,51.8799014110118,15.3999996185303            -8.4614085406065,51.8799056857824,15.3999996185303            -8.46136034466326,51.8799110502005,15.3999996185303            -8.46131097525358,51.879915073514,15.3999996185303            -8.46125850453973,51.8799190968275,15.1999998092651            -8.46121072769165,51.8799274787307,15            -8.46116186119616,51.8799369502813,15            -8.4611146710813,51.8799461703748,15            -8.46106798388064,51.879954719916,15            -8.46102045848966,51.879965364933,15            -8.4609748609364,51.8799774348736,15            -8.46093253232539,51.8799931090325,15            -8.46089607104659,51.8800126388669,14.8000001907349            -8.46086430363357,51.8800379522145,14.6000003814697            -8.46083337441087,51.8800629302859,14.6000003814697            -8.46080848015845,51.8800889980048,14.6000003814697            -8.46079272218049,51.8801203463227,14.6000003814697            -8.46077847294509,51.8801480904222,14.3999996185303            -8.46076648682356,51.8801764212549,14.6000003814697            -8.46075701527297,51.880205757916,14.8000001907349            -8.46075056120753,51.8802363518625,14.8000001907349            -8.46074251458049,51.8802661914378,15            -8.46073480322957,51.8802981264889,15            -8.46072549931705,51.8803295586258,15            -8.46072047017515,51.8803624995053,15.1999998092651            -8.46071200445294,51.8803936801851,15            -8.46070353873074,51.8804259505123,15            -8.46070747822523,51.8804654292762,15            -8.46070102415979,51.8804990407079,15            -8.46068954095244,51.8805342447013,15            -8.46068283542991,51.8805659282953,15            -8.46067587845027,51.8805972766131,15.3999996185303            -8.4606709331274,51.8806263618171,15.3999996185303            -8.4606693405658,51.8806547764689,15.3999996185303            -8.46066498197615,51.8806823529303,15.3999996185303            -8.46065727062523,51.880710683763,15.3999996185303            -8.46065157093108,51.8807404395193,15.1999998092651            -8.46063707023859,51.8807727936655,15.1999998092651            -8.46061351709068,51.8808078300208,15.1999998092651            -8.46058929339051,51.8808417767286,15.1999998092651            -8.46057336777449,51.8808761425316,15.1999998092651            -8.46056900918484,51.8809056468308,15.1999998092651            -8.46055970527232,51.8809335585684,15.1999998092651          </coordinates></LineString></Placemark><Placemark><name>Finish</name><styleUrl>#icon-1899-FF5252-nodesc</styleUrl><Point><coordinates>            -8.46055970527232,51.8809335585684,15.1999998092651          </coordinates></Point></Placemark><Placemark><name>Start</name><styleUrl>#icon-1899-0F9D58-nodesc</styleUrl><Point><coordinates>            -8.46078710630536,51.8802051711828,13          </coordinates></Point></Placemark></Folder></Document></kml>