<?xml version="1.0" encoding="UTF-8"?><kml xmlns="http://www.opengis.net/kml/2.2"><Document><name>Chasewater parkrun</name><description/><Style id="icon-1899-0F9D58-nodesc-normal"><IconStyle><color>ff589d0f</color><scale>1</scale><Icon><href>https://www.gstatic.com/mapspro/images/stock/503-wht-blank_maps.png</href></Icon><hotSpot x="32" xunits="pixels" y="64" yunits="insetPixels"/></IconStyle><LabelStyle><scale>0</scale></LabelStyle><BalloonStyle><text><![CDATA[<h3>$[name]</h3>]]></text></BalloonStyle></Style><Style id="icon-1899-0F9D58-nodesc-highlight"><IconStyle><color>ff589d0f</color><scale>1</scale><Icon><href>https://www.gstatic.com/mapspro/images/stock/503-wht-blank_maps.png</href></Icon><hotSpot x="32" xunits="pixels" y="64" yunits="insetPixels"/></IconStyle><LabelStyle><scale>1</scale></LabelStyle><BalloonStyle><text><![CDATA[<h3>$[name]</h3>]]></text></BalloonStyle></Style><StyleMap id="icon-1899-0F9D58-nodesc"><Pair><key>normal</key><styleUrl>#icon-1899-0F9D58-nodesc-normal</styleUrl></Pair><Pair><key>highlight</key><styleUrl>#icon-1899-0F9D58-nodesc-highlight</styleUrl></Pair></StyleMap><Style id="icon-1899-FF5252-nodesc-normal"><IconStyle><color>ff5252ff</color><scale>1</scale><Icon><href>https://www.gstatic.com/mapspro/images/stock/503-wht-blank_maps.png</href></Icon><hotSpot x="32" xunits="pixels" y="64" yunits="insetPixels"/></IconStyle><LabelStyle><scale>0</scale></LabelStyle><BalloonStyle><text><![CDATA[<h3>$[name]</h3>]]></text></BalloonStyle></Style><Style id="icon-1899-FF5252-nodesc-highlight"><IconStyle><color>ff5252ff</color><scale>1</scale><Icon><href>https://www.gstatic.com/mapspro/images/stock/503-wht-blank_maps.png</href></Icon><hotSpot x="32" xunits="pixels" y="64" yunits="insetPixels"/></IconStyle><LabelStyle><scale>1</scale></LabelStyle><BalloonStyle><text><![CDATA[<h3>$[name]</h3>]]></text></BalloonStyle></Style><StyleMap id="icon-1899-FF5252-nodesc"><Pair><key>normal</key><styleUrl>#icon-1899-FF5252-nodesc-normal</styleUrl></Pair><Pair><key>highlight</key><styleUrl>#icon-1899-FF5252-nodesc-highlight</styleUrl></Pair></StyleMap><Style id="line-0288D1-5000-nodesc-normal"><LineStyle><color>ffd18802</color><width>5</width></LineStyle><BalloonStyle><text><![CDATA[<h3>$[name]</h3>]]></text></BalloonStyle></Style><Style id="line-0288D1-5000-nodesc-highlight"><LineStyle><color>ffd18802</color><width>7.5</width></LineStyle><BalloonStyle><text><![CDATA[<h3>$[name]</h3>]]></text></BalloonStyle></Style><StyleMap id="line-0288D1-5000-nodesc"><Pair><key>normal</key><styleUrl>#line-0288D1-5000-nodesc-normal</styleUrl></Pair><Pair><key>highlight</key><styleUrl>#line-0288D1-5000-nodesc-highlight</styleUrl></Pair></StyleMap><Folder><name>Untitled layer</name><Placemark><name>Course</name><styleUrl>#line-0288D1-5000-nodesc</styleUrl><LineString><tessellate>1</tessellate><coordinates>            -1.942462,52.662339,150            -1.942464,52.662337,149.8            -1.942464,52.662339,149.6            -1.942462,52.662339,149.4            -1.94246,52.66234,149.8            -1.94246,52.662342,149.6            -1.942466,52.662345,149.6            -1.94248,52.662349,149.6            -1.942494,52.662352,149.6            -1.942513,52.662356,149.8            -1.94253,52.662365,149.8            -1.942551,52.662366,150            -1.94257,52.662365,150            -1.942589,52.662361,150.2            -1.942611,52.662358,150.2            -1.942634,52.662357,150.2            -1.942656,52.662357,150.2            -1.942677,52.662356,150.2            -1.942698,52.662354,150.2            -1.942717,52.662351,150.2            -1.942736,52.662347,150.2            -1.942756,52.662344,150            -1.942773,52.662338,150            -1.942791,52.662332,150            -1.942811,52.662326,150            -1.942828,52.662319,150            -1.942846,52.66231,149.8            -1.942865,52.662304,149.8            -1.942884,52.662299,149.8            -1.942902,52.662293,149.8            -1.94292,52.662287,149.8            -1.942937,52.662279,149.8            -1.942956,52.662271,150            -1.942979,52.662266,150            -1.942999,52.662264,149.8            -1.943018,52.662263,149.8            -1.943035,52.66226,149.8            -1.943051,52.662254,149.8            -1.943069,52.662248,149.8            -1.943089,52.662242,149.8            -1.94311,52.662236,149.8            -1.943133,52.662228,149.8            -1.943152,52.66222,149.8            -1.943167,52.662213,150            -1.943181,52.662206,150            -1.943199,52.662199,150            -1.943217,52.662194,150            -1.943234,52.66219,150            -1.943253,52.662185,150            -1.943272,52.662179,150            -1.943295,52.662173,150            -1.943319,52.662165,150            -1.943341,52.66216,149.8            -1.943362,52.662152,149.8            -1.943386,52.662145,149.8            -1.94341,52.66214,150            -1.943436,52.662137,150            -1.94346,52.662136,150            -1.94348,52.662133,150            -1.943501,52.662131,150            -1.943517,52.662127,150            -1.943535,52.662124,150            -1.943552,52.66212,150            -1.943568,52.662117,150            -1.943585,52.662113,150            -1.943607,52.662109,150            -1.943627,52.662106,149.8            -1.943646,52.662101,150            -1.943666,52.662097,150            -1.943687,52.662094,150            -1.943707,52.662089,150            -1.94373,52.662083,150            -1.943757,52.662079,150            -1.943778,52.662076,150            -1.9438,52.662076,150            -1.943819,52.66207,149.8            -1.943838,52.662067,149.8            -1.943855,52.662062,149.8            -1.943874,52.662057,149.6            -1.943896,52.662051,149.6            -1.943916,52.662046,149.6            -1.943933,52.662041,149.8            -1.943953,52.662036,149.8            -1.943975,52.662029,149.8            -1.943999,52.662021,149.8            -1.944024,52.662014,149.8            -1.944049,52.662012,150            -1.944068,52.66201,150            -1.944089,52.662007,150            -1.944113,52.662002,150            -1.944142,52.662003,150            -1.944161,52.662001,150            -1.94418,52.661998,150            -1.9442,52.661995,150            -1.944219,52.661993,149.8            -1.944237,52.66199,149.8            -1.944255,52.661984,149.8            -1.944273,52.661977,150            -1.944296,52.661971,150            -1.944321,52.661965,150            -1.944341,52.661957,150            -1.944363,52.661953,150            -1.944385,52.661948,150            -1.944405,52.661942,150            -1.944424,52.661936,150            -1.944445,52.661933,150            -1.944463,52.661928,150            -1.944477,52.661922,150            -1.944495,52.661918,150.2            -1.944514,52.661911,150.2            -1.944531,52.661906,150.2            -1.944548,52.661901,150.2            -1.944567,52.661896,150.2            -1.944587,52.661892,150.2            -1.944608,52.661889,150            -1.944631,52.661887,150            -1.944653,52.661886,150            -1.944672,52.661883,150            -1.944689,52.66188,150.2            -1.944704,52.661878,150.2            -1.944719,52.661876,150.2            -1.944733,52.661875,150            -1.944747,52.661874,150            -1.944761,52.661872,150            -1.944777,52.661869,150            -1.944794,52.661866,150            -1.944816,52.661863,150            -1.944838,52.661862,150            -1.944859,52.66186,150            -1.94488,52.661858,150            -1.944901,52.661856,150            -1.944929,52.661854,150            -1.944954,52.661854,150            -1.944979,52.661856,150            -1.945005,52.661859,150            -1.945033,52.661859,150            -1.945052,52.661859,150            -1.945075,52.66186,150            -1.945095,52.661863,150            -1.945123,52.661868,150            -1.945153,52.661875,150            -1.945177,52.661884,150            -1.945203,52.661891,150            -1.94523,52.661899,150            -1.945254,52.661909,150            -1.945278,52.661917,149.8            -1.945302,52.661923,149.8            -1.945327,52.66193,149.8            -1.945346,52.661939,150            -1.945364,52.661947,150            -1.945382,52.661954,150            -1.9454,52.661961,150.2            -1.945418,52.661967,150.2            -1.945437,52.661975,150.2            -1.945458,52.661982,150.2            -1.945478,52.661991,150.2            -1.945499,52.661998,150.2            -1.945523,52.662006,150.2            -1.945544,52.662016,150            -1.945564,52.662024,150            -1.945582,52.662031,150            -1.9456,52.662038,149.8            -1.945619,52.662044,149.8            -1.945638,52.662052,149.8            -1.945655,52.66206,149.8            -1.945671,52.662066,149.8            -1.945687,52.662069,149.8            -1.9457,52.662071,149.8            -1.945713,52.662072,150            -1.945726,52.662071,150            -1.945736,52.662067,150            -1.945746,52.662062,150            -1.945755,52.662053,150            -1.945765,52.662043,150            -1.945775,52.662034,150            -1.945785,52.662024,150            -1.945795,52.662012,150            -1.945809,52.662,150            -1.945823,52.661989,150            -1.945838,52.661975,150            -1.945849,52.66196,150            -1.945857,52.661946,150            -1.945869,52.661933,150            -1.945883,52.661921,150            -1.9459,52.661912,150            -1.945918,52.661904,150            -1.945934,52.661895,150            -1.945947,52.661888,150            -1.945963,52.66188,150            -1.94598,52.661871,150            -1.945997,52.661863,150            -1.946014,52.661854,150            -1.946029,52.661846,150.2            -1.946049,52.66184,150.2            -1.94607,52.661834,150.2            -1.946089,52.661828,150.2            -1.946108,52.661824,150.2            -1.946127,52.661818,150.4            -1.946147,52.661813,150.4            -1.946168,52.661807,150.4            -1.946189,52.661801,150.6            -1.946212,52.661797,150.6            -1.946236,52.661795,150.6            -1.946258,52.661791,150.6            -1.94628,52.661787,150.6            -1.946301,52.661783,150.6            -1.946321,52.661782,150.6            -1.946341,52.66178,150.4            -1.946357,52.661779,150.4            -1.946373,52.661777,150.4            -1.946389,52.661773,150.4            -1.946405,52.66177,150.4            -1.946421,52.661766,150.4            -1.946442,52.661763,150.4            -1.946461,52.661762,150.4            -1.946479,52.661758,150.4            -1.946501,52.661757,150.4            -1.946525,52.661756,150.4            -1.946549,52.661754,150.4            -1.946573,52.661754,150.4            -1.946599,52.661755,150.4            -1.946627,52.661756,150.4            -1.946661,52.661756,150.4            -1.946688,52.661755,150.4            -1.946715,52.661755,150.6            -1.946739,52.661755,150.6            -1.946762,52.661756,150.6            -1.946785,52.661757,150.8            -1.946809,52.661756,150.8            -1.946834,52.661755,150.8            -1.946855,52.661754,150.8            -1.946876,52.661755,150.8            -1.946895,52.661756,150.8            -1.946917,52.661758,150.6            -1.946935,52.661761,150.6            -1.946951,52.661764,150.6            -1.946969,52.661764,150.6            -1.946991,52.661765,150.6            -1.947013,52.661767,150.4            -1.947034,52.66177,150.4            -1.947057,52.661771,150.4            -1.947086,52.661777,150.4            -1.947116,52.661782,150.4            -1.947148,52.66179,150.4            -1.947175,52.661798,150.4            -1.947198,52.661803,150.4            -1.947219,52.661803,150.4            -1.947236,52.661809,150.4            -1.947255,52.661818,150.4            -1.947271,52.661829,150.6            -1.947289,52.661839,150.6            -1.947306,52.661849,150.6            -1.947321,52.66186,150.6            -1.947334,52.661871,150.6            -1.947348,52.661881,150.6            -1.94736,52.661893,150.6            -1.947373,52.661904,150.6            -1.947386,52.661915,150.4            -1.9474,52.661925,150.4            -1.947415,52.661935,150.2            -1.947431,52.661943,150.2            -1.947449,52.661952,150.2            -1.947467,52.661958,150.2            -1.947487,52.661964,150.2            -1.947506,52.66197,150.2            -1.947525,52.661973,150.2            -1.947544,52.661974,150.2            -1.947564,52.661975,150.2            -1.947585,52.661974,150.4            -1.947607,52.661973,150.4            -1.947629,52.661972,150.4            -1.94765,52.661971,150.4            -1.947668,52.66197,150.4            -1.947688,52.66197,150.4            -1.947708,52.661969,150.4            -1.947726,52.661969,150.4            -1.947744,52.661969,150.2            -1.947767,52.66197,150.2            -1.947792,52.661969,150.2            -1.947814,52.661968,150.2            -1.94783,52.661966,150            -1.947848,52.661963,150            -1.947866,52.661962,150            -1.947885,52.661962,150            -1.947902,52.661963,150            -1.94792,52.661964,150            -1.947939,52.661963,150.2            -1.947959,52.661962,150.2            -1.947979,52.66196,150.2            -1.948005,52.661961,150.2            -1.948033,52.661965,150.2            -1.948056,52.661969,150.2            -1.948081,52.661972,150.2            -1.948107,52.661973,150.2            -1.948133,52.661975,150.2            -1.948157,52.661979,150.2            -1.94818,52.661983,150.2            -1.948204,52.661985,150.2            -1.948226,52.661986,150.2            -1.948244,52.661989,150.2            -1.948262,52.661993,150.4            -1.94828,52.661997,150.4            -1.948294,52.662005,150.2            -1.94831,52.662012,150.2            -1.948328,52.662019,150.2            -1.948345,52.662025,150.2            -1.948365,52.662031,150            -1.948384,52.662035,150            -1.948396,52.662038,150            -1.94841,52.662045,150            -1.948428,52.662049,150            -1.948445,52.66205,150            -1.948459,52.66205,150.2            -1.948469,52.662052,150.2            -1.948481,52.662057,150.2            -1.948492,52.662059,150            -1.948502,52.662061,150            -1.948516,52.662062,150            -1.948532,52.662061,150            -1.948545,52.66206,150            -1.948557,52.662058,150            -1.948571,52.662057,150            -1.948585,52.662055,150            -1.948598,52.662054,150            -1.948618,52.662053,150            -1.948637,52.662053,150            -1.948652,52.662052,150            -1.948672,52.662054,150            -1.948689,52.662052,150            -1.948711,52.66205,150            -1.94873,52.662047,150            -1.948749,52.662045,150.2            -1.948769,52.662043,150.2            -1.948788,52.662041,150.4            -1.948808,52.66204,150.4            -1.948825,52.662035,150.4            -1.948849,52.662031,150.4            -1.94887,52.662027,150.4            -1.948891,52.662022,150.4            -1.948916,52.662015,150.6            -1.94894,52.662006,150.6            -1.948965,52.661997,150.6            -1.948988,52.661988,150.6            -1.94901,52.661979,150.6            -1.949032,52.66197,150.6            -1.949053,52.661963,150.6            -1.949071,52.661958,150.6            -1.949087,52.661955,150.6            -1.949105,52.66195,150.6            -1.949123,52.661947,150.6            -1.949144,52.661943,150.6            -1.94917,52.661939,150.6            -1.949194,52.661934,150.6            -1.949216,52.661931,150.6            -1.949242,52.661928,150.6            -1.949267,52.661926,150.6            -1.949294,52.661925,150.6            -1.949317,52.661926,150.6            -1.949338,52.661926,150.6            -1.949363,52.661928,150.6            -1.949386,52.661929,150.8            -1.949407,52.661932,150.8            -1.94943,52.661933,150.8            -1.949451,52.661934,150.8            -1.949473,52.661934,150.8            -1.949494,52.661933,150.8            -1.949517,52.661931,150.8            -1.949539,52.661931,150.6            -1.949559,52.661931,150.6            -1.949579,52.66193,150.6            -1.949599,52.661928,150.6            -1.949621,52.661926,150.6            -1.949642,52.661924,150.6            -1.949662,52.661922,150.6            -1.949683,52.661919,150.6            -1.949703,52.661917,150.4            -1.949723,52.661914,150.4            -1.949744,52.661912,150.4            -1.949764,52.661911,150.4            -1.949786,52.661909,150.4            -1.949804,52.661909,150.4            -1.949826,52.661906,150.4            -1.94985,52.661903,150.4            -1.949873,52.661903,150.4            -1.949893,52.661904,150.4            -1.949913,52.661905,150.6            -1.949933,52.661905,150.6            -1.949952,52.661907,150.6            -1.949967,52.66191,150.4            -1.949982,52.661913,150.4            -1.949999,52.661918,150.4            -1.950014,52.661921,150.4            -1.950027,52.661925,150.4            -1.950042,52.661928,150.4            -1.950062,52.66193,150.4            -1.950085,52.661933,150.4            -1.950105,52.661936,150.4            -1.95012,52.661939,150.4            -1.950137,52.661939,150.4            -1.950155,52.661942,150.2            -1.950175,52.661946,150.2            -1.950193,52.66195,150.2            -1.950212,52.661962,150.2            -1.950233,52.661974,150.2            -1.950257,52.661984,150.2            -1.950277,52.661992,150.2            -1.950292,52.662,150.2            -1.950306,52.66201,150.2            -1.950319,52.66202,150.2            -1.950334,52.662026,150.2            -1.950354,52.662028,150            -1.950376,52.662028,150            -1.950398,52.662027,150            -1.950414,52.662024,150            -1.95043,52.662022,150            -1.950449,52.662022,150            -1.95047,52.662021,150            -1.950492,52.662016,150            -1.950513,52.662012,150            -1.95054,52.662009,150            -1.950566,52.662006,149.8            -1.95059,52.662005,149.8            -1.950614,52.662003,149.6            -1.950636,52.661999,149.6            -1.950652,52.661993,149.6            -1.950669,52.661989,149.6            -1.950687,52.661984,149.6            -1.950705,52.661978,149.4            -1.950722,52.661973,149.4            -1.950739,52.661968,149.4            -1.950756,52.661965,149.4            -1.950774,52.66196,149.4            -1.950791,52.661954,149.4            -1.950807,52.661948,149.4            -1.950824,52.661942,149.4            -1.95084,52.661938,149.6            -1.950857,52.661935,149.6            -1.950876,52.66193,149.6            -1.950894,52.661927,149.6            -1.950912,52.661923,149.6            -1.950929,52.661918,149.6            -1.950948,52.661914,149.6            -1.950963,52.661907,149.6            -1.950981,52.661902,149.8            -1.951,52.661898,149.8            -1.951017,52.661895,149.8            -1.951036,52.661892,149.8            -1.951053,52.661888,149.8            -1.951072,52.661886,149.8            -1.951091,52.661882,149.8            -1.951112,52.661877,149.8            -1.951133,52.661872,149.8            -1.95115,52.661866,149.8            -1.951169,52.661859,149.8            -1.951184,52.661853,149.8            -1.951194,52.661848,149.8            -1.951208,52.661842,150            -1.951224,52.661837,150            -1.951241,52.661833,150            -1.95126,52.661828,150            -1.951278,52.661822,150.2            -1.951293,52.661817,150.2            -1.951311,52.661812,150.2            -1.951332,52.661807,150.2            -1.951353,52.6618,150.2            -1.951377,52.661795,150.2            -1.951399,52.661792,150.2            -1.951413,52.661788,150.2            -1.951426,52.661781,150.2            -1.951442,52.661776,150.2            -1.951463,52.661773,150.4            -1.951489,52.661769,150.6            -1.951519,52.661769,150.8            -1.951547,52.661772,151            -1.951574,52.661776,151.2            -1.9516,52.661782,151.2            -1.951624,52.661788,151.2            -1.951646,52.661795,151.2            -1.951668,52.6618,151.4            -1.951691,52.661804,151.2            -1.951711,52.661807,151.2            -1.951734,52.661809,151.2            -1.951757,52.661813,151.2            -1.951776,52.661818,151            -1.951797,52.661823,151            -1.951817,52.661831,150.8            -1.951836,52.661838,150.8            -1.951855,52.661848,150.8            -1.951873,52.661858,150.8            -1.95189,52.661869,150.8            -1.951906,52.661881,150.8            -1.951921,52.661893,150.6            -1.95193,52.661906,150.6            -1.95194,52.661921,150.6            -1.95195,52.661938,150.6            -1.951965,52.661948,150.6            -1.95198,52.661962,150.6            -1.951994,52.661976,150.4            -1.952007,52.661988,150.2            -1.952016,52.662,150.2            -1.952027,52.662014,150.2            -1.952039,52.662026,150.2            -1.95205,52.662038,150.2            -1.952063,52.662049,150.2            -1.952073,52.662059,150.4            -1.952085,52.662069,150.6            -1.9521,52.662077,150.6            -1.952114,52.662084,150.6            -1.952128,52.662092,150.6            -1.952143,52.662101,150.8            -1.952159,52.662108,150.8            -1.952175,52.662116,150.8            -1.952191,52.662123,150.8            -1.952207,52.66213,150.8            -1.952222,52.662138,150.8            -1.952238,52.662146,151            -1.952251,52.662154,151            -1.952264,52.662161,151            -1.952277,52.662168,151            -1.952289,52.662177,151            -1.952302,52.662185,151            -1.952313,52.662192,151            -1.952326,52.6622,151            -1.952339,52.66221,151            -1.952353,52.66222,151            -1.952367,52.662231,151            -1.952378,52.662243,151            -1.952386,52.662254,151            -1.952391,52.662263,151            -1.952398,52.662276,151            -1.9524,52.662292,151            -1.952402,52.662306,150.8            -1.952402,52.662318,150.8            -1.952399,52.662331,150.6            -1.952399,52.662346,150.6            -1.952403,52.662359,150.6            -1.952404,52.662377,150.4            -1.952413,52.662391,150.4            -1.952425,52.662401,150.4            -1.952437,52.662409,150.2            -1.952448,52.662418,150.2            -1.952462,52.662428,150.2            -1.952473,52.662438,150.2            -1.952484,52.662447,150.2            -1.952496,52.662456,150.2            -1.952507,52.662466,150            -1.952513,52.662473,150            -1.952516,52.662483,150            -1.95252,52.662496,150.2            -1.952527,52.662508,150.2            -1.952534,52.66252,150.4            -1.952536,52.662531,150.6            -1.952534,52.662543,151            -1.952531,52.662561,151            -1.952532,52.662578,151.2            -1.952536,52.662591,151.2            -1.952539,52.662601,151            -1.952538,52.662613,151            -1.95254,52.662624,151            -1.952542,52.662635,151            -1.952545,52.662645,151            -1.952549,52.662654,151            -1.95255,52.662664,151            -1.952552,52.662673,151            -1.952555,52.662682,151            -1.952567,52.662687,151.2            -1.952576,52.662696,151.2            -1.952586,52.662707,151.2            -1.952592,52.662718,151.2            -1.9526,52.662732,151.2            -1.952606,52.662747,151.2            -1.952608,52.662763,151.2            -1.95261,52.662777,151            -1.952616,52.662792,151            -1.95262,52.662804,150.6            -1.952619,52.662819,150.6            -1.952618,52.662835,150.4            -1.952619,52.662849,150.6            -1.952614,52.66286,150.6            -1.952613,52.662873,150.8            -1.952613,52.662886,151.2            -1.952617,52.662896,151.4            -1.952619,52.662907,151.4            -1.952621,52.662918,151.6            -1.952629,52.662931,151.6            -1.952632,52.662942,151.6            -1.952634,52.662954,151.6            -1.952633,52.662971,151.8            -1.952629,52.662984,152            -1.952627,52.662995,152            -1.95263,52.663005,152.2            -1.952631,52.663015,152.2            -1.952631,52.663026,152.2            -1.952629,52.663034,152.2            -1.952631,52.663045,152.2            -1.95263,52.663056,151.8            -1.952628,52.663065,151.8            -1.952627,52.663074,151.6            -1.952628,52.663082,151.2            -1.952626,52.66309,151            -1.952625,52.663097,150.8            -1.952623,52.663113,150.6            -1.952618,52.663132,150.6            -1.95262,52.663152,150.6            -1.952618,52.663169,150.6            -1.952619,52.663182,150.8            -1.952622,52.663195,150.8            -1.952623,52.663206,150.8            -1.952629,52.66322,150.8            -1.952628,52.663232,150.8            -1.952629,52.663246,150.8            -1.95263,52.663259,150.8            -1.952633,52.663271,150.6            -1.952628,52.663283,150.4            -1.952628,52.663293,150.2            -1.952632,52.663303,150.2            -1.952636,52.663314,150.2            -1.952641,52.663325,150.4            -1.952649,52.663334,150.4            -1.952656,52.663341,150.6            -1.952661,52.663348,150.8            -1.952671,52.663352,151            -1.952685,52.663362,151            -1.9527,52.663373,151            -1.952712,52.663383,151            -1.952727,52.663394,151            -1.95274,52.663406,151            -1.952753,52.663418,150.8            -1.952769,52.663426,150.8            -1.95278,52.663441,150.8            -1.952793,52.663453,150.8            -1.952808,52.663465,151            -1.952819,52.663478,151.2            -1.952835,52.663491,151.4            -1.952851,52.663504,151.6            -1.952867,52.663519,151.6            -1.952874,52.663532,151.6            -1.952878,52.663545,151.4            -1.952889,52.663552,151.4            -1.952896,52.663559,151.2            -1.952904,52.663569,151            -1.952912,52.66358,150.8            -1.952918,52.663591,150.6            -1.952927,52.663602,150.6            -1.95294,52.663617,150.6            -1.95295,52.663629,150.6            -1.952958,52.663642,150.6            -1.952966,52.663649,150.6            -1.95298,52.663656,150.6            -1.952992,52.663665,150.8            -1.953006,52.663673,151            -1.95302,52.663682,151            -1.953032,52.663693,151.2            -1.953044,52.663702,151.2            -1.953058,52.663709,151.4            -1.95307,52.66372,151.4            -1.953077,52.663733,151.4            -1.953092,52.663744,151.6            -1.953105,52.663757,151.6            -1.953114,52.663768,151.4            -1.953125,52.663778,151.4            -1.953137,52.663788,151.4            -1.953144,52.663802,151.2            -1.953153,52.663812,151            -1.953163,52.66382,151            -1.953176,52.663831,150.8            -1.953185,52.66384,150.8            -1.953201,52.663851,150.8            -1.953215,52.663859,150.8            -1.953232,52.663866,150.8            -1.953251,52.663874,151            -1.95327,52.663881,151.2            -1.953289,52.663889,151.2            -1.953304,52.663894,151.2            -1.953321,52.663898,151.2            -1.953338,52.663905,151.2            -1.953359,52.663914,151.2            -1.953376,52.663924,151.2            -1.953386,52.663939,151            -1.953398,52.663948,151            -1.953414,52.663958,151            -1.953432,52.663966,151            -1.953447,52.663974,151            -1.953458,52.663981,151            -1.953474,52.663992,151            -1.953488,52.664001,151            -1.953502,52.664008,151.2            -1.953514,52.664015,151.2            -1.953529,52.664023,151.2            -1.953544,52.664031,151            -1.953558,52.664039,151            -1.953573,52.664048,151            -1.953586,52.664055,151            -1.953599,52.664063,151            -1.95361,52.664074,151            -1.95362,52.664084,151            -1.95363,52.66409,151            -1.953639,52.664094,151            -1.953651,52.664096,151            -1.953658,52.664101,151            -1.953662,52.664107,151            -1.953665,52.664114,151            -1.953672,52.66412,151            -1.953678,52.664127,151            -1.953685,52.664135,151            -1.95369,52.664143,151            -1.953697,52.664151,151            -1.953706,52.664161,151            -1.953719,52.664169,151            -1.953733,52.664177,151            -1.953741,52.664181,151            -1.953757,52.664189,151            -1.953769,52.664195,151            -1.953779,52.664203,150.8            -1.95379,52.66421,150.8            -1.953802,52.664217,150.8            -1.95382,52.664227,150.8            -1.953833,52.664238,150.8            -1.95384,52.66425,150.8            -1.953854,52.66426,150.8            -1.953867,52.664274,151            -1.953884,52.664284,151            -1.953904,52.664291,151            -1.95392,52.664302,151            -1.953934,52.664315,151            -1.953948,52.664321,151            -1.953964,52.664326,151            -1.95398,52.664329,151            -1.953995,52.664336,151            -1.954009,52.664341,151            -1.954022,52.664347,151            -1.954033,52.664356,151            -1.954047,52.664369,151            -1.954058,52.664382,151            -1.95407,52.664392,151            -1.954079,52.664404,151            -1.954086,52.664416,151            -1.954096,52.664425,151            -1.954108,52.66443,151            -1.954119,52.664439,151            -1.954129,52.664453,151            -1.954146,52.664461,151            -1.95417,52.664467,151            -1.954192,52.664476,151            -1.954217,52.664484,151            -1.954233,52.664488,151            -1.954249,52.664498,151            -1.954268,52.664507,151            -1.954281,52.664514,151            -1.954292,52.664523,151            -1.954308,52.664538,151            -1.954321,52.664551,151            -1.954335,52.664561,151            -1.954342,52.664569,151            -1.954351,52.664575,151            -1.954365,52.664583,151            -1.954377,52.664588,150.8            -1.954392,52.664593,150.8            -1.954406,52.664601,150.8            -1.95442,52.66461,150.8            -1.954433,52.664617,150.8            -1.954446,52.664624,150.8            -1.954459,52.664629,151            -1.954467,52.664636,151            -1.954475,52.664645,151            -1.954484,52.664656,151            -1.954495,52.664665,150.8            -1.954507,52.664673,150.6            -1.954518,52.664681,150.6            -1.954527,52.664688,150.4            -1.954538,52.664695,150.4            -1.954557,52.664704,150.4            -1.954573,52.664714,150.4            -1.954586,52.664723,150.6            -1.954601,52.664732,150.6            -1.954617,52.664742,150.8            -1.954632,52.664752,150.8            -1.954645,52.664761,151            -1.954664,52.664773,151            -1.954683,52.664783,151            -1.9547,52.66479,151.2            -1.954716,52.6648,151.2            -1.954733,52.664806,151            -1.954749,52.664811,151            -1.954761,52.664818,151            -1.954774,52.664826,151            -1.954787,52.664836,151            -1.954806,52.66485,151            -1.954824,52.664859,151.2            -1.954844,52.664865,151.2            -1.954865,52.66487,151.2            -1.954883,52.664876,151.2            -1.954896,52.664886,151.2            -1.954909,52.664899,151.2            -1.954922,52.664912,151.2            -1.954935,52.664926,151            -1.954945,52.664938,151            -1.954952,52.664948,151            -1.954959,52.664955,151            -1.954966,52.664964,151            -1.954977,52.664974,151            -1.954985,52.664985,151            -1.954995,52.664995,151.2            -1.955013,52.665005,151.2            -1.955033,52.665016,151.2            -1.955049,52.665026,151.2            -1.955062,52.665038,151            -1.955077,52.665048,150.8            -1.95509,52.665058,150.6            -1.955101,52.665066,150.6            -1.955116,52.665074,150.4            -1.955135,52.665083,150.4            -1.955153,52.665092,150.6            -1.95517,52.665101,151            -1.955187,52.665111,151.4            -1.955203,52.665122,151.6            -1.955218,52.665131,151.8            -1.955233,52.66514,152            -1.955246,52.665148,152            -1.955259,52.665156,152            -1.955274,52.665165,151.8            -1.955287,52.665175,151.6            -1.955301,52.665185,151.6            -1.955314,52.665196,151.4            -1.955322,52.665209,151.4            -1.955327,52.665222,151.2            -1.955335,52.665234,151.2            -1.955343,52.665247,151            -1.955349,52.665259,150.8            -1.955357,52.66527,150.6            -1.955364,52.665277,150.4            -1.955371,52.665285,150.4            -1.95538,52.665292,150.4            -1.955388,52.665302,150.6            -1.955399,52.66531,150.8            -1.955416,52.665318,151            -1.955432,52.665326,151.2            -1.955446,52.665335,151.2            -1.955459,52.665348,151.2            -1.955471,52.665363,151.2            -1.955484,52.665378,151.2            -1.955495,52.665389,151            -1.955506,52.665397,151            -1.955515,52.665407,151            -1.955526,52.66542,151            -1.955538,52.665436,151            -1.955548,52.66545,151            -1.955554,52.665463,151.2            -1.955563,52.665476,151.2            -1.95557,52.665489,151.2            -1.955576,52.665501,151.2            -1.95558,52.665515,151.2            -1.955589,52.665529,151            -1.955602,52.665542,151            -1.955612,52.665555,150.8            -1.955622,52.665566,151            -1.955633,52.665577,150.8            -1.955639,52.665588,151            -1.955645,52.665599,151            -1.955655,52.665609,151.2            -1.955666,52.665619,151.2            -1.955675,52.665631,151.2            -1.955682,52.665644,151.2            -1.955684,52.665659,151.2            -1.955679,52.665674,151.2            -1.955679,52.665683,151.2            -1.955685,52.665692,151.2            -1.955691,52.665702,151.4            -1.955698,52.665713,151.4            -1.955703,52.665724,151.4            -1.95571,52.665733,151.4            -1.955717,52.665745,151.4            -1.955725,52.665759,151.4            -1.955732,52.66577,151.4            -1.955741,52.66578,151.4            -1.955749,52.665791,151.4            -1.955754,52.665804,151.2            -1.955755,52.665818,151.4            -1.95576,52.665833,151.4            -1.95577,52.665844,151.4            -1.955772,52.665853,151.4            -1.955769,52.665866,151.4            -1.955767,52.665881,151.4            -1.955772,52.665895,151.4            -1.955776,52.665906,151.2            -1.955778,52.665918,151.2            -1.955784,52.665929,151            -1.955788,52.665942,150.8            -1.955792,52.665953,150.6            -1.955789,52.665963,150.4            -1.955787,52.665976,150.4            -1.955786,52.66599,150.2            -1.955788,52.666002,150.4            -1.955793,52.666014,150.6            -1.955799,52.666023,150.8            -1.955802,52.666035,151            -1.955808,52.666049,151            -1.955813,52.666065,151            -1.955818,52.66608,151            -1.95582,52.666093,151            -1.955821,52.666106,151            -1.955825,52.666121,151            -1.95583,52.666138,151            -1.955837,52.666151,150.8            -1.955847,52.666163,150.8            -1.955855,52.666177,150.8            -1.955865,52.666186,150.8            -1.955875,52.666195,150.8            -1.955885,52.666206,150.8            -1.955897,52.666218,150.8            -1.955906,52.666229,150.8            -1.955915,52.666243,150.8            -1.955923,52.666258,150.8            -1.955927,52.66627,150.8            -1.955934,52.666281,150.8            -1.95594,52.666296,150.8            -1.955944,52.666308,150.6            -1.955954,52.666318,150.6            -1.955962,52.666328,150.6            -1.955969,52.666335,150.8            -1.955976,52.666346,150.8            -1.955983,52.666357,150.8            -1.955991,52.666367,150.8            -1.956001,52.666377,150.8            -1.956009,52.666387,150.8            -1.956017,52.666401,150.8            -1.956026,52.666416,151            -1.956034,52.666431,151.2            -1.956039,52.666447,151.4            -1.956047,52.666462,151.6            -1.956053,52.666475,151.8            -1.956061,52.666485,151.8            -1.956068,52.666494,151.6            -1.956073,52.666506,151.6            -1.956079,52.666517,151.6            -1.956083,52.66653,151.4            -1.956088,52.666543,151.4            -1.956097,52.666555,151.2            -1.956105,52.666567,151.2            -1.956111,52.666578,151.2            -1.95612,52.666589,151            -1.956123,52.666602,151            -1.956128,52.666616,151            -1.956132,52.666629,151            -1.956136,52.666642,151            -1.956139,52.666654,151            -1.956143,52.666665,151            -1.956147,52.666675,151            -1.956149,52.666689,151            -1.956156,52.666699,151            -1.956166,52.666707,151.2            -1.956174,52.666716,151.2            -1.956181,52.666726,151.2            -1.956186,52.666735,151.2            -1.956192,52.666744,151.2            -1.956199,52.666755,151.2            -1.956209,52.666765,151.2            -1.956214,52.666776,151.2            -1.956221,52.666789,151.2            -1.956228,52.666801,151.2            -1.956234,52.666814,151.2            -1.956239,52.666826,151.2            -1.956247,52.666836,151.2            -1.956255,52.666845,151.2            -1.956263,52.666855,151.2            -1.95627,52.666867,151.2            -1.956282,52.666878,151.2            -1.956296,52.66689,151.2            -1.956304,52.666901,151.2            -1.956308,52.666912,151.2            -1.95631,52.666922,151.2            -1.956313,52.666932,151.2            -1.95632,52.666942,151.2            -1.956329,52.666953,151.4            -1.956337,52.666965,151.4            -1.956344,52.666976,151.4            -1.956354,52.666985,151.4            -1.956358,52.666998,151.4            -1.956366,52.66701,151.4            -1.956373,52.667021,151.4            -1.956381,52.667031,151.4            -1.956378,52.667046,151.4            -1.956377,52.66706,151.4            -1.956384,52.66707,151.4            -1.956383,52.667083,151.2            -1.956384,52.667093,151.2            -1.956389,52.667101,151.2            -1.956393,52.667111,151.2            -1.956388,52.667122,151.2            -1.956389,52.667134,151.2            -1.956393,52.667145,151.2            -1.956398,52.667157,151.4            -1.956405,52.667169,151.4            -1.956414,52.66718,151.4            -1.956424,52.667191,151.2            -1.956434,52.667202,151.2            -1.956444,52.667211,151.2            -1.956447,52.667222,151.2            -1.956454,52.667232,151.2            -1.956462,52.667243,151.2            -1.956471,52.667253,151.2            -1.956481,52.667263,151.2            -1.956495,52.667272,151.2            -1.956508,52.667281,151.2            -1.956516,52.667293,151.2            -1.956531,52.667303,151.2            -1.956543,52.667315,151.2            -1.956544,52.667328,151.2            -1.956552,52.66734,151.2            -1.956561,52.66735,151.2            -1.956568,52.667362,151.2            -1.956578,52.667373,151.2            -1.956581,52.667385,151.2            -1.956584,52.667399,151            -1.956589,52.66741,151            -1.956594,52.667422,151            -1.956598,52.667434,151            -1.956595,52.667448,151            -1.956597,52.66746,151            -1.956603,52.667469,151            -1.956604,52.66748,151            -1.956603,52.667493,151            -1.95661,52.667506,151            -1.956617,52.667518,151.2            -1.956626,52.667528,151.2            -1.956633,52.667538,151.2            -1.956641,52.667549,151.2            -1.956646,52.667558,151.2            -1.956649,52.667568,151.2            -1.956653,52.667578,151.2            -1.956659,52.66759,151.2            -1.956662,52.667602,151.2            -1.956668,52.667615,151.2            -1.956675,52.667628,151.2            -1.956683,52.667639,151.2            -1.956686,52.66765,151.2            -1.956686,52.667664,151.2            -1.956694,52.667677,151.2            -1.956702,52.66769,151.2            -1.956709,52.667701,151.2            -1.956716,52.667714,151.2            -1.956723,52.667725,151.2            -1.956728,52.667736,151.2            -1.956733,52.667748,151.2            -1.956736,52.667759,151.2            -1.956742,52.667772,151.2            -1.956752,52.667784,151.2            -1.956761,52.667796,151            -1.956766,52.667808,151            -1.956772,52.667822,151            -1.956775,52.667835,151            -1.956778,52.667847,151            -1.956779,52.667859,151            -1.95678,52.667871,151.2            -1.956781,52.667882,151.2            -1.956786,52.667893,151.2            -1.956794,52.667905,151.2            -1.9568,52.667918,151.4            -1.956805,52.667928,151.4            -1.956808,52.667936,151.4            -1.956814,52.667947,151.4            -1.956818,52.66796,151.4            -1.956824,52.667972,151.4            -1.95683,52.667985,151.2            -1.956836,52.667997,151.2            -1.956844,52.66801,151.2            -1.95685,52.668021,151.2            -1.956853,52.668033,151.2            -1.956854,52.668045,151.2            -1.95686,52.668057,151.4            -1.956864,52.668073,151.4            -1.956873,52.668083,151.4            -1.956885,52.668097,151.4            -1.956892,52.668111,151.4            -1.956894,52.668125,151.6            -1.956899,52.668141,151.4            -1.956906,52.668154,151.4            -1.95691,52.668168,151.4            -1.956913,52.668183,151.6            -1.956916,52.668199,151.6            -1.956926,52.668212,151.6            -1.956932,52.668224,151.8            -1.956937,52.668237,151.8            -1.95694,52.668249,151.8            -1.956943,52.668261,152            -1.956944,52.668272,152            -1.956949,52.668284,152.2            -1.956953,52.668298,152.2            -1.956958,52.668313,152.2            -1.956964,52.668323,152.2            -1.95697,52.668335,152.2            -1.956976,52.668345,152.2            -1.956984,52.668357,152.2            -1.956993,52.668366,152.2            -1.957,52.668374,152            -1.957009,52.668384,152            -1.957015,52.668397,152            -1.95702,52.668411,152            -1.957026,52.668422,152            -1.957034,52.668435,152            -1.957039,52.668448,152            -1.957046,52.668459,152            -1.957052,52.668467,152.2            -1.957055,52.668478,152.2            -1.95706,52.66849,152.2            -1.957066,52.668501,152.2            -1.957074,52.668512,152.2            -1.957084,52.668522,152.2            -1.957093,52.668532,152            -1.957101,52.668544,152            -1.957106,52.668556,151.8            -1.957114,52.668566,151.8            -1.957117,52.668575,151.6            -1.957116,52.668587,151.6            -1.957127,52.668599,151.6            -1.957134,52.668611,151.6            -1.957141,52.668623,151.6            -1.957147,52.668636,151.6            -1.957151,52.66865,151.6            -1.957156,52.668662,151.6            -1.957162,52.668675,151.6            -1.957169,52.668687,151.6            -1.957175,52.668697,151.6            -1.957181,52.668707,151.6            -1.957187,52.668717,151.6            -1.957195,52.668725,151.6            -1.957203,52.668732,151.6            -1.957207,52.66874,151.6            -1.957207,52.668748,151.6            -1.957209,52.668758,151.4            -1.957215,52.668766,151.4            -1.957217,52.668775,151.4            -1.957218,52.668785,151.2            -1.957215,52.668797,151.2            -1.957217,52.668809,151.2            -1.95722,52.668819,151.2            -1.957223,52.668829,151.2            -1.957225,52.668837,151.2            -1.957229,52.668844,151.2            -1.957233,52.668853,151.2            -1.957237,52.668865,151.4            -1.957242,52.668877,151.4            -1.957248,52.668889,151.4            -1.957254,52.668902,151.4            -1.95726,52.668915,151.4            -1.957266,52.668926,151.4            -1.95727,52.668938,151.4            -1.957277,52.668949,151.6            -1.957283,52.668962,151.6            -1.957289,52.668973,151.6            -1.957298,52.668982,151.6            -1.957307,52.668995,151.8            -1.957314,52.669007,151.8            -1.957324,52.66902,151.8            -1.957331,52.669034,151.8            -1.957337,52.669046,151.8            -1.957346,52.669058,151.8            -1.957354,52.669072,151.6            -1.957359,52.669084,151.6            -1.957365,52.669098,151.6            -1.957366,52.66911,151.4            -1.957367,52.669122,151.4            -1.957377,52.669135,151.2            -1.957385,52.669147,151.2            -1.957392,52.669157,151.2            -1.957401,52.669168,151.2            -1.957403,52.669181,151.2            -1.95741,52.669196,151.2            -1.957408,52.669208,151.2            -1.95741,52.669217,151.4            -1.957419,52.669226,151.4            -1.957425,52.669236,151.4            -1.957436,52.669247,151.4            -1.957437,52.669258,151.4            -1.95744,52.66927,151.4            -1.957445,52.669281,151.4            -1.957449,52.669293,151.4            -1.957452,52.669305,151.4            -1.957455,52.669318,151.4            -1.957459,52.669329,151.4            -1.957467,52.669341,151.4            -1.957479,52.669353,151.4            -1.957482,52.669365,151.4            -1.957484,52.669378,151.2            -1.957492,52.66939,151.2            -1.9575,52.669402,151            -1.957505,52.669413,151            -1.957506,52.669422,151            -1.957509,52.669432,151            -1.957513,52.669444,151.2            -1.957516,52.669457,151.2            -1.957523,52.669468,151.4            -1.957527,52.669477,151.8            -1.957529,52.669488,151.8            -1.957534,52.6695,152            -1.957539,52.66951,152            -1.957543,52.669522,152            -1.957548,52.669534,152            -1.957554,52.669544,152            -1.957555,52.669554,152            -1.95756,52.669565,152            -1.957564,52.669576,152            -1.957565,52.669585,152            -1.957559,52.669592,151.8            -1.957559,52.669601,151.8            -1.957559,52.669609,151.6            -1.957563,52.669619,151.6            -1.957567,52.66963,151.6            -1.957568,52.66964,151.6            -1.95757,52.669651,151.6            -1.957578,52.669664,151.6            -1.957584,52.669675,151.6            -1.957589,52.669687,151.6            -1.957595,52.669697,151.6            -1.9576,52.669709,151.6            -1.957608,52.669721,151.6            -1.957619,52.669734,151.6            -1.957629,52.669748,151.6            -1.957638,52.66976,151.6            -1.957645,52.669773,151.6            -1.957653,52.669784,151.6            -1.957659,52.669794,151.6            -1.957672,52.669805,151.6            -1.957681,52.669815,151.6            -1.957685,52.669824,151.6            -1.957692,52.669834,151.6            -1.957701,52.669846,151.6            -1.957696,52.669858,151.6            -1.957698,52.669871,151.6            -1.957703,52.669885,151.6            -1.957703,52.669901,151.6            -1.957703,52.669917,151.4            -1.957711,52.66993,151.4            -1.957714,52.669945,151.4            -1.957717,52.669958,151.4            -1.957723,52.669969,151.4            -1.957729,52.669981,151.6            -1.957734,52.669996,151.8            -1.95774,52.670011,151.8            -1.957744,52.670026,152            -1.957742,52.670041,152.2            -1.957746,52.670055,152.2            -1.95775,52.670071,152.2            -1.957755,52.670085,152.2            -1.95776,52.670098,152.2            -1.957766,52.670111,152.4            -1.957771,52.670125,152.4            -1.957776,52.670138,152.4            -1.957781,52.67015,152.4            -1.957787,52.670162,152.4            -1.957795,52.670173,152.2            -1.957804,52.670185,152            -1.957809,52.670197,152            -1.957811,52.670209,151.8            -1.957812,52.670222,151.8            -1.957817,52.670233,151.8            -1.957823,52.670245,151.8            -1.95783,52.670257,151.6            -1.957837,52.67027,151.6            -1.95785,52.670281,151.6            -1.957856,52.670292,151.4            -1.957855,52.670302,151.4            -1.957856,52.670314,151.4            -1.957862,52.670326,151.2            -1.957869,52.670337,151.2            -1.957877,52.670347,151.2            -1.957884,52.670358,151.2            -1.957893,52.670368,151.2            -1.957908,52.670378,151.2            -1.957913,52.670388,151.2            -1.957919,52.670398,151.4            -1.957922,52.67041,151.4            -1.957922,52.670424,151.4            -1.957931,52.670435,151.4            -1.957942,52.670443,151.6            -1.957951,52.67045,151.6            -1.957957,52.670461,151.6            -1.957969,52.67047,151.6            -1.957978,52.670481,151.6            -1.957986,52.670493,151.6            -1.957983,52.670505,151.6            -1.957985,52.670519,151.6            -1.95799,52.670535,151.4            -1.957989,52.670553,151.4            -1.957992,52.670564,151.4            -1.957995,52.670574,151.4            -1.958002,52.670588,151.4            -1.958012,52.670603,151.4            -1.958016,52.67062,151.4            -1.958022,52.670635,151.2            -1.958032,52.670651,151.4            -1.958042,52.670666,151.4            -1.958045,52.670679,151.6            -1.958051,52.670693,152            -1.95806,52.670705,152.2            -1.958064,52.670715,152.2            -1.958071,52.670726,152.4            -1.958077,52.670736,152.4            -1.958083,52.670745,152.2            -1.958091,52.670755,152.2            -1.958099,52.670768,152.2            -1.958107,52.670783,152.2            -1.958113,52.670796,152.2            -1.958114,52.67081,152.2            -1.958117,52.670824,152.2            -1.958126,52.670838,152.2            -1.958134,52.670851,152.2            -1.95814,52.670864,152.2            -1.958142,52.670878,152.2            -1.958151,52.670894,152.2            -1.958156,52.670909,152            -1.958165,52.670924,152            -1.95817,52.670936,151.8            -1.958175,52.670947,151.8            -1.958181,52.67096,151.8            -1.95819,52.670971,151.8            -1.958198,52.670982,151.6            -1.958202,52.670993,151.6            -1.958209,52.671005,151.4            -1.958214,52.671016,151.4            -1.95822,52.671026,151.4            -1.958226,52.671035,151.4            -1.958234,52.671043,151.4            -1.958238,52.671052,151.4            -1.958245,52.671058,151.4            -1.95825,52.671063,151.4            -1.958255,52.67107,151.4            -1.95826,52.671079,151.4            -1.958265,52.671088,151.2            -1.958272,52.6711,151.2            -1.958279,52.671111,151.2            -1.958286,52.67112,151.2            -1.95829,52.671128,151.2            -1.958295,52.671138,151.2            -1.958299,52.671145,151.2            -1.958305,52.671152,151.2            -1.958312,52.671158,151.2            -1.958317,52.671166,151.2            -1.958323,52.671174,151.2            -1.958329,52.671184,151.2            -1.958335,52.671198,151.2            -1.958343,52.671213,151.4            -1.958353,52.671228,151.4            -1.958362,52.671243,151.4            -1.95837,52.671253,151.4            -1.958378,52.671263,151.4            -1.95839,52.671274,151.4            -1.958403,52.671287,151.6            -1.958416,52.671301,151.6            -1.958429,52.671312,151.6            -1.958437,52.671326,151.6            -1.958449,52.671342,151.6            -1.958462,52.671356,151.6            -1.958468,52.671369,151.6            -1.958476,52.671381,151.4            -1.958481,52.671392,151.4            -1.958482,52.671406,151.4            -1.958486,52.671422,151.4            -1.958492,52.671437,151.4            -1.958498,52.671451,151.4            -1.958503,52.671467,151.2            -1.958508,52.67148,151.2            -1.958512,52.671493,151.2            -1.958519,52.671504,151.2            -1.958528,52.671513,151.2            -1.958531,52.671524,151.2            -1.958535,52.671532,151.2            -1.958541,52.67154,151.2            -1.958546,52.671552,151.2            -1.958553,52.671564,151.2            -1.95856,52.671577,151.2            -1.958565,52.671589,151.2            -1.958571,52.671601,151.4            -1.958578,52.67161,151.4            -1.958579,52.671621,151.4            -1.958582,52.671629,151.4            -1.958586,52.671638,151.2            -1.95859,52.671654,151            -1.958593,52.67167,150.8            -1.958595,52.671684,150.6            -1.958595,52.671697,150.4            -1.958596,52.671709,150.2            -1.958598,52.671718,150.2            -1.958599,52.671724,150.2            -1.958604,52.671728,150.2            -1.958605,52.671734,150.2            -1.958608,52.671742,150.4            -1.958612,52.671751,150.4            -1.958615,52.671762,150.4            -1.95862,52.671773,150.6            -1.958626,52.671785,150.8            -1.958629,52.671798,151.2            -1.958637,52.671813,151.4            -1.958644,52.671827,151.6            -1.958648,52.671841,151.4            -1.958653,52.671856,151.4            -1.95866,52.671868,151.2            -1.958667,52.671881,151            -1.958672,52.671898,151            -1.958676,52.671917,150.8            -1.958676,52.671945,150.8            -1.958679,52.671969,150.8            -1.958683,52.671989,150.8            -1.958686,52.672005,150.8            -1.95869,52.672021,151            -1.958691,52.672033,151.2            -1.958694,52.672047,151.2            -1.958697,52.67206,151.4            -1.958703,52.672072,151.4            -1.958706,52.672086,151.6            -1.958707,52.672101,151.6            -1.958706,52.672116,151.6            -1.958705,52.672131,151.8            -1.958708,52.672145,151.6            -1.958708,52.672157,151.6            -1.958707,52.672169,151.6            -1.958705,52.67218,151.6            -1.958706,52.672194,151.6            -1.958706,52.672206,151.6            -1.958711,52.672212,151.6            -1.958715,52.672221,151.6            -1.958718,52.672234,151.6            -1.958716,52.672249,151.4            -1.958714,52.672264,151.4            -1.958711,52.672278,151.4            -1.95871,52.67229,151.4            -1.958708,52.672303,151.4            -1.958706,52.672314,151.4            -1.958702,52.672326,151.4            -1.958697,52.672338,151.4            -1.958693,52.672349,151.4            -1.958688,52.672359,151.4            -1.958684,52.672371,151.2            -1.958682,52.672382,151.2            -1.958681,52.672394,151.2            -1.958675,52.672408,151            -1.958668,52.672419,151            -1.958664,52.672428,151            -1.958659,52.672439,151            -1.958655,52.672449,151            -1.958652,52.67246,151            -1.958646,52.672472,151            -1.958638,52.672483,151            -1.958632,52.672495,151            -1.958626,52.672506,151            -1.958624,52.672519,151            -1.95862,52.672532,151.2            -1.958613,52.672542,151.2            -1.958604,52.672553,151.2            -1.9586,52.672565,151            -1.958594,52.672577,151            -1.958588,52.672588,151            -1.95858,52.672599,151            -1.958573,52.672612,151            -1.958567,52.672625,151            -1.958562,52.672639,150.8            -1.958551,52.672649,150.8            -1.958546,52.672657,150.8            -1.958532,52.672664,150.6            -1.958526,52.67267,150.6            -1.95852,52.672678,150.6            -1.958514,52.672689,150.6            -1.958506,52.672701,150.6            -1.958503,52.672711,150.6            -1.958498,52.67272,150.8            -1.95849,52.672731,150.8            -1.958484,52.672743,150.8            -1.958477,52.672754,150.8            -1.958474,52.672764,150.8            -1.958468,52.672776,150.8            -1.958461,52.672788,150.8            -1.958457,52.672799,150.8            -1.958453,52.67281,150.8            -1.958448,52.672822,150.8            -1.958444,52.672833,150.8            -1.958441,52.672845,151            -1.958439,52.672855,151            -1.958436,52.672865,151            -1.958432,52.672876,151            -1.958431,52.672888,151            -1.958428,52.672899,151            -1.958424,52.672911,151            -1.958421,52.672921,151            -1.958416,52.672932,151            -1.958415,52.672943,151.2            -1.958412,52.672954,151.2            -1.958408,52.672966,151.2            -1.958407,52.672976,151.2            -1.958402,52.672985,151.2            -1.958397,52.672995,151.2            -1.958392,52.673004,151.2            -1.958387,52.673017,151.2            -1.958378,52.67303,151            -1.958373,52.673041,151            -1.958359,52.673053,151            -1.95835,52.673065,151            -1.958339,52.673077,151            -1.958323,52.673089,151            -1.958309,52.673103,151.2            -1.958293,52.673117,151            -1.958286,52.67313,151            -1.958274,52.673141,151            -1.958261,52.673149,151            -1.958252,52.67316,150.8            -1.958245,52.673171,151            -1.958234,52.673183,151            -1.958223,52.673194,151            -1.958214,52.673207,151            -1.958206,52.673218,151            -1.958199,52.67323,151            -1.95819,52.673241,151            -1.95818,52.673251,151            -1.958167,52.673262,151            -1.958156,52.673273,151            -1.958149,52.673286,151            -1.958138,52.673297,151            -1.958129,52.673308,151            -1.958122,52.673318,150.8            -1.958113,52.67333,150.8            -1.958108,52.673342,150.8            -1.958105,52.673355,150.8            -1.958101,52.673368,150.8            -1.958096,52.67338,150.8            -1.958092,52.673392,150.8            -1.958083,52.673403,150.8            -1.958077,52.673415,150.6            -1.958073,52.673425,150.6            -1.958067,52.673436,150.6            -1.95806,52.673447,150.6            -1.958052,52.673459,150.6            -1.958046,52.673472,150.6            -1.958041,52.673483,150.6            -1.958038,52.673495,150.6            -1.958034,52.673506,150.6            -1.958028,52.673517,150.6            -1.958021,52.673527,150.8            -1.958016,52.673538,150.8            -1.958011,52.673548,150.8            -1.958007,52.67356,151            -1.958002,52.673571,151            -1.957996,52.673581,151            -1.957988,52.67359,151            -1.957979,52.6736,151            -1.957968,52.673613,151            -1.957959,52.673625,150.8            -1.957957,52.673633,150.6            -1.957952,52.673644,150.6            -1.957947,52.673654,150.6            -1.957938,52.673663,150.6            -1.957927,52.673674,151            -1.957923,52.673683,151.2            -1.957921,52.673694,151.4            -1.95792,52.673707,151.6            -1.957918,52.673718,151.6            -1.957913,52.67373,151.6            -1.957909,52.67374,151.8            -1.957906,52.67375,151.8            -1.957901,52.67376,151.8            -1.957898,52.673769,151.8            -1.957891,52.673781,151.8            -1.957885,52.673794,151.8            -1.95788,52.673806,151.8            -1.957874,52.673817,151.6            -1.957865,52.673827,151.8            -1.957855,52.673839,151.8            -1.957847,52.673851,151.8            -1.957837,52.673863,151.8            -1.957826,52.673875,151.8            -1.957815,52.673887,151.8            -1.957809,52.673897,151.8            -1.957801,52.673908,151.8            -1.957793,52.67392,151.8            -1.957783,52.673932,151.6            -1.957776,52.673944,151.6            -1.957769,52.673955,151.6            -1.957759,52.673969,151.6            -1.957744,52.673983,151.4            -1.957733,52.673995,151.4            -1.957725,52.674004,151.4            -1.957715,52.674013,151.4            -1.957702,52.674021,151.4            -1.957693,52.674027,151.4            -1.957683,52.674035,151.4            -1.957676,52.674043,151.4            -1.957667,52.67405,151.6            -1.957662,52.674059,151.8            -1.957657,52.674071,151.8            -1.957649,52.674083,152            -1.95764,52.674095,152            -1.957634,52.674104,152.2            -1.957627,52.674111,152.2            -1.957624,52.674121,152.2            -1.957621,52.674135,152.2            -1.957617,52.674145,152.2            -1.957613,52.674154,152.2            -1.957607,52.674164,152.2            -1.957602,52.674174,152.2            -1.957598,52.674185,152.4            -1.957592,52.674198,152.4            -1.95758,52.67421,152.4            -1.957567,52.674223,152.2            -1.957554,52.674235,152.2            -1.957543,52.674247,152            -1.957537,52.674258,152            -1.957528,52.67427,151.8            -1.957513,52.67428,151.8            -1.957502,52.674291,151.6            -1.957492,52.674299,151.6            -1.957481,52.674308,151.6            -1.957468,52.674317,151.6            -1.957454,52.674326,151.6            -1.957442,52.674335,151.6            -1.957428,52.674346,151.6            -1.957421,52.674357,151.6            -1.957416,52.674364,151.6            -1.95741,52.674372,151.6            -1.9574,52.674379,151.6            -1.957387,52.674386,151.8            -1.957375,52.674395,151.8            -1.957361,52.674406,151.8            -1.957349,52.674415,151.8            -1.957341,52.674425,151.8            -1.957329,52.674434,152            -1.957313,52.674443,151.8            -1.957301,52.674452,151.8            -1.957292,52.67446,151.8            -1.95728,52.674467,151.6            -1.957267,52.674475,151.6            -1.957256,52.674484,151.6            -1.957238,52.674492,151.6            -1.957223,52.674499,151.6            -1.957212,52.674505,151.6            -1.957205,52.674512,151.6            -1.9572,52.674518,151.6            -1.957198,52.674522,151.6            -1.957191,52.674532,151.6            -1.957186,52.674539,151.6            -1.957178,52.674547,151.8            -1.957174,52.674559,151.8            -1.957164,52.67457,152            -1.957157,52.674577,152            -1.957149,52.674586,152.2            -1.957136,52.674594,152.4            -1.957121,52.674602,152.6            -1.957102,52.674611,152.6            -1.957088,52.674617,152.8            -1.957074,52.67463,153            -1.957062,52.674643,153            -1.957053,52.674655,153.2            -1.95703,52.674663,153.4            -1.957011,52.674672,153.4            -1.956997,52.674679,153.6            -1.956986,52.674687,153.4            -1.956976,52.674695,153.4            -1.956967,52.674703,153.4            -1.956956,52.674712,153.4            -1.956944,52.674721,153.4            -1.956934,52.67473,153.4            -1.956923,52.674739,153.4            -1.95691,52.674747,153.4            -1.956894,52.674753,153.6            -1.956877,52.674759,153.6            -1.956861,52.674764,153.6            -1.956835,52.674767,153.6            -1.956814,52.67477,153.6            -1.956783,52.674771,153.6            -1.95676,52.674774,153.4            -1.956737,52.674772,153.4            -1.956715,52.674766,153.2            -1.956694,52.674752,153            -1.956673,52.674737,152.8            -1.95665,52.674727,152.8            -1.956627,52.67472,152.6            -1.956605,52.674717,152.8            -1.956579,52.674714,153            -1.956564,52.674714,153            -1.956545,52.674714,153.2            -1.956519,52.674712,153.2            -1.956494,52.674712,153.4            -1.956475,52.674711,153.4            -1.956457,52.67471,153.4            -1.956441,52.674709,153.2            -1.956425,52.674711,153.2            -1.956408,52.674714,153.2            -1.956388,52.674717,153            -1.956369,52.674718,153            -1.956351,52.674721,153            -1.956334,52.674722,153            -1.956318,52.674721,152.8            -1.956307,52.674718,152.8            -1.956304,52.67471,152.8            -1.956308,52.674704,152.6            -1.956314,52.674702,152.6            -1.956316,52.6747,152.4            -1.956312,52.674697,152.2            -1.956305,52.674698,152.2            -1.956295,52.674701,152            -1.95628,52.674705,152            -1.956263,52.67471,152.2            -1.956246,52.674715,152.4            -1.956228,52.674724,152.4            -1.956209,52.674732,152.6            -1.956189,52.674738,152.6            -1.956171,52.674744,152.6            -1.956153,52.67475,152.6            -1.956133,52.674757,152.6            -1.956116,52.674759,152.6            -1.956098,52.67476,152.6            -1.95608,52.674761,152.6            -1.956064,52.67476,152.6            -1.956046,52.674756,152.6            -1.956025,52.674752,152.8            -1.956003,52.674751,152.8            -1.955978,52.674749,152.8            -1.95595,52.674745,152.8            -1.955925,52.67474,152.8            -1.955906,52.674742,153            -1.955886,52.674739,153            -1.955871,52.674733,153            -1.95585,52.674731,153            -1.955827,52.674728,153            -1.955805,52.674727,153            -1.955781,52.674725,153            -1.955758,52.674723,153            -1.955734,52.674721,153.2            -1.95571,52.674721,153.2            -1.955686,52.674721,153.2            -1.955662,52.674722,153.2            -1.95564,52.674724,153.2            -1.955617,52.674722,153.4            -1.955601,52.674717,153.4            -1.955585,52.67472,153.4            -1.955564,52.674725,153.4            -1.955545,52.674722,153.4            -1.955534,52.674717,153.4            -1.955521,52.674712,153.4            -1.955504,52.674707,153.2            -1.955486,52.674706,153            -1.955468,52.674702,152.8            -1.955451,52.674698,152.6            -1.95543,52.674695,152.6            -1.955411,52.674692,152.4            -1.955393,52.674692,152.4            -1.955374,52.674693,152.6            -1.955358,52.674696,152.6            -1.955341,52.674699,152.6            -1.955324,52.674701,152.6            -1.955309,52.674704,152.8            -1.955296,52.674707,152.8            -1.955287,52.674708,153            -1.955278,52.67471,153            -1.955265,52.67471,153            -1.955248,52.674712,153            -1.955231,52.67471,153            -1.955214,52.67471,153            -1.955194,52.674707,153            -1.955173,52.674701,153            -1.955153,52.674699,152.8            -1.955132,52.6747,152.8            -1.955111,52.674698,152.8            -1.955093,52.674694,152.8            -1.955075,52.674688,152.8            -1.955055,52.674681,152.8            -1.955032,52.674677,153            -1.955007,52.674673,153            -1.954983,52.674672,153            -1.954962,52.674672,153            -1.954944,52.67467,153            -1.954927,52.674669,153.2            -1.954908,52.674669,153.2            -1.954889,52.674669,153            -1.95487,52.674668,152.8            -1.95486,52.674666,152.6            -1.954844,52.674665,152.4            -1.954827,52.674663,152.2            -1.954811,52.674661,152.2            -1.954793,52.674661,152.2            -1.954775,52.67466,152.2            -1.954758,52.67466,152            -1.954739,52.674659,152            -1.954721,52.674659,152            -1.954701,52.674662,152            -1.954683,52.674667,152.2            -1.954665,52.674672,152.4            -1.954647,52.674678,152.6            -1.954633,52.674682,152.6            -1.954617,52.674684,152.8            -1.954601,52.674688,152.8            -1.954587,52.674691,152.8            -1.954572,52.67469,152.8            -1.954552,52.674694,152.8            -1.954531,52.674694,152.8            -1.954513,52.674694,152.8            -1.954494,52.674693,152.8            -1.954479,52.674695,152.6            -1.954467,52.674697,152.4            -1.954451,52.674698,152.4            -1.954432,52.674698,152.4            -1.954413,52.674699,152.6            -1.954397,52.6747,152.6            -1.954378,52.674701,152.6            -1.954353,52.674704,152.8            -1.95433,52.674705,152.8            -1.95431,52.67471,152.8            -1.95429,52.674716,153            -1.954271,52.674719,153            -1.954254,52.674722,153.2            -1.954234,52.674719,153.2            -1.954217,52.674716,153.2            -1.954198,52.674717,153.2            -1.954182,52.67472,153            -1.954162,52.674726,153            -1.954141,52.674733,153            -1.954119,52.674742,153.2            -1.954099,52.674751,153.2            -1.954083,52.674757,153.4            -1.954067,52.674761,153.4            -1.95405,52.674765,153.4            -1.954033,52.674769,153.6            -1.954018,52.674771,153.4            -1.954003,52.674775,153.4            -1.953985,52.674779,153.4            -1.953968,52.67478,153.4            -1.953949,52.674781,153.4            -1.953932,52.674785,153.4            -1.953916,52.674788,153.4            -1.953899,52.674792,153.4            -1.953882,52.674799,153.4            -1.953866,52.674804,153.4            -1.953848,52.674808,153.4            -1.953829,52.674811,153.4            -1.95381,52.674816,153.4            -1.95379,52.674822,153.4            -1.953771,52.674827,153.6            -1.953757,52.674833,153.6            -1.953743,52.674837,153.6            -1.953728,52.674843,153.6            -1.953711,52.674848,153.6            -1.953694,52.674854,153.6            -1.953678,52.674862,153.6            -1.953662,52.674867,153.8            -1.953647,52.674869,153.8            -1.953631,52.674869,153.8            -1.95361,52.674867,153.8            -1.953586,52.674866,153.8            -1.953563,52.674865,153.8            -1.953544,52.674868,153.8            -1.953523,52.674871,153.8            -1.953504,52.674876,153.6            -1.953488,52.674878,153.6            -1.953474,52.674879,153.8            -1.953458,52.674883,153.8            -1.953441,52.674886,153.8            -1.95342,52.674891,154            -1.953399,52.674895,154            -1.953376,52.674898,153.8            -1.953353,52.6749,153.8            -1.95333,52.674903,153.8            -1.953311,52.674903,153.8            -1.953295,52.674903,153.8            -1.953282,52.674905,153.8            -1.953264,52.674902,153.6            -1.953244,52.674901,153.6            -1.953225,52.674898,153.6            -1.953205,52.674897,153.6            -1.953186,52.674897,153.6            -1.953169,52.674897,153.6            -1.953153,52.674901,153.6            -1.953132,52.674905,153.6            -1.95311,52.674909,153.8            -1.95309,52.674912,153.8            -1.95307,52.674914,153.8            -1.953051,52.674915,153.8            -1.953033,52.674917,153.8            -1.953017,52.67492,153.8            -1.952998,52.674922,153.6            -1.952976,52.674924,153.6            -1.952953,52.674926,153.4            -1.952937,52.674933,153.4            -1.952921,52.674938,153.4            -1.952904,52.674942,153.4            -1.952891,52.674946,153.6            -1.952879,52.674951,153.8            -1.952862,52.674958,154            -1.952843,52.674963,154            -1.952825,52.674967,154            -1.95281,52.674971,154            -1.952794,52.674978,154            -1.952777,52.674982,154            -1.952756,52.674985,154            -1.952738,52.674992,154            -1.952721,52.674998,154            -1.952704,52.675,154.2            -1.952687,52.675001,154.2            -1.952671,52.675004,154.2            -1.952656,52.675007,154.2            -1.952639,52.675012,154.2            -1.952622,52.675015,154.2            -1.952605,52.67502,154.2            -1.952589,52.675025,154.2            -1.952574,52.675029,154.2            -1.952558,52.675033,154.4            -1.952539,52.675037,154.4            -1.952519,52.675042,154.4            -1.952496,52.675044,154.4            -1.95247,52.675045,154.4            -1.952449,52.675049,154.4            -1.952432,52.675055,154.6            -1.952414,52.675055,154.6            -1.952394,52.675057,154.6            -1.952379,52.675062,154.6            -1.952366,52.675066,154.8            -1.952352,52.675068,154.8            -1.952338,52.67507,155            -1.952323,52.675071,155            -1.952305,52.675072,155            -1.952286,52.675074,155.2            -1.952267,52.675077,155.2            -1.95225,52.675078,155.2            -1.952232,52.675078,155.4            -1.952214,52.675081,155.4            -1.952196,52.675083,155.4            -1.952176,52.675084,155.4            -1.952154,52.675086,155.6            -1.952134,52.675088,155.6            -1.952113,52.675089,155.6            -1.952094,52.675092,155.8            -1.952077,52.675093,155.8            -1.952061,52.675094,156            -1.952042,52.675095,156            -1.952023,52.675099,156            -1.952004,52.675102,156            -1.951986,52.675106,156            -1.951967,52.675111,156.2            -1.951949,52.675117,156.2            -1.951932,52.675124,156.2            -1.951913,52.67513,156.4            -1.951895,52.675133,156.6            -1.951876,52.675136,156.6            -1.95186,52.675138,156.8            -1.951843,52.675142,156.8            -1.951827,52.675144,156.8            -1.951812,52.675146,156.8            -1.951795,52.675152,157            -1.951781,52.675158,157            -1.951764,52.675161,157            -1.951746,52.675164,157            -1.951727,52.675167,157            -1.951711,52.675173,157            -1.951695,52.67518,157            -1.951679,52.675186,157            -1.951661,52.67519,157.2            -1.951645,52.675195,157.2            -1.951628,52.675196,157.4            -1.951612,52.6752,157.4            -1.951598,52.675203,157.6            -1.951585,52.675206,157.6            -1.951574,52.675209,157.8            -1.95156,52.675213,157.8            -1.951546,52.675219,157.8            -1.95153,52.675223,157.8            -1.951513,52.675229,157.8            -1.951495,52.675233,158            -1.951476,52.675237,158            -1.951456,52.675241,158            -1.951439,52.675243,158            -1.951419,52.675246,158            -1.951399,52.675249,158            -1.951379,52.675252,158            -1.951359,52.675255,158            -1.951335,52.675259,158            -1.951311,52.675262,158            -1.951293,52.675266,158            -1.951275,52.675269,158            -1.951258,52.675272,158            -1.95124,52.675274,158.2            -1.951225,52.675277,158.2            -1.951208,52.675279,158.2            -1.951192,52.675283,158.2            -1.951176,52.675286,158.2            -1.951156,52.675288,158.4            -1.951136,52.675292,158.4            -1.951116,52.675296,158.4            -1.951094,52.675301,158.4            -1.951073,52.675301,158.6            -1.95105,52.6753,158.6            -1.951024,52.675299,158.8            -1.950996,52.675298,159            -1.95097,52.675296,159.2            -1.950945,52.675294,159.2            -1.950924,52.675297,159.2            -1.950901,52.675301,159.4            -1.95088,52.67531,159.4            -1.950863,52.675316,159.4            -1.950843,52.675319,159.4            -1.950824,52.675321,159.4            -1.950812,52.675324,159.2            -1.950798,52.675325,159.2            -1.950781,52.675327,159            -1.950764,52.675329,158.8            -1.950748,52.675332,158.6            -1.950727,52.675332,158.6            -1.950708,52.675334,158.6            -1.950688,52.675333,158.6            -1.950672,52.67533,158.6            -1.950661,52.675332,158.6            -1.950647,52.675334,158.6            -1.95063,52.675333,158.8            -1.950612,52.675335,159            -1.950595,52.675333,159.2            -1.950581,52.675331,159.2            -1.950566,52.675332,159.4            -1.950547,52.675334,159.4            -1.950523,52.675335,159.4            -1.950497,52.675336,159.4            -1.950472,52.675337,159.4            -1.950451,52.675336,159.4            -1.950433,52.675335,159.4            -1.950414,52.675335,159.6            -1.950395,52.675335,159.6            -1.950374,52.675332,159.6            -1.950353,52.675328,159.6            -1.950332,52.675326,159.6            -1.95031,52.675328,159.8            -1.950289,52.67533,159.8            -1.950269,52.675331,160            -1.95025,52.675333,160            -1.950232,52.675337,160.2            -1.95021,52.675339,160.4            -1.950187,52.675341,160.4            -1.950168,52.675345,160.6            -1.950151,52.67535,160.8            -1.950133,52.675355,160.8            -1.950115,52.675359,160.6            -1.950099,52.675361,160.6            -1.950083,52.675362,160.6            -1.950067,52.675365,160.6            -1.950053,52.675369,160.6            -1.950039,52.675374,160.6            -1.950023,52.675375,160.6            -1.950006,52.675376,160.6            -1.949988,52.675376,160.8            -1.949971,52.675372,160.8            -1.949951,52.675367,160.8            -1.949931,52.675362,160.8            -1.949912,52.675356,160.8            -1.949891,52.675352,160.8            -1.949867,52.675355,160.8            -1.949847,52.675354,160.8            -1.949829,52.675351,160.8            -1.94981,52.675356,160.8            -1.949793,52.67536,160.8            -1.949776,52.675359,160.6            -1.949756,52.67536,160.6            -1.949731,52.675361,160.6            -1.949711,52.675364,160.4            -1.949695,52.675366,160.4            -1.949675,52.675369,160.4            -1.949653,52.675371,160.4            -1.949631,52.675375,160.4            -1.94961,52.675375,160.2            -1.949587,52.675377,160.2            -1.949566,52.675378,160.2            -1.949546,52.675379,160.2            -1.949528,52.675379,160.2            -1.949512,52.67538,160.2            -1.949493,52.675379,160.2            -1.949474,52.67538,160.2            -1.949455,52.675381,160            -1.949434,52.675383,160            -1.949417,52.675384,159.8            -1.949405,52.675385,159.8            -1.949388,52.675386,159.8            -1.94937,52.675392,159.8            -1.949352,52.675398,159.8            -1.949333,52.675403,159.6            -1.949312,52.675406,159.6            -1.94929,52.675408,159.6            -1.94927,52.675411,159.6            -1.949251,52.675416,159.4            -1.949233,52.675422,159.4            -1.949214,52.675429,159.4            -1.949196,52.675436,159.4            -1.949177,52.675441,159.4            -1.949158,52.675444,159.6            -1.949141,52.675449,159.6            -1.949122,52.675451,159.6            -1.949112,52.675454,159.6            -1.949097,52.675454,159.4            -1.949083,52.675457,159.2            -1.949064,52.675457,159.2            -1.949044,52.675458,159.2            -1.949023,52.675456,159            -1.949001,52.675454,159.2            -1.948979,52.675456,159.2            -1.948962,52.675461,159.2            -1.948942,52.675464,159.2            -1.948918,52.675465,159            -1.948895,52.675466,159            -1.948872,52.675467,159            -1.948854,52.675469,159            -1.948838,52.675472,159            -1.948821,52.675475,159            -1.948803,52.675479,159            -1.948784,52.67548,159            -1.948763,52.675483,159            -1.948744,52.675487,159            -1.948723,52.675486,159            -1.948702,52.675486,159            -1.948685,52.675489,159            -1.948667,52.675495,159            -1.948651,52.675498,159            -1.948633,52.675503,159            -1.948618,52.675512,159            -1.948604,52.67552,159.2            -1.948587,52.675529,159.2            -1.948568,52.675537,159.2            -1.94855,52.675544,159.4            -1.948531,52.675549,159.4            -1.948513,52.675553,159.4            -1.948496,52.675559,159.6            -1.948475,52.675563,159.6            -1.948455,52.675567,159.6            -1.948435,52.675573,159.6            -1.948415,52.675579,159.6            -1.948399,52.675584,159.8            -1.948384,52.67559,159.8            -1.948365,52.675596,159.8            -1.948349,52.675598,159.8            -1.948332,52.675601,159.6            -1.948313,52.675608,159.6            -1.948296,52.675613,159.6            -1.948276,52.675617,159.6            -1.948256,52.675622,159.4            -1.948233,52.67563,159.4            -1.948216,52.675634,159.4            -1.948198,52.675637,159.4            -1.948182,52.675641,159.4            -1.948166,52.675644,159.4            -1.948149,52.67565,159.4            -1.948132,52.675656,159.4            -1.948112,52.675661,159.4            -1.948094,52.675666,159.2            -1.948078,52.67567,159.2            -1.948061,52.675675,159.2            -1.948045,52.675676,159.2            -1.948028,52.675678,159.2            -1.948013,52.67568,159            -1.947998,52.675683,159            -1.947983,52.675685,159            -1.947968,52.67569,158.8            -1.94795,52.675695,158.8            -1.947936,52.675701,158.8            -1.947922,52.675706,158.8            -1.947908,52.675712,158.8            -1.947895,52.675713,158.8            -1.947883,52.675718,158.6            -1.947867,52.675723,158.6            -1.947853,52.675729,158.6            -1.947838,52.675733,158.6            -1.947823,52.675736,158.6            -1.947808,52.67574,158.6            -1.947791,52.675744,158.6            -1.947767,52.675746,158.4            -1.947749,52.675747,158.2            -1.947738,52.675751,158.2            -1.947725,52.675756,158.2            -1.947709,52.675762,158            -1.947695,52.675767,158            -1.947682,52.675773,158            -1.94767,52.67578,157.8            -1.947658,52.675786,157.8            -1.947645,52.675792,157.8            -1.947632,52.6758,157.8            -1.947616,52.675807,157.6            -1.947599,52.675814,157.6            -1.947579,52.675821,157.6            -1.94756,52.675828,157.4            -1.947541,52.675835,157.4            -1.947521,52.675846,157.2            -1.9475,52.675855,157.2            -1.947481,52.675865,157.2            -1.947465,52.675873,157.2            -1.94745,52.675882,157.2            -1.947434,52.675891,157.2            -1.947419,52.6759,157.2            -1.947402,52.675909,157.4            -1.947389,52.675916,157.4            -1.947375,52.675922,157.4            -1.947359,52.675929,157.2            -1.947345,52.675936,157.2            -1.94733,52.675943,157.2            -1.947312,52.675949,157            -1.947295,52.675953,157            -1.947277,52.675957,156.8            -1.947259,52.675962,156.6            -1.947241,52.675967,156.6            -1.947225,52.675972,156.6            -1.94721,52.675978,156.4            -1.947191,52.675984,156.4            -1.947175,52.675988,156.2            -1.947156,52.675988,156            -1.947137,52.675992,156            -1.947113,52.675994,156            -1.947087,52.675994,155.8            -1.947064,52.675994,155.8            -1.947043,52.675991,155.8            -1.947026,52.675994,155.6            -1.947012,52.675996,155.6            -1.946998,52.675991,155.6            -1.94699,52.675986,155.4            -1.946983,52.675978,155.2            -1.94698,52.675971,155.2            -1.946984,52.675967,155            -1.946987,52.675966,154.8            -1.946985,52.675965,154.8            -1.946982,52.675964,154.8            -1.946972,52.675962,154.8            -1.946949,52.675957,154.8            -1.946925,52.675953,154.8            -1.946903,52.67595,154.8            -1.946883,52.675945,154.8            -1.946862,52.675938,154.8            -1.946841,52.675932,155            -1.946821,52.675925,155            -1.946801,52.675917,155            -1.946785,52.675907,155            -1.946767,52.675899,155            -1.946749,52.675889,155.2            -1.946732,52.675885,155.2            -1.946716,52.675884,155.2            -1.946699,52.67588,155            -1.946685,52.675876,155            -1.946672,52.675871,155            -1.946658,52.675868,154.8            -1.946643,52.675866,154.8            -1.946629,52.675861,154.8            -1.946615,52.675855,155            -1.9466,52.675854,155            -1.946589,52.675853,155            -1.946581,52.675855,155            -1.946573,52.675859,155            -1.94657,52.675867,155            -1.946568,52.675876,155            -1.946566,52.675887,155            -1.946561,52.675901,155            -1.946556,52.675911,155            -1.946551,52.675923,155            -1.946546,52.675931,155            -1.946539,52.675938,155.2            -1.946529,52.67594,155.2            -1.946519,52.675946,155.2            -1.946506,52.675953,155.2            -1.946489,52.675957,155.2            -1.946472,52.675957,155.2            -1.946455,52.67596,155.2            -1.946432,52.675961,155.2            -1.946408,52.675958,155.2            -1.946384,52.675954,155.2            -1.946362,52.675951,155.2            -1.946338,52.675948,155            -1.946314,52.675946,155            -1.946287,52.675943,155            -1.946267,52.675941,155            -1.946248,52.675939,155            -1.946227,52.675937,154.8            -1.946206,52.675933,154.8            -1.946187,52.675926,154.8            -1.946165,52.675919,154.8            -1.946143,52.675912,154.8            -1.946126,52.675905,154.8            -1.946108,52.675899,154.8            -1.946093,52.675891,154.8            -1.946079,52.675883,154.8            -1.946063,52.675878,154.8            -1.94605,52.675871,154.8            -1.946036,52.675865,154.8            -1.946023,52.675858,154.8            -1.946008,52.675853,154.8            -1.945986,52.675852,154.8            -1.945967,52.675849,154.8            -1.945951,52.675846,154.8            -1.945931,52.675844,154.8            -1.94591,52.675844,154.8            -1.945892,52.675839,154.8            -1.945875,52.675838,154.8            -1.945857,52.675837,154.8            -1.945838,52.675837,154.8            -1.945823,52.67584,154.8            -1.945808,52.675843,154.8            -1.94579,52.675845,155            -1.945771,52.675846,155            -1.945751,52.675846,155            -1.945728,52.675846,155            -1.945704,52.675843,155            -1.945679,52.675837,154.8            -1.945653,52.675832,154.8            -1.945625,52.675825,154.8            -1.945599,52.67582,154.6            -1.945572,52.675816,154.6            -1.945549,52.675813,155            -1.945525,52.675812,155            -1.945506,52.675813,155.2            -1.945481,52.675811,155.2            -1.945457,52.675812,155.2            -1.945438,52.675815,155.2            -1.945414,52.675813,155.2            -1.945392,52.675813,155.2            -1.945368,52.675814,155.2            -1.945346,52.675814,155.2            -1.945324,52.67581,155.2            -1.945302,52.675804,155.2            -1.945281,52.6758,155            -1.94526,52.675796,155            -1.945241,52.675793,155            -1.945221,52.67579,154.8            -1.945203,52.675787,154.8            -1.945185,52.675781,154.8            -1.945167,52.675775,154.8            -1.945153,52.675767,154.8            -1.945137,52.675761,154.8            -1.945119,52.675752,154.8            -1.945101,52.675741,154.6            -1.945085,52.675727,154.6            -1.945068,52.675714,154.6            -1.945055,52.675703,154.6            -1.945044,52.675694,154.8            -1.945033,52.675684,154.8            -1.945017,52.675672,154.8            -1.944997,52.675661,155            -1.944982,52.675651,155            -1.944967,52.675639,155            -1.94495,52.675627,155            -1.944935,52.67562,155            -1.944924,52.675612,155            -1.944909,52.675606,155            -1.944892,52.675598,155            -1.944876,52.675588,155            -1.944862,52.675578,154.8            -1.944846,52.675568,154.8            -1.944833,52.675554,154.8            -1.944821,52.675544,154.8            -1.944804,52.675537,154.8            -1.944795,52.675529,154.8            -1.944783,52.675521,154.8            -1.944769,52.67551,155            -1.944758,52.675498,155            -1.944755,52.675489,155            -1.944744,52.67548,155.2            -1.944733,52.675472,155.2            -1.944716,52.675465,155.2            -1.944702,52.675458,155.2            -1.944692,52.675453,155.2            -1.944684,52.675439,155            -1.944672,52.67542,155            -1.944662,52.675409,154.8            -1.944652,52.675399,154.8            -1.944638,52.675387,154.6            -1.944625,52.675379,154.8            -1.944606,52.675367,155            -1.944588,52.675358,155.2            -1.944572,52.675349,155.2            -1.944561,52.675339,155.2            -1.944551,52.675329,155.2            -1.944547,52.675322,155.2            -1.944538,52.675316,155            -1.944532,52.675313,154.8            -1.944522,52.675307,154.6            -1.944515,52.675301,154.6            -1.944506,52.675295,154.4            -1.944496,52.675292,154.4            -1.944487,52.675283,154.4            -1.944481,52.675277,154.6            -1.944476,52.67527,154.6            -1.944467,52.675266,154.6            -1.944456,52.675257,154.6            -1.944447,52.675247,154.8            -1.944439,52.675239,154.8            -1.944432,52.675228,154.8            -1.944424,52.675223,154.8            -1.944413,52.675216,154.8            -1.944401,52.675211,154.8            -1.944387,52.675201,154.8            -1.944379,52.675192,154.6            -1.94437,52.675183,154.6            -1.94436,52.675172,154.6            -1.94435,52.67516,154.8            -1.944336,52.67515,154.8            -1.944325,52.675139,154.8            -1.944312,52.675131,154.8            -1.944299,52.675121,154.8            -1.944286,52.67511,154.8            -1.944275,52.675102,154.8            -1.944266,52.675094,154.8            -1.944256,52.675085,154.8            -1.944244,52.675076,154.8            -1.944231,52.675068,155            -1.944215,52.67506,155            -1.944201,52.675053,155            -1.944189,52.675041,155            -1.944173,52.675032,155            -1.944158,52.67502,155            -1.944142,52.675009,155            -1.944127,52.674995,155            -1.94411,52.674984,155            -1.944098,52.674973,154.8            -1.944086,52.674963,154.8            -1.944075,52.674952,154.8            -1.944062,52.674942,154.8            -1.944046,52.674933,154.8            -1.944034,52.674923,154.8            -1.944023,52.674912,154.8            -1.944015,52.674901,154.8            -1.944003,52.67489,154.8            -1.943992,52.67488,154.8            -1.943983,52.67487,154.8            -1.94397,52.674861,154.8            -1.943961,52.674851,154.8            -1.94395,52.674841,154.8            -1.943938,52.674832,154.8            -1.943929,52.674821,154.8            -1.943917,52.674811,154.8            -1.943906,52.674802,154.8            -1.943896,52.674792,155            -1.943888,52.67478,155            -1.943879,52.674769,155            -1.943868,52.67476,155            -1.943857,52.674749,155.2            -1.943846,52.674739,155.2            -1.943836,52.674728,155.2            -1.943827,52.674718,155.2            -1.943816,52.674708,155.2            -1.943804,52.6747,155.2            -1.943792,52.674689,155.2            -1.943778,52.67468,155.2            -1.943768,52.67467,155.2            -1.943757,52.674659,155.2            -1.943748,52.674648,155            -1.943741,52.674638,155            -1.943732,52.674628,155            -1.943722,52.674618,155            -1.943709,52.674609,155            -1.943697,52.674598,155            -1.943682,52.674587,155            -1.94367,52.674576,155            -1.943661,52.674565,154.8            -1.943648,52.674554,154.8            -1.943636,52.674544,154.8            -1.943625,52.674534,154.8            -1.943613,52.674524,154.8            -1.943602,52.674513,154.8            -1.943592,52.674502,154.8            -1.943582,52.67449,154.8            -1.943569,52.674482,154.8            -1.943557,52.674472,154.8            -1.943545,52.674462,154.8            -1.943536,52.674451,155            -1.943529,52.67444,155            -1.943517,52.67443,155            -1.9435,52.674423,155            -1.943487,52.674414,155            -1.943478,52.674404,155.2            -1.943469,52.674396,155.2            -1.943459,52.674388,155.2            -1.943452,52.674382,155.2            -1.943447,52.674373,155.2            -1.943443,52.674367,155.2            -1.943443,52.674363,155.2            -1.943438,52.674356,155.2            -1.943432,52.674345,155.2            -1.943426,52.674334,155.2            -1.94342,52.674323,155.2            -1.943411,52.674309,155.2            -1.943401,52.674297,155.2            -1.94339,52.674287,155.2            -1.943378,52.674277,155.2            -1.943369,52.674265,155.2            -1.943359,52.674252,155.2            -1.943354,52.67424,155.2            -1.943344,52.674229,155.2            -1.943334,52.674216,155.2            -1.943323,52.674205,155.2            -1.943313,52.674195,155.2            -1.943305,52.674184,155.2            -1.943297,52.674174,155.2            -1.943292,52.674164,155.2            -1.94329,52.674153,155.2            -1.943282,52.674143,155.2            -1.943274,52.674131,155.2            -1.943268,52.67412,155.2            -1.943264,52.674109,155.2            -1.943262,52.674097,155.2            -1.943253,52.674085,155.2            -1.943244,52.674074,155.2            -1.943238,52.674062,155.2            -1.943228,52.674052,155.2            -1.943218,52.674042,155.2            -1.943209,52.674033,155.2            -1.943202,52.674023,155.2            -1.943196,52.674013,155.2            -1.943188,52.674002,155.2            -1.943179,52.673992,155.2            -1.94317,52.673981,155.2            -1.943163,52.67397,155.2            -1.943159,52.673958,155.2            -1.943144,52.673951,155.2            -1.943135,52.673943,155.2            -1.943128,52.673933,155.4            -1.943121,52.673921,155.4            -1.943114,52.673908,155.4            -1.943109,52.673897,155.4            -1.943107,52.673891,155.4            -1.943103,52.673884,155.2            -1.9431,52.673875,155.2            -1.943096,52.673867,155.2            -1.943091,52.673858,155.2            -1.943087,52.673849,155.2            -1.943077,52.67384,155.2            -1.943068,52.673831,155.2            -1.943061,52.67382,155.2            -1.943055,52.673807,155.2            -1.943051,52.673792,155.2            -1.943044,52.673777,155.2            -1.943035,52.673761,155.2            -1.943022,52.67375,155.2            -1.943008,52.673734,155.2            -1.942999,52.673717,155.2            -1.94299,52.673701,155.4            -1.942982,52.673689,155.4            -1.942975,52.673679,155.6            -1.942969,52.673671,155.6            -1.942958,52.673664,155.8            -1.942947,52.673655,155.8            -1.942936,52.673645,155.8            -1.942926,52.673634,155.8            -1.942913,52.673625,155.8            -1.942903,52.673613,155.8            -1.942897,52.673599,155.8            -1.942888,52.673587,155.8            -1.942877,52.673575,155.8            -1.94287,52.673562,155.6            -1.942863,52.673549,155.6            -1.942859,52.673536,155.6            -1.942852,52.673524,155.6            -1.942843,52.673513,155.6            -1.942842,52.673498,155.6            -1.942837,52.673484,155.6            -1.942832,52.673473,155.6            -1.942823,52.673461,155.6            -1.942814,52.673449,155.4            -1.942807,52.673437,155.4            -1.942802,52.673424,155.4            -1.942802,52.673409,155.4            -1.942798,52.673394,155.4            -1.942793,52.673381,155.2            -1.942785,52.673371,155.2            -1.942779,52.673361,155.2            -1.942772,52.67335,155.2            -1.942767,52.673338,155.2            -1.942763,52.673326,155.2            -1.942759,52.673314,155.2            -1.942755,52.673302,155.2            -1.942748,52.673291,155.2            -1.942739,52.673281,155.2            -1.942733,52.673271,155.2            -1.942724,52.673262,155.2            -1.94272,52.673249,155.2            -1.942716,52.673237,155.2            -1.942713,52.673225,155.2            -1.942711,52.673213,155.2            -1.942709,52.673201,155.2            -1.942708,52.673189,155.4            -1.942705,52.673178,155.4            -1.942702,52.673166,155.4            -1.942699,52.673154,155.4            -1.942695,52.673143,155.4            -1.942693,52.673131,155.4            -1.942688,52.67312,155.4            -1.942684,52.67311,155.4            -1.942683,52.673099,155.4            -1.942681,52.673087,155.4            -1.94268,52.673075,155.4            -1.942678,52.673062,155.4            -1.942678,52.673049,155.4            -1.942674,52.673038,155.4            -1.942667,52.673026,155.4            -1.942663,52.673014,155.4            -1.942659,52.673001,155.4            -1.942652,52.67299,155.4            -1.942647,52.672979,155.4            -1.942643,52.672968,155.4            -1.942639,52.672957,155.4            -1.942635,52.672947,155.4            -1.942628,52.672937,155.4            -1.942627,52.672925,155.4            -1.942625,52.672914,155.4            -1.942622,52.672902,155.6            -1.942621,52.672891,155.6            -1.942619,52.67288,155.8            -1.942616,52.67287,155.8            -1.942613,52.672859,155.8            -1.94261,52.672848,155.8            -1.942606,52.672838,155.8            -1.942605,52.672827,155.8            -1.942606,52.672815,155.8            -1.942602,52.672803,155.8            -1.942599,52.672791,155.8            -1.942595,52.67278,155.8            -1.942593,52.672768,155.8            -1.942593,52.672757,156            -1.942592,52.672745,156            -1.942588,52.672732,156            -1.942586,52.672719,156            -1.942582,52.672708,156            -1.942577,52.672696,156            -1.942573,52.672684,155.8            -1.942576,52.67267,155.8            -1.942578,52.672657,155.8            -1.942581,52.672644,155.8            -1.942588,52.672631,155.8            -1.942587,52.672619,155.6            -1.942584,52.672608,155.6            -1.942581,52.672597,155.6            -1.942579,52.672586,155.6            -1.942577,52.672575,155.6            -1.942575,52.672564,155.6            -1.942575,52.672555,155.8            -1.942574,52.672543,155.8            -1.942574,52.672531,155.8            -1.94257,52.672523,155.8            -1.942567,52.672514,155.8            -1.942564,52.672504,155.8            -1.942562,52.672493,155.8            -1.942565,52.672481,155.8            -1.942566,52.67247,155.8            -1.942567,52.672458,155.6            -1.942569,52.672447,155.6            -1.94257,52.672434,155.6            -1.942571,52.672421,155.6            -1.942569,52.672409,155.4            -1.942569,52.672398,155.4            -1.942571,52.672386,155.4            -1.942572,52.672375,155.4            -1.942572,52.672364,155.4            -1.942573,52.672353,155.4            -1.942574,52.672341,155.4            -1.942575,52.672331,155.4            -1.942574,52.672321,155.4            -1.942575,52.67231,155.4            -1.942575,52.672299,155.6            -1.942574,52.672288,155.6            -1.942574,52.672276,155.6            -1.942573,52.672266,155.6            -1.942571,52.672255,155.6            -1.942567,52.672244,155.6            -1.942564,52.672234,155.6            -1.942564,52.672223,155.6            -1.942559,52.672212,155.6            -1.942558,52.672201,155.6            -1.942557,52.672192,155.6            -1.942557,52.672184,155.6            -1.942556,52.672176,155.4            -1.942555,52.672167,155.4            -1.942555,52.672155,155.4            -1.942555,52.672142,155.4            -1.942553,52.67213,155.4            -1.942548,52.672118,155.4            -1.942545,52.672106,155.4            -1.942543,52.672094,155.4            -1.942537,52.672083,155.4            -1.942531,52.672073,155.4            -1.942527,52.672062,155.4            -1.942525,52.672051,155.4            -1.942524,52.67204,155.4            -1.942517,52.672033,155.6            -1.942511,52.672024,155.6            -1.942506,52.67201,155.6            -1.9425,52.671995,155.6            -1.942495,52.671983,155.8            -1.942494,52.671974,155.8            -1.942492,52.671962,156            -1.942493,52.671948,156            -1.942493,52.671939,156            -1.942491,52.671928,156            -1.942489,52.671918,156            -1.942484,52.671908,155.8            -1.94248,52.671895,155.8            -1.942475,52.671882,155.8            -1.942471,52.671867,155.8            -1.942469,52.671859,155.8            -1.94247,52.671847,155.8            -1.94247,52.671835,155.8            -1.942467,52.671824,155.8            -1.942465,52.671811,155.8            -1.942463,52.6718,155.8            -1.942463,52.671789,155.8            -1.942462,52.671777,155.8            -1.942461,52.671765,155.8            -1.942464,52.671753,155.8            -1.942465,52.671741,155.8            -1.942467,52.671729,156            -1.942467,52.671717,156            -1.942466,52.671706,155.8            -1.942466,52.671694,155.8            -1.942466,52.671683,155.8            -1.942465,52.671671,155.8            -1.942468,52.671658,155.8            -1.942472,52.671644,155.8            -1.942471,52.671628,155.6            -1.942468,52.671611,155.6            -1.942469,52.671594,155.4            -1.942471,52.671576,155.4            -1.942473,52.671563,155.2            -1.942475,52.671553,155.2            -1.942475,52.671544,155.2            -1.942472,52.671535,155.2            -1.942467,52.671522,155.2            -1.942461,52.671507,155.2            -1.942459,52.671493,155.2            -1.942458,52.671481,155.4            -1.942456,52.671469,155.4            -1.942455,52.671459,155.4            -1.942457,52.671447,155.4            -1.942462,52.671439,155.4            -1.942464,52.671431,155.4            -1.94247,52.671427,155.2            -1.942468,52.671415,155.2            -1.942461,52.671397,155.2            -1.942457,52.671382,155.2            -1.942456,52.671367,155.2            -1.942454,52.671357,155.2            -1.942452,52.671346,155.4            -1.94245,52.671339,155.4            -1.94245,52.671333,155.4            -1.942452,52.671326,155.6            -1.942455,52.67132,155.4            -1.942459,52.671317,155.4            -1.942465,52.671312,155.4            -1.942465,52.671311,155.4            -1.942464,52.671303,155.4            -1.942461,52.671297,155.4            -1.942463,52.67129,155.4            -1.942465,52.671283,155.6            -1.942469,52.671279,155.6            -1.942472,52.671271,155.8            -1.942467,52.671264,155.8            -1.942467,52.671255,156            -1.942466,52.671239,156            -1.942467,52.671224,156.2            -1.942476,52.671211,156.2            -1.94248,52.671199,156.2            -1.942486,52.671187,156.4            -1.942492,52.671175,156.4            -1.942497,52.671161,156.4            -1.942498,52.671149,156.6            -1.9425,52.671138,156.6            -1.942505,52.67113,156.8            -1.942509,52.671123,156.8            -1.942509,52.671113,157            -1.942509,52.6711,157            -1.942511,52.671089,157            -1.942514,52.671076,157.2            -1.942519,52.671067,157.2            -1.942522,52.671055,157.2            -1.942524,52.671044,157.2            -1.942527,52.671033,157.2            -1.942526,52.671023,157.2            -1.942528,52.671012,157.2            -1.942527,52.671,157.2            -1.942525,52.670985,157.2            -1.942522,52.670973,157.2            -1.942519,52.670964,157.2            -1.942515,52.670959,157.2            -1.942514,52.67095,157.2            -1.942513,52.670942,157            -1.942508,52.67093,157            -1.942501,52.670921,157            -1.942498,52.670905,156.8            -1.942494,52.670893,156.8            -1.942492,52.670886,156.8            -1.942491,52.670877,156.8            -1.942489,52.670868,156.6            -1.942484,52.670857,156.6            -1.94248,52.670845,156.6            -1.942473,52.670832,156.6            -1.942468,52.670819,156.6            -1.942463,52.670807,156.6            -1.942452,52.670794,156.6            -1.942438,52.670783,156.6            -1.942425,52.67077,156.6            -1.942411,52.670753,156.6            -1.942399,52.670735,156.6            -1.942386,52.670719,156.6            -1.942383,52.6707,156.6            -1.942383,52.670688,156.6            -1.942381,52.670675,156.6            -1.942376,52.670665,156.6            -1.942372,52.670653,156.4            -1.942368,52.670641,156.2            -1.942362,52.67063,156.2            -1.942355,52.67062,156            -1.942349,52.67061,156            -1.942344,52.670598,156            -1.94234,52.670589,155.8            -1.942334,52.670576,155.8            -1.942329,52.670566,155.8            -1.942325,52.670553,155.8            -1.94232,52.67054,155.8            -1.942316,52.670528,155.6            -1.942311,52.670516,155.4            -1.942306,52.670503,155.4            -1.9423,52.670492,155.2            -1.942298,52.67048,155.2            -1.942297,52.670468,155.2            -1.942295,52.670455,155.2            -1.942293,52.670443,155.2            -1.942294,52.670429,155.2            -1.942301,52.670415,155            -1.942303,52.670402,155            -1.942303,52.670393,155            -1.942304,52.670384,155            -1.942304,52.670373,154.8            -1.9423,52.670365,154.8            -1.9423,52.670354,154.8            -1.942301,52.670344,154.8            -1.942299,52.670333,154.8            -1.942298,52.67032,154.8            -1.942297,52.670308,154.8            -1.942297,52.670296,154.8            -1.942301,52.670283,154.8            -1.942302,52.67027,154.6            -1.942303,52.670255,154.6            -1.942307,52.670242,154.4            -1.942317,52.670223,154.2            -1.942325,52.67021,154.2            -1.942328,52.670196,154            -1.942329,52.670188,154            -1.942336,52.670177,153.8            -1.942344,52.670167,153.8            -1.942346,52.670157,153.8            -1.942341,52.67015,153.6            -1.942347,52.670143,153.8            -1.942348,52.670138,153.8            -1.942345,52.670127,153.8            -1.942346,52.670119,153.8            -1.94235,52.670109,154            -1.942347,52.670099,154.2            -1.942344,52.670087,154.2            -1.942342,52.670074,154.2            -1.942337,52.67006,154.4            -1.942337,52.670052,154.4            -1.942341,52.670049,154.4            -1.942344,52.670044,154.6            -1.942345,52.670036,154.6            -1.942339,52.670025,154.6            -1.942334,52.670016,154.6            -1.94233,52.67001,154.6            -1.942326,52.670003,154.8            -1.942317,52.669993,154.6            -1.942308,52.66998,154.6            -1.9423,52.669966,154.6            -1.94229,52.669955,154.6            -1.942285,52.669951,154.6            -1.942275,52.669945,154.6            -1.942264,52.669934,154.6            -1.942253,52.669927,154.6            -1.94224,52.669919,154.6            -1.94223,52.669912,154.6            -1.942221,52.669905,154.4            -1.942213,52.669899,154.4            -1.942206,52.669888,154.4            -1.942199,52.669875,154.4            -1.942191,52.669861,154.4            -1.942179,52.669849,154.2            -1.942168,52.669836,154.2            -1.942155,52.669826,154.2            -1.942142,52.669816,154.2            -1.942131,52.669804,154.2            -1.942118,52.669794,154.2            -1.942102,52.669786,154.2            -1.94209,52.669773,154.2            -1.942076,52.669763,154.2            -1.942059,52.669754,154            -1.942039,52.669743,154            -1.942017,52.669735,154            -1.941997,52.669728,153.8            -1.941978,52.669718,153.8            -1.941958,52.669707,153.8            -1.941941,52.669699,154            -1.941928,52.669689,154            -1.941912,52.669679,154            -1.941898,52.669671,154.2            -1.941887,52.669664,154.2            -1.941874,52.669658,154.2            -1.941858,52.669653,154.2            -1.941842,52.669649,154.2            -1.941828,52.669645,154.2            -1.941819,52.669642,154.2            -1.941809,52.66964,154.4            -1.941797,52.669637,154.4            -1.941789,52.669626,154.4            -1.94178,52.669617,154.4            -1.941774,52.669614,154.4            -1.941768,52.669612,154.4            -1.941757,52.669607,154.4            -1.941748,52.669601,154.4            -1.941737,52.669594,154.4            -1.941732,52.669585,154.2            -1.941724,52.669576,154.2            -1.941715,52.669566,154.2            -1.941711,52.669553,154.2            -1.941707,52.669542,154.2            -1.941703,52.669528,154.2            -1.941697,52.669513,154.2            -1.941695,52.669498,154.2            -1.941691,52.669484,154.2            -1.941687,52.669469,154.2            -1.941684,52.669454,154.2            -1.941676,52.669439,154.2            -1.941668,52.669425,154            -1.941663,52.66941,154            -1.941658,52.669399,154            -1.941656,52.669388,154            -1.94165,52.669374,154.2            -1.941645,52.669362,154.2            -1.941642,52.669352,154.2            -1.94164,52.669339,154.2            -1.941633,52.669326,154.2            -1.941626,52.669315,154.2            -1.941621,52.669303,154.2            -1.941614,52.669289,154.2            -1.941608,52.669277,154.4            -1.941603,52.669263,154.4            -1.941605,52.669253,154.4            -1.9416,52.66924,154.4            -1.941596,52.669228,154.4            -1.941596,52.669219,154.4            -1.941594,52.669214,154.4            -1.94159,52.669203,154.6            -1.941586,52.669192,154.6            -1.941585,52.66918,154.6            -1.941583,52.669167,154.6            -1.941578,52.669154,154.6            -1.941573,52.669138,154.6            -1.941564,52.669121,154.8            -1.941557,52.669107,154.8            -1.941549,52.669094,154.8            -1.941542,52.669081,154.8            -1.941536,52.66907,155            -1.941528,52.669058,155            -1.941522,52.669046,154.8            -1.941518,52.669037,154.8            -1.941512,52.669026,154.8            -1.941504,52.669011,154.8            -1.941496,52.669,154.8            -1.941491,52.668991,154.6            -1.941486,52.668983,154.6            -1.941481,52.668975,154.6            -1.941474,52.668963,154.6            -1.941463,52.668952,154.4            -1.941453,52.668941,154.4            -1.941444,52.66893,154.4            -1.941437,52.668921,154.4            -1.941429,52.668912,154.4            -1.941422,52.668902,154.2            -1.94141,52.668891,154.2            -1.941401,52.668884,154.2            -1.941391,52.668879,154.2            -1.941384,52.66887,154.2            -1.941376,52.668859,154.2            -1.941371,52.668852,154            -1.941366,52.668842,154            -1.941359,52.66883,154            -1.941353,52.668819,153.8            -1.941347,52.66881,153.8            -1.941339,52.668797,153.8            -1.941328,52.668784,153.8            -1.941319,52.668768,153.6            -1.941313,52.668752,153.6            -1.941307,52.668737,153.4            -1.941306,52.66872,153.4            -1.941304,52.668706,153.2            -1.9413,52.668693,153.2            -1.941296,52.668682,153.2            -1.941293,52.668669,153            -1.941288,52.668657,153            -1.941283,52.668644,153            -1.941279,52.668635,153            -1.941278,52.668625,153            -1.941273,52.668616,153            -1.941264,52.668606,152.8            -1.941258,52.668597,152.8            -1.941256,52.668589,152.8            -1.941256,52.66858,152.8            -1.941258,52.668571,152.8            -1.941262,52.668562,152.6            -1.94127,52.668555,152.6            -1.941275,52.66855,152.6            -1.941273,52.668543,152.6            -1.941267,52.668535,152.6            -1.941264,52.668529,152.4            -1.941262,52.668525,152.4            -1.941259,52.668512,152.4            -1.941256,52.668496,152.4            -1.941251,52.668482,152.4            -1.941245,52.668469,152.4            -1.94124,52.668453,152.4            -1.941235,52.668438,152.4            -1.94123,52.668423,152.4            -1.941225,52.668408,152.4            -1.941223,52.668392,152.4            -1.94122,52.668377,152.4            -1.94122,52.668362,152.4            -1.94122,52.668347,152.4            -1.941224,52.668332,152.4            -1.941225,52.668318,152.4            -1.941226,52.668305,152.2            -1.941229,52.66829,152.2            -1.941233,52.668277,152.2            -1.941238,52.668265,152.2            -1.941244,52.668252,152.2            -1.941251,52.668241,152            -1.941256,52.66823,152            -1.941258,52.668221,152            -1.941263,52.668213,151.8            -1.941268,52.668206,151.8            -1.941272,52.668196,151.6            -1.941276,52.668186,151.6            -1.941279,52.668176,151.6            -1.941278,52.668168,151.4            -1.941279,52.668158,151.4            -1.941278,52.668146,151.4            -1.941275,52.668134,151.2            -1.94127,52.668119,151.2            -1.941268,52.668105,151.2            -1.941264,52.668096,151            -1.941262,52.668085,151            -1.941256,52.668076,150.8            -1.941252,52.668068,150.8            -1.941249,52.66806,150.8            -1.941245,52.66805,150.6            -1.94124,52.668039,150.6            -1.941233,52.668025,150.6            -1.941223,52.668015,150.6            -1.941214,52.668003,150.6            -1.941202,52.667989,150.6            -1.941195,52.667976,150.4            -1.941188,52.667962,150.4            -1.941182,52.667949,150.4            -1.941177,52.667934,150.2            -1.941167,52.667921,150.2            -1.941161,52.667909,150.2            -1.941156,52.667903,150.2            -1.941149,52.667898,150.2            -1.941143,52.66789,150.2            -1.941133,52.667876,150.2            -1.941125,52.667863,150.2            -1.941119,52.667855,150.2            -1.941114,52.667848,150.2            -1.941104,52.667841,150.2            -1.941096,52.667832,150.2            -1.941085,52.667821,150.2            -1.941076,52.667813,150.2            -1.941069,52.667801,150.2            -1.941063,52.667789,150            -1.941057,52.667779,150            -1.941053,52.66777,150            -1.94105,52.66776,150            -1.941047,52.667753,150            -1.941045,52.667745,150            -1.941043,52.667734,150            -1.94104,52.667723,150            -1.941036,52.667712,150            -1.941031,52.6677,150            -1.941028,52.667688,150            -1.941022,52.667676,150            -1.941015,52.667668,150            -1.941009,52.667657,150            -1.941002,52.667644,150            -1.940993,52.66763,149.8            -1.940983,52.667616,149.8            -1.940973,52.667602,149.8            -1.940959,52.667591,150            -1.940948,52.667577,150            -1.940939,52.667559,150            -1.940925,52.667545,150            -1.940913,52.66753,150            -1.940901,52.667512,150            -1.940891,52.667493,150.2            -1.940881,52.667481,150.2            -1.94087,52.667467,150.2            -1.940863,52.667455,150.2            -1.940864,52.667445,150.2            -1.940861,52.667441,150.2            -1.94086,52.667428,150.2            -1.940859,52.667416,150.2            -1.940859,52.667405,150.2            -1.94087,52.667395,150.2            -1.940884,52.667385,150.2            -1.940903,52.667374,150.2            -1.940918,52.66736,150.4            -1.940952,52.667343,150.4            -1.940975,52.667331,150.6            -1.940986,52.667325,150.6            -1.940994,52.667318,150.6            -1.940998,52.667308,150.6            -1.941003,52.667296,150.8            -1.94101,52.667286,150.8            -1.941022,52.667285,151            -1.94103,52.667277,151.2            -1.941034,52.667268,151.2            -1.941035,52.667259,151.2            -1.941034,52.66725,151.2            -1.941034,52.667242,151.2            -1.941036,52.667235,151.2            -1.941038,52.667226,151.2            -1.941042,52.66722,151.2            -1.941044,52.667212,151.2            -1.941048,52.667203,151.2            -1.94105,52.667193,151.2            -1.941049,52.667181,151.2            -1.941052,52.667168,151.4            -1.941052,52.667157,151.4            -1.941049,52.667145,151.4            -1.941049,52.667134,151.6            -1.941052,52.667124,151.6            -1.941056,52.667114,151.6            -1.941063,52.667102,151.6            -1.941072,52.66709,151.8            -1.94108,52.667077,151.8            -1.941087,52.667065,152            -1.941095,52.667054,152            -1.9411,52.66704,152.2            -1.941105,52.667029,152.2            -1.941109,52.667016,152.2            -1.941117,52.667007,152.2            -1.941122,52.666996,152.4            -1.941125,52.666985,152.4            -1.941129,52.666972,152.4            -1.941136,52.666961,152.6            -1.941146,52.666952,152.6            -1.941153,52.666942,152.6            -1.941164,52.666933,152.6            -1.941172,52.666923,152.6            -1.941182,52.666912,152.6            -1.941194,52.666899,152.4            -1.941204,52.666885,152.4            -1.94121,52.666873,152.4            -1.941221,52.66686,152.4            -1.941233,52.666847,152.4            -1.941241,52.666835,152.4            -1.941251,52.666824,152.4            -1.94126,52.666813,152.4            -1.941261,52.666795,152.4            -1.941269,52.666786,152.4            -1.941279,52.666777,152.4            -1.941289,52.666768,152.2            -1.941301,52.666758,152.2            -1.941309,52.66675,152.2            -1.941319,52.666742,152.2            -1.941327,52.666734,152.2            -1.941335,52.666728,152.2            -1.941342,52.666722,152.2            -1.941351,52.666714,152.2            -1.941362,52.666708,152.2            -1.941372,52.666698,152.4            -1.94138,52.666691,152.4            -1.941394,52.666685,152.6            -1.941404,52.666676,152.6            -1.941413,52.666665,152.6            -1.941437,52.666646,152.8            -1.941456,52.666636,152.8            -1.94146,52.666629,152.6            -1.941463,52.666619,152.6            -1.941469,52.666611,152.4            -1.941475,52.666603,152.4            -1.941479,52.666592,152.2            -1.941483,52.666581,152.2            -1.941489,52.66657,152.2            -1.941495,52.666559,152.4            -1.941503,52.666544,152.4            -1.941505,52.666531,152.4            -1.941512,52.666519,152.4            -1.941518,52.666507,152.4            -1.941522,52.666493,152.4            -1.941532,52.666482,152.2            -1.941538,52.666471,151.8            -1.941543,52.666458,151.8            -1.941545,52.666448,151.8            -1.94155,52.666439,151.8            -1.941561,52.666432,151.8            -1.941569,52.66642,151.8            -1.941575,52.666408,151.8            -1.941582,52.666398,151.8            -1.941588,52.666388,151.8            -1.941591,52.666378,151.8            -1.941595,52.666369,151.8            -1.941603,52.666359,151.8            -1.94161,52.66635,151.8            -1.941614,52.666342,151.6            -1.941618,52.666332,151.6            -1.941626,52.666322,151.6            -1.941634,52.666312,151.6            -1.941638,52.6663,151.6            -1.941638,52.666287,151.6            -1.941636,52.666278,151.6            -1.941636,52.666264,151.8            -1.94164,52.666254,151.8            -1.941643,52.666245,151.8            -1.941647,52.666235,151.8            -1.941647,52.666225,151.8            -1.941646,52.666214,151.8            -1.941647,52.666204,151.8            -1.941643,52.666193,151.8            -1.941639,52.66618,151.8            -1.941636,52.666168,151.8            -1.941637,52.666157,151.8            -1.941638,52.666142,151.8            -1.941639,52.66613,151.8            -1.941642,52.666126,151.8            -1.941644,52.666116,152            -1.941647,52.666109,152            -1.94165,52.666098,152            -1.941653,52.666086,152            -1.941654,52.666077,152            -1.941655,52.666066,152            -1.941655,52.666056,152            -1.941649,52.66605,152.2            -1.941645,52.666042,152.2            -1.941639,52.666037,152.2            -1.941638,52.666029,152.4            -1.941632,52.666022,152.4            -1.941626,52.666012,152.4            -1.941622,52.665999,152.4            -1.941617,52.665987,152.6            -1.941609,52.665976,152.6            -1.941601,52.665967,152.6            -1.941595,52.665954,152.6            -1.941586,52.665942,152.4            -1.94158,52.665929,152.4            -1.941575,52.665917,152.4            -1.941571,52.665903,152.2            -1.941571,52.665889,152.2            -1.941569,52.665877,152.2            -1.941565,52.665865,152.2            -1.941559,52.665853,152            -1.94155,52.665841,152            -1.941548,52.665829,152            -1.94155,52.66582,152            -1.941556,52.665812,152            -1.941565,52.665806,152            -1.941572,52.665804,152            -1.941578,52.665804,152            -1.941582,52.665805,152            -1.941585,52.665806,152            -1.941586,52.665805,152            -1.941588,52.665805,152            -1.941588,52.665806,152            -1.941587,52.665805,152            -1.941588,52.665802,152            -1.941589,52.665801,152            -1.941591,52.665799,152            -1.941589,52.665792,152            -1.941586,52.665781,152            -1.941583,52.665769,152            -1.941581,52.665758,152            -1.941581,52.665747,152            -1.941579,52.665736,152            -1.941577,52.665723,152            -1.941574,52.665711,152            -1.941573,52.6657,152            -1.941571,52.665689,152.2            -1.94157,52.665677,152.2            -1.941569,52.665665,152.2            -1.941568,52.665653,152.2            -1.941567,52.665642,152.2            -1.941568,52.66563,152.4            -1.941567,52.66562,152.4            -1.941565,52.665609,152.4            -1.941561,52.665599,152.4            -1.941558,52.665588,152.4            -1.941555,52.665576,152.4            -1.941554,52.665564,152.6            -1.941552,52.665552,152.6            -1.941547,52.665541,152.6            -1.941545,52.665528,152.6            -1.94154,52.665516,152.6            -1.941537,52.665504,152.6            -1.941539,52.665492,152.6            -1.94154,52.665481,152.6            -1.941541,52.66547,152.6            -1.941543,52.665459,152.6            -1.941543,52.665448,152.6            -1.941544,52.665437,152.4            -1.941541,52.665426,152.4            -1.941538,52.665415,152.4            -1.941535,52.665405,152.2            -1.941531,52.665394,152.2            -1.941527,52.665383,152.2            -1.941525,52.665372,152            -1.941523,52.665361,152            -1.941522,52.66535,152            -1.941522,52.665339,152            -1.941521,52.665327,152            -1.941522,52.665316,152            -1.941524,52.665305,152            -1.941524,52.665292,152            -1.941524,52.66528,152            -1.941525,52.665268,152            -1.941523,52.665257,152.2            -1.94152,52.665245,152.2            -1.941517,52.665234,152.2            -1.941516,52.665221,152.2            -1.941516,52.665209,152.2            -1.941514,52.665198,152.2            -1.941512,52.665186,152.2            -1.941509,52.665175,152.2            -1.941509,52.665162,152.2            -1.941509,52.665148,152.2            -1.94151,52.665136,152            -1.94151,52.665123,152            -1.941508,52.665111,152            -1.941504,52.6651,152            -1.941501,52.665088,152            -1.941501,52.665076,152            -1.941499,52.665064,152            -1.941498,52.665052,152            -1.941499,52.66504,152.2            -1.941499,52.665028,152.2            -1.941497,52.665018,152.2            -1.941498,52.665006,152.2            -1.941497,52.664994,152.4            -1.941497,52.664983,152.4            -1.941497,52.664971,152.6            -1.941494,52.664959,152.6            -1.941493,52.664948,152.6            -1.941491,52.664937,152.6            -1.941487,52.664926,152.6            -1.941484,52.664915,152.6            -1.941485,52.664903,152.6            -1.941485,52.664894,152.6            -1.941485,52.664884,152.6            -1.941485,52.664874,152.6            -1.941468,52.664867,152.6            -1.941467,52.664856,152.6            -1.941464,52.664845,152.4            -1.941462,52.664832,152.4            -1.941466,52.664819,152.2            -1.941468,52.664806,152.2            -1.941474,52.664794,152            -1.941478,52.66479,151.8            -1.941476,52.664778,151.8            -1.941474,52.664768,151.6            -1.941471,52.664759,151.8            -1.94147,52.664748,151.8            -1.94147,52.664737,152            -1.941469,52.664724,152            -1.941466,52.664709,152            -1.941468,52.664697,152            -1.941466,52.664687,152.2            -1.941463,52.664676,152.2            -1.941459,52.664664,152.2            -1.941455,52.664651,152.4            -1.941451,52.664639,152.4            -1.941447,52.664626,152.4            -1.941442,52.664612,152.6            -1.941438,52.664601,152.6            -1.941438,52.66459,152.6            -1.941435,52.664579,152.6            -1.941428,52.664567,152.6            -1.941418,52.664557,152.6            -1.941407,52.664547,152.6            -1.941402,52.664536,152.6            -1.941402,52.664527,152.6            -1.941402,52.664516,152.6            -1.9414,52.664504,152.4            -1.941395,52.664492,152.4            -1.941388,52.664482,152.4            -1.941379,52.664472,152.4            -1.941375,52.664462,152.4            -1.941371,52.664451,152.4            -1.941366,52.664441,152.2            -1.941365,52.664431,152.4            -1.941364,52.66442,152.4            -1.941363,52.664408,152.4            -1.941358,52.664397,152.4            -1.941356,52.664383,152.4            -1.941358,52.664372,152.6            -1.941357,52.664358,152.6            -1.941354,52.664344,152.6            -1.941351,52.664333,152.6            -1.941351,52.664323,152.8            -1.941353,52.66431,152.8            -1.941363,52.664293,152.8            -1.941362,52.664285,152.8            -1.941361,52.664275,152.8            -1.941361,52.664262,152.8            -1.941364,52.664253,152.6            -1.941362,52.66424,152.6            -1.941361,52.664226,152.6            -1.94136,52.664215,152.4            -1.94136,52.664201,152.4            -1.941361,52.66419,152.4            -1.941364,52.664178,152.4            -1.941364,52.664167,152.2            -1.941364,52.664156,152.2            -1.941364,52.664142,152.2            -1.94137,52.664132,152.2            -1.941374,52.664126,152.4            -1.941377,52.664117,152.4            -1.941386,52.664105,152.4            -1.941387,52.664098,152.4            -1.941391,52.664093,152.4            -1.941395,52.66409,152.2            -1.941398,52.664087,152.2            -1.941397,52.664076,152.2            -1.941394,52.664063,152.2            -1.94139,52.664047,152.2            -1.941391,52.664032,152.4            -1.941391,52.664019,152.4            -1.94139,52.664008,152.4            -1.941385,52.663999,152.4            -1.941377,52.663989,152.6            -1.941371,52.663979,152.6            -1.941366,52.663969,152.6            -1.941363,52.663959,152.6            -1.941363,52.663946,152.6            -1.941361,52.663933,152.6            -1.941359,52.663919,152.4            -1.941357,52.663906,152.4            -1.941355,52.663893,152.4            -1.941353,52.663881,152.4            -1.94135,52.663869,152.2            -1.941347,52.663855,152.2            -1.941349,52.66384,152.2            -1.941349,52.663827,152.2            -1.941344,52.663815,152.2            -1.941337,52.663804,152.2            -1.941333,52.663791,152.4            -1.941329,52.663778,152.4            -1.941327,52.663764,152.4            -1.941326,52.663751,152.4            -1.941328,52.663743,152.6            -1.941327,52.663729,152.6            -1.941322,52.663713,152.6            -1.941316,52.6637,152.6            -1.941314,52.663685,152.6            -1.94131,52.663673,152.8            -1.941316,52.663662,152.8            -1.94132,52.663657,152.8            -1.941325,52.663646,152.8            -1.941333,52.663632,152.8            -1.941341,52.663623,152.6            -1.94134,52.663616,152.6            -1.941337,52.663603,152.6            -1.941332,52.66359,152.8            -1.941329,52.663578,152.8            -1.941329,52.663566,152.8            -1.941323,52.663555,152.8            -1.941318,52.663544,153            -1.941311,52.663536,153            -1.941308,52.663524,153            -1.941308,52.663515,153            -1.941308,52.663504,153            -1.941309,52.663492,153            -1.941308,52.663479,152.8            -1.941307,52.663465,152.8            -1.94131,52.663452,152.8            -1.941311,52.663437,152.8            -1.94131,52.663427,152.8            -1.941315,52.663414,152.8            -1.941321,52.663403,152.8            -1.941327,52.663391,152.4            -1.941327,52.663381,152.2            -1.941327,52.663369,151.8            -1.941327,52.663357,151.6            -1.941325,52.663344,151.6            -1.941323,52.663333,151.6            -1.94132,52.663321,151.6            -1.941316,52.663308,151.8            -1.941314,52.663297,152            -1.941311,52.663286,152            -1.941306,52.663274,152.2            -1.941303,52.663263,152.2            -1.9413,52.663252,152.2            -1.941301,52.663241,152.2            -1.941301,52.66323,152.2            -1.941302,52.663219,152.2            -1.941302,52.663207,152.2            -1.941302,52.663194,152.2            -1.9413,52.663182,152.2            -1.941296,52.663171,152.2            -1.941295,52.663159,152.2            -1.941293,52.663148,152.2            -1.941295,52.663135,152.2            -1.941299,52.663122,152.2            -1.941301,52.663108,152            -1.9413,52.663095,152            -1.9413,52.663081,152            -1.9413,52.663069,151.8            -1.941298,52.663056,151.8            -1.941296,52.663043,151.8            -1.941292,52.663031,151.6            -1.941286,52.663019,151.6            -1.941284,52.663006,151.6            -1.941284,52.662994,151.6            -1.941285,52.66298,151.6            -1.941287,52.662969,151.6            -1.941288,52.662959,151.6            -1.94129,52.662946,151.8            -1.94129,52.662936,151.8            -1.941291,52.662924,151.6            -1.941289,52.662912,151.6            -1.941288,52.662899,151.6            -1.941289,52.662887,151.6            -1.941286,52.662878,151.6            -1.941284,52.662866,151.6            -1.941281,52.662856,151.6            -1.941279,52.662846,151.6            -1.941276,52.662835,151.6            -1.941273,52.662825,151.6            -1.941275,52.662817,151.6            -1.941274,52.662808,151.6            -1.941272,52.662796,151.8            -1.94127,52.662781,151.8            -1.941269,52.662766,152            -1.941266,52.66275,152            -1.941263,52.662738,152            -1.941258,52.662725,152            -1.941252,52.662712,152            -1.94125,52.6627,152            -1.94125,52.662685,152            -1.94125,52.662671,152            -1.941253,52.662657,152            -1.941257,52.662648,152            -1.941263,52.662637,152            -1.941271,52.662627,152            -1.941281,52.662619,152            -1.94129,52.662608,152            -1.941298,52.662595,152            -1.941304,52.662583,151.8            -1.941306,52.662571,151.8            -1.941308,52.662562,151.6            -1.941307,52.662554,151.6            -1.941305,52.662547,151.6            -1.941301,52.66254,151.4            -1.941302,52.662528,151.2            -1.941308,52.662515,151            -1.941312,52.662504,150.8            -1.941313,52.662495,150.6            -1.941317,52.662489,150.4            -1.941327,52.662481,150.4            -1.941332,52.662473,150.4            -1.941337,52.662468,150.2            -1.941336,52.662462,150.4            -1.941332,52.662456,150.4            -1.941335,52.662446,150.4            -1.94134,52.662435,150.6            -1.941346,52.662424,150.6            -1.941353,52.662412,150.4            -1.941358,52.662402,150.4            -1.941359,52.66239,150.4            -1.941359,52.662377,150.4            -1.941357,52.662367,150.4            -1.941352,52.662356,150.4            -1.941347,52.662345,150.4            -1.941343,52.662332,150.4            -1.941339,52.662319,150.4            -1.941335,52.662307,150.4            -1.941332,52.662294,150.4            -1.941328,52.662282,150.4            -1.941324,52.66227,150.4            -1.94132,52.662257,150.4            -1.941314,52.662244,150.4            -1.941312,52.662233,150.2            -1.94131,52.662222,150.2            -1.94131,52.662209,150.2            -1.941312,52.662194,150.2            -1.941317,52.662178,150.4            -1.941333,52.66216,150.4            -1.94135,52.66215,150.4            -1.941368,52.662144,150.4            -1.941391,52.662139,150.6            -1.941416,52.662132,150.6            -1.941442,52.662128,150.8            -1.941467,52.662125,150.8            -1.941489,52.662123,150.8            -1.94151,52.662121,150.8            -1.941531,52.662122,150.8            -1.941553,52.66212,150.6            -1.941575,52.662118,150.6            -1.941603,52.662116,150.6            -1.941627,52.662113,150.6            -1.941641,52.662114,150.6            -1.941659,52.662113,150.6            -1.941679,52.662111,150.6            -1.941699,52.662107,150.6            -1.941721,52.662105,150.6            -1.941741,52.662103,150.6            -1.941761,52.6621,150.6            -1.941779,52.662095,150.6            -1.941794,52.66209,150.6            -1.941811,52.66209,150.4            -1.941834,52.662094,150.4            -1.941858,52.662102,150.4            -1.941879,52.662109,150.4            -1.941893,52.66211,150.2            -1.941903,52.662113,150            -1.941916,52.66212,150            -1.941929,52.662126,150            -1.941947,52.662129,150            -1.941971,52.662132,150.2            -1.941997,52.662136,150.2            -1.942014,52.662139,150.2            -1.942028,52.662142,150.4            -1.942039,52.662144,150.4            -1.94205,52.662142,150.4            -1.942059,52.662137,150.4            -1.942067,52.662132,150.4            -1.942074,52.662126,150.4            -1.942087,52.662125,150.4            -1.942104,52.662126,150.4            -1.942128,52.662132,150.4            -1.942148,52.662137,150.4            -1.942162,52.662139,150.4            -1.942186,52.662156,150.4            -1.942204,52.662164,150.4            -1.942224,52.662169,150.4            -1.942241,52.662177,150.2            -1.942256,52.662185,150.2            -1.942272,52.66219,150            -1.942289,52.662194,149.8            -1.942303,52.6622,149.8            -1.942319,52.662206,150            -1.942333,52.662214,150.2            -1.942346,52.662223,150.4            -1.94236,52.662234,150.4            -1.942378,52.662245,150.6            -1.942395,52.662253,150.6            -1.942411,52.662267,150.6            -1.942429,52.662277,150.4            -1.942446,52.662289,150.4            -1.942463,52.662306,150.4            -1.942478,52.66232,150.4            -1.94249,52.662335,150.4            -1.942505,52.662344,150.2            -1.942524,52.662351,150.2            -1.942542,52.662357,150.2            -1.942567,52.662366,150.2            -1.942592,52.66237,150.2            -1.942612,52.662371,150.2            -1.942629,52.662372,150.2            -1.942643,52.662372,150.2            -1.942655,52.662373,150.2            -1.942678,52.662371,150.2            -1.9427,52.662372,150.2            -1.942712,52.662371,150.4            -1.942724,52.662364,150.4            -1.942739,52.66236,150.4            -1.942747,52.66236,150.4            -1.942758,52.662359,150.4            -1.942768,52.662355,150.6            -1.942781,52.662351,150.6            -1.942796,52.662347,150.8            -1.942813,52.66234,150.8            -1.942826,52.66233,151            -1.942838,52.662319,151            -1.942853,52.66231,151            -1.942866,52.662299,151            -1.942877,52.662286,151            -1.942896,52.662279,150.8            -1.942917,52.662273,150.8            -1.942937,52.662271,150.8            -1.94295,52.662266,150.6            -1.942959,52.662257,150.4            -1.942973,52.662248,150.2            -1.942989,52.66224,150.2            -1.943002,52.66223,150.2            -1.943014,52.662222,150.4            -1.943027,52.662214,150.4            -1.943044,52.662208,150.4            -1.943057,52.662202,150.6            -1.943067,52.662194,150.6            -1.943081,52.662186,150.6            -1.943092,52.662178,150.6            -1.943106,52.662169,150.6            -1.943121,52.662162,150.6            -1.943136,52.662163,150.6            -1.943153,52.662165,150.6            -1.943177,52.662165,150.6            -1.943214,52.662167,150.6            -1.943246,52.662174,150.6            -1.943273,52.66218,150.4            -1.943296,52.662183,150.4            -1.943319,52.662182,150.2            -1.94334,52.662189,150.2            -1.943362,52.662191,150            -1.943382,52.662194,150            -1.943403,52.662195,150            -1.943423,52.662197,150            -1.943442,52.662198,150            -1.943462,52.662199,150            -1.943482,52.662198,150            -1.943502,52.662197,150            -1.943521,52.662196,150            -1.94354,52.662193,150            -1.943559,52.662191,150            -1.943578,52.662188,150            -1.943596,52.662184,150            -1.943614,52.66218,150            -1.943631,52.662176,150            -1.943648,52.662172,150            -1.943665,52.662167,150            -1.943684,52.662164,150            -1.943702,52.662161,150            -1.94372,52.662158,150            -1.943738,52.662154,150            -1.943756,52.662149,150            -1.943775,52.662143,150            -1.943792,52.662139,150            -1.943809,52.662134,150            -1.943827,52.66213,150            -1.943844,52.662126,150            -1.94386,52.662122,150            -1.943876,52.662118,150            -1.943892,52.662115,150            -1.943908,52.66211,150            -1.943922,52.662106,150            -1.943938,52.662102,150            -1.943953,52.662098,150            -1.943969,52.662094,150            -1.943985,52.66209,150            -1.943999,52.662086,150            -1.944014,52.662082,150            -1.94403,52.662077,150            -1.944046,52.662073,150            -1.944062,52.662071,150            -1.944076,52.662069,150            -1.944092,52.662064,150            -1.944109,52.662058,150            -1.944125,52.662053,150            -1.94414,52.662046,150            -1.944155,52.662041,149.8            -1.944169,52.662035,149.8            -1.94418,52.662028,149.8            -1.944193,52.66202,149.8            -1.944206,52.662013,149.8            -1.944219,52.662004,149.8            -1.944231,52.661996,149.8            -1.944243,52.661987,149.8            -1.944256,52.661979,149.8            -1.944267,52.66197,149.8            -1.944276,52.661959,149.8            -1.944285,52.66195,149.8            -1.944293,52.661939,149.8            -1.944302,52.661928,149.8            -1.944311,52.661916,149.8            -1.944321,52.661905,149.8            -1.944331,52.661894,149.8            -1.944338,52.661884,150            -1.944344,52.661874,150            -1.94435,52.661862,150            -1.944356,52.66185,150            -1.94436,52.661838,150            -1.944362,52.661826,150            -1.944361,52.661815,150            -1.94436,52.661805,150            -1.944355,52.661795,150            -1.944348,52.661786,150            -1.944344,52.661776,150            -1.944338,52.661765,150            -1.944332,52.661755,150            -1.944326,52.661745,150            -1.944322,52.661736,149.8            -1.944318,52.661725,149.8            -1.944313,52.661714,150            -1.944305,52.661704,150            -1.944295,52.661695,150            -1.944287,52.661687,150            -1.944279,52.661679,150            -1.944272,52.66167,150            -1.944262,52.661661,150            -1.944253,52.661653,150            -1.944243,52.661645,150            -1.944233,52.661637,150            -1.944222,52.661627,150            -1.94421,52.661618,150            -1.9442,52.661611,150            -1.94419,52.661604,150            -1.944178,52.661597,150            -1.944173,52.661592,150          </coordinates></LineString></Placemark><Placemark><name>Finish</name><styleUrl>#icon-1899-FF5252-nodesc</styleUrl><Point><coordinates>            -1.944173,52.661592,150          </coordinates></Point></Placemark><Placemark><name>Start</name><styleUrl>#icon-1899-0F9D58-nodesc</styleUrl><Point><coordinates>            -1.942462,52.662339,150          </coordinates></Point></Placemark></Folder></Document></kml>