<?xml version="1.0" encoding="UTF-8"?><kml xmlns="http://www.opengis.net/kml/2.2"><Document><name>Dunstable Downs parkrun Regular Course (from Nov 2024)</name><description/><Style id="icon-1899-0F9D58-nodesc-normal"><IconStyle><color>ff589d0f</color><scale>1</scale><Icon><href>https://www.gstatic.com/mapspro/images/stock/503-wht-blank_maps.png</href></Icon><hotSpot x="32" xunits="pixels" y="64" yunits="insetPixels"/></IconStyle><LabelStyle><scale>0</scale></LabelStyle><BalloonStyle><text><![CDATA[<h3>$[name]</h3>]]></text></BalloonStyle></Style><Style id="icon-1899-0F9D58-nodesc-highlight"><IconStyle><color>ff589d0f</color><scale>1</scale><Icon><href>https://www.gstatic.com/mapspro/images/stock/503-wht-blank_maps.png</href></Icon><hotSpot x="32" xunits="pixels" y="64" yunits="insetPixels"/></IconStyle><LabelStyle><scale>1</scale></LabelStyle><BalloonStyle><text><![CDATA[<h3>$[name]</h3>]]></text></BalloonStyle></Style><StyleMap id="icon-1899-0F9D58-nodesc"><Pair><key>normal</key><styleUrl>#icon-1899-0F9D58-nodesc-normal</styleUrl></Pair><Pair><key>highlight</key><styleUrl>#icon-1899-0F9D58-nodesc-highlight</styleUrl></Pair></StyleMap><Style id="icon-1899-FF5252-nodesc-normal"><IconStyle><color>ff5252ff</color><scale>1</scale><Icon><href>https://www.gstatic.com/mapspro/images/stock/503-wht-blank_maps.png</href></Icon><hotSpot x="32" xunits="pixels" y="64" yunits="insetPixels"/></IconStyle><LabelStyle><scale>0</scale></LabelStyle><BalloonStyle><text><![CDATA[<h3>$[name]</h3>]]></text></BalloonStyle></Style><Style id="icon-1899-FF5252-nodesc-highlight"><IconStyle><color>ff5252ff</color><scale>1</scale><Icon><href>https://www.gstatic.com/mapspro/images/stock/503-wht-blank_maps.png</href></Icon><hotSpot x="32" xunits="pixels" y="64" yunits="insetPixels"/></IconStyle><LabelStyle><scale>1</scale></LabelStyle><BalloonStyle><text><![CDATA[<h3>$[name]</h3>]]></text></BalloonStyle></Style><StyleMap id="icon-1899-FF5252-nodesc"><Pair><key>normal</key><styleUrl>#icon-1899-FF5252-nodesc-normal</styleUrl></Pair><Pair><key>highlight</key><styleUrl>#icon-1899-FF5252-nodesc-highlight</styleUrl></Pair></StyleMap><Style id="line-0288D1-3713-nodesc-normal"><LineStyle><color>ffd18802</color><width>3.713</width></LineStyle><BalloonStyle><text><![CDATA[<h3>$[name]</h3>]]></text></BalloonStyle></Style><Style id="line-0288D1-3713-nodesc-highlight"><LineStyle><color>ffd18802</color><width>5.5695</width></LineStyle><BalloonStyle><text><![CDATA[<h3>$[name]</h3>]]></text></BalloonStyle></Style><StyleMap id="line-0288D1-3713-nodesc"><Pair><key>normal</key><styleUrl>#line-0288D1-3713-nodesc-normal</styleUrl></Pair><Pair><key>highlight</key><styleUrl>#line-0288D1-3713-nodesc-highlight</styleUrl></Pair></StyleMap><Folder><name>Untitled layer</name><Placemark><name>Course</name><styleUrl>#line-0288D1-3713-nodesc</styleUrl><LineString><tessellate>1</tessellate><coordinates>            -0.53812,51.865122,240.8            -0.538111,51.865122,240.8            -0.5381,51.86513,240.7            -0.538089,51.865138,240.7            -0.538078,51.865146,240.6            -0.538067,51.865154,240.6            -0.538056,51.865162,240.5            -0.538045,51.86517,240.5            -0.538035,51.865178,240.4            -0.538014,51.865194,240.4            -0.538006,51.865201,240.3            -0.537999,51.865208,240.3            -0.537977,51.865219,240.2            -0.537959,51.865229,240.1            -0.537952,51.865246,240.1            -0.537949,51.865257,240            -0.537946,51.865269,240            -0.537934,51.865285,239.9            -0.537922,51.865292,239.9            -0.537909,51.865299,239.8            -0.537902,51.865305,239.8            -0.537897,51.865318,239.7            -0.537886,51.865331,239.7            -0.537869,51.86535,239.6            -0.537858,51.865357,239.5            -0.537847,51.865363,239.5            -0.537813,51.865372,239.4            -0.537802,51.865377,239.4            -0.537791,51.865381,239.3            -0.537775,51.865387,239.3            -0.537759,51.865401,239.2            -0.537761,51.865416,239.1            -0.537752,51.865422,239.1            -0.537742,51.865428,239            -0.537733,51.865434,239            -0.537724,51.865443,238.9            -0.537713,51.865451,238.9            -0.537702,51.865464,238.8            -0.537697,51.865474,238.8            -0.537678,51.865486,238.7            -0.537669,51.865491,238.6            -0.537658,51.865502,238.5            -0.537652,51.865511,238.5            -0.537644,51.865523,238.4            -0.53763,51.86554,238.3            -0.537623,51.865548,238.2            -0.537616,51.865557,238.2            -0.537594,51.865573,238.1            -0.537581,51.865578,238            -0.537568,51.865582,238            -0.537569,51.8656,237.8            -0.537563,51.865605,237.8            -0.537557,51.865612,237.8            -0.53754,51.865622,237.7            -0.537528,51.865635,237.6            -0.537513,51.865642,237.5            -0.537506,51.865652,237.5            -0.537508,51.865661,237.4            -0.537496,51.865676,237.4            -0.537492,51.865688,237.4            -0.537483,51.865697,237.4            -0.537476,51.865707,237.3            -0.53747,51.865721,237.4            -0.537473,51.865735,237.2            -0.537473,51.865748,237.2            -0.537464,51.865769,237.2            -0.537462,51.865776,237.2            -0.537461,51.865784,237.2            -0.537463,51.865804,237.2            -0.537466,51.865813,237.1            -0.537469,51.865822,237.1            -0.53747,51.865832,237.1            -0.537467,51.865845,237            -0.537472,51.865858,237            -0.537474,51.86587,236.9            -0.537465,51.865886,236.9            -0.53747,51.865898,236.9            -0.537471,51.865908,236.9            -0.537462,51.865921,236.8            -0.537461,51.865933,236.8            -0.537462,51.865948,236.7            -0.53746,51.865969,236.7            -0.537458,51.865978,236.6            -0.537456,51.865986,236.7            -0.537452,51.866008,236.6            -0.53745,51.866016,236.6            -0.537449,51.866025,236.5            -0.53745,51.866041,236.5            -0.537454,51.866053,236.4            -0.537463,51.866065,236.4            -0.537465,51.86608,236.3            -0.537466,51.866101,236.4            -0.537466,51.86611,236.3            -0.537466,51.866118,236.3            -0.537465,51.866133,236.2            -0.537471,51.866146,236.2            -0.537473,51.866169,236.1            -0.537474,51.866178,236.1            -0.537475,51.866186,236            -0.537485,51.866207,236            -0.537483,51.866215,235.9            -0.537482,51.866224,235.9            -0.537483,51.866238,235.8            -0.537481,51.86625,235.8            -0.537476,51.86626,235.9            -0.537481,51.866274,235.8            -0.537482,51.866287,235.8            -0.537479,51.866297,235.7            -0.537481,51.86631,235.7            -0.537477,51.866322,235.6            -0.537484,51.866332,235.6            -0.53749,51.866341,235.6            -0.537486,51.866354,235.5            -0.537485,51.866367,235.5            -0.537485,51.866382,235.4            -0.537485,51.866395,235.4            -0.537484,51.86641,235.3            -0.537484,51.866424,235.2            -0.537489,51.866437,235.2            -0.537493,51.86646,235.1            -0.537497,51.866468,235.1            -0.5375,51.866477,235            -0.537505,51.866498,235            -0.537509,51.866506,234.9            -0.537513,51.866514,234.9            -0.537517,51.866535,234.7            -0.537517,51.866544,234.7            -0.537518,51.866552,234.8            -0.537526,51.866573,234.6            -0.537528,51.866582,234.5            -0.537529,51.86659,234.5            -0.537532,51.866611,234.4            -0.537532,51.866619,234.4            -0.537533,51.866628,234.4            -0.53753,51.866649,234.2            -0.53753,51.866657,234.3            -0.53753,51.866665,234.1            -0.537531,51.866687,234.1            -0.537533,51.866695,234            -0.537535,51.866704,234            -0.537537,51.866717,233.8            -0.537546,51.86673,233.8            -0.537551,51.86675,233.7            -0.537551,51.866759,233.7            -0.537552,51.866767,233.5            -0.537555,51.866778,233.5            -0.537562,51.866787,233.5            -0.537564,51.866798,233.3            -0.537568,51.866813,233.3            -0.537569,51.866826,233.2            -0.537572,51.866839,233.2            -0.537567,51.866853,233            -0.537565,51.866867,233            -0.537566,51.866881,232.8            -0.537567,51.866902,232.7            -0.537568,51.866911,232.7            -0.537569,51.866919,232.7            -0.537572,51.866933,232.5            -0.537579,51.866946,232.5            -0.537581,51.866968,232.3            -0.537581,51.866977,232.3            -0.537581,51.866985,232.2            -0.537576,51.867007,232            -0.537574,51.867015,232            -0.537573,51.867024,232            -0.537573,51.867045,231.8            -0.537574,51.867053,231.8            -0.537576,51.867061,231.7            -0.537572,51.867082,231.7            -0.537575,51.867091,231.5            -0.537578,51.867099,231.5            -0.537585,51.867111,231.5            -0.537587,51.867122,231.3            -0.537588,51.867133,231.3            -0.537591,51.867142,231.2            -0.537594,51.86716,231.2            -0.537598,51.86718,231            -0.537601,51.867188,230.8            -0.537604,51.867197,230.6            -0.537605,51.867218,230.5            -0.537609,51.867226,230.5            -0.537613,51.867233,230.5            -0.537617,51.867254,230.3            -0.537619,51.867261,230.3            -0.53762,51.867269,230.3            -0.537623,51.86729,230.1            -0.537625,51.867298,229.9            -0.537627,51.867305,230            -0.537636,51.867317,230            -0.537639,51.867329,229.8            -0.537638,51.867339,229.8            -0.537645,51.86736,229.4            -0.537647,51.867368,229.4            -0.53765,51.867377,229.2            -0.537655,51.867398,229.2            -0.537658,51.867407,229            -0.537661,51.867415,229.1            -0.537661,51.867436,228.9            -0.537663,51.867444,228.9            -0.537665,51.867452,228.9            -0.537662,51.867475,228.7            -0.53766,51.867483,228.5            -0.537659,51.867491,228.5            -0.537658,51.867503,228.5            -0.537661,51.867514,228.4            -0.537667,51.867524,228.4            -0.537672,51.867544,228.2            -0.537669,51.867553,228.2            -0.537667,51.867561,228.2            -0.537667,51.867573,228            -0.537669,51.867582,228            -0.53767,51.867597,227.8            -0.537667,51.867618,227.6            -0.537666,51.867626,227.7            -0.537664,51.867634,227.7            -0.537658,51.867655,227.5            -0.537659,51.867663,227.5            -0.53766,51.867672,227.3            -0.53766,51.867693,227.3            -0.537662,51.867702,227.1            -0.537664,51.867711,227.1            -0.537666,51.867731,227            -0.537667,51.86774,227            -0.537668,51.867749,226.8            -0.537667,51.867759,226.8            -0.537671,51.86777,226.8            -0.537678,51.867781,226.6            -0.537674,51.867792,226.6            -0.537682,51.8678,226.6            -0.537683,51.867811,226.5            -0.537692,51.867833,226            -0.537695,51.86784,226            -0.537698,51.867847,226            -0.537689,51.867868,225.8            -0.537687,51.867876,225.8            -0.537684,51.867884,225.9            -0.537685,51.867905,225.9            -0.537687,51.867913,225.4            -0.53769,51.867921,225.4            -0.537691,51.867932,225.5            -0.5377,51.867944,225.3            -0.537706,51.867955,225.3            -0.537703,51.867961,225.2            -0.537689,51.867964,225.2            -0.53767,51.867977,225            -0.537655,51.867995,224.9            -0.537652,51.868004,224.8            -0.537648,51.868014,224.7            -0.537632,51.868033,224.6            -0.537628,51.868041,224.6            -0.537624,51.868049,224.6            -0.537615,51.86807,224.5            -0.537608,51.868078,224.5            -0.537602,51.868086,224.5            -0.537602,51.868108,224.5            -0.537603,51.868116,224.4            -0.537604,51.868125,224.4            -0.537609,51.868138,224.4            -0.537608,51.868152,224.4            -0.537604,51.868173,224.4            -0.537607,51.868182,224.4            -0.53761,51.868191,224.3            -0.537608,51.868204,224.3            -0.537609,51.868218,224.3            -0.537599,51.868232,224.3            -0.537592,51.868243,224.3            -0.537589,51.868257,224.3            -0.537583,51.868271,224.3            -0.537575,51.868291,224.3            -0.53757,51.868299,224.3            -0.537566,51.868306,224.3            -0.537556,51.868327,224.2            -0.537555,51.868336,224.2            -0.537553,51.868344,224.2            -0.537549,51.868356,224.2            -0.537547,51.868367,224.2            -0.537537,51.868378,224.2            -0.537542,51.8684,224.2            -0.537543,51.868408,224.2            -0.537544,51.868417,224.2            -0.537535,51.868438,224.1            -0.537536,51.868447,224.1            -0.537536,51.868456,224.1            -0.537528,51.868477,224.1            -0.537524,51.868485,224            -0.53752,51.868492,224            -0.537517,51.868514,224            -0.537515,51.868522,223.9            -0.537512,51.86853,223.9            -0.537503,51.86855,223.8            -0.537501,51.868558,223.8            -0.537499,51.868567,223.8            -0.537491,51.868587,223.7            -0.537487,51.868595,223.7            -0.537483,51.868604,223.7            -0.537482,51.868626,223.6            -0.537482,51.868635,223.6            -0.537482,51.868644,223.6            -0.537476,51.868665,223.5            -0.537477,51.868673,223.5            -0.537477,51.868681,223.4            -0.537477,51.868703,223.4            -0.537474,51.868711,223.3            -0.537471,51.868718,223.3            -0.537465,51.868729,223.3            -0.537466,51.868737,223.3            -0.537458,51.868749,223.2            -0.537454,51.868762,223.2            -0.537448,51.868772,223.2            -0.53745,51.868783,223.1            -0.537445,51.868795,223.1            -0.537437,51.86881,223            -0.537428,51.86883,223            -0.537425,51.868838,222.9            -0.537422,51.868846,222.9            -0.537419,51.868868,222.8            -0.537414,51.868876,222.8            -0.537408,51.868884,222.8            -0.537403,51.868905,222.7            -0.5374,51.868914,222.7            -0.537398,51.868923,222.6            -0.537397,51.868936,222.6            -0.537394,51.86895,222.5            -0.537396,51.868972,222.4            -0.537398,51.86898,222.4            -0.537401,51.868989,222.4            -0.537407,51.869002,222.3            -0.53741,51.869016,222.2            -0.537422,51.869039,222.1            -0.537422,51.869048,222.1            -0.537421,51.869057,222            -0.537422,51.86908,221.9            -0.537419,51.869089,221.9            -0.537417,51.869097,221.9            -0.537412,51.86912,221.7            -0.537413,51.869128,221.7            -0.537413,51.869137,221.7            -0.537407,51.869159,221.6            -0.537406,51.869167,221.5            -0.537405,51.869176,221.5            -0.537403,51.869197,221.4            -0.537402,51.869206,221.4            -0.5374,51.869214,221.3            -0.537394,51.869235,221.2            -0.537394,51.869243,221.2            -0.537393,51.869252,221.2            -0.537393,51.869273,221.1            -0.537397,51.869281,221            -0.537401,51.86929,221            -0.537397,51.869311,220.9            -0.537397,51.86932,220.9            -0.537397,51.869328,220.8            -0.537396,51.869349,220.8            -0.537394,51.869358,220.7            -0.537391,51.869366,220.7            -0.537383,51.869387,220.6            -0.53738,51.869395,220.6            -0.537377,51.869403,220.6            -0.537375,51.869415,220.5            -0.53737,51.869426,220.5            -0.537362,51.869436,220.4            -0.537359,51.869445,220.4            -0.537355,51.869453,220.4            -0.53735,51.869464,220.3            -0.537347,51.869475,220.3            -0.537348,51.869491,220.2            -0.537341,51.8695,220.2            -0.537336,51.869515,220.2            -0.537336,51.869526,220.1            -0.537333,51.869547,220.1            -0.537333,51.869555,220            -0.537333,51.869564,220            -0.537332,51.869575,220            -0.537328,51.869586,220            -0.537324,51.869599,219.9            -0.537326,51.869611,219.9            -0.537327,51.869628,219.8            -0.537326,51.869649,219.8            -0.537326,51.869657,219.8            -0.537325,51.869665,219.8            -0.537332,51.869686,219.7            -0.537333,51.869694,219.7            -0.537335,51.869702,219.7            -0.537337,51.869723,219.6            -0.537337,51.869732,219.6            -0.537336,51.86974,219.6            -0.537333,51.869761,219.5            -0.537334,51.86977,219.5            -0.537336,51.869779,219.5            -0.537336,51.86979,219.5            -0.537333,51.869802,219.5            -0.53734,51.869812,219.5            -0.537343,51.869821,219.5            -0.537341,51.869833,219.5            -0.53735,51.869844,219.5            -0.537345,51.869853,219.5            -0.537341,51.869864,219.5            -0.537328,51.86987,219.5            -0.537319,51.869875,219.5            -0.537304,51.869877,219.5            -0.537288,51.869886,219.5            -0.537274,51.869893,219.5            -0.537256,51.8699,219.5            -0.537241,51.869903,219.5            -0.537222,51.869919,219.6            -0.537211,51.869925,219.6            -0.5372,51.869931,219.6            -0.537189,51.869943,219.6            -0.53718,51.86995,219.6            -0.537172,51.869957,219.6            -0.537163,51.869963,219.6            -0.537143,51.869979,219.7            -0.537136,51.869986,219.7            -0.537129,51.869993,219.7            -0.537116,51.870002,219.7            -0.53711,51.870014,219.7            -0.53711,51.870027,219.7            -0.537101,51.870038,219.7            -0.537099,51.87005,219.7            -0.537093,51.870061,219.7            -0.537094,51.870074,219.7            -0.537096,51.870086,219.7            -0.53709,51.870094,219.6            -0.537081,51.870106,219.6            -0.537087,51.870118,219.6            -0.53709,51.87013,219.6            -0.53709,51.870151,219.6            -0.537089,51.870161,219.6            -0.537088,51.87017,219.6            -0.537096,51.870185,219.5            -0.5371,51.8702,219.5            -0.537105,51.870213,219.5            -0.537101,51.870229,219.5            -0.537106,51.870243,219.5            -0.537117,51.870257,219.5            -0.537113,51.870273,219.5            -0.537118,51.870288,219.4            -0.537117,51.870302,219.4            -0.537123,51.870315,219.4            -0.537129,51.870328,219.4            -0.537128,51.870344,219.4            -0.537128,51.870358,219.4            -0.537132,51.870371,219.4            -0.537134,51.870385,219.3            -0.537134,51.8704,219.3            -0.537128,51.870414,219.3            -0.53713,51.870429,219.3            -0.537132,51.870441,219.3            -0.537127,51.870457,219.3            -0.53713,51.87047,219.3            -0.537124,51.870485,219.2            -0.537128,51.870499,219.2            -0.53713,51.870513,219.2            -0.53713,51.870528,219.2            -0.537137,51.870541,219.2            -0.537141,51.870556,219.2            -0.537145,51.870569,219.1            -0.537144,51.870584,219.1            -0.537154,51.870597,219.1            -0.537152,51.870613,219.1            -0.537156,51.870626,219.1            -0.537159,51.87064,219.1            -0.537161,51.870655,219            -0.537165,51.870669,219            -0.537168,51.870682,219            -0.537169,51.870705,219            -0.537172,51.870714,219            -0.537176,51.870723,219            -0.537177,51.870737,218.9            -0.537185,51.87075,218.9            -0.537172,51.870766,218.9            -0.537171,51.87078,218.9            -0.53717,51.870795,218.9            -0.537171,51.87081,218.9            -0.537173,51.870823,218.9            -0.537169,51.870837,218.9            -0.537172,51.870851,218.9            -0.537167,51.870864,218.9            -0.537169,51.870878,218.9            -0.537175,51.870893,218.9            -0.537179,51.870908,218.8            -0.537184,51.870921,218.8            -0.537183,51.870935,218.8            -0.537171,51.870948,218.8            -0.53717,51.870963,218.8            -0.537172,51.870977,218.8            -0.537171,51.870991,218.7            -0.53717,51.871005,218.7            -0.537176,51.871018,218.7            -0.537179,51.871032,218.7            -0.537181,51.871046,218.7            -0.537181,51.87106,218.6            -0.537179,51.871072,218.6            -0.537178,51.871086,218.6            -0.537177,51.871099,218.6            -0.53718,51.871114,218.6            -0.537179,51.871127,218.6            -0.53717,51.871142,218.5            -0.537164,51.871155,218.5            -0.537155,51.871168,218.5            -0.537153,51.871182,218.5            -0.537151,51.871196,218.4            -0.537142,51.87121,218.4            -0.537146,51.871224,218.4            -0.53714,51.871238,218.4            -0.537142,51.871253,218.4            -0.537149,51.871267,218.4            -0.537141,51.871282,218.3            -0.537145,51.871296,218.3            -0.537136,51.87131,218.3            -0.537131,51.871324,218.3            -0.537132,51.871339,218.3            -0.537128,51.871359,218.3            -0.537123,51.871369,218.3            -0.537118,51.871378,218.3            -0.537115,51.871393,218.3            -0.537109,51.871406,218.3            -0.537106,51.871419,218.3            -0.537104,51.871432,218.3            -0.537101,51.871446,218.3            -0.537096,51.871461,218.3            -0.537089,51.871475,218.3            -0.537084,51.87149,218.3            -0.537076,51.871503,218.4            -0.537074,51.871518,218.4            -0.53708,51.871532,218.4            -0.537066,51.871546,218.4            -0.537058,51.871559,218.4            -0.537052,51.871572,218.4            -0.537046,51.871594,218.5            -0.537043,51.871603,218.5            -0.537039,51.871612,218.5            -0.537035,51.871626,218.5            -0.537026,51.871638,218.5            -0.537021,51.871652,218.5            -0.537013,51.871665,218.6            -0.537006,51.871686,218.6            -0.537002,51.871694,218.6            -0.536998,51.871703,218.6            -0.536989,51.871725,218.6            -0.536985,51.871734,218.6            -0.536981,51.871743,218.6            -0.536987,51.871757,218.6            -0.536985,51.87177,218.7            -0.536987,51.871792,218.7            -0.536987,51.8718,218.7            -0.536987,51.871809,218.6            -0.536986,51.871823,218.6            -0.536989,51.871836,218.6            -0.536992,51.87185,218.6            -0.536993,51.871863,218.6            -0.536997,51.871884,218.6            -0.536997,51.871892,218.5            -0.536997,51.871901,218.5            -0.536997,51.871914,218.5            -0.536997,51.871928,218.5            -0.536995,51.87195,218.4            -0.536992,51.871958,218.4            -0.536989,51.871967,218.3            -0.536991,51.871989,218.3            -0.536991,51.871997,218.2            -0.536991,51.872006,218.2            -0.536996,51.872028,218.1            -0.536997,51.872037,218.1            -0.536998,51.872046,218            -0.536996,51.872068,217.9            -0.536993,51.872077,217.9            -0.536991,51.872085,217.8            -0.536991,51.872096,217.7            -0.536993,51.872107,217.7            -0.536999,51.872117,217.6            -0.537004,51.872137,217.5            -0.537008,51.872145,217.5            -0.537013,51.872153,217.4            -0.537022,51.872173,217.3            -0.537026,51.87218,217.2            -0.53703,51.872188,217.2            -0.537036,51.872208,217.1            -0.537037,51.872217,217            -0.537038,51.872225,217            -0.537037,51.872246,216.9            -0.537038,51.872254,216.8            -0.537039,51.872263,216.8            -0.537038,51.872283,216.7            -0.537035,51.872291,216.6            -0.537032,51.872299,216.6            -0.537025,51.872318,216.5            -0.537022,51.872327,216.5            -0.53702,51.872335,216.4            -0.537017,51.872355,216.3            -0.537016,51.872364,216.3            -0.537015,51.872372,216.3            -0.537015,51.872394,216.2            -0.537015,51.872403,216.2            -0.537014,51.872411,216.1            -0.537013,51.872423,216.1            -0.53701,51.872434,216.1            -0.53701,51.872447,216            -0.537016,51.872467,216            -0.537019,51.872476,215.9            -0.537023,51.872484,215.9            -0.537022,51.872505,215.8            -0.537022,51.872514,215.8            -0.537021,51.872523,215.8            -0.537021,51.872544,215.7            -0.537025,51.872552,215.7            -0.537029,51.87256,215.7            -0.537027,51.872574,215.7            -0.537029,51.872588,215.6            -0.537031,51.872609,215.6            -0.537033,51.872618,215.5            -0.537034,51.872627,215.5            -0.537035,51.872649,215.5            -0.537035,51.872657,215.4            -0.537035,51.872666,215.4            -0.537041,51.872687,215.4            -0.537046,51.872696,215.3            -0.53705,51.872705,215.3            -0.53705,51.872719,215.3            -0.537051,51.872732,215.2            -0.537065,51.872753,215.1            -0.537075,51.87276,215.1            -0.537086,51.872768,215.1            -0.537111,51.872782,215            -0.537122,51.872786,214.9            -0.537133,51.872791,214.9            -0.53715,51.872806,214.8            -0.537159,51.872813,214.8            -0.537168,51.87282,214.7            -0.537177,51.872828,214.7            -0.537183,51.87284,214.6            -0.537185,51.872853,214.5            -0.537186,51.872876,214.4            -0.537185,51.872886,214.3            -0.537184,51.872896,214.3            -0.537189,51.872918,214.2            -0.537194,51.872927,214.1            -0.537199,51.872935,214.1            -0.537218,51.872945,214            -0.537237,51.872954,214            -0.537252,51.872964,213.9            -0.537271,51.872973,213.9            -0.537296,51.872987,213.8            -0.537306,51.872993,213.8            -0.537317,51.872999,213.8            -0.537334,51.873018,213.8            -0.53734,51.873026,213.7            -0.537346,51.873034,213.7            -0.537365,51.873051,213.7            -0.537373,51.873058,213.7            -0.537381,51.873064,213.7            -0.537394,51.873084,213.8            -0.5374,51.873091,213.8            -0.537406,51.873098,213.8            -0.537422,51.873116,213.8            -0.537427,51.873123,213.8            -0.537433,51.87313,213.9            -0.537455,51.873135,213.9            -0.537475,51.873131,213.9            -0.537476,51.873108,213.8            -0.53745,51.87309,213.6            -0.537448,51.873083,213.5            -0.537449,51.873073,213.4            -0.537444,51.873055,213.2            -0.537439,51.873042,213.1            -0.53743,51.873027,212.9            -0.537423,51.873013,212.7            -0.537415,51.872999,212.6            -0.537407,51.872985,212.5            -0.537404,51.872971,212.3            -0.537405,51.872955,212.2            -0.537401,51.872942,212.1            -0.537393,51.872922,211.9            -0.537392,51.872914,211.8            -0.53739,51.872906,211.7            -0.53738,51.872886,211.6            -0.537376,51.872878,211.5            -0.537371,51.87287,211.4            -0.537363,51.872861,211.4            -0.537365,51.872853,211.3            -0.537364,51.872838,211.2            -0.537362,51.872824,211.1            -0.537365,51.87281,211.1            -0.537365,51.8728,211            -0.537369,51.87279,211            -0.537371,51.872778,210.9            -0.537375,51.872769,210.9            -0.537382,51.872758,210.8            -0.537385,51.872743,210.7            -0.53738,51.872724,210.7            -0.537378,51.872715,210.7            -0.537376,51.872707,210.6            -0.53737,51.872694,210.6            -0.537375,51.872687,210.6            -0.537382,51.872676,210.6            -0.537387,51.872654,210.5            -0.537392,51.872645,210.5            -0.537396,51.872635,210.5            -0.537401,51.872614,210.5            -0.537402,51.872606,210.4            -0.537403,51.872598,210.4            -0.537399,51.872588,210.4            -0.537405,51.872577,210.4            -0.537403,51.872566,210.4            -0.537412,51.872553,210.4            -0.53742,51.872539,210.4            -0.537421,51.872528,210.4            -0.537428,51.872515,210.4            -0.537434,51.872506,210.4            -0.537437,51.872494,210.4            -0.537441,51.872484,210.4            -0.537446,51.872472,210.5            -0.537452,51.872452,210.5            -0.537455,51.872443,210.5            -0.537459,51.872434,210.5            -0.537465,51.872425,210.5            -0.537468,51.87242,210.5            -0.537474,51.872409,210.5            -0.537479,51.872392,210.5            -0.537484,51.872381,210.5            -0.53749,51.87237,210.6            -0.537483,51.872361,210.6            -0.537494,51.872352,210.6            -0.5375,51.872331,210.6            -0.537503,51.872323,210.6            -0.537506,51.872315,210.6            -0.53751,51.872301,210.7            -0.537515,51.872297,210.7            -0.537532,51.87229,210.7            -0.537557,51.872274,210.8            -0.537564,51.872263,210.8            -0.537562,51.872248,210.8            -0.537558,51.872236,210.8            -0.537572,51.872214,210.9            -0.537577,51.872206,210.9            -0.537583,51.872198,211            -0.537584,51.872188,211            -0.537592,51.872176,211.1            -0.537598,51.87217,211.1            -0.537599,51.872147,211.2            -0.537601,51.87214,211.2            -0.537604,51.872132,211.2            -0.537608,51.872122,211.2            -0.537612,51.872108,211.3            -0.537613,51.872097,211.3            -0.537617,51.872088,211.4            -0.537622,51.872079,211.4            -0.537624,51.87207,211.4            -0.537629,51.872051,211.5            -0.537635,51.872043,211.5            -0.53764,51.872035,211.6            -0.537647,51.872027,211.6            -0.537651,51.872017,211.6            -0.537656,51.872001,211.7            -0.537658,51.871989,211.7            -0.537662,51.871974,211.7            -0.537666,51.871961,211.8            -0.537674,51.87195,211.8            -0.537676,51.871947,211.8            -0.537675,51.871939,211.8            -0.537679,51.871925,211.9            -0.537681,51.871916,211.9            -0.537689,51.871896,211.9            -0.537693,51.871888,212            -0.537696,51.87188,212            -0.537701,51.871867,212            -0.537699,51.871856,212            -0.537699,51.871845,212            -0.537698,51.871825,212.1            -0.537698,51.871816,212.2            -0.537698,51.871808,212.2            -0.537698,51.871795,212.3            -0.537697,51.871783,212.3            -0.537694,51.871773,212.4            -0.537685,51.871753,212.4            -0.537681,51.871745,212.5            -0.537677,51.871737,212.5            -0.537663,51.871729,212.6            -0.537658,51.871717,212.6            -0.537655,51.871705,212.7            -0.537656,51.87169,212.7            -0.537653,51.871678,212.8            -0.537647,51.871668,212.8            -0.537643,51.871654,212.9            -0.537639,51.871644,212.9            -0.537637,51.871621,213            -0.537632,51.871615,213.1            -0.537628,51.871608,213.1            -0.537622,51.871599,213.1            -0.537616,51.871583,213.2            -0.537609,51.871574,213.2            -0.537603,51.87156,213.3            -0.537595,51.871547,213.4            -0.53759,51.871535,213.4            -0.537585,51.871525,213.5            -0.537582,51.871512,213.5            -0.537583,51.8715,213.6            -0.537581,51.871489,213.6            -0.537575,51.871477,213.7            -0.537571,51.871466,213.7            -0.537568,51.871454,213.8            -0.537568,51.871441,213.8            -0.537566,51.871433,213.8            -0.537564,51.871419,213.9            -0.537557,51.871406,214            -0.537551,51.871393,214            -0.537548,51.871378,214.1            -0.537538,51.871367,214.2            -0.537537,51.871354,214.3            -0.537536,51.871344,214.3            -0.537536,51.871335,214.4            -0.537536,51.871322,214.4            -0.537526,51.871309,214.5            -0.537522,51.871291,214.6            -0.53752,51.871282,214.6            -0.537518,51.871273,214.7            -0.537516,51.871264,214.7            -0.537516,51.871261,214.8            -0.53752,51.871269,214.8            -0.537518,51.871263,214.8            -0.53751,51.871256,214.9            -0.537515,51.871243,214.9            -0.537514,51.871229,215            -0.537513,51.871221,215            -0.537509,51.871211,215.1            -0.537505,51.871206,215.1            -0.537505,51.871194,215.1            -0.537507,51.871183,215.2            -0.537512,51.871171,215.2            -0.537513,51.871155,215.3            -0.537511,51.871135,215.3            -0.537511,51.871125,215.4            -0.537512,51.871116,215.4            -0.537512,51.871105,215.4            -0.537514,51.871093,215.4            -0.537514,51.871082,215.5            -0.537511,51.87106,215.5            -0.53751,51.871052,215.6            -0.537509,51.871044,215.6            -0.537504,51.871033,215.6            -0.537505,51.871021,215.7            -0.537503,51.871008,215.7            -0.537504,51.870995,215.7            -0.537505,51.870981,215.8            -0.537503,51.870969,215.8            -0.537502,51.870958,215.8            -0.537501,51.870945,215.9            -0.537502,51.870934,215.9            -0.537502,51.870922,215.9            -0.537499,51.870913,215.9            -0.537501,51.8709,215.9            -0.537498,51.870887,216            -0.537497,51.87088,216            -0.537499,51.870862,216            -0.537501,51.87085,216            -0.537505,51.87084,216.1            -0.53751,51.870827,216.1            -0.537512,51.870823,216.1            -0.537514,51.870806,216.1            -0.537509,51.870795,216.1            -0.537506,51.870774,216.1            -0.537505,51.870766,216.1            -0.537503,51.870758,216.2            -0.537502,51.870745,216.2            -0.5375,51.870732,216.2            -0.537495,51.870724,216.2            -0.537496,51.870703,216.2            -0.537497,51.870694,216.2            -0.537499,51.870685,216.2            -0.537503,51.870675,216.2            -0.537505,51.870661,216.2            -0.537497,51.87065,216.2            -0.537496,51.87064,216.2            -0.537492,51.870626,216.2            -0.537491,51.870617,216.2            -0.537494,51.870606,216.2            -0.537497,51.870598,216.2            -0.537502,51.870586,216.2            -0.537509,51.87058,216.2            -0.537509,51.870582,216.2            -0.537516,51.870572,216.2            -0.537521,51.870562,216.2            -0.537522,51.870554,216.2            -0.537524,51.870549,216.2            -0.537526,51.870541,216.2            -0.537528,51.870531,216.2            -0.537531,51.870523,216.2            -0.537536,51.870513,216.2            -0.537538,51.870501,216.2            -0.537535,51.87048,216.1            -0.537534,51.870472,216.1            -0.537534,51.870464,216.1            -0.537539,51.870455,216            -0.537544,51.870438,216            -0.537551,51.870419,215.9            -0.537554,51.870411,215.9            -0.537557,51.870403,215.8            -0.537562,51.870392,215.8            -0.537566,51.870383,215.8            -0.537572,51.870368,215.7            -0.537576,51.870358,215.7            -0.537574,51.870347,215.7            -0.537577,51.870337,215.6            -0.537582,51.870324,215.6            -0.537591,51.870311,215.6            -0.537599,51.870308,215.6            -0.537603,51.870294,215.5            -0.537608,51.870281,215.5            -0.537612,51.870273,215.5            -0.537613,51.870252,215.5            -0.537612,51.870244,215.5            -0.537612,51.870236,215.5            -0.537613,51.870215,215.5            -0.537613,51.870207,215.5            -0.537612,51.870199,215.5            -0.537611,51.870189,215.5            -0.537612,51.870178,215.5            -0.53761,51.870166,215.5            -0.537613,51.870143,215.5            -0.537613,51.870136,215.5            -0.537613,51.870129,215.5            -0.537614,51.870121,215.5            -0.537612,51.870106,215.5            -0.53761,51.870097,215.5            -0.537611,51.870074,215.5            -0.537611,51.870067,215.5            -0.537611,51.87006,215.5            -0.537616,51.870045,215.5            -0.537625,51.870033,215.5            -0.537628,51.870018,215.5            -0.537633,51.870007,215.5            -0.537631,51.869998,215.6            -0.53763,51.869987,215.6            -0.537633,51.869982,215.6            -0.537636,51.869967,215.6            -0.537639,51.869952,215.6            -0.537643,51.869938,215.6            -0.537642,51.869923,215.7            -0.537643,51.869912,215.7            -0.537648,51.869903,215.7            -0.537645,51.869894,215.7            -0.537655,51.869882,215.7            -0.537665,51.86987,215.8            -0.537672,51.869846,215.9            -0.537671,51.869837,215.9            -0.537671,51.869829,215.9            -0.537671,51.869816,215.9            -0.537674,51.869806,216            -0.537679,51.869797,216            -0.53768,51.869782,216            -0.537686,51.86977,216.1            -0.537687,51.869759,216.1            -0.537687,51.869747,216.2            -0.537689,51.869735,216.2            -0.537695,51.869727,216.3            -0.537699,51.869717,216.3            -0.537701,51.869707,216.4            -0.537705,51.869695,216.4            -0.537704,51.869682,216.5            -0.537707,51.869673,216.5            -0.537712,51.869652,216.6            -0.537713,51.869645,216.6            -0.537715,51.869637,216.7            -0.537714,51.869626,216.7            -0.537719,51.869614,216.8            -0.537724,51.869602,216.8            -0.537728,51.869584,216.9            -0.537729,51.869575,217            -0.53773,51.869566,217            -0.537732,51.869559,217.1            -0.537729,51.869544,217.1            -0.53773,51.869534,217.2            -0.537729,51.869513,217.3            -0.537729,51.869505,217.3            -0.537728,51.869497,217.4            -0.53773,51.869478,217.4            -0.537731,51.869471,217.5            -0.537732,51.869463,217.5            -0.537734,51.869455,217.5            -0.537736,51.869444,217.5            -0.537739,51.869433,217.6            -0.537741,51.86942,217.6            -0.537741,51.869409,217.6            -0.537739,51.8694,217.7            -0.537745,51.86939,217.7            -0.537742,51.86937,217.8            -0.537741,51.869362,217.8            -0.53774,51.869354,217.8            -0.537743,51.869343,217.9            -0.537747,51.869333,217.9            -0.537748,51.869323,217.9            -0.537747,51.869311,218            -0.53775,51.869302,218            -0.537753,51.86929,218.1            -0.537757,51.869279,218.1            -0.53776,51.86926,218.2            -0.537766,51.869255,218.2            -0.537765,51.869246,218.2            -0.537772,51.869235,218.3            -0.537774,51.869227,218.3            -0.537777,51.869214,218.3            -0.537781,51.869207,218.4            -0.537782,51.869195,218.4            -0.537783,51.869183,218.4            -0.537778,51.869173,218.5            -0.537782,51.869164,218.5            -0.537787,51.869148,218.6            -0.537787,51.869138,218.6            -0.537787,51.869128,218.6            -0.53779,51.869105,218.7            -0.537793,51.869096,218.7            -0.537795,51.869088,218.7            -0.537794,51.869077,218.7            -0.537802,51.869068,218.7            -0.537805,51.86906,218.8            -0.537808,51.869046,218.8            -0.537809,51.869039,218.8            -0.537816,51.869028,218.8            -0.537818,51.86902,218.8            -0.537816,51.869018,218.8            -0.537815,51.86902,218.8            -0.537813,51.869013,218.8            -0.537816,51.868999,218.9            -0.537822,51.868988,218.9            -0.537822,51.868979,218.9            -0.537833,51.868972,218.9            -0.537837,51.868956,218.9            -0.537841,51.868943,218.9            -0.537848,51.868936,218.9            -0.53785,51.868926,218.9            -0.537855,51.868914,218.9            -0.537861,51.868902,218.9            -0.537867,51.868887,218.9            -0.537878,51.868879,218.9            -0.537883,51.868865,218.9            -0.537885,51.868856,218.9            -0.537893,51.868837,218.9            -0.537897,51.868829,218.9            -0.537901,51.868821,218.9            -0.537909,51.868799,218.9            -0.537912,51.86879,218.9            -0.537916,51.868781,218.9            -0.537917,51.86877,218.9            -0.537919,51.868758,218.9            -0.537929,51.868749,218.9            -0.537936,51.86873,218.9            -0.537939,51.868722,218.9            -0.537941,51.868714,218.9            -0.537944,51.868703,218.9            -0.53795,51.868692,218.8            -0.537953,51.868684,218.8            -0.537963,51.868662,218.8            -0.537965,51.868653,218.8            -0.537968,51.868645,218.8            -0.537977,51.868627,218.8            -0.537981,51.868619,218.8            -0.537985,51.868612,218.8            -0.53799,51.868605,218.8            -0.537999,51.868596,218.7            -0.537999,51.868581,218.7            -0.537999,51.86857,218.7            -0.537988,51.868547,218.7            -0.537974,51.868534,218.7            -0.537978,51.868519,218.7            -0.537987,51.868506,218.6            -0.538013,51.868501,218.4            -0.538015,51.868492,218.4            -0.538017,51.868484,218.3            -0.538019,51.868475,218.2            -0.538028,51.868454,218.1            -0.538033,51.868444,218            -0.538038,51.868434,217.9            -0.538048,51.868425,217.8            -0.538058,51.868414,217.7            -0.538068,51.868405,217.7            -0.538085,51.868387,217.5            -0.538092,51.868379,217.5            -0.538098,51.868371,217.4            -0.538101,51.868365,217.4            -0.538115,51.868345,217.3            -0.538125,51.868337,217.3            -0.538134,51.868326,217.2            -0.538141,51.868314,217.1            -0.538149,51.868295,217.1            -0.538153,51.868287,217            -0.538158,51.868278,217            -0.538168,51.868257,216.9            -0.538171,51.868249,216.9            -0.538175,51.868241,216.9            -0.538176,51.86823,216.8            -0.538176,51.868221,216.8            -0.538176,51.868206,216.8            -0.538187,51.868186,216.8            -0.538191,51.868178,216.8            -0.538195,51.868169,216.8            -0.538204,51.868149,216.7            -0.538209,51.868141,216.7            -0.538214,51.868133,216.7            -0.538224,51.868113,216.7            -0.538226,51.868104,216.7            -0.538229,51.868095,216.7            -0.538238,51.868073,216.7            -0.538239,51.868064,216.7            -0.53824,51.868055,216.7            -0.538243,51.868043,216.7            -0.538254,51.868033,216.7            -0.538259,51.868022,216.7            -0.538259,51.868013,216.7            -0.538261,51.868006,216.7            -0.538267,51.867995,216.7            -0.538274,51.86798,216.7            -0.53827,51.867964,216.8            -0.538268,51.867952,216.8            -0.538275,51.867942,216.8            -0.538281,51.867932,216.9            -0.53829,51.867912,216.9            -0.538293,51.867904,217            -0.538296,51.867897,217            -0.538299,51.867874,217.1            -0.538301,51.867866,217.1            -0.538304,51.867858,217.2            -0.538309,51.867849,217.3            -0.5383,51.867835,217.4            -0.538312,51.867826,217.5            -0.538326,51.867813,217.6            -0.53834,51.867805,217.6            -0.538352,51.867785,217.8            -0.538355,51.867777,217.8            -0.538359,51.867769,217.9            -0.538362,51.867758,218            -0.538376,51.867743,218.1            -0.538385,51.867734,218.1            -0.538391,51.867724,218.2            -0.538399,51.867716,218.3            -0.538413,51.867703,218.4            -0.538421,51.867692,218.5            -0.53843,51.867683,218.5            -0.538438,51.867671,218.6            -0.538444,51.86766,218.7            -0.538459,51.867641,218.8            -0.538466,51.867635,218.9            -0.538472,51.867628,218.9            -0.538481,51.867618,219            -0.538488,51.867606,219.1            -0.538488,51.867597,219.2            -0.538506,51.86758,219.3            -0.538514,51.867574,219.4            -0.538523,51.867568,219.4            -0.538534,51.867559,219.5            -0.538542,51.867552,219.6            -0.538553,51.867544,219.6            -0.53856,51.867533,219.7            -0.538566,51.867524,219.8            -0.538573,51.867513,219.9            -0.538581,51.867506,219.9            -0.538587,51.867497,220            -0.538594,51.867488,220.1            -0.538612,51.867471,220.2            -0.53862,51.867463,220.3            -0.538628,51.867455,220.4            -0.53863,51.867441,220.5            -0.538637,51.867433,220.5            -0.538645,51.867423,220.6            -0.538652,51.867415,220.7            -0.538657,51.867401,220.8            -0.538662,51.867394,220.8            -0.538672,51.867382,220.9            -0.538683,51.867367,221            -0.538688,51.867356,221.1            -0.538694,51.867347,221.2            -0.538704,51.867339,221.2            -0.538712,51.867329,221.3            -0.53872,51.867319,221.4            -0.538731,51.867311,221.4            -0.538742,51.8673,221.5            -0.538752,51.86729,221.6            -0.538764,51.867284,221.7            -0.53877,51.867271,221.8            -0.53878,51.867263,221.8            -0.53879,51.867253,221.9            -0.538801,51.867243,222            -0.538812,51.867233,222.1            -0.538821,51.867225,222.1            -0.538832,51.867215,222.2            -0.538842,51.867206,222.3            -0.538852,51.867196,222.4            -0.538872,51.867177,222.5            -0.538879,51.86717,222.6            -0.538887,51.867163,222.6            -0.538897,51.867152,222.7            -0.538899,51.867144,222.8            -0.538911,51.867133,222.9            -0.538928,51.867118,223            -0.538937,51.86711,223.1            -0.538945,51.867102,223.1            -0.538952,51.867091,223.2            -0.538959,51.867082,223.3            -0.538967,51.867074,223.3            -0.538985,51.867054,223.5            -0.538992,51.867044,223.5            -0.538999,51.867035,223.6            -0.539009,51.86703,223.6            -0.539016,51.86702,223.7            -0.539022,51.867009,223.8            -0.539042,51.866993,223.9            -0.53905,51.866986,224            -0.539057,51.866979,224            -0.539071,51.86696,224.1            -0.539077,51.866952,224.2            -0.539084,51.866944,224.2            -0.539091,51.866931,224.3            -0.5391,51.866924,224.4            -0.539116,51.86692,224.4            -0.53913,51.866903,224.6            -0.539135,51.866894,224.6            -0.539141,51.866885,224.7            -0.539157,51.866866,224.8            -0.539165,51.866858,224.8            -0.539174,51.86685,224.9            -0.539184,51.86684,225            -0.539195,51.86683,225            -0.539196,51.866821,225.1            -0.539205,51.866805,225.2            -0.539212,51.866792,225.3            -0.539231,51.866774,225.4            -0.539237,51.866768,225.4            -0.539243,51.866761,225.5            -0.539252,51.866755,225.5            -0.539261,51.866743,225.6            -0.539265,51.866735,225.7            -0.539274,51.866719,225.8            -0.539287,51.866711,225.8            -0.539291,51.866698,225.9            -0.539305,51.866693,225.9            -0.539311,51.866681,226            -0.539316,51.86667,226.1            -0.539318,51.866661,226.1            -0.539324,51.866654,226.2            -0.539347,51.866643,226.2            -0.539352,51.86663,226.3            -0.539357,51.86662,226.3            -0.53936,51.866603,226.4            -0.539362,51.866592,226.4            -0.53937,51.866581,226.5            -0.539376,51.866569,226.5            -0.539383,51.866564,226.6            -0.539387,51.866548,226.6            -0.53939,51.866538,226.7            -0.539394,51.866528,226.7            -0.539396,51.866516,226.7            -0.539398,51.866504,226.7            -0.539403,51.866492,226.8            -0.539412,51.866479,226.8            -0.539417,51.866465,226.8            -0.53942,51.866453,226.9            -0.539424,51.866445,226.9            -0.539427,51.866432,226.9            -0.539442,51.866415,226.9            -0.539444,51.866394,226.9            -0.539445,51.866385,226.9            -0.539446,51.866376,226.9            -0.53946,51.866357,226.9            -0.539464,51.86635,226.9            -0.539467,51.866342,226.9            -0.539469,51.866325,226.9            -0.53948,51.866316,226.9            -0.539484,51.866297,226.9            -0.539484,51.866288,226.9            -0.539485,51.866279,226.9            -0.539498,51.866262,226.9            -0.5395,51.866252,226.8            -0.539502,51.86623,226.8            -0.539503,51.866222,226.8            -0.539504,51.866213,226.8            -0.539509,51.866193,226.7            -0.539511,51.866185,226.7            -0.539513,51.866177,226.7            -0.539512,51.866163,226.7            -0.539515,51.86615,226.6            -0.539517,51.866128,226.6            -0.53952,51.866119,226.6            -0.539523,51.86611,226.6            -0.539528,51.866089,226.5            -0.539528,51.86608,226.5            -0.539528,51.866071,226.5            -0.539537,51.866051,226.5            -0.539539,51.866043,226.4            -0.539541,51.866034,226.4            -0.539546,51.866014,226.4            -0.539548,51.866005,226.4            -0.539549,51.865996,226.4            -0.539551,51.865982,226.4            -0.539557,51.865969,226.3            -0.539565,51.86595,226.3            -0.539565,51.865941,226.3            -0.539566,51.865933,226.3            -0.539565,51.865911,226.3            -0.539568,51.865903,226.3            -0.53957,51.865895,226.3            -0.539573,51.865881,226.3            -0.539583,51.865869,226.3            -0.539587,51.865847,226.2            -0.539591,51.865838,226.2            -0.539594,51.865829,226.2            -0.539598,51.865815,226.2            -0.539604,51.865802,226.2            -0.539612,51.865789,226.3            -0.53961,51.865774,226.3            -0.53962,51.865754,226.3            -0.539622,51.865745,226.3            -0.539623,51.865737,226.3            -0.539635,51.865718,226.3            -0.539637,51.86571,226.3            -0.539639,51.865701,226.3            -0.539646,51.865681,226.3            -0.539651,51.865673,226.3            -0.539655,51.865665,226.3            -0.539663,51.865645,226.3            -0.539667,51.865637,226.3            -0.539671,51.86563,226.3            -0.539674,51.865609,226.3            -0.539677,51.865601,226.3            -0.539679,51.865592,226.3            -0.53969,51.865572,226.3            -0.539695,51.865564,226.3            -0.5397,51.865556,226.3            -0.53971,51.865536,226.4            -0.539714,51.865528,226.4            -0.539718,51.865521,226.4            -0.539727,51.865498,226.4            -0.539733,51.865491,226.4            -0.539739,51.865483,226.4            -0.539751,51.865464,226.4            -0.539756,51.865457,226.4            -0.539762,51.865449,226.4            -0.539775,51.86543,226.4            -0.53978,51.865423,226.4            -0.539785,51.865415,226.4            -0.539798,51.865396,226.4            -0.539803,51.865388,226.4            -0.539807,51.865381,226.4            -0.539815,51.865361,226.4            -0.539821,51.865353,226.4            -0.539826,51.865345,226.4            -0.539835,51.865327,226.4            -0.539838,51.865318,226.5            -0.53984,51.86531,226.5            -0.539849,51.86529,226.5            -0.539849,51.865282,226.5            -0.53985,51.865274,226.6            -0.539844,51.865261,226.7            -0.539836,51.865254,226.8            -0.53982,51.865251,226.9            -0.539806,51.865241,227.1            -0.539793,51.86524,227.2            -0.539774,51.865238,227.3            -0.539762,51.865238,227.4            -0.539745,51.865237,227.6            -0.539725,51.865235,227.7            -0.539715,51.865232,227.8            -0.539699,51.865227,228            -0.539681,51.865218,228.2            -0.539671,51.865214,228.3            -0.539657,51.865216,228.4            -0.539644,51.86521,228.6            -0.53963,51.865209,228.7            -0.539618,51.865206,228.8            -0.539601,51.865203,229            -0.539587,51.8652,229.1            -0.539566,51.865197,229.3            -0.539556,51.865196,229.4            -0.539541,51.86519,229.6            -0.539526,51.865188,229.8            -0.53951,51.865186,229.9            -0.53949,51.865181,230.2            -0.539478,51.865181,230.3            -0.539465,51.865177,230.4            -0.539454,51.865177,230.5            -0.539439,51.865175,230.7            -0.539418,51.865173,230.9            -0.539402,51.86517,231.1            -0.539384,51.86517,231.3            -0.53937,51.865167,231.4            -0.539357,51.865162,231.6            -0.539332,51.865158,231.8            -0.539323,51.865157,231.9            -0.539308,51.865157,232.1            -0.539289,51.865154,232.3            -0.539272,51.865153,232.5            -0.539252,51.865149,232.7            -0.539244,51.865141,232.9            -0.539224,51.865135,233.1            -0.539215,51.865133,233.2            -0.5392,51.865127,233.4            -0.539175,51.865125,233.6            -0.539164,51.865123,233.7            -0.539152,51.865122,233.7            -0.539141,51.86512,233.7            -0.539123,51.865117,233.7            -0.539111,51.865113,233.8            -0.539099,51.865108,233.8            -0.539088,51.865104,233.8            -0.539079,51.865099,233.8            -0.539063,51.865092,233.8            -0.539056,51.865085,233.8            -0.53905,51.865078,233.8            -0.539035,51.865069,233.8            -0.539033,51.865063,233.8            -0.539034,51.865058,233.8            -0.539032,51.865047,233.8            -0.539029,51.865038,233.8            -0.539027,51.865026,233.8            -0.539022,51.865015,233.8            -0.539026,51.865004,233.8            -0.539029,51.864996,233.8            -0.539032,51.864987,233.8            -0.539035,51.864979,233.9            -0.539042,51.864972,233.9            -0.539052,51.864961,233.9            -0.53907,51.864953,233.9            -0.539096,51.864941,233.9            -0.539107,51.864937,234            -0.539118,51.864932,234            -0.539138,51.864914,234            -0.539146,51.864906,234            -0.539153,51.864898,234            -0.539164,51.864891,234            -0.539175,51.864881,234.1            -0.539184,51.864875,234.1            -0.539207,51.864858,234.1            -0.539216,51.864849,234.1            -0.539226,51.864841,234.1            -0.539239,51.864822,234.1            -0.539246,51.864814,234.1            -0.539254,51.864806,234.1            -0.539265,51.864795,234.2            -0.539273,51.864785,234.2            -0.539279,51.864775,234.2            -0.539294,51.864755,234.2            -0.539301,51.864746,234.2            -0.539308,51.864737,234.2            -0.539319,51.864728,234.2            -0.539326,51.864717,234.3            -0.539337,51.864708,234.3            -0.539354,51.864689,234.3            -0.539362,51.864681,234.3            -0.539369,51.864674,234.3            -0.539376,51.864664,234.3            -0.539385,51.864654,234.3            -0.539393,51.864641,234.4            -0.539397,51.864629,234.4            -0.539403,51.864619,234.4            -0.539411,51.864609,234.4            -0.53942,51.8646,234.4            -0.539427,51.864589,234.4            -0.539436,51.864578,234.4            -0.539443,51.864569,234.4            -0.539458,51.864554,234.5            -0.539467,51.864544,234.5            -0.539474,51.864532,234.5            -0.539479,51.864521,234.5            -0.539491,51.864504,234.5            -0.539498,51.864496,234.5            -0.539505,51.864487,234.6            -0.53952,51.864469,234.6            -0.539526,51.86446,234.6            -0.539531,51.864452,234.6            -0.539541,51.86444,234.6            -0.539552,51.86443,234.6            -0.539559,51.864421,234.6            -0.53957,51.864409,234.7            -0.539579,51.864395,234.7            -0.539585,51.864384,234.7            -0.539592,51.864374,234.7            -0.5396,51.864363,234.7            -0.539617,51.864342,234.7            -0.53962,51.864335,234.7            -0.539624,51.864327,234.7            -0.539642,51.864308,234.7            -0.539647,51.8643,234.7            -0.539652,51.864292,234.7            -0.53967,51.864276,234.7            -0.539678,51.864269,234.7            -0.539686,51.864263,234.7            -0.539703,51.864248,234.7            -0.539707,51.864235,234.7            -0.539719,51.864222,234.7            -0.539733,51.864212,234.7            -0.539748,51.864194,234.7            -0.539753,51.864186,234.7            -0.539759,51.864179,234.7            -0.539771,51.864167,234.7            -0.53978,51.864155,234.6            -0.539795,51.864137,234.6            -0.5398,51.864127,234.6            -0.539806,51.864118,234.6            -0.539817,51.864096,234.6            -0.539822,51.864089,234.6            -0.539827,51.864082,234.5            -0.539842,51.864066,234.5            -0.53985,51.864058,234.5            -0.539858,51.864049,234.5            -0.539865,51.864036,234.5            -0.539876,51.864022,234.4            -0.539899,51.864005,234.4            -0.539906,51.863996,234.4            -0.539913,51.863987,234.4            -0.539921,51.863978,234.3            -0.539928,51.863967,234.3            -0.539933,51.863954,234.3            -0.539951,51.863933,234.2            -0.539957,51.863927,234.2            -0.539964,51.863921,234.2            -0.539978,51.863909,234.2            -0.539981,51.863895,234.1            -0.540006,51.86389,234.1            -0.540017,51.863878,234.1            -0.54002,51.863865,234.1            -0.540034,51.863854,234            -0.540044,51.863848,234            -0.54005,51.863832,234            -0.540058,51.863817,233.9            -0.540076,51.863799,233.9            -0.540079,51.863791,233.8            -0.540082,51.863782,233.8            -0.5401,51.86377,233.8            -0.540104,51.863759,233.8            -0.540111,51.863748,233.7            -0.540117,51.863736,233.7            -0.540126,51.863727,233.7            -0.540143,51.863709,233.6            -0.540151,51.863701,233.6            -0.54016,51.863692,233.6            -0.540164,51.863681,233.5            -0.540173,51.863666,233.5            -0.54019,51.863648,233.5            -0.540201,51.863642,233.4            -0.540211,51.863637,233.4            -0.540225,51.863615,233.4            -0.540234,51.863604,233.3            -0.540243,51.863594,233.3            -0.540246,51.863585,233.3            -0.540253,51.863573,233.3            -0.540263,51.863562,233.2            -0.540277,51.863541,233.2            -0.540281,51.863533,233.2            -0.540285,51.863525,233.2            -0.540295,51.863511,233.2            -0.540306,51.863499,233.1            -0.540316,51.863487,233.1            -0.540324,51.863475,233.1            -0.540331,51.863466,233.1            -0.540341,51.863447,233            -0.540347,51.86344,233            -0.540352,51.863433,233            -0.540365,51.863418,233            -0.540379,51.863411,233            -0.54039,51.863397,232.9            -0.540393,51.863384,232.9            -0.540414,51.863365,232.9            -0.540422,51.863358,232.9            -0.540429,51.863351,232.9            -0.540445,51.863332,232.9            -0.54045,51.863324,232.9            -0.540455,51.863317,232.9            -0.54047,51.863297,232.8            -0.540474,51.86329,232.8            -0.540479,51.863282,232.8            -0.540492,51.863263,232.8            -0.540498,51.863255,232.8            -0.540504,51.863248,232.8            -0.54052,51.863229,232.8            -0.540526,51.863221,232.8            -0.540533,51.863214,232.8            -0.540548,51.863193,232.9            -0.540554,51.863185,232.9            -0.54056,51.863178,232.9            -0.540577,51.863158,232.9            -0.540583,51.86315,232.9            -0.540588,51.863141,232.9            -0.540599,51.863129,232.9            -0.540609,51.863118,232.9            -0.54062,51.863106,232.9            -0.540631,51.863096,232.9            -0.540635,51.863089,232.9            -0.540647,51.863074,232.9            -0.540649,51.863063,232.9            -0.540659,51.86305,232.9            -0.540667,51.86304,232.9            -0.540675,51.863031,232.9            -0.540686,51.863018,232.9            -0.540699,51.863006,232.9            -0.540707,51.862992,232.9            -0.540712,51.862977,232.9            -0.540726,51.862969,232.9            -0.540732,51.862956,232.9            -0.540743,51.862955,232.9            -0.540756,51.86294,232.9            -0.540761,51.862931,232.9            -0.540767,51.862922,232.9            -0.540781,51.862906,232.9            -0.540784,51.862897,232.9            -0.540788,51.862888,232.9            -0.540803,51.862877,232.9            -0.540814,51.862861,232.9            -0.540831,51.862844,232.9            -0.540839,51.862837,232.9            -0.540846,51.86283,232.9            -0.540867,51.862812,232.9            -0.540876,51.862805,232.9            -0.540885,51.862797,232.9            -0.540892,51.862789,232.9            -0.540899,51.86278,232.9            -0.540911,51.862771,233            -0.540927,51.862751,233            -0.540934,51.862744,233            -0.54094,51.862737,233            -0.540946,51.862727,233            -0.540962,51.862718,233            -0.540972,51.86271,233            -0.540991,51.862695,233            -0.541001,51.862688,233            -0.541011,51.862681,233            -0.54102,51.862669,233.1            -0.541032,51.86266,233.1            -0.541039,51.862651,233.1            -0.54105,51.862645,233.1            -0.54106,51.862632,233.1            -0.541066,51.862623,233.1            -0.541082,51.862608,233.2            -0.541088,51.862601,233.2            -0.541095,51.862595,233.2            -0.541102,51.862588,233.2            -0.541118,51.862571,233.3            -0.541125,51.862559,233.3            -0.541143,51.86254,233.3            -0.541151,51.862532,233.4            -0.541159,51.862525,233.4            -0.541167,51.862519,233.4            -0.541172,51.862511,233.4            -0.541185,51.8625,233.5            -0.541198,51.862488,233.5            -0.541201,51.862475,233.5            -0.54121,51.862462,233.5            -0.541223,51.862448,233.6            -0.541238,51.862439,233.6            -0.541251,51.862426,233.6            -0.541256,51.862418,233.7            -0.541266,51.862406,233.7            -0.541278,51.862395,233.7            -0.541296,51.862378,233.7            -0.541303,51.862371,233.8            -0.541309,51.862365,233.8            -0.541323,51.862352,233.8            -0.541334,51.862339,233.8            -0.54135,51.862329,233.8            -0.541356,51.862316,233.8            -0.541376,51.862298,233.9            -0.541381,51.862291,233.9            -0.541387,51.862283,233.9            -0.541405,51.862265,233.9            -0.541412,51.862258,233.9            -0.54142,51.862251,234            -0.541433,51.862234,234            -0.541441,51.862226,234            -0.541448,51.862217,234            -0.541462,51.862203,234            -0.541473,51.862193,234            -0.541482,51.86218,234.1            -0.541492,51.862171,234.1            -0.541501,51.862164,234.1            -0.541519,51.862142,234.1            -0.541527,51.862134,234.1            -0.541536,51.862125,234.2            -0.541545,51.862113,234.2            -0.541554,51.862104,234.2            -0.541559,51.862094,234.2            -0.541567,51.862086,234.2            -0.54158,51.862074,234.2            -0.541588,51.862063,234.3            -0.541598,51.862051,234.3            -0.541609,51.862033,234.3            -0.541621,51.862016,234.3            -0.541628,51.862008,234.4            -0.541635,51.862,234.4            -0.541642,51.86199,234.4            -0.541647,51.861977,234.4            -0.541647,51.861968,234.4            -0.541665,51.861951,234.5            -0.541673,51.861944,234.5            -0.541681,51.861937,234.5            -0.541691,51.861925,234.5            -0.541696,51.861912,234.6            -0.541696,51.861903,234.6            -0.541716,51.861892,234.6            -0.54172,51.861879,234.6            -0.541723,51.861879,234.6            -0.541731,51.861865,234.7            -0.541745,51.861851,234.7            -0.541749,51.86184,234.7            -0.541763,51.86183,234.7            -0.541776,51.861821,234.8            -0.541786,51.861804,234.8            -0.541795,51.861794,234.8            -0.541809,51.861775,234.9            -0.541815,51.861767,234.9            -0.541821,51.861759,234.9            -0.541829,51.861744,234.9            -0.541837,51.861733,234.9            -0.541853,51.861713,235            -0.541859,51.861705,235            -0.541865,51.861696,235            -0.541877,51.861688,235            -0.541894,51.86168,235            -0.541904,51.86167,235.1            -0.541926,51.861653,235.1            -0.541932,51.861644,235.1            -0.541937,51.861634,235.1            -0.541947,51.861621,235.2            -0.541959,51.861609,235.2            -0.541967,51.861597,235.2            -0.541976,51.861584,235.2            -0.541993,51.861564,235.3            -0.541999,51.861556,235.3            -0.542005,51.861548,235.3            -0.542018,51.861528,235.3            -0.542027,51.861521,235.3            -0.542035,51.861514,235.3            -0.542059,51.861498,235.4            -0.542068,51.861491,235.4            -0.542077,51.861485,235.4            -0.5421,51.86147,235.4            -0.54211,51.861464,235.4            -0.542121,51.861457,235.5            -0.542146,51.861442,235.5            -0.542157,51.861436,235.5            -0.542168,51.861431,235.5            -0.542184,51.861422,235.5            -0.542208,51.861419,235.5            -0.542239,51.861411,235.6            -0.542251,51.861409,235.6            -0.542264,51.861407,235.6            -0.542276,51.861412,235.6            -0.542281,51.861418,235.6            -0.542293,51.861421,235.6            -0.542302,51.861425,235.5            -0.542309,51.861433,235.5            -0.542309,51.861439,235.5            -0.542313,51.861445,235.5            -0.54232,51.86145,235.5            -0.542333,51.861453,235.4            -0.542341,51.861453,235.4            -0.54235,51.861458,235.4            -0.542353,51.861459,235.4            -0.542361,51.861464,235.4            -0.542364,51.861475,235.3            -0.542365,51.861486,235.3            -0.542367,51.861497,235.3            -0.542369,51.861508,235.2            -0.542378,51.86153,235.2            -0.542376,51.861542,235.1            -0.542373,51.861556,235.1            -0.542373,51.861564,235            -0.542374,51.861572,235            -0.542375,51.86158,234.9            -0.542401,51.861613,234.6            -0.542411,51.861622,234.5            -0.542433,51.861648,234.3            -0.542438,51.861657,234.2            -0.542466,51.861682,234            -0.542473,51.861688,233.9            -0.54249,51.861709,233.7            -0.542498,51.861717,233.6            -0.542507,51.861726,233.5            -0.54252,51.861735,233.3            -0.542527,51.861741,233.3            -0.542543,51.861751,233.1            -0.542561,51.86177,232.9            -0.542568,51.861777,232.8            -0.542576,51.861784,232.8            -0.542582,51.861791,232.7            -0.542592,51.861799,232.6            -0.542607,51.861806,232.5            -0.542623,51.86181,232.4            -0.54264,51.861824,232.2            -0.54266,51.861837,232            -0.542676,51.861846,231.9            -0.54269,51.861854,231.8            -0.542698,51.861859,231.7            -0.542712,51.861873,231.6            -0.542726,51.86188,231.5            -0.542743,51.861876,231.3            -0.542759,51.861879,231.2            -0.542774,51.861877,231.2            -0.542795,51.861884,231            -0.542814,51.861887,231            -0.542835,51.861885,230.9            -0.54285,51.861878,230.9            -0.542858,51.861877,230.9            -0.542887,51.861864,230.8            -0.542898,51.861859,230.8            -0.542909,51.861854,230.7            -0.542921,51.861843,230.7            -0.542936,51.861834,230.7            -0.542946,51.861827,230.6            -0.542964,51.861815,230.6            -0.542982,51.861805,230.5            -0.542996,51.861794,230.5            -0.543012,51.861784,230.4            -0.543024,51.861772,230.4            -0.543039,51.861761,230.3            -0.543056,51.861752,230.3            -0.54307,51.861741,230.3            -0.543088,51.861732,230.2            -0.543101,51.861721,230.2            -0.543114,51.861709,230.1            -0.543127,51.861699,230.1            -0.543156,51.861685,230            -0.543166,51.861679,230            -0.543177,51.861674,230            -0.54319,51.861662,229.9            -0.543201,51.861651,229.9            -0.543217,51.861642,229.9            -0.543241,51.861637,229.8            -0.543254,51.861626,229.8            -0.543268,51.861614,229.8            -0.543296,51.861602,229.7            -0.543304,51.861595,229.7            -0.543313,51.861589,229.7            -0.543334,51.861583,229.7            -0.543351,51.861573,229.7            -0.543375,51.861557,229.6            -0.543387,51.861552,229.6            -0.543399,51.861547,229.6            -0.543414,51.861537,229.6            -0.543429,51.861528,229.6            -0.543447,51.861519,229.6            -0.543466,51.861511,229.6            -0.543498,51.8615,229.6            -0.543509,51.861495,229.5            -0.543519,51.86149,229.5            -0.543547,51.861476,229.5            -0.543557,51.86147,229.5            -0.543568,51.861464,229.5            -0.543587,51.861458,229.5            -0.543606,51.861451,229.5            -0.543637,51.861438,229.5            -0.543648,51.861433,229.5            -0.543659,51.861427,229.5            -0.543686,51.861416,229.5            -0.543698,51.86141,229.5            -0.543709,51.861404,229.5            -0.543725,51.861392,229.5            -0.543738,51.861384,229.5            -0.543764,51.861368,229.5            -0.543774,51.861363,229.5            -0.543784,51.861357,229.5            -0.54381,51.861342,229.6            -0.543821,51.861337,229.6            -0.543833,51.861332,229.6            -0.543863,51.86132,229.6            -0.543874,51.861315,229.6            -0.543886,51.86131,229.6            -0.543901,51.861301,229.6            -0.543912,51.861288,229.6            -0.543939,51.861275,229.6            -0.54395,51.86127,229.6            -0.543962,51.861265,229.6            -0.543981,51.861247,229.6            -0.543988,51.861239,229.6            -0.543995,51.861231,229.6            -0.544014,51.861223,229.6            -0.544037,51.861219,229.6            -0.544061,51.861204,229.6            -0.544071,51.861199,229.6            -0.544081,51.861194,229.6            -0.544104,51.861177,229.6            -0.544114,51.861171,229.6            -0.544124,51.861164,229.6            -0.544142,51.861155,229.7            -0.544157,51.861144,229.7            -0.544181,51.86113,229.7            -0.544192,51.861123,229.7            -0.544202,51.861116,229.7            -0.544225,51.861101,229.7            -0.544237,51.861096,229.7            -0.544248,51.86109,229.7            -0.544277,51.861079,229.8            -0.544288,51.861073,229.8            -0.5443,51.861068,229.8            -0.544327,51.861055,229.8            -0.544334,51.861047,229.8            -0.544342,51.861039,229.8            -0.544372,51.861027,229.9            -0.544385,51.861022,229.9            -0.544397,51.861018,229.9            -0.544419,51.861002,229.9            -0.544428,51.860995,229.9            -0.544436,51.860988,229.9            -0.544458,51.860972,230            -0.544467,51.860965,230            -0.544476,51.860958,230            -0.544484,51.860949,230            -0.544502,51.860942,230.1            -0.544516,51.860934,230.1            -0.544543,51.860921,230.1            -0.544554,51.860916,230.1            -0.544565,51.860912,230.2            -0.544593,51.860898,230.2            -0.544605,51.860894,230.2            -0.544616,51.860891,230.2            -0.544636,51.860873,230.3            -0.544645,51.860865,230.3            -0.544654,51.860858,230.3            -0.544671,51.860848,230.3            -0.54469,51.86084,230.4            -0.5447,51.860827,230.4            -0.544717,51.860818,230.4            -0.544734,51.860809,230.4            -0.544754,51.860801,230.5            -0.544782,51.860788,230.5            -0.544794,51.860783,230.5            -0.544806,51.860777,230.5            -0.544833,51.860762,230.6            -0.544841,51.860755,230.6            -0.54485,51.860748,230.6            -0.544871,51.860733,230.7            -0.54488,51.860727,230.7            -0.544889,51.860721,230.7            -0.544908,51.860706,230.8            -0.54492,51.860701,230.8            -0.544932,51.860696,230.8            -0.544947,51.860687,230.8            -0.544966,51.860678,230.9            -0.54499,51.860663,230.9            -0.545001,51.860658,231            -0.545012,51.860653,231            -0.54503,51.860645,231            -0.545047,51.860636,231            -0.545071,51.860628,231.1            -0.545084,51.860619,231.1            -0.545092,51.860613,231.1            -0.545104,51.8606,231.2            -0.545119,51.860591,231.2            -0.545141,51.860589,231.2            -0.545151,51.860583,231.3            -0.545169,51.860573,231.3            -0.545185,51.860563,231.3            -0.5452,51.860553,231.4            -0.545213,51.860544,231.4            -0.545226,51.860535,231.4            -0.545238,51.860527,231.5            -0.545254,51.860514,231.5            -0.545264,51.860504,231.5            -0.545292,51.860498,231.6            -0.54531,51.860493,231.6            -0.545325,51.860482,231.6            -0.545348,51.860479,231.7            -0.545362,51.860469,231.7            -0.545375,51.860462,231.8            -0.545381,51.860453,231.8            -0.545403,51.860444,231.8            -0.545418,51.860438,231.9            -0.545427,51.860431,231.9            -0.545447,51.86043,231.9            -0.545461,51.860425,232            -0.545485,51.860408,232.1            -0.545493,51.860402,232.1            -0.5455,51.860397,232.1            -0.545528,51.860381,232.2            -0.545538,51.860375,232.3            -0.545549,51.860369,232.3            -0.545571,51.860353,232.4            -0.545578,51.860347,232.4            -0.545585,51.860341,232.4            -0.545608,51.86033,232.5            -0.54562,51.860322,232.6            -0.545632,51.860315,232.6            -0.545656,51.860299,232.7            -0.545667,51.860293,232.8            -0.545677,51.860287,232.8            -0.545695,51.860281,232.9            -0.545714,51.860271,232.9            -0.545733,51.860252,233            -0.545744,51.860247,233.1            -0.545754,51.860241,233.1            -0.545766,51.860236,233.1            -0.545777,51.860228,233.2            -0.545792,51.860222,233.2            -0.545818,51.860206,233.3            -0.545825,51.860199,233.3            -0.545833,51.860192,233.4            -0.54586,51.860175,233.5            -0.545871,51.860171,233.5            -0.545883,51.860167,233.5            -0.54591,51.860153,233.6            -0.54592,51.860147,233.6            -0.545929,51.860141,233.7            -0.545956,51.860136,233.7            -0.545975,51.860132,233.8            -0.545991,51.860123,233.8            -0.546005,51.860112,233.8            -0.546026,51.860095,233.9            -0.546035,51.86009,233.9            -0.546044,51.860085,233.9            -0.546061,51.860066,234            -0.546071,51.860059,234            -0.54608,51.860051,234.1            -0.546102,51.860036,234.1            -0.546111,51.860029,234.1            -0.54612,51.860023,234.1            -0.546146,51.860009,234.2            -0.546154,51.860002,234.2            -0.546162,51.859995,234.2            -0.546185,51.859977,234.2            -0.546193,51.859972,234.2            -0.546202,51.859966,234.2            -0.546223,51.859949,234.2            -0.546229,51.859941,234.2            -0.546236,51.859934,234.2            -0.546256,51.859916,234.2            -0.546265,51.85991,234.2            -0.546274,51.859904,234.2            -0.546291,51.859895,234.2            -0.546299,51.859885,234.2            -0.546305,51.859873,234.2            -0.546324,51.859868,234.1            -0.546347,51.859857,234.1            -0.546353,51.85985,234.1            -0.546371,51.859845,234.1            -0.546386,51.859837,234            -0.546411,51.859825,234            -0.546422,51.85982,234            -0.546433,51.859815,234            -0.546447,51.859809,233.9            -0.546458,51.859796,233.9            -0.546471,51.859793,233.9            -0.546483,51.859785,233.9            -0.546499,51.85977,233.8            -0.546525,51.859757,233.8            -0.546535,51.85975,233.7            -0.546545,51.859743,233.7            -0.54656,51.859731,233.7            -0.546573,51.85972,233.6            -0.54659,51.859712,233.6            -0.546608,51.859702,233.5            -0.546635,51.859689,233.5            -0.546646,51.859684,233.5            -0.546656,51.859678,233.4            -0.546682,51.859662,233.4            -0.546693,51.859656,233.3            -0.546704,51.859649,233.3            -0.546726,51.859633,233.2            -0.546734,51.859626,233.2            -0.546743,51.85962,233.2            -0.546768,51.859608,233.1            -0.546779,51.859603,233.1            -0.54679,51.859598,233.1            -0.546819,51.859584,233            -0.54683,51.859578,233            -0.546842,51.859573,232.9            -0.546869,51.859559,232.8            -0.546877,51.859552,232.8            -0.546886,51.859545,232.8            -0.546915,51.859533,232.7            -0.546928,51.859529,232.6            -0.546941,51.859525,232.6            -0.54697,51.859514,232.5            -0.546981,51.85951,232.5            -0.546993,51.859506,232.4            -0.547019,51.859491,232.3            -0.54703,51.859485,232.3            -0.54704,51.859479,232.2            -0.547055,51.85947,232.2            -0.547067,51.859458,232.1            -0.547088,51.85945,232            -0.547107,51.859443,231.9            -0.54712,51.859432,231.9            -0.547139,51.859425,231.8            -0.547168,51.859415,231.7            -0.547181,51.859412,231.6            -0.547193,51.859408,231.6            -0.547215,51.859406,231.5            -0.547237,51.859394,231.4            -0.54725,51.859387,231.4            -0.547266,51.85938,231.3            -0.547282,51.859374,231.3            -0.547308,51.85936,231.1            -0.547319,51.859353,231.1            -0.54733,51.859347,231            -0.547359,51.859333,230.9            -0.547371,51.859328,230.9            -0.547383,51.859322,230.8            -0.547399,51.859311,230.7            -0.547416,51.859302,230.7            -0.54743,51.859292,230.6            -0.547449,51.859286,230.5            -0.547459,51.859279,230.5            -0.54748,51.859272,230.4            -0.5475,51.859266,230.3            -0.54752,51.859256,230.2            -0.547533,51.859247,230.2            -0.547556,51.859244,230.1            -0.547575,51.859234,230            -0.54759,51.859223,229.9            -0.547602,51.859213,229.9            -0.547627,51.859197,229.8            -0.547634,51.85919,229.7            -0.547642,51.859183,229.7            -0.547655,51.859171,229.6            -0.547666,51.859158,229.5            -0.547677,51.859146,229.5            -0.547688,51.859131,229.4            -0.5477,51.85912,229.3            -0.547712,51.859107,229.2            -0.547732,51.859088,229.1            -0.547739,51.85908,229.1            -0.547746,51.859072,229.1            -0.547756,51.85906,229            -0.54776,51.859044,228.9            -0.547773,51.859032,228.9            -0.547786,51.859022,228.8            -0.5478,51.85901,228.8            -0.547811,51.858999,228.7            -0.547829,51.85898,228.6            -0.547834,51.858971,228.6            -0.547839,51.858962,228.6            -0.547859,51.858946,228.5            -0.547868,51.858939,228.5            -0.547877,51.858932,228.5            -0.54788,51.858917,228.4            -0.547895,51.858906,228.4            -0.547911,51.858887,228.3            -0.547918,51.858879,228.3            -0.547924,51.858871,228.3            -0.54794,51.858851,228.3            -0.547947,51.858843,228.2            -0.547955,51.858836,228.2            -0.54797,51.858817,228.2            -0.547977,51.85881,228.2            -0.547983,51.858802,228.2            -0.547995,51.858791,228.2            -0.548007,51.858779,228.2            -0.548019,51.858767,228.2            -0.548031,51.858756,228.2            -0.548048,51.858737,228.1            -0.548055,51.85873,228.1            -0.548062,51.858722,228.1            -0.548071,51.85871,228.1            -0.548074,51.858695,228.1            -0.548084,51.858676,228.1            -0.54809,51.858668,228.1            -0.548095,51.858661,228.1            -0.548114,51.858645,228.1            -0.548122,51.858637,228.1            -0.54813,51.85863,228.1            -0.548151,51.858612,228.1            -0.548159,51.858604,228.1            -0.548168,51.858597,228.2            -0.548182,51.858579,228.2            -0.548188,51.858572,228.2            -0.548194,51.858564,228.2            -0.548204,51.858552,228.2            -0.54821,51.858539,228.2            -0.548225,51.858519,228.2            -0.548231,51.858511,228.2            -0.548237,51.858503,228.2            -0.54825,51.858492,228.2            -0.548264,51.858481,228.2            -0.548283,51.858462,228.2            -0.548291,51.858456,228.2            -0.5483,51.858449,228.2            -0.548314,51.858443,228.2            -0.548329,51.858439,228.2            -0.548346,51.858434,228.2            -0.548351,51.858414,228.2            -0.548356,51.858408,228.2            -0.548361,51.858401,228.2            -0.548366,51.858395,228.2            -0.548372,51.858381,228.2            -0.548375,51.858368,228.2            -0.548387,51.858357,228.2            -0.548396,51.858343,228.2            -0.548409,51.858334,228.2            -0.548425,51.858327,228.2            -0.548433,51.858318,228.2            -0.548444,51.858307,228.1            -0.548453,51.858297,228.1            -0.548467,51.858291,228.1            -0.548473,51.858282,228.1            -0.548483,51.858271,228.1            -0.548491,51.858258,228.1            -0.548503,51.858239,228.1            -0.548508,51.858231,228.1            -0.548514,51.858222,228.1            -0.548535,51.858206,228.1            -0.548542,51.858198,228.1            -0.54855,51.85819,228.1            -0.548562,51.85817,228.1            -0.548568,51.858161,228.1            -0.548573,51.858152,228            -0.548574,51.858138,228            -0.548582,51.858125,228            -0.548597,51.858109,228            -0.548605,51.858101,228            -0.548612,51.858094,228            -0.548638,51.858078,227.9            -0.548649,51.85807,227.9            -0.54866,51.858062,227.9            -0.54867,51.858049,227.9            -0.548683,51.858035,227.9            -0.548701,51.858017,227.9            -0.548707,51.85801,227.9            -0.548713,51.858003,227.9            -0.548727,51.85799,227.9            -0.548738,51.857979,227.9            -0.54875,51.857966,227.9            -0.548762,51.857947,227.9            -0.54878,51.857931,227.9            -0.548784,51.857922,227.9            -0.548788,51.857912,227.9            -0.548794,51.857897,227.9            -0.548808,51.857886,227.9            -0.548809,51.85787,227.9            -0.548813,51.857856,227.9            -0.548822,51.857835,227.9            -0.548824,51.857827,227.9            -0.548826,51.857819,227.9            -0.548824,51.857804,227.9            -0.548838,51.857792,227.9            -0.548834,51.857772,227.9            -0.548829,51.857764,227.9            -0.548824,51.857755,227.8            -0.548821,51.857742,227.8            -0.548827,51.857723,227.8            -0.548831,51.85771,227.8            -0.548828,51.857693,227.8            -0.548835,51.857672,227.8            -0.548835,51.857665,227.8            -0.548835,51.857657,227.8            -0.548841,51.857646,227.8            -0.548838,51.857633,227.8            -0.548839,51.857625,227.8            -0.548833,51.857602,227.8            -0.548835,51.857595,227.8            -0.548836,51.857588,227.8            -0.548844,51.857566,227.8            -0.548851,51.857558,227.8            -0.548858,51.85755,227.8            -0.548858,51.857528,227.8            -0.548859,51.857519,227.8            -0.548859,51.85751,227.8            -0.548854,51.857488,227.8            -0.548849,51.857478,227.8            -0.548845,51.857468,227.8            -0.548852,51.857448,227.8            -0.548852,51.85744,227.8            -0.548851,51.857431,227.8            -0.548839,51.857411,227.7            -0.548836,51.857401,227.7            -0.548833,51.857392,227.7            -0.548829,51.857379,227.7            -0.54883,51.857364,227.6            -0.548817,51.857343,227.6            -0.548816,51.857334,227.6            -0.548815,51.857326,227.6            -0.548822,51.857305,227.5            -0.54882,51.857297,227.5            -0.548818,51.857289,227.5            -0.548817,51.857273,227.4            -0.548814,51.85726,227.4            -0.54881,51.857248,227.4            -0.548805,51.857237,227.3            -0.548805,51.857229,227.3            -0.548792,51.857218,227.3            -0.548788,51.857209,227.2            -0.548785,51.857198,227.2            -0.548785,51.857176,227.2            -0.54878,51.857167,227.2            -0.548774,51.857158,227.1            -0.548771,51.857145,227.1            -0.548769,51.857131,227.1            -0.548765,51.85711,227.1            -0.548761,51.857102,227            -0.548756,51.857094,227            -0.548753,51.857072,227            -0.548752,51.857062,227            -0.54875,51.857052,226.9            -0.548747,51.85704,226.9            -0.548743,51.857028,226.9            -0.548739,51.857017,226.9            -0.548736,51.856996,226.8            -0.548735,51.856988,226.8            -0.548734,51.85698,226.8            -0.548733,51.856957,226.8            -0.548735,51.856947,226.8            -0.548738,51.856938,226.7            -0.548741,51.856915,226.7            -0.548742,51.856905,226.7            -0.548743,51.856896,226.6            -0.548746,51.856874,226.6            -0.548747,51.856865,226.6            -0.548747,51.856856,226.6            -0.548752,51.856837,226.5            -0.548753,51.856827,226.5            -0.548755,51.856818,226.5            -0.548748,51.856807,226.4            -0.54874,51.856793,226.4            -0.548737,51.856777,226.4            -0.54874,51.856763,226.3            -0.548741,51.856748,226.3            -0.54874,51.856734,226.2            -0.548738,51.85672,226.2            -0.548737,51.856706,226.2            -0.548733,51.856683,226.1            -0.548731,51.856673,226            -0.548729,51.856663,226            -0.548726,51.856643,225.9            -0.548721,51.856634,225.9            -0.548716,51.856624,225.9            -0.548708,51.856611,225.8            -0.548705,51.8566,225.8            -0.548706,51.856591,225.7            -0.548705,51.85658,225.7            -0.548705,51.85657,225.7            -0.548702,51.856557,225.6            -0.5487,51.856543,225.6            -0.548707,51.856529,225.5            -0.548705,51.856507,225.5            -0.548705,51.856499,225.4            -0.548705,51.85649,225.4            -0.548695,51.856469,225.4            -0.548693,51.856461,225.3            -0.548692,51.856453,225.3            -0.548693,51.85644,225.3            -0.54869,51.85643,225.2            -0.548688,51.856417,225.2            -0.548686,51.856407,225.2            -0.548682,51.856395,225.1            -0.548679,51.856383,225.1            -0.548679,51.856366,225            -0.548681,51.856356,225            -0.548672,51.856348,225            -0.548672,51.856334,224.9            -0.548673,51.85632,224.9            -0.548675,51.856308,224.8            -0.548671,51.856293,224.8            -0.54866,51.856284,224.7            -0.548657,51.856274,224.7            -0.548654,51.856262,224.7            -0.548643,51.856244,224.6            -0.54864,51.856237,224.6            -0.548638,51.85623,224.5            -0.548635,51.856222,224.5            -0.548635,51.856211,224.5            -0.548627,51.8562,224.4            -0.548636,51.856188,224.4            -0.548632,51.856168,224.3            -0.548635,51.85616,224.3            -0.548638,51.856151,224.2            -0.548634,51.856142,224.2            -0.548639,51.85613,224.2            -0.548638,51.85612,224.1            -0.548637,51.85611,224.1            -0.548639,51.856097,224.1            -0.548642,51.856088,224            -0.548635,51.856083,224            -0.548637,51.856072,224            -0.548637,51.856063,224            -0.548632,51.856053,224            -0.548623,51.856044,223.9            -0.548621,51.856046,223.9            -0.548617,51.856049,223.9            -0.548622,51.85605,224            -0.548626,51.856053,224            -0.548626,51.856056,224            -0.548629,51.856061,224            -0.548624,51.85607,224            -0.548625,51.856078,224            -0.548623,51.856088,224            -0.548626,51.856097,224.1            -0.548626,51.856107,224.1            -0.548625,51.856117,224.1            -0.548628,51.856124,224.2            -0.548634,51.856132,224.2            -0.548634,51.856141,224.2            -0.548634,51.856146,224.2            -0.548634,51.856156,224.3            -0.548624,51.856168,224.3            -0.548624,51.856176,224.3            -0.548627,51.856189,224.4            -0.548617,51.856198,224.4            -0.548621,51.856212,224.5            -0.548625,51.856222,224.5            -0.548627,51.856232,224.6            -0.54863,51.856245,224.6            -0.548626,51.856262,224.7            -0.548631,51.856274,224.7            -0.548633,51.856293,224.8            -0.548634,51.856304,224.8            -0.548635,51.856315,224.9            -0.548635,51.856332,224.9            -0.548634,51.856341,224.9            -0.548633,51.856351,225            -0.548641,51.856369,225            -0.548647,51.856378,225.1            -0.548653,51.856386,225.1            -0.548656,51.856397,225.1            -0.548652,51.856412,225.2            -0.548649,51.856421,225.2            -0.54865,51.856433,225.2            -0.548656,51.85644,225.3            -0.548656,51.856454,225.3            -0.548657,51.856464,225.3            -0.548661,51.856471,225.4            -0.548664,51.856478,225.4            -0.548668,51.856488,225.4            -0.548667,51.8565,225.4            -0.548662,51.85651,225.5            -0.548665,51.856523,225.5            -0.548665,51.856535,225.6            -0.548667,51.856545,225.6            -0.548669,51.856555,225.6            -0.548674,51.856576,225.7            -0.54868,51.856584,225.7            -0.548686,51.856592,225.8            -0.548688,51.856612,225.8            -0.548689,51.85662,225.8            -0.54869,51.856628,225.9            -0.548697,51.856649,225.9            -0.5487,51.856657,226            -0.548703,51.856666,226            -0.548704,51.856675,226            -0.548693,51.856695,226.1            -0.548702,51.856701,226.1            -0.548705,51.856706,226.2            -0.548716,51.856715,226.2            -0.548724,51.856725,226.2            -0.548723,51.856739,226.3            -0.548722,51.856752,226.3            -0.548727,51.85676,226.3            -0.548732,51.856769,226.4            -0.548735,51.856779,226.4            -0.548742,51.8568,226.4            -0.548745,51.856809,226.5            -0.548748,51.856818,226.5            -0.548753,51.856827,226.5            -0.548756,51.856837,226.5            -0.548751,51.856849,226.6            -0.548752,51.856857,226.6            -0.548753,51.85687,226.6            -0.548745,51.85688,226.6            -0.548744,51.856889,226.6            -0.54874,51.856901,226.7            -0.548743,51.856913,226.7            -0.548744,51.856933,226.7            -0.548743,51.856942,226.8            -0.548742,51.85695,226.8            -0.548743,51.85697,226.8            -0.548745,51.856979,226.8            -0.548746,51.856987,226.8            -0.548752,51.856997,226.9            -0.548747,51.857012,226.9            -0.548752,51.857021,226.9            -0.54875,51.857036,226.9            -0.548748,51.85705,227            -0.548752,51.857072,227            -0.548755,51.857079,227            -0.548758,51.857086,227            -0.548759,51.857096,227            -0.548764,51.857105,227.1            -0.548766,51.857117,227.1            -0.548766,51.85713,227.1            -0.548768,51.857145,227.1            -0.548771,51.857157,227.1            -0.548773,51.857165,227.2            -0.548767,51.85718,227.2            -0.548775,51.857201,227.2            -0.548776,51.857209,227.3            -0.548777,51.857216,227.3            -0.548772,51.857231,227.3            -0.548767,51.857245,227.4            -0.54877,51.857255,227.4            -0.54877,51.857265,227.4            -0.548774,51.857276,227.4            -0.548774,51.857288,227.5            -0.548777,51.857299,227.5            -0.54878,51.857311,227.5            -0.548786,51.857334,227.6            -0.548785,51.857342,227.6            -0.548784,51.857351,227.6            -0.548789,51.857371,227.7            -0.548793,51.85738,227.7            -0.548797,51.857388,227.7            -0.548796,51.857401,227.7            -0.548802,51.857412,227.7            -0.5488,51.857423,227.8            -0.548798,51.857434,227.8            -0.548799,51.857445,227.8            -0.548809,51.857454,227.8            -0.548809,51.857475,227.8            -0.548808,51.857484,227.8            -0.548806,51.857494,227.8            -0.548805,51.857505,227.8            -0.548811,51.857515,227.8            -0.548807,51.857521,227.8            -0.548812,51.857532,227.8            -0.548814,51.857544,227.8            -0.548818,51.857555,227.8            -0.548818,51.857575,227.8            -0.548818,51.857583,227.8            -0.548817,51.857592,227.8            -0.548812,51.857605,227.8            -0.548806,51.857619,227.8            -0.548808,51.857634,227.8            -0.548811,51.857649,227.8            -0.548808,51.857661,227.8            -0.54881,51.857677,227.8            -0.548809,51.857699,227.8            -0.548804,51.857708,227.8            -0.5488,51.857716,227.8            -0.548798,51.857728,227.8            -0.548797,51.85774,227.8            -0.54879,51.857747,227.8            -0.548786,51.857767,227.9            -0.548783,51.857776,227.9            -0.548779,51.857784,227.9            -0.548779,51.85779,227.9            -0.548781,51.857801,227.9            -0.548772,51.857807,227.9            -0.54877,51.857815,227.9            -0.548766,51.857823,227.9            -0.548761,51.857833,227.9            -0.548758,51.857844,227.9            -0.548747,51.85785,227.9            -0.548744,51.857862,227.9            -0.548736,51.857875,227.9            -0.548721,51.857895,227.9            -0.548713,51.857903,227.9            -0.548706,51.857911,227.9            -0.548697,51.857925,227.9            -0.548686,51.857937,227.9            -0.548675,51.857948,227.9            -0.548667,51.857959,227.9            -0.548659,51.857969,227.9            -0.54865,51.857981,227.9            -0.548631,51.857991,227.9            -0.548632,51.858003,227.9            -0.548619,51.858013,227.9            -0.548609,51.858022,227.9            -0.548599,51.858034,227.9            -0.548586,51.858046,227.9            -0.548574,51.858053,227.9            -0.548562,51.858063,227.9            -0.548554,51.858075,227.9            -0.548537,51.858093,228            -0.548531,51.858103,228            -0.548525,51.858112,228            -0.548512,51.858132,228            -0.548504,51.858139,228            -0.548497,51.858147,228            -0.548483,51.858156,228            -0.548476,51.858169,228.1            -0.54847,51.858179,228.1            -0.54846,51.858189,228.1            -0.54845,51.858203,228.1            -0.548432,51.858212,228.1            -0.548423,51.858226,228.1            -0.548411,51.858236,228.1            -0.548396,51.858247,228.1            -0.548384,51.858266,228.1            -0.548377,51.858273,228.1            -0.548369,51.85828,228.1            -0.548361,51.858292,228.1            -0.54835,51.858304,228.1            -0.548328,51.858323,228.2            -0.54832,51.858328,228.2            -0.548312,51.858334,228.2            -0.548302,51.858347,228.2            -0.548296,51.858358,228.2            -0.548283,51.858364,228.2            -0.548273,51.858375,228.2            -0.548263,51.858391,228.2            -0.548251,51.858401,228.2            -0.548247,51.858412,228.2            -0.548237,51.858423,228.2            -0.548227,51.858433,228.2            -0.548218,51.858447,228.2            -0.548203,51.858463,228.2            -0.548194,51.858476,228.2            -0.548185,51.858489,228.2            -0.548178,51.858503,228.2            -0.548161,51.858522,228.2            -0.548155,51.858528,228.2            -0.548148,51.858535,228.2            -0.548129,51.858553,228.2            -0.548122,51.85856,228.2            -0.548115,51.858568,228.2            -0.548105,51.858582,228.2            -0.548095,51.858593,228.2            -0.548085,51.858612,228.1            -0.54808,51.85862,228.1            -0.548074,51.858627,228.1            -0.548067,51.858642,228.1            -0.548058,51.858655,228.1            -0.548038,51.858673,228.1            -0.548029,51.858679,228.1            -0.548019,51.858685,228.1            -0.547999,51.858701,228.1            -0.547992,51.858708,228.1            -0.547984,51.858715,228.1            -0.54797,51.858725,228.1            -0.547966,51.85874,228.1            -0.547946,51.858756,228.2            -0.547938,51.858762,228.2            -0.547929,51.858768,228.2            -0.547914,51.858787,228.2            -0.547906,51.858794,228.2            -0.547898,51.858801,228.2            -0.547892,51.858815,228.2            -0.547881,51.858826,228.2            -0.547865,51.858844,228.2            -0.54786,51.858851,228.2            -0.547855,51.858858,228.3            -0.547844,51.858867,228.3            -0.54783,51.858875,228.3            -0.547823,51.858887,228.3            -0.547809,51.858906,228.4            -0.547803,51.858915,228.4            -0.547798,51.858923,228.4            -0.547787,51.858936,228.4            -0.54778,51.858946,228.5            -0.547769,51.858954,228.5            -0.54776,51.858966,228.5            -0.547753,51.858979,228.6            -0.547739,51.858997,228.7            -0.547737,51.859006,228.7            -0.547735,51.859015,228.7            -0.547714,51.859031,228.8            -0.547706,51.859038,228.8            -0.547697,51.859044,228.9            -0.547687,51.859062,228.9            -0.547683,51.859071,229            -0.547678,51.859079,229            -0.547667,51.859092,229.1            -0.547653,51.859102,229.1            -0.547637,51.859116,229.2            -0.547631,51.859123,229.3            -0.547625,51.859129,229.3            -0.547619,51.859135,229.3            -0.547608,51.859147,229.4            -0.547596,51.85916,229.5            -0.547583,51.859173,229.6            -0.547577,51.859189,229.6            -0.547565,51.859206,229.7            -0.547556,51.859213,229.8            -0.547547,51.85922,229.8            -0.54754,51.85923,229.9            -0.547526,51.859238,229.9            -0.547514,51.859245,230            -0.547507,51.859257,230            -0.547492,51.859263,230.1            -0.547477,51.85927,230.2            -0.547453,51.859285,230.3            -0.547444,51.859291,230.3            -0.547436,51.859296,230.4            -0.547423,51.859304,230.4            -0.547408,51.859312,230.5            -0.547387,51.859315,230.6            -0.547363,51.859331,230.7            -0.547354,51.859337,230.7            -0.547345,51.859343,230.8            -0.547332,51.85935,230.8            -0.547315,51.859356,230.9            -0.547303,51.859359,230.9            -0.547289,51.859369,231            -0.547297,51.859362,231            -0.5473,51.859358,231.1            -0.547275,51.859367,231.2            -0.547264,51.859377,231.2            -0.547248,51.859382,231.3            -0.547227,51.859387,231.4            -0.547219,51.859397,231.4            -0.547211,51.859402,231.5            -0.547197,51.859409,231.5            -0.547191,51.85941,231.5            -0.547183,51.859418,231.6            -0.547166,51.859424,231.6            -0.547147,51.859427,231.7            -0.54713,51.859433,231.8            -0.547121,51.85944,231.8            -0.547108,51.859445,231.9            -0.547098,51.859453,231.9            -0.547086,51.859457,232            -0.547067,51.859463,232            -0.547057,51.859467,232.1            -0.547039,51.859474,232.1            -0.547027,51.85948,232.2            -0.547015,51.859486,232.2            -0.547005,51.859491,232.3            -0.546994,51.859495,232.3            -0.546971,51.859499,232.4            -0.546961,51.859507,232.4            -0.546951,51.859513,232.5            -0.546942,51.859518,232.5            -0.546932,51.859523,232.5            -0.546917,51.859527,232.6            -0.546906,51.859533,232.6            -0.546892,51.859536,232.7            -0.546875,51.859543,232.7            -0.546862,51.859546,232.8            -0.546841,51.859553,232.8            -0.546818,51.859558,232.9            -0.546815,51.859567,232.9            -0.546796,51.859573,233            -0.546784,51.859577,233            -0.546764,51.85958,233            -0.54675,51.859585,233.1            -0.546731,51.85959,233.1            -0.546714,51.859597,233.2            -0.546704,51.859604,233.2            -0.546691,51.859605,233.2            -0.546686,51.859612,233.2            -0.546667,51.859622,233.3            -0.546645,51.859637,233.3            -0.546636,51.859643,233.4            -0.546627,51.85965,233.4            -0.546613,51.85966,233.4            -0.546598,51.859666,233.5            -0.546585,51.859671,233.5            -0.546565,51.859685,233.5            -0.546545,51.859689,233.6            -0.546534,51.859694,233.6            -0.54652,51.859704,233.6            -0.546508,51.859709,233.7            -0.546481,51.859723,233.7            -0.546472,51.859728,233.7            -0.546464,51.859733,233.8            -0.546445,51.859743,233.8            -0.546432,51.859756,233.8            -0.546419,51.859766,233.9            -0.54641,51.859769,233.9            -0.546396,51.859779,233.9            -0.546369,51.859792,234            -0.546357,51.859798,234            -0.546346,51.859804,234            -0.546331,51.859807,234            -0.546319,51.859817,234.1            -0.546313,51.859822,234.1            -0.546295,51.85983,234.1            -0.546273,51.859839,234.1            -0.546261,51.859848,234.1            -0.546258,51.859856,234.2            -0.546246,51.859867,234.2            -0.54624,51.859871,234.2            -0.546227,51.859881,234.2            -0.546204,51.859891,234.2            -0.546188,51.85991,234.2            -0.54618,51.859917,234.2            -0.546172,51.859924,234.2            -0.546161,51.859933,234.2            -0.546149,51.85994,234.2            -0.546141,51.859949,234.2            -0.546125,51.859959,234.2            -0.54611,51.85997,234.2            -0.546103,51.859979,234.2            -0.546089,51.859987,234.2            -0.546072,51.859995,234.1            -0.546056,51.860004,234.1            -0.546039,51.860013,234.1            -0.546029,51.860016,234.1            -0.546004,51.860034,234            -0.545994,51.860041,234            -0.545985,51.860049,234            -0.545969,51.860054,233.9            -0.545956,51.860063,233.9            -0.545947,51.860072,233.9            -0.545923,51.860084,233.8            -0.545912,51.86009,233.8            -0.545901,51.860096,233.8            -0.545888,51.860107,233.7            -0.545881,51.860116,233.7            -0.54587,51.860125,233.7            -0.545842,51.860136,233.6            -0.545832,51.860144,233.5            -0.545822,51.860151,233.5            -0.545808,51.860162,233.5            -0.545794,51.860176,233.4            -0.545774,51.860192,233.3            -0.545765,51.860198,233.3            -0.545756,51.860204,233.3            -0.545746,51.860208,233.2            -0.545728,51.860218,233.2            -0.545712,51.860219,233.1            -0.545694,51.860231,233.1            -0.545681,51.860242,233            -0.54566,51.860252,232.9            -0.545641,51.860256,232.9            -0.545621,51.860268,232.8            -0.545615,51.86028,232.7            -0.545589,51.860293,232.6            -0.545579,51.860301,232.6            -0.545569,51.860308,232.6            -0.545552,51.860316,232.5            -0.545533,51.860323,232.4            -0.545519,51.860332,232.4            -0.545508,51.860339,232.3            -0.545494,51.860347,232.3            -0.545474,51.860358,232.2            -0.545463,51.860367,232.2            -0.545436,51.860382,232.1            -0.545427,51.860388,232.1            -0.545418,51.860395,232            -0.54539,51.860405,232            -0.545379,51.860411,231.9            -0.545367,51.860417,231.9            -0.545348,51.860425,231.8            -0.545327,51.860432,231.8            -0.545313,51.860443,231.8            -0.545293,51.86045,231.7            -0.545263,51.860459,231.7            -0.545254,51.860465,231.6            -0.545245,51.86047,231.6            -0.545216,51.860485,231.5            -0.545205,51.860491,231.5            -0.545194,51.860497,231.5            -0.545169,51.860512,231.4            -0.545157,51.860518,231.4            -0.545146,51.860524,231.4            -0.545131,51.860533,231.4            -0.545109,51.860543,231.3            -0.545082,51.860556,231.3            -0.545071,51.860562,231.3            -0.54506,51.860568,231.2            -0.545037,51.860584,231.2            -0.545027,51.86059,231.2            -0.545018,51.860597,231.1            -0.545005,51.860603,231.1            -0.544995,51.860621,231.1            -0.544981,51.860629,231            -0.54497,51.860645,231            -0.544938,51.860651,230.9            -0.544926,51.860655,230.9            -0.544914,51.860659,230.9            -0.544892,51.860679,230.8            -0.544882,51.860685,230.8            -0.544873,51.860691,230.8            -0.544849,51.860702,230.7            -0.544839,51.860709,230.7            -0.544829,51.860716,230.7            -0.544804,51.860732,230.7            -0.544796,51.860739,230.6            -0.544788,51.860746,230.6            -0.544772,51.860756,230.6            -0.544757,51.860766,230.5            -0.544737,51.860774,230.5            -0.544719,51.860781,230.5            -0.544701,51.860791,230.5            -0.544678,51.860804,230.4            -0.544666,51.860817,230.4            -0.544649,51.860827,230.4            -0.544629,51.860835,230.3            -0.544617,51.860846,230.3            -0.544594,51.86086,230.3            -0.544585,51.860867,230.3            -0.544577,51.860873,230.3            -0.544551,51.860888,230.2            -0.544541,51.860893,230.2            -0.54453,51.860898,230.2            -0.544516,51.860907,230.2            -0.5445,51.86092,230.1            -0.544487,51.860932,230.1            -0.544473,51.860943,230.1            -0.544464,51.860958,230            -0.544443,51.860966,230            -0.544421,51.860983,230            -0.544412,51.86099,230            -0.544403,51.860998,229.9            -0.544377,51.861011,229.9            -0.544367,51.861016,229.9            -0.544357,51.861021,229.9            -0.544343,51.861031,229.9            -0.544321,51.861037,229.9            -0.544303,51.861048,229.8            -0.544286,51.861057,229.8            -0.544264,51.861077,229.8            -0.54425,51.861081,229.8            -0.544236,51.861085,229.8            -0.544215,51.861102,229.7            -0.54421,51.861112,229.7            -0.544205,51.861122,229.7            -0.544185,51.861141,229.7            -0.544173,51.861146,229.7            -0.544161,51.86115,229.7            -0.544142,51.861165,229.7            -0.544133,51.861172,229.7            -0.544125,51.86118,229.6            -0.544097,51.861191,229.6            -0.544086,51.861195,229.6            -0.544076,51.861199,229.6            -0.544045,51.861208,229.6            -0.544036,51.86122,229.6            -0.544021,51.861228,229.6            -0.544017,51.861237,229.6            -0.543998,51.861246,229.6            -0.543973,51.861261,229.6            -0.54396,51.861266,229.6            -0.543947,51.861271,229.6            -0.543921,51.861284,229.6            -0.543906,51.86129,229.6            -0.543891,51.861296,229.6            -0.543882,51.861311,229.6            -0.543866,51.86132,229.6            -0.543848,51.861338,229.6            -0.543838,51.861343,229.6            -0.543829,51.861349,229.6            -0.543798,51.861362,229.6            -0.543787,51.861368,229.6            -0.543777,51.861374,229.5            -0.543766,51.861381,229.5            -0.543749,51.861386,229.5            -0.543743,51.861391,229.5            -0.543718,51.861405,229.5            -0.543707,51.861411,229.5            -0.543696,51.861417,229.5            -0.543676,51.861428,229.5            -0.543663,51.861434,229.5            -0.54365,51.86144,229.5            -0.543625,51.861452,229.5            -0.543614,51.86146,229.5            -0.543602,51.861467,229.5            -0.54357,51.861479,229.5            -0.543559,51.861482,229.5            -0.543548,51.861485,229.5            -0.543526,51.861499,229.5            -0.543516,51.861506,229.5            -0.543505,51.861512,229.5            -0.543489,51.86152,229.6            -0.543473,51.861526,229.6            -0.543459,51.861531,229.6            -0.543434,51.861544,229.6            -0.543421,51.861551,229.6            -0.543408,51.861557,229.6            -0.543393,51.861565,229.6            -0.543379,51.861573,229.6            -0.543369,51.861581,229.6            -0.543352,51.861587,229.7            -0.543334,51.861597,229.7            -0.543319,51.861605,229.7            -0.543308,51.861613,229.7            -0.543289,51.861615,229.7            -0.543274,51.861626,229.8            -0.543254,51.861633,229.8            -0.543242,51.861644,229.8            -0.543235,51.861655,229.8            -0.543222,51.861662,229.9            -0.543197,51.861678,229.9            -0.543187,51.861684,229.9            -0.543177,51.86169,230            -0.543162,51.861699,230            -0.54315,51.861705,230            -0.543135,51.86171,230            -0.543108,51.861725,230.1            -0.543097,51.861729,230.1            -0.543086,51.861734,230.2            -0.54307,51.861745,230.2            -0.543058,51.861752,230.2            -0.543043,51.861758,230.3            -0.543031,51.861767,230.3            -0.543019,51.861773,230.3            -0.543004,51.861783,230.4            -0.542992,51.861787,230.4            -0.54298,51.861794,230.4            -0.542969,51.861801,230.5            -0.542951,51.861803,230.5            -0.542943,51.861812,230.5            -0.542929,51.861816,230.6            -0.542912,51.861816,230.6            -0.542891,51.861818,230.7            -0.542877,51.861828,230.7            -0.542858,51.861835,230.7            -0.542841,51.861841,230.8            -0.54283,51.861841,230.8            -0.542815,51.861847,230.8            -0.542796,51.861846,230.9            -0.542781,51.861847,230.9            -0.542764,51.861848,230.9            -0.54275,51.861849,231            -0.54274,51.861854,231            -0.542735,51.861849,231.1            -0.542717,51.861838,231.2            -0.542705,51.861833,231.3            -0.542693,51.861828,231.4            -0.542681,51.861822,231.5            -0.542671,51.861815,231.6            -0.542654,51.861807,231.7            -0.542642,51.861798,231.9            -0.542636,51.861791,232            -0.542617,51.861786,232.1            -0.542602,51.861778,232.2            -0.542591,51.861772,232.3            -0.542579,51.861764,232.4            -0.542576,51.861758,232.5            -0.542565,51.861751,232.6            -0.542551,51.861749,232.7            -0.542543,51.861746,232.8            -0.542531,51.861741,232.8            -0.542518,51.861733,233            -0.54251,51.861738,233            -0.542498,51.861734,233.1            -0.542488,51.861729,233.2            -0.542469,51.861725,233.3            -0.542456,51.861718,233.5            -0.542452,51.861709,233.6            -0.54245,51.861697,233.7            -0.542436,51.861678,233.9            -0.542429,51.861671,234            -0.542422,51.861664,234.1            -0.542423,51.861655,234.1            -0.542421,51.861647,234.2            -0.542411,51.861637,234.3            -0.542404,51.861631,234.4            -0.542403,51.861624,234.5            -0.542398,51.861617,234.5            -0.542394,51.861608,234.6            -0.542393,51.861595,234.7            -0.542392,51.861589,234.8            -0.542391,51.861582,234.8            -0.54239,51.861576,234.9            -0.542389,51.86157,234.9            -0.542394,51.861561,235            -0.542394,51.861552,235.1            -0.542396,51.861536,235.1            -0.542395,51.861531,235.1            -0.542397,51.861519,235.2            -0.542398,51.861517,235.2            -0.542399,51.861513,235.2            -0.542393,51.861512,235.2            -0.542394,51.861506,235.2            -0.542387,51.86151,235.2            -0.542386,51.861506,235.3            -0.542385,51.861503,235.3            -0.542382,51.861499,235.3            -0.542385,51.861493,235.3            -0.542382,51.861484,235.3            -0.54237,51.861484,235.3            -0.54237,51.86148,235.3            -0.542365,51.861478,235.4            -0.542359,51.861469,235.4            -0.542359,51.861466,235.4            -0.542358,51.861456,235.4            -0.542356,51.86145,235.4            -0.54235,51.861444,235.4            -0.542341,51.861437,235.5            -0.542341,51.861429,235.5            -0.542329,51.861419,235.5            -0.542328,51.861406,235.5            -0.542322,51.861387,235.6            -0.542306,51.861371,235.6            -0.542307,51.861359,235.7            -0.542293,51.861352,235.8            -0.542283,51.861346,235.9            -0.542265,51.861338,236            -0.542255,51.861327,236.1            -0.542238,51.861314,236.2            -0.542224,51.861305,236.3            -0.542218,51.861299,236.4            -0.542212,51.861293,236.4            -0.542205,51.861288,236.5            -0.542199,51.861282,236.6            -0.542192,51.861277,236.6            -0.542183,51.861277,236.7            -0.542174,51.861268,236.7            -0.542161,51.861256,236.9            -0.542156,51.861248,236.9            -0.542154,51.861238,237            -0.542168,51.861229,237.1            -0.54215,51.861212,237.3            -0.542138,51.861204,237.4            -0.542127,51.861195,237.5            -0.542105,51.861187,237.6            -0.542088,51.861178,237.7            -0.542086,51.861172,237.8            -0.542078,51.861166,237.8            -0.542068,51.861161,237.9            -0.542068,51.861162,237.9            -0.542049,51.861153,238            -0.542039,51.861143,238.1            -0.542039,51.861134,238.2            -0.542029,51.861129,238.2            -0.542022,51.861126,238.3            -0.542018,51.861119,238.3            -0.542006,51.861109,238.4            -0.541999,51.861097,238.5            -0.541997,51.861095,238.5            -0.541993,51.861088,238.6            -0.541992,51.861076,238.7            -0.54199,51.861072,238.7            -0.541986,51.861062,238.8            -0.54198,51.861053,238.9            -0.541971,51.861046,238.9            -0.541971,51.861035,239            -0.541965,51.861024,239.1            -0.541958,51.861016,239.2            -0.54195,51.861009,239.2            -0.541942,51.861002,239.3            -0.541931,51.860992,239.4            -0.541922,51.860981,239.5            -0.541911,51.860978,239.5            -0.541905,51.860967,239.6            -0.541895,51.860951,239.7            -0.541881,51.860931,239.9            -0.541876,51.860924,239.9            -0.541871,51.860917,240            -0.541862,51.860907,240            -0.541852,51.860902,240.1            -0.541844,51.860892,240.2            -0.541847,51.860888,240.2            -0.54184,51.86088,240.3            -0.541829,51.860873,240.3            -0.541819,51.860863,240.4            -0.541808,51.860852,240.5            -0.541796,51.860845,240.5            -0.541781,51.860835,240.6            -0.541774,51.860833,240.7            -0.541757,51.860823,240.8            -0.541755,51.860808,240.9            -0.541743,51.860793,241            -0.541725,51.860784,241.1            -0.541702,51.860774,241.2            -0.541685,51.860766,241.3            -0.541668,51.860763,241.3            -0.541652,51.860753,241.4            -0.541646,51.860752,241.4            -0.541631,51.860744,241.5            -0.541605,51.860738,241.6            -0.541581,51.860745,241.7            -0.54156,51.860751,241.8            -0.541537,51.860755,241.9            -0.541523,51.860761,242            -0.541514,51.860764,242            -0.541499,51.860769,242            -0.541486,51.860771,242            -0.541473,51.860788,242            -0.541454,51.860805,242            -0.541448,51.860812,242            -0.541441,51.860819,242            -0.541422,51.860832,242.1            -0.541411,51.86084,242.1            -0.541396,51.860849,242.1            -0.541377,51.860862,242.1            -0.541356,51.860869,242.1            -0.541337,51.86088,242.1            -0.541312,51.860893,242.1            -0.541302,51.860899,242.1            -0.541292,51.860904,242.1            -0.541264,51.860915,242.1            -0.541252,51.86092,242.1            -0.541239,51.860925,242.1            -0.541218,51.860936,242.1            -0.541201,51.860939,242.1            -0.54118,51.860958,242.1            -0.541169,51.860964,242.1            -0.541157,51.860971,242.1            -0.541139,51.860988,242.1            -0.54113,51.860997,242.1            -0.541121,51.861005,242.1            -0.541106,51.861017,242.1            -0.541098,51.861026,242.1            -0.541086,51.861034,242.1            -0.541056,51.861042,242.1            -0.541044,51.861046,242.1            -0.541019,51.861063,242.1            -0.541011,51.86107,242.1            -0.541003,51.861078,242.2            -0.541003,51.861087,242.2            -0.540987,51.861098,242.2            -0.540971,51.861102,242.2            -0.540961,51.861113,242.2            -0.540943,51.861127,242.2            -0.54094,51.861134,242.2            -0.540927,51.861145,242.2            -0.540909,51.861153,242.2            -0.540877,51.861166,242.2            -0.540866,51.861167,242.3            -0.540854,51.861169,242.3            -0.540823,51.861183,242.3            -0.540815,51.86119,242.3            -0.540807,51.861196,242.3            -0.540785,51.861208,242.3            -0.540779,51.861219,242.3            -0.540765,51.861235,242.3            -0.540756,51.861252,242.3            -0.540745,51.861264,242.4            -0.540735,51.861278,242.4            -0.540726,51.86129,242.4            -0.540715,51.861304,242.4            -0.540704,51.861316,242.4            -0.540688,51.861326,242.4            -0.540679,51.86134,242.4            -0.540659,51.861347,242.4            -0.540648,51.86136,242.4            -0.54064,51.861373,242.4            -0.540614,51.86139,242.4            -0.540604,51.861396,242.4            -0.540594,51.861402,242.4            -0.540567,51.861416,242.4            -0.540554,51.861421,242.4            -0.540541,51.861426,242.4            -0.540525,51.861435,242.4            -0.540508,51.861444,242.5            -0.540479,51.861456,242.5            -0.540468,51.861462,242.5            -0.540458,51.861468,242.5            -0.540442,51.861487,242.5            -0.540435,51.861493,242.5            -0.540427,51.861499,242.5            -0.540419,51.861507,242.5            -0.540414,51.861514,242.5            -0.540406,51.861526,242.5            -0.540382,51.861544,242.5            -0.540373,51.861551,242.5            -0.540364,51.861558,242.5            -0.540336,51.861572,242.5            -0.540326,51.861579,242.5            -0.540316,51.861585,242.5            -0.540303,51.861596,242.5            -0.540293,51.861609,242.5            -0.54027,51.861624,242.5            -0.540262,51.861631,242.5            -0.540255,51.861637,242.5            -0.540242,51.861645,242.5            -0.540233,51.861651,242.5            -0.540223,51.861658,242.5            -0.540214,51.861668,242.5            -0.540202,51.861675,242.6            -0.540187,51.861683,242.6            -0.540164,51.861697,242.6            -0.540154,51.861703,242.6            -0.540143,51.861709,242.6            -0.540137,51.86172,242.6            -0.540121,51.861726,242.6            -0.540108,51.861737,242.6            -0.540096,51.861748,242.6            -0.540081,51.86176,242.6            -0.540061,51.861775,242.6            -0.540051,51.861781,242.6            -0.54004,51.861786,242.6            -0.540018,51.861802,242.6            -0.540008,51.861808,242.6            -0.539998,51.861813,242.6            -0.539988,51.861814,242.6            -0.53996,51.861822,242.6            -0.539953,51.861833,242.6            -0.539954,51.861837,242.6            -0.539948,51.861844,242.6            -0.539936,51.861858,242.6            -0.539919,51.861867,242.6            -0.539902,51.861881,242.6            -0.539872,51.861891,242.6            -0.539863,51.861898,242.6            -0.539854,51.861905,242.6            -0.539858,51.861913,242.6            -0.539839,51.861932,242.7            -0.539828,51.861944,242.7            -0.539814,51.861955,242.7            -0.539799,51.861963,242.7            -0.539795,51.861973,242.7            -0.539786,51.861981,242.7            -0.539779,51.861988,242.7            -0.539764,51.861993,242.7            -0.539749,51.862004,242.7            -0.539737,51.862014,242.7            -0.539722,51.862019,242.7            -0.539711,51.862027,242.7            -0.539688,51.862037,242.7            -0.53968,51.862047,242.7            -0.539659,51.862064,242.8            -0.539651,51.86207,242.8            -0.539642,51.862076,242.8            -0.539617,51.862091,242.8            -0.53961,51.862099,242.8            -0.539602,51.862106,242.8            -0.539591,51.862111,242.8            -0.539575,51.862117,242.8            -0.53956,51.862128,242.8            -0.539551,51.862137,242.8            -0.539539,51.862144,242.9            -0.539526,51.862155,242.9            -0.539504,51.862173,242.9            -0.539495,51.86218,242.9            -0.539486,51.862187,242.9            -0.539476,51.862194,242.9            -0.539453,51.86221,242.9            -0.539438,51.862213,242.9            -0.539425,51.862224,242.9            -0.539411,51.862232,242.9            -0.539398,51.862242,242.9            -0.539376,51.862257,242.9            -0.539368,51.862261,243            -0.539356,51.862273,243            -0.539335,51.862282,243            -0.539315,51.862298,243            -0.539307,51.862306,243            -0.5393,51.862313,243            -0.539279,51.86232,243            -0.539263,51.862332,243.1            -0.539238,51.862346,243.1            -0.539228,51.862353,243.1            -0.539219,51.862361,243.1            -0.539212,51.86237,243.1            -0.539202,51.862379,243.1            -0.539184,51.862384,243.1            -0.539162,51.862402,243.1            -0.539149,51.862409,243.2            -0.539137,51.862415,243.2            -0.539123,51.862425,243.2            -0.539105,51.862437,243.2            -0.539089,51.862455,243.2            -0.539083,51.862462,243.2            -0.539076,51.862469,243.2            -0.539051,51.862486,243.2            -0.539042,51.862491,243.2            -0.539033,51.862497,243.2            -0.53901,51.862515,243.3            -0.539001,51.862522,243.3            -0.538992,51.862528,243.3            -0.538983,51.86254,243.3            -0.538966,51.86255,243.3            -0.538951,51.862558,243.3            -0.53894,51.862567,243.3            -0.538932,51.862576,243.3            -0.53891,51.862592,243.4            -0.5389,51.862598,243.4            -0.538889,51.862605,243.4            -0.53888,51.862615,243.4            -0.538865,51.862627,243.4            -0.53885,51.86263,243.4            -0.53882,51.862643,243.4            -0.538809,51.862649,243.5            -0.538798,51.862655,243.5            -0.53878,51.862672,243.5            -0.538772,51.862681,243.5            -0.538764,51.862689,243.5            -0.538742,51.862706,243.5            -0.538732,51.862712,243.5            -0.538722,51.862718,243.5            -0.538714,51.862725,243.5            -0.538704,51.862736,243.6            -0.538696,51.862746,243.6            -0.538687,51.862755,243.6            -0.538681,51.862764,243.6            -0.538671,51.862774,243.6            -0.538669,51.862781,243.6            -0.53867,51.86279,243.6            -0.538671,51.862798,243.5            -0.538687,51.862805,243.4            -0.538706,51.862813,243.4            -0.538729,51.862818,243.3            -0.538759,51.86283,243.3            -0.538771,51.862834,243.2            -0.538783,51.862839,243.2            -0.538807,51.862837,243.1            -0.538819,51.862846,243            -0.538839,51.862848,243            -0.538852,51.862851,242.9            -0.538875,51.862857,242.9            -0.538895,51.862855,242.8            -0.538927,51.862863,242.8            -0.53894,51.862866,242.7            -0.538952,51.862869,242.7            -0.538986,51.862873,242.5            -0.539,51.862875,242.5            -0.539014,51.862877,242.5            -0.539032,51.862881,242.4            -0.539047,51.862882,242.4            -0.539059,51.862888,242.4            -0.539091,51.862896,242.3            -0.539106,51.8629,242.2            -0.53912,51.862904,242.2            -0.539149,51.86291,242.1            -0.539165,51.86291,242.1            -0.539181,51.862911,242            -0.539205,51.862915,242            -0.539224,51.862917,241.9            -0.539246,51.862924,241.8            -0.539269,51.862928,241.8            -0.539289,51.862935,241.7            -0.539311,51.862937,241.7            -0.539339,51.862943,241.6            -0.539353,51.862947,241.6            -0.539366,51.86295,241.5            -0.53939,51.862957,241.4            -0.539413,51.862959,241.3            -0.539445,51.862968,241.3            -0.539459,51.862969,241.2            -0.539474,51.862971,241.2            -0.539505,51.86298,241            -0.539516,51.862984,241            -0.539527,51.862989,241            -0.53956,51.862996,240.9            -0.539573,51.862998,240.9            -0.539586,51.863001,240.7            -0.539602,51.863007,240.7            -0.539625,51.86301,240.5            -0.539635,51.863017,240.5            -0.53967,51.86302,240.4            -0.539682,51.863022,240.4            -0.539693,51.863025,240.3            -0.539727,51.863028,240.2            -0.53974,51.86303,240.1            -0.539754,51.863033,239.9            -0.539784,51.863043,239.9            -0.539797,51.863049,239.7            -0.539809,51.863054,239.7            -0.539834,51.863052,239.5            -0.539854,51.863055,239.5            -0.539885,51.86306,239.1            -0.539897,51.863063,239.1            -0.539909,51.863066,239.1            -0.539926,51.863069,238.8            -0.539942,51.863073,238.8            -0.539963,51.86308,238.6            -0.539995,51.863084,238.5            -0.54001,51.863087,238.2            -0.540026,51.86309,238.2            -0.540043,51.863095,238.1            -0.540063,51.863098,237.8            -0.540078,51.8631,237.8            -0.540089,51.863103,237.8            -0.540111,51.863106,237.5            -0.540126,51.863111,237.4            -0.540145,51.863113,237            -0.540167,51.863111,237            -0.540179,51.863118,236.6            -0.540201,51.863131,236.6            -0.540213,51.863134,236.6            -0.540225,51.863137,236.2            -0.540237,51.86314,236.1            -0.540266,51.863139,235.8            -0.540287,51.863142,235.8            -0.540309,51.863143,235.4            -0.54033,51.863147,235.4            -0.540357,51.863158,235            -0.540369,51.863162,235            -0.540382,51.863166,234.8            -0.540407,51.863168,234.5            -0.540427,51.86317,234.4            -0.540444,51.863172,234.1            -0.540464,51.863175,234            -0.540482,51.863181,233.7            -0.540503,51.863191,233.5            -0.54051,51.863197,233.5            -0.540518,51.863203,233.5            -0.540525,51.863209,233.1            -0.540526,51.863225,233            -0.540522,51.86324,233            -0.540528,51.863253,232.8            -0.540531,51.863268,232.8            -0.540514,51.863284,232.8            -0.540497,51.863295,232.8            -0.540485,51.863303,232.8            -0.540482,51.863315,232.8            -0.540478,51.863319,232.9            -0.540471,51.863335,232.9            -0.540448,51.863339,232.9            -0.540438,51.863353,232.9            -0.540431,51.863364,232.9            -0.540421,51.863376,232.9            -0.540416,51.863386,232.9            -0.540407,51.863396,232.9            -0.5404,51.863407,233            -0.540388,51.863415,233            -0.540386,51.863428,233            -0.540383,51.863442,233            -0.540369,51.863447,233            -0.540361,51.863458,233            -0.540354,51.86347,233.1            -0.540343,51.863483,233.1            -0.540325,51.863487,233.1            -0.540317,51.863497,233.1            -0.540309,51.863509,233.1            -0.540304,51.863518,233.2            -0.540301,51.863527,233.2            -0.540282,51.863533,233.2            -0.540265,51.863542,233.2            -0.540244,51.863551,233.3            -0.540239,51.863564,233.3            -0.540236,51.863579,233.3            -0.540225,51.863582,233.3            -0.540213,51.863594,233.4            -0.540206,51.863603,233.4            -0.540197,51.86362,233.4            -0.540194,51.863626,233.4            -0.540193,51.863636,233.4            -0.540174,51.863652,233.5            -0.540166,51.863659,233.5            -0.540158,51.863667,233.5            -0.540148,51.863678,233.6            -0.540133,51.863689,233.6            -0.540126,51.863701,233.6            -0.540114,51.863712,233.7            -0.540114,51.863722,233.7            -0.540095,51.863727,233.7            -0.540081,51.863742,233.8            -0.540074,51.863748,233.8            -0.540063,51.863759,233.8            -0.540054,51.863771,233.8            -0.540037,51.863789,233.9            -0.540031,51.863797,233.9            -0.540025,51.863804,233.9            -0.540015,51.863816,234            -0.540016,51.863827,234            -0.54,51.863835,234            -0.53999,51.863846,234.1            -0.539983,51.863857,234.1            -0.539974,51.863866,234.1            -0.539972,51.863886,234.1            -0.53997,51.863894,234.2            -0.539969,51.863902,234.2            -0.539956,51.863912,234.2            -0.539946,51.863918,234.2            -0.539934,51.863929,234.2            -0.539928,51.863944,234.3            -0.539921,51.86395,234.3            -0.53991,51.863959,234.3            -0.539901,51.863972,234.4            -0.539894,51.863986,234.4            -0.53989,51.864007,234.4            -0.539885,51.864015,234.4            -0.53988,51.864022,234.4            -0.539869,51.864043,234.5            -0.539863,51.86405,234.5            -0.539856,51.864057,234.5            -0.53985,51.864068,234.5            -0.539841,51.864075,234.5            -0.539831,51.864089,234.6            -0.539813,51.864107,234.6            -0.539807,51.864114,234.6            -0.539801,51.864121,234.6            -0.539793,51.864131,234.6            -0.539777,51.864137,234.6            -0.539768,51.864149,234.6            -0.539757,51.864157,234.7            -0.539754,51.864169,234.7            -0.539739,51.864178,234.7            -0.539729,51.864187,234.7            -0.539713,51.864199,234.7            -0.539704,51.864207,234.7            -0.539688,51.864228,234.7            -0.53968,51.864235,234.7            -0.539672,51.864243,234.7            -0.539661,51.864262,234.7            -0.53966,51.864271,234.7            -0.539659,51.86428,234.7            -0.539643,51.864299,234.7            -0.539637,51.864307,234.7            -0.539631,51.864314,234.7            -0.539617,51.864333,234.7            -0.539612,51.86434,234.7            -0.539606,51.864348,234.7            -0.539592,51.864357,234.7            -0.539585,51.864364,234.7            -0.539569,51.864371,234.7            -0.539556,51.86439,234.7            -0.539549,51.864397,234.7            -0.539543,51.864405,234.7            -0.539526,51.864424,234.6            -0.539521,51.864431,234.6            -0.539516,51.864439,234.6            -0.539502,51.86446,234.6            -0.539498,51.864468,234.6            -0.539494,51.864475,234.6            -0.539481,51.864487,234.6            -0.539471,51.8645,234.5            -0.539457,51.86452,234.5            -0.53945,51.864527,234.5            -0.539442,51.864535,234.5            -0.539426,51.864554,234.5            -0.539421,51.864561,234.5            -0.539415,51.864569,234.4            -0.539402,51.864588,234.4            -0.539395,51.864596,234.4            -0.539388,51.864604,234.4            -0.53939,51.864614,234.4            -0.539376,51.864625,234.4            -0.539363,51.864637,234.4            -0.539354,51.864657,234.3            -0.539347,51.864665,234.3            -0.539341,51.864674,234.3            -0.539335,51.864691,234.3            -0.539329,51.864704,234.3            -0.539312,51.864723,234.3            -0.539305,51.86473,234.2            -0.539298,51.864737,234.2            -0.539287,51.864748,234.2            -0.539278,51.864757,234.2            -0.539273,51.864768,234.2            -0.539263,51.864789,234.2            -0.539257,51.864796,234.2            -0.53925,51.864804,234.2            -0.539246,51.864815,234.1            -0.539237,51.864822,234.1            -0.539225,51.864836,234.1            -0.53921,51.864853,234.1            -0.539201,51.864861,234.1            -0.539192,51.86487,234.1            -0.539178,51.864886,234.1            -0.539168,51.864895,234            -0.539158,51.864904,234            -0.53915,51.86491,234            -0.539143,51.864924,234            -0.539133,51.864933,234            -0.539118,51.864943,234            -0.539114,51.864958,233.9            -0.539095,51.864975,233.9            -0.539088,51.864983,233.9            -0.539081,51.86499,233.9            -0.539066,51.864998,233.9            -0.539056,51.865006,233.8            -0.539046,51.865017,233.8            -0.539031,51.865022,233.8            -0.539012,51.865034,233.8            -0.539011,51.865049,233.8            -0.539015,51.865064,233.8            -0.539012,51.865078,233.8            -0.539009,51.865091,233.7            -0.539007,51.865102,233.8            -0.539001,51.865109,233.9            -0.538984,51.865109,234            -0.538969,51.865115,234.1            -0.538949,51.865123,234.3            -0.538931,51.86513,234.4            -0.538911,51.865135,234.6            -0.538893,51.865138,234.7            -0.538876,51.865141,234.8            -0.538859,51.865146,235            -0.53884,51.86515,235.1            -0.538823,51.865153,235.2            -0.538796,51.865166,235.5            -0.538784,51.865171,235.6            -0.538771,51.865176,235.7            -0.538736,51.865175,235.9            -0.538723,51.865177,236            -0.53871,51.86518,236.1            -0.53869,51.865183,236.2            -0.538673,51.865185,236.3            -0.538655,51.865188,236.4            -0.538635,51.865197,236.5            -0.538615,51.865205,236.6            -0.538584,51.86521,236.8            -0.538572,51.865214,236.9            -0.538561,51.865219,236.9            -0.538545,51.865221,237            -0.538515,51.865217,237.2            -0.538488,51.865226,237.3            -0.538475,51.865229,237.4            -0.538462,51.865232,237.5            -0.538446,51.865244,237.6            -0.538429,51.865251,237.7            -0.538409,51.865251,237.8            -0.538393,51.865257,237.9            -0.538378,51.86526,238            -0.538348,51.865268,238.2            -0.538335,51.865271,238.3            -0.538323,51.865273,238.3            -0.538289,51.865275,238.5            -0.538276,51.865274,238.6            -0.538263,51.865273,238.6            -0.538233,51.865286,238.8            -0.538221,51.865289,238.9            -0.53821,51.865293,238.9            -0.538191,51.865297,239            -0.538189,51.865298,239            -0.538188,51.865299,239            -0.538186,51.865299,239.1            -0.538184,51.8653,239.1            -0.538182,51.865301,239.1            -0.538181,51.865302,239.1            -0.538179,51.865302,239.1            -0.538177,51.865303,239.1            -0.538176,51.865304,239.1            -0.538174,51.865305,239.1            -0.538172,51.865305,239.1            -0.53817,51.865306,239.2            -0.538169,51.865307,239.2            -0.538167,51.865308,239.2            -0.538165,51.865308,239.2            -0.538164,51.865309,239.2            -0.538162,51.86531,239.2            -0.53816,51.865311,239.2            -0.538159,51.865311,239.2            -0.538129,51.865321,239.4            -0.538115,51.865324,239.5            -0.538101,51.865326,239.5            -0.538085,51.86533,239.6            -0.538066,51.865331,239.7            -0.538049,51.865337,239.8            -0.538033,51.865336,239.8            -0.538009,51.86535,240            -0.537992,51.865352,240.1          </coordinates></LineString></Placemark><Placemark><name>Finish</name><styleUrl>#icon-1899-FF5252-nodesc</styleUrl><Point><coordinates>            -0.537992,51.865352,0          </coordinates></Point></Placemark><Placemark><name>Start</name><styleUrl>#icon-1899-0F9D58-nodesc</styleUrl><Point><coordinates>            -0.53812,51.865122,0          </coordinates></Point></Placemark></Folder></Document></kml>