<?xml version="1.0" encoding="UTF-8"?><kml xmlns="http://www.opengis.net/kml/2.2"><Document><name>Alberts Farm parkrun</name><description/><Style id="icon-123-nodesc-normal"><IconStyle><scale>1.1</scale><Icon><href>https://www.gstatic.com/mapspro/images/stock/123-red-dot.png</href></Icon><hotSpot x="16" xunits="pixels" y="32" yunits="insetPixels"/></IconStyle><LabelStyle><scale>0</scale></LabelStyle><BalloonStyle><text><![CDATA[<h3>$[name]</h3>]]></text></BalloonStyle></Style><Style id="icon-123-nodesc-highlight"><IconStyle><scale>1.1</scale><Icon><href>https://www.gstatic.com/mapspro/images/stock/123-red-dot.png</href></Icon><hotSpot x="16" xunits="pixels" y="32" yunits="insetPixels"/></IconStyle><LabelStyle><scale>1.1</scale></LabelStyle><BalloonStyle><text><![CDATA[<h3>$[name]</h3>]]></text></BalloonStyle></Style><StyleMap id="icon-123-nodesc"><Pair><key>normal</key><styleUrl>#icon-123-nodesc-normal</styleUrl></Pair><Pair><key>highlight</key><styleUrl>#icon-123-nodesc-highlight</styleUrl></Pair></StyleMap><Style id="icon-61-nodesc-normal"><IconStyle><scale>1.1</scale><Icon><href>https://www.gstatic.com/mapspro/images/stock/61-green-dot.png</href></Icon><hotSpot x="16" xunits="pixels" y="32" yunits="insetPixels"/></IconStyle><LabelStyle><scale>0</scale></LabelStyle><BalloonStyle><text><![CDATA[<h3>$[name]</h3>]]></text></BalloonStyle></Style><Style id="icon-61-nodesc-highlight"><IconStyle><scale>1.1</scale><Icon><href>https://www.gstatic.com/mapspro/images/stock/61-green-dot.png</href></Icon><hotSpot x="16" xunits="pixels" y="32" yunits="insetPixels"/></IconStyle><LabelStyle><scale>1.1</scale></LabelStyle><BalloonStyle><text><![CDATA[<h3>$[name]</h3>]]></text></BalloonStyle></Style><StyleMap id="icon-61-nodesc"><Pair><key>normal</key><styleUrl>#icon-61-nodesc-normal</styleUrl></Pair><Pair><key>highlight</key><styleUrl>#icon-61-nodesc-highlight</styleUrl></Pair></StyleMap><Style id="line-0288D1-5000-nodesc-normal"><LineStyle><color>ffd18802</color><width>5</width></LineStyle><BalloonStyle><text><![CDATA[<h3>$[name]</h3>]]></text></BalloonStyle></Style><Style id="line-0288D1-5000-nodesc-highlight"><LineStyle><color>ffd18802</color><width>7.5</width></LineStyle><BalloonStyle><text><![CDATA[<h3>$[name]</h3>]]></text></BalloonStyle></Style><StyleMap id="line-0288D1-5000-nodesc"><Pair><key>normal</key><styleUrl>#line-0288D1-5000-nodesc-normal</styleUrl></Pair><Pair><key>highlight</key><styleUrl>#line-0288D1-5000-nodesc-highlight</styleUrl></Pair></StyleMap><Folder><name>Untitled layer</name><Placemark><name>Course</name><styleUrl>#line-0288D1-5000-nodesc</styleUrl><LineString><tessellate>1</tessellate><coordinates>            27.96864167,-26.15926,1676            27.96864167,-26.15926167,1676            27.968645,-26.15926667,1676            27.96864833,-26.15927333,1676            27.96865167,-26.15928167,1676            27.96865833,-26.15929,1676            27.968665,-26.15929833,1676            27.968675,-26.15930833,1676            27.968685,-26.15931667,1676            27.968695,-26.159325,1676            27.96870667,-26.15933,1675            27.96872,-26.15933167,1675            27.96873333,-26.15933333,1675            27.96874667,-26.159335,1675            27.96876,-26.159335,1675            27.96877333,-26.15933333,1675            27.96879,-26.15933,1675            27.96880333,-26.15932333,1675            27.96881833,-26.15932,1674            27.96883167,-26.15931333,1674            27.96884667,-26.15930667,1674            27.96886,-26.15930167,1674            27.96887333,-26.15929833,1674            27.96888667,-26.15929333,1674            27.96889833,-26.15928667,1673            27.96890833,-26.15927667,1673            27.96891833,-26.15926833,1673            27.96893,-26.15926167,1673            27.96894167,-26.159255,1673            27.96895333,-26.15924833,1673            27.968965,-26.15924167,1673            27.96897833,-26.15923667,1673            27.96899167,-26.15923167,1673            27.96900833,-26.159225,1672            27.96902333,-26.15922167,1672            27.96904,-26.15921333,1672            27.969055,-26.159205,1672            27.96907,-26.159195,1672            27.96908667,-26.15918667,1672            27.9691,-26.15917667,1672            27.96911333,-26.15916833,1672            27.96912667,-26.15916,1672            27.96914333,-26.15915333,1672            27.96916167,-26.15914667,1672            27.96918,-26.15914,1672            27.96919833,-26.15913167,1672            27.969215,-26.15912333,1672            27.96923167,-26.15911333,1672            27.96924833,-26.15910333,1672            27.969265,-26.15909333,1672            27.96928,-26.159085,1672            27.969295,-26.15908,1672            27.96930833,-26.15907167,1672            27.96932167,-26.159065,1672            27.96933667,-26.15905833,1672            27.96935167,-26.15904833,1672            27.96936833,-26.15903833,1672            27.969385,-26.15902333,1672            27.96940167,-26.15901167,1672            27.96941667,-26.15900167,1672            27.96943,-26.15899333,1672            27.96944333,-26.15898333,1672            27.96945667,-26.15897667,1672            27.96947167,-26.15897167,1672            27.96948833,-26.158965,1671            27.96950167,-26.15895667,1671            27.969515,-26.15894833,1671            27.96953,-26.15893833,1671            27.969545,-26.15893,1671            27.96956,-26.15892,1671            27.96957667,-26.15891333,1670            27.96959167,-26.15890667,1670            27.96960333,-26.1589,1670            27.969615,-26.158895,1670            27.96963,-26.15889167,1670            27.96964667,-26.15888667,1670            27.96966167,-26.15888167,1670            27.969675,-26.158875,1670            27.96968667,-26.15887,1670            27.96970167,-26.15886667,1670            27.96971833,-26.15886167,1670            27.969735,-26.15885667,1670            27.96975333,-26.15885,1670            27.96977,-26.15884167,1670            27.96978667,-26.15883333,1670            27.96980167,-26.15882333,1670            27.96981833,-26.158815,1670            27.969835,-26.158805,1670            27.96985167,-26.158795,1670            27.96986667,-26.15878667,1669            27.96988,-26.15877833,1669            27.96989167,-26.15877,1669            27.96990167,-26.15875833,1669            27.969915,-26.15874667,1669            27.96992667,-26.158735,1669            27.96993833,-26.15872333,1669            27.96995,-26.15871167,1669            27.96995833,-26.1587,1669            27.96996667,-26.15868667,1668            27.969975,-26.158675,1668            27.969985,-26.15866667,1668            27.96999333,-26.15865333,1668            27.97000667,-26.15864167,1668            27.97002,-26.15862833,1668            27.97003333,-26.15861667,1668            27.97004333,-26.158605,1668            27.97005667,-26.15859167,1667            27.97006667,-26.15857833,1667            27.97007667,-26.15856667,1667            27.97008833,-26.15855333,1667            27.97009667,-26.15854167,1667            27.97010333,-26.15853,1667            27.97011,-26.15852,1667            27.97011667,-26.15851167,1667            27.97012333,-26.15849833,1667            27.97013,-26.15848667,1667            27.97013667,-26.15847667,1667            27.970145,-26.15846667,1667            27.97015167,-26.15845667,1667            27.97016167,-26.158445,1667            27.97017,-26.15843667,1667            27.97017667,-26.158425,1667            27.970185,-26.15841167,1667            27.970195,-26.15839833,1667            27.97020333,-26.158385,1667            27.97021333,-26.15837333,1667            27.97022333,-26.15836167,1667            27.97023333,-26.15835167,1667            27.97024333,-26.15833667,1667            27.97025167,-26.15832167,1667            27.97026,-26.15830833,1667            27.97026833,-26.15829333,1667            27.970275,-26.15827833,1667            27.970285,-26.15826167,1667            27.97029333,-26.15824333,1667            27.97030167,-26.15822833,1667            27.97031,-26.15821167,1667            27.97032,-26.158195,1667            27.97032833,-26.15818167,1667            27.97033667,-26.15816833,1667            27.970345,-26.15815333,1667            27.97035333,-26.15814,1667            27.97036167,-26.15812667,1667            27.97037,-26.15811167,1667            27.97037667,-26.15809833,1668            27.97038333,-26.158085,1668            27.97039,-26.15807167,1668            27.97039667,-26.15805833,1668            27.97040333,-26.158045,1668            27.97041167,-26.15803167,1668            27.97041667,-26.15802,1668            27.97042167,-26.15800833,1668            27.970425,-26.157995,1668            27.97043,-26.15798333,1668            27.97043167,-26.15797167,1668            27.97043333,-26.15796,1668            27.97043333,-26.15794667,1668            27.97043167,-26.15793333,1668            27.97042833,-26.15792167,1668            27.97042833,-26.15791,1668            27.97042333,-26.15789833,1668            27.97041833,-26.15788667,1668            27.97041333,-26.15787667,1668            27.970405,-26.15786833,1668            27.97039667,-26.15785833,1668            27.97038833,-26.15785,1668            27.97037833,-26.15784,1668            27.97037,-26.15783167,1668            27.97035833,-26.15782167,1668            27.97034667,-26.15781167,1668            27.970335,-26.15780167,1668            27.97032333,-26.15779167,1668            27.97031167,-26.15778,1668            27.9703,-26.15777167,1668            27.97028667,-26.15776333,1668            27.97027667,-26.15775333,1668            27.97026667,-26.15774333,1668            27.97025667,-26.15773333,1669            27.97024667,-26.157725,1669            27.970235,-26.15771333,1669            27.97022333,-26.157705,1669            27.97021167,-26.157695,1669            27.9702,-26.15768333,1669            27.97018833,-26.15767667,1669            27.97017667,-26.15766833,1669            27.970165,-26.15766,1669            27.970155,-26.15765,1669            27.97014333,-26.15764167,1669            27.97013167,-26.15763333,1669            27.97012167,-26.15762333,1670            27.97011167,-26.157615,1670            27.9701,-26.15760667,1670            27.97009,-26.15759833,1670            27.97007833,-26.15759,1670            27.97006667,-26.15758333,1670            27.970055,-26.157575,1670            27.97004333,-26.15756833,1670            27.97003,-26.15756,1670            27.97001667,-26.15755333,1670            27.97000333,-26.157545,1670            27.96999,-26.15753667,1670            27.969975,-26.15752833,1670            27.96996,-26.15751667,1670            27.96994667,-26.15750667,1670            27.96993333,-26.15749833,1670            27.96992,-26.15749167,1670            27.96990667,-26.157485,1670            27.96989167,-26.15747833,1670            27.96987833,-26.15747,1670            27.969865,-26.15746167,1671            27.96985167,-26.15745333,1671            27.96984,-26.15744333,1671            27.96983,-26.15743667,1671            27.96982,-26.15742833,1671            27.96980667,-26.15742167,1671            27.96979667,-26.15741667,1671            27.96978333,-26.15740833,1671            27.96977,-26.15740167,1671            27.96975667,-26.15739333,1671            27.969745,-26.15738667,1671            27.96973167,-26.15737833,1672            27.96972,-26.15737167,1672            27.96971,-26.157365,1672            27.96969833,-26.15735667,1672            27.96968667,-26.15734833,1672            27.969675,-26.15733667,1672            27.96966333,-26.15732667,1673            27.96965,-26.15731833,1673            27.96963833,-26.15731,1673            27.969625,-26.1573,1673            27.969615,-26.15729167,1673            27.96960333,-26.15728333,1673            27.96959167,-26.15727667,1673            27.96958167,-26.15726833,1673            27.96957167,-26.15725833,1674            27.96956,-26.15724833,1674            27.969545,-26.15724,1674            27.96953167,-26.15723333,1674            27.96951667,-26.15722333,1674            27.96950333,-26.157215,1674            27.96949167,-26.157205,1674            27.96947833,-26.15719667,1674            27.969465,-26.15718667,1674            27.96945167,-26.15718,1674            27.969435,-26.15717,1674            27.96941833,-26.15716,1674            27.969405,-26.15715,1674            27.96938833,-26.15714167,1674            27.969375,-26.15713167,1674            27.96936333,-26.15712333,1674            27.96935167,-26.15711333,1674            27.96934167,-26.15710833,1674            27.96933333,-26.15710167,1674            27.96932,-26.157095,1674            27.96931,-26.15708833,1674            27.9693,-26.15707833,1674            27.96929,-26.15706833,1674            27.96927667,-26.15705833,1674            27.969265,-26.15705,1674            27.96925667,-26.15704167,1674            27.96924833,-26.157035,1674            27.96924,-26.15702667,1674            27.96923,-26.15701833,1674            27.96921833,-26.15700833,1674            27.96920833,-26.157,1674            27.969195,-26.15699167,1675            27.96918333,-26.15698167,1675            27.96917,-26.156975,1675            27.96915833,-26.15696667,1675            27.96914667,-26.15696,1675            27.96913333,-26.15695333,1675            27.96912167,-26.15694667,1675            27.96911167,-26.15693667,1675            27.96910167,-26.15693,1675            27.96909167,-26.15692167,1675            27.96908167,-26.15691167,1675            27.96907333,-26.156905,1675            27.969065,-26.15689667,1675            27.96905667,-26.15688667,1675            27.969045,-26.15687667,1675            27.96903333,-26.156865,1675            27.96902167,-26.15685167,1675            27.96901167,-26.15683667,1675            27.96900167,-26.156825,1675            27.96899167,-26.15681333,1675            27.96898333,-26.15680167,1675            27.96897167,-26.15679,1675            27.96895833,-26.15678,1675            27.96894667,-26.15677,1675            27.968935,-26.15676167,1675            27.96892333,-26.15675167,1675            27.96891167,-26.156745,1675            27.96890167,-26.15673667,1675            27.96889167,-26.15672833,1675            27.96888,-26.15671833,1675            27.96887,-26.15671,1675            27.96886333,-26.15670167,1675            27.968855,-26.156695,1675            27.96884667,-26.15668833,1675            27.96884,-26.15668,1675            27.96883167,-26.15667333,1675            27.96882167,-26.15666833,1675            27.96880833,-26.15666167,1676            27.96879667,-26.15665167,1676            27.968785,-26.15664,1676            27.96877333,-26.15662667,1676            27.96876333,-26.15661333,1676            27.96875167,-26.15659833,1677            27.96874167,-26.156585,1677            27.96873,-26.15656833,1677            27.96871833,-26.156555,1677            27.96870667,-26.15654,1677            27.968695,-26.156525,1677            27.96868333,-26.15651167,1678            27.968675,-26.15649833,1678            27.96866333,-26.15648333,1678            27.96865333,-26.15647167,1678            27.96864167,-26.15646,1678            27.96863333,-26.15645167,1678            27.96862667,-26.15644333,1678            27.968615,-26.156435,1679            27.96860667,-26.15642833,1679            27.9686,-26.15642167,1679            27.96859,-26.15641167,1679            27.96858167,-26.15640167,1679            27.96857167,-26.15639167,1679            27.96856333,-26.156385,1679            27.968555,-26.156375,1680            27.96855,-26.15636833,1680            27.968545,-26.15636167,1680            27.96853833,-26.156355,1680            27.96853,-26.15635,1680            27.96851833,-26.15634167,1680            27.96850833,-26.156335,1680            27.96849667,-26.15632833,1680            27.96848667,-26.15632167,1680            27.96847333,-26.156315,1680            27.96846167,-26.15630833,1680            27.96844833,-26.15629833,1679            27.96843667,-26.15628833,1679            27.968425,-26.15627833,1679            27.96841167,-26.15626833,1679            27.9684,-26.15625833,1679            27.96839,-26.15624833,1679            27.96837833,-26.15623833,1679            27.96836833,-26.15622833,1679            27.96835833,-26.15622,1679            27.96834333,-26.15621333,1679            27.96833333,-26.15620667,1679            27.96832,-26.15619667,1679            27.968305,-26.15618833,1679            27.96829167,-26.15618,1679            27.96827667,-26.15617167,1679            27.96826167,-26.15616333,1679            27.96825,-26.15615667,1679            27.96824,-26.15614833,1679            27.96822833,-26.15613833,1679            27.96821333,-26.15613,1679            27.96820167,-26.15612333,1679            27.96819,-26.156115,1679            27.96818,-26.15610833,1680            27.96816833,-26.1561,1680            27.96815833,-26.15609333,1680            27.96814667,-26.156085,1680            27.968135,-26.15607667,1680            27.96812167,-26.15606667,1680            27.96810833,-26.15605667,1680            27.968095,-26.15604833,1680            27.96808167,-26.15603833,1680            27.96806833,-26.15603167,1681            27.96805667,-26.156025,1681            27.96804333,-26.15602,1681            27.96802833,-26.15602,1681            27.968015,-26.15602167,1681            27.968005,-26.156025,1682            27.96799167,-26.15603167,1682            27.96798167,-26.15604167,1682            27.967975,-26.15605167,1682            27.96797333,-26.156065,1682            27.96797167,-26.15607833,1682            27.96797,-26.15609167,1682            27.96797,-26.156105,1682            27.96796833,-26.15611833,1683            27.96796833,-26.15613167,1683            27.96796667,-26.15614833,1683            27.96796667,-26.15616667,1683            27.967965,-26.15618,1683            27.96796333,-26.15619333,1683            27.96796333,-26.15621,1683            27.96796167,-26.15622667,1683            27.96796,-26.15624167,1683            27.96795833,-26.156255,1683            27.96795667,-26.15626833,1683            27.967955,-26.15628167,1683            27.967955,-26.156295,1684            27.96795333,-26.15630667,1684            27.96795333,-26.15632,1684            27.96795167,-26.15633333,1684            27.96795333,-26.15634833,1684            27.96795167,-26.15636333,1684            27.96795167,-26.15637833,1685            27.96795167,-26.15639333,1685            27.96795,-26.15641,1685            27.96794833,-26.156425,1685            27.967945,-26.15644,1685            27.96794167,-26.156455,1685            27.96793833,-26.15646833,1685            27.96793667,-26.156485,1685            27.967935,-26.1565,1686            27.96793167,-26.156515,1686            27.96792833,-26.15653,1686            27.96792667,-26.156545,1686            27.96792667,-26.15656,1686            27.96792833,-26.156575,1686            27.96793167,-26.15658833,1686            27.96793333,-26.15660167,1686            27.96793167,-26.156615,1686            27.96793167,-26.15662667,1686            27.96793167,-26.15664,1686            27.96792833,-26.15665333,1686            27.96792667,-26.15667,1686            27.96792333,-26.156685,1686            27.96792167,-26.1567,1687            27.96792,-26.15671667,1687            27.96791667,-26.15673167,1686            27.967915,-26.156745,1686            27.96791333,-26.15676,1686            27.96791167,-26.15677333,1686            27.96791,-26.15679,1686            27.96791167,-26.15680333,1686            27.96791333,-26.15682,1686            27.967915,-26.156835,1686            27.967915,-26.15685,1686            27.967915,-26.15686167,1686            27.967915,-26.156875,1686            27.967915,-26.15689,1686            27.96791333,-26.15690667,1686            27.96791167,-26.15692167,1686            27.96790833,-26.15694,1686            27.96790667,-26.15695667,1686            27.96790667,-26.15697333,1686            27.96790833,-26.15699167,1686            27.96790833,-26.15701167,1686            27.96790167,-26.15702833,1686            27.967895,-26.157045,1686            27.96789167,-26.15706167,1686            27.96789,-26.15707667,1686            27.96788667,-26.15709167,1686            27.967885,-26.15710667,1686            27.967885,-26.15712,1686            27.96788167,-26.15713667,1686            27.96787833,-26.157155,1686            27.967875,-26.15717,1687            27.96787167,-26.15718667,1687            27.967865,-26.15720333,1687            27.96786167,-26.15722,1686            27.96786,-26.15723667,1686            27.96785667,-26.15725333,1686            27.967855,-26.15727,1687            27.96785333,-26.157285,1687            27.96785333,-26.15730333,1687            27.96785167,-26.15732,1687            27.96784833,-26.15733833,1687            27.96784167,-26.15735667,1687            27.96783667,-26.15737333,1687            27.96783167,-26.15739167,1687            27.96782667,-26.15741,1687            27.96782333,-26.157425,1687            27.96782,-26.15743667,1687            27.96781667,-26.15745,1687            27.96781167,-26.15746333,1687            27.96780667,-26.15748,1687            27.9678,-26.15749667,1687            27.96779333,-26.15751333,1687            27.96778667,-26.15752667,1687            27.96778167,-26.15753667,1687            27.96777667,-26.15755,1687            27.96777167,-26.15756333,1687            27.96776833,-26.15758,1686            27.967765,-26.157595,1686            27.96776,-26.15761,1686            27.96775333,-26.157625,1686            27.96774667,-26.15764,1686            27.96774333,-26.15765167,1686            27.96773833,-26.15766667,1686            27.96773667,-26.15768167,1686            27.96773167,-26.15769833,1686            27.96772667,-26.157715,1686            27.96772167,-26.15773,1686            27.96771333,-26.15774833,1686            27.96770833,-26.15776667,1686            27.96770167,-26.15778333,1686            27.96769833,-26.1578,1686            27.96769333,-26.15781667,1686            27.96769,-26.157835,1686            27.96768667,-26.15785167,1686            27.96768333,-26.15787167,1686            27.96768,-26.15789,1686            27.96767667,-26.15790667,1686            27.96767333,-26.15792167,1686            27.96767333,-26.15793667,1686            27.96767,-26.15795333,1686            27.96766667,-26.15796667,1686            27.96766333,-26.15798167,1686            27.96766167,-26.157995,1686            27.96765833,-26.15801,1686            27.96765333,-26.15802667,1686            27.96765167,-26.158045,1686            27.96765,-26.15806167,1686            27.96764833,-26.15807833,1686            27.96764833,-26.158095,1686            27.96764833,-26.15811,1686            27.96764667,-26.158125,1686            27.967645,-26.15813833,1686            27.96764333,-26.15815333,1687            27.96764167,-26.15816833,1686            27.96763833,-26.158185,1686            27.967635,-26.15820333,1686            27.96763167,-26.15821833,1686            27.96762833,-26.158235,1686            27.96762667,-26.15824833,1686            27.96762667,-26.15826667,1686            27.967625,-26.15828333,1686            27.96762,-26.15829667,1686            27.96761833,-26.15831167,1686            27.96761333,-26.15832667,1686            27.96760833,-26.15834,1685            27.967605,-26.15835167,1685            27.9676,-26.158365,1685            27.967595,-26.15837833,1685            27.96759167,-26.15839167,1685            27.96758333,-26.158405,1685            27.96757833,-26.15842,1685            27.96757167,-26.158435,1685            27.96756333,-26.15845167,1684            27.96755833,-26.158465,1684            27.96755,-26.15848,1684            27.96754167,-26.15849667,1684            27.967535,-26.15851167,1684            27.96753,-26.15852667,1684            27.96752333,-26.15854167,1684            27.96751833,-26.15855667,1684            27.967515,-26.15857167,1684            27.96751167,-26.15858833,1684            27.96750833,-26.15860333,1684            27.96750333,-26.15861833,1684            27.96749833,-26.158635,1684            27.96749333,-26.15865,1684            27.96748667,-26.158665,1684            27.96748333,-26.15868167,1684            27.96747833,-26.15869833,1684            27.96747167,-26.158715,1684            27.96746667,-26.15873333,1684            27.96746167,-26.15875,1684            27.967455,-26.158765,1684            27.96745,-26.15878,1684            27.967445,-26.158795,1684            27.96744167,-26.15880833,1684            27.96743833,-26.15882167,1684            27.967435,-26.15883667,1684            27.96743167,-26.15885333,1684            27.96742667,-26.15887167,1684            27.967425,-26.15888833,1684            27.96742167,-26.15890333,1684            27.96742167,-26.15892,1684            27.96741833,-26.15893667,1683            27.96741667,-26.15895167,1683            27.967415,-26.15896667,1683            27.967415,-26.15898167,1683            27.96741333,-26.15899667,1683            27.96740833,-26.15901167,1683            27.96740167,-26.159025,1683            27.967395,-26.15904,1683            27.96738833,-26.15905333,1683            27.96738333,-26.15906667,1683            27.967375,-26.15908,1683            27.96736667,-26.15909333,1682            27.96735833,-26.15911,1682            27.96735,-26.159125,1682            27.96734167,-26.15914,1682            27.96733167,-26.159155,1682            27.96732333,-26.15916833,1682            27.96731667,-26.15918167,1682            27.96731,-26.159195,1682            27.96730333,-26.15920833,1682            27.96729333,-26.15922333,1682            27.96728667,-26.15923833,1682            27.96727833,-26.15925167,1682            27.96727,-26.15926833,1682            27.96726333,-26.15928333,1682            27.967255,-26.15929833,1682            27.96724833,-26.15931333,1682            27.967245,-26.15932833,1682            27.96723833,-26.15934333,1682            27.96723333,-26.15935833,1682            27.967225,-26.15937333,1682            27.96721667,-26.15938667,1682            27.96721,-26.1594,1682            27.9672,-26.15941333,1682            27.96719167,-26.15942667,1682            27.96718667,-26.15944,1681            27.96718333,-26.159455,1681            27.96717833,-26.15947167,1681            27.96717333,-26.159485,1681            27.96717,-26.1595,1681            27.96716667,-26.15951333,1681            27.96716333,-26.15952667,1681            27.96716,-26.15954167,1681            27.967155,-26.15955667,1681            27.96715167,-26.15957167,1680            27.96714833,-26.15958833,1680            27.96714167,-26.15960333,1680            27.96713667,-26.15962,1680            27.96713333,-26.15963333,1680            27.96712833,-26.15964833,1680            27.96712333,-26.15966,1680            27.96712,-26.15967333,1680            27.96711667,-26.15968833,1680            27.96711167,-26.159705,1680            27.96710667,-26.15972,1680            27.96710167,-26.159735,1680            27.96709833,-26.15975167,1680            27.96709333,-26.159765,1680            27.96709,-26.15978,1680            27.96708833,-26.15979333,1680            27.967085,-26.15980833,1680            27.96708167,-26.159825,1680            27.967075,-26.15984167,1680            27.96707,-26.15985833,1680            27.96706667,-26.15987667,1680            27.96706167,-26.15989167,1680            27.96705667,-26.159905,1680            27.96705333,-26.15992,1680            27.96704833,-26.15993667,1680            27.96704333,-26.159955,1680            27.96703667,-26.15997333,1680            27.96702833,-26.15999167,1680            27.96702167,-26.16000833,1680            27.967015,-26.16002667,1680            27.96701,-26.16004167,1680            27.96700667,-26.16005667,1680            27.96700333,-26.16007167,1680            27.967,-26.16008667,1680            27.966995,-26.16010167,1680            27.96699,-26.160115,1679            27.96698333,-26.16012833,1679            27.96697833,-26.16014167,1679            27.96697333,-26.16015667,1679            27.966965,-26.16017,1679            27.96696167,-26.16018333,1679            27.96695833,-26.16019667,1679            27.96695333,-26.16021167,1679            27.96694833,-26.16022333,1679            27.96694333,-26.16023667,1679            27.96694,-26.16025333,1679            27.96693333,-26.16027167,1679            27.96692667,-26.16029,1679            27.96691833,-26.160305,1679            27.96691167,-26.16032167,1679            27.966905,-26.16033667,1679            27.96690167,-26.16035333,1679            27.96689833,-26.16036667,1679            27.96689667,-26.16037833,1679            27.96689667,-26.16039333,1679            27.966895,-26.16040833,1679            27.96689167,-26.16042167,1679            27.96688833,-26.160435,1679            27.96688333,-26.16045,1679            27.96687833,-26.16046333,1679            27.96687333,-26.16047667,1678            27.96686833,-26.16049,1678            27.96686333,-26.160505,1678            27.96686,-26.16051833,1678            27.966855,-26.16053333,1678            27.96685,-26.16054833,1678            27.966845,-26.16056,1678            27.96684,-26.16057167,1678            27.96683667,-26.16058167,1678            27.96683167,-26.16059333,1678            27.96682833,-26.160605,1678            27.96682333,-26.16061667,1679            27.96681667,-26.16062833,1679            27.96680833,-26.16063667,1679            27.96680167,-26.16064667,1679            27.96679333,-26.16065667,1679            27.96678167,-26.16066833,1679            27.96677167,-26.16068167,1679            27.96676167,-26.16069167,1679            27.96675,-26.160705,1679            27.96674,-26.16071333,1679            27.96672833,-26.16072667,1679            27.96671833,-26.16074,1679            27.96670833,-26.160755,1679            27.96669667,-26.16077,1679            27.96668333,-26.160785,1679            27.96667,-26.16079833,1679            27.96665667,-26.16081,1679            27.96664333,-26.16082333,1679            27.96663167,-26.16083667,1679            27.96662,-26.16085,1679            27.96661,-26.16086167,1679            27.9666,-26.16087667,1678            27.96659167,-26.16089,1678            27.96658,-26.16090167,1678            27.96657,-26.16091333,1678            27.96655833,-26.160925,1678            27.96654833,-26.16093667,1678            27.96653667,-26.160945,1678            27.966525,-26.16095833,1678            27.96651167,-26.16096833,1678            27.96649833,-26.16097833,1678            27.96648833,-26.16098667,1678            27.966475,-26.16099333,1678            27.96646167,-26.16099833,1678            27.96645,-26.161,1678            27.966435,-26.161,1678            27.96642167,-26.16099833,1678            27.96640667,-26.160995,1678            27.966395,-26.16099,1678            27.96638667,-26.16098667,1678            27.966375,-26.16098167,1678            27.966365,-26.160975,1678            27.96635333,-26.16096667,1678            27.96634167,-26.16095833,1678            27.96633,-26.16095,1678            27.96632,-26.16094167,1678            27.96630667,-26.16093167,1678            27.966295,-26.16092167,1678            27.96628,-26.16091167,1678            27.966265,-26.16090167,1678            27.96625333,-26.16089167,1678            27.96624,-26.16088333,1678            27.96622667,-26.160875,1678            27.96621333,-26.16086667,1678            27.9662,-26.16085667,1679            27.96618667,-26.160845,1679            27.96617833,-26.16083167,1679            27.966165,-26.16082333,1679            27.96615333,-26.16081333,1679            27.96614167,-26.160805,1679            27.96613167,-26.16079333,1679            27.96612,-26.160785,1679            27.96610667,-26.16077667,1679            27.96609667,-26.16076833,1679            27.96608667,-26.16076,1679            27.966075,-26.16075167,1679            27.96606333,-26.16074333,1679            27.96605333,-26.160735,1679            27.96604333,-26.160725,1680            27.96603167,-26.160715,1680            27.96602167,-26.16070667,1680            27.96601,-26.16069833,1680            27.966,-26.16069,1680            27.96599,-26.16068167,1680            27.96598,-26.16067333,1680            27.96597,-26.16066667,1680            27.96596,-26.16065667,1680            27.96595,-26.160645,1680            27.96594,-26.16063333,1680            27.96593,-26.16062333,1680            27.96592,-26.16061167,1681            27.96590833,-26.1606,1681            27.96589667,-26.16059167,1681            27.965885,-26.16058167,1681            27.96587333,-26.16057333,1681            27.96586333,-26.160565,1681            27.96585167,-26.160555,1681            27.96584167,-26.16054833,1681            27.96583167,-26.16054,1681            27.96582167,-26.16053,1681            27.96581167,-26.16052167,1682            27.965805,-26.16051333,1682            27.96579667,-26.16050667,1682            27.96578833,-26.16049667,1682            27.96578,-26.16049,1682            27.96577167,-26.16048167,1682            27.96576333,-26.160475,1682            27.96575333,-26.160465,1682            27.96574333,-26.160455,1682            27.96573167,-26.16044333,1682            27.96572167,-26.16043333,1683            27.96571333,-26.16042333,1683            27.965705,-26.16041167,1683            27.96569833,-26.16039833,1683            27.965695,-26.16038667,1683            27.96569167,-26.16037333,1683            27.96569333,-26.16036,1683            27.9657,-26.16034667,1683            27.96570833,-26.160335,1683            27.965715,-26.160325,1683            27.965725,-26.160315,1683            27.96573833,-26.16030833,1683            27.96574833,-26.16030167,1683            27.96576,-26.16029333,1683            27.96577,-26.160285,1683            27.96578,-26.160275,1683            27.96579333,-26.16026667,1683            27.965805,-26.16025833,1683            27.965815,-26.16025167,1683            27.965825,-26.16024333,1684            27.96583833,-26.160235,1684            27.96584833,-26.160225,1684            27.96585833,-26.16021333,1684            27.96587,-26.16020167,1684            27.96588,-26.16018833,1684            27.96589167,-26.16017833,1684            27.96590167,-26.160165,1684            27.96591,-26.160155,1684            27.96592,-26.16014167,1684            27.96592833,-26.16013167,1684            27.96593833,-26.16012167,1684            27.965945,-26.16011167,1684            27.965955,-26.1601,1684            27.96596833,-26.16008833,1684            27.96598167,-26.16007333,1684            27.96599333,-26.16006,1684            27.96600167,-26.16004833,1684            27.96601,-26.16003333,1684            27.96601667,-26.16002167,1684            27.966025,-26.16001167,1685            27.96603,-26.16,1685            27.96603667,-26.15999,1685            27.96604167,-26.15997833,1685            27.96604667,-26.159965,1685            27.96605,-26.15995167,1685            27.966055,-26.159935,1685            27.96605667,-26.15992167,1685            27.96605667,-26.15990333,1685            27.96605833,-26.15988667,1685            27.96605667,-26.15987167,1685            27.96605667,-26.15985667,1685            27.966055,-26.15984167,1685            27.96605167,-26.15983,1685            27.96605,-26.15981833,1685            27.96604833,-26.15980833,1685            27.966045,-26.15979833,1686            27.96603833,-26.159785,1686            27.96603667,-26.15977167,1686            27.96603333,-26.15975833,1686            27.96602667,-26.159745,1686            27.96602,-26.15973333,1686            27.96601333,-26.15972333,1686            27.966005,-26.15971167,1686            27.966,-26.15970333,1686            27.96599167,-26.15969167,1686            27.96598333,-26.15968,1686            27.96597333,-26.15966667,1687            27.965965,-26.159655,1687            27.96595667,-26.15964333,1687            27.96595,-26.15963167,1687            27.96594333,-26.15962,1687            27.965935,-26.15960667,1687            27.965925,-26.15959333,1688            27.96591667,-26.15958,1688            27.96591,-26.15957,1688            27.965905,-26.15956,1688            27.9659,-26.15955,1688            27.96589167,-26.15953833,1688            27.96588333,-26.159525,1688            27.96587833,-26.15951167,1688            27.96587333,-26.1595,1689            27.96587167,-26.15949,1689            27.96586667,-26.15947833,1689            27.96586167,-26.15946667,1689            27.96585667,-26.159455,1690            27.96585,-26.15944333,1690            27.96584667,-26.15943333,1690            27.96584333,-26.15942167,1690            27.96584167,-26.15941,1690            27.96583833,-26.15939833,1690            27.96583333,-26.15938667,1691            27.96583,-26.15937333,1691            27.965825,-26.15936,1691            27.96582167,-26.15934667,1692            27.96581667,-26.15933333,1692            27.96581333,-26.15932,1692            27.96580833,-26.15930667,1692            27.96580333,-26.15929333,1692            27.96579833,-26.15928,1693            27.96579667,-26.15926667,1693            27.96579333,-26.15925333,1693            27.96579,-26.15924,1693            27.96578833,-26.159225,1693            27.96578667,-26.15921167,1693            27.96578333,-26.15920167,1694            27.96578333,-26.15919,1694            27.96578333,-26.15917667,1694            27.965785,-26.15916333,1694            27.96578667,-26.15915,1694            27.96578833,-26.159135,1694            27.96578667,-26.15912,1694            27.96578667,-26.159105,1694            27.96578667,-26.15909167,1694            27.965785,-26.15907667,1694            27.96578167,-26.15906167,1694            27.96578,-26.15904833,1694            27.96577833,-26.159035,1694            27.965775,-26.15902333,1694            27.96577333,-26.15901,1694            27.96577167,-26.158995,1694            27.96577,-26.15898167,1694            27.96577,-26.15896833,1694            27.96577,-26.158955,1695            27.96577,-26.15894333,1695            27.96576833,-26.15893167,1695            27.96576667,-26.15892,1695            27.96576667,-26.15890667,1695            27.96576833,-26.15889333,1695            27.96577,-26.15887833,1695            27.96576833,-26.15886667,1695            27.96576667,-26.158855,1695            27.965765,-26.15884333,1695            27.96576333,-26.15883,1695            27.96576333,-26.15881667,1695            27.96576333,-26.1588,1696            27.96576167,-26.15878667,1696            27.96576167,-26.15877333,1696            27.96576333,-26.15875833,1696            27.96576333,-26.15874167,1696            27.965765,-26.15872667,1696            27.965765,-26.15871333,1696            27.96576667,-26.15869833,1696            27.96576833,-26.15868333,1696            27.96576833,-26.15867167,1696            27.96576833,-26.15865833,1696            27.96576833,-26.15864667,1696            27.96576667,-26.15863167,1696            27.96576667,-26.15861833,1696            27.96576833,-26.158605,1696            27.96576667,-26.15859167,1696            27.96576667,-26.15857667,1697            27.96576667,-26.15856167,1697            27.965765,-26.15854833,1697            27.965765,-26.15853333,1697            27.965765,-26.15852,1697            27.965765,-26.15850833,1697            27.965765,-26.15849667,1697            27.96576667,-26.15848333,1697            27.96577,-26.15846667,1697            27.96577167,-26.15845333,1697            27.965775,-26.15844,1697            27.96577667,-26.15842667,1697            27.96577667,-26.15841333,1697            27.96577667,-26.1584,1697            27.965775,-26.15838833,1697            27.96577333,-26.15838,1697            27.96577333,-26.15836833,1697            27.965775,-26.15835667,1697            27.96577667,-26.15834333,1697            27.965775,-26.15833,1697            27.96577333,-26.15831667,1697            27.96577333,-26.15830333,1697            27.96577333,-26.15828667,1697            27.96577333,-26.15827167,1697            27.96577167,-26.15825833,1697            27.96577,-26.158245,1698            27.96577167,-26.15823,1698            27.96577,-26.15821667,1698            27.96577,-26.158205,1698            27.96576833,-26.15819333,1698            27.96576833,-26.15818167,1698            27.96577,-26.15817,1698            27.96577,-26.15815833,1698            27.96577167,-26.15814333,1698            27.96577333,-26.15812833,1698            27.96577333,-26.158115,1698            27.96577333,-26.15810167,1699            27.965775,-26.15809,1699            27.96577667,-26.15807667,1699            27.96577833,-26.15806333,1699            27.96578,-26.15805,1699            27.96578167,-26.15803833,1699            27.96578333,-26.15802333,1699            27.965785,-26.15800833,1700            27.96578333,-26.157995,1700            27.96578,-26.15798,1700            27.965775,-26.157965,1700            27.96577167,-26.15794833,1700            27.96576833,-26.157935,1701            27.965765,-26.157925,1701            27.96576167,-26.15791333,1701            27.96575833,-26.15790333,1701            27.965755,-26.15789333,1701            27.96575333,-26.15788,1701            27.96575,-26.15786833,1701            27.96574667,-26.15785667,1701            27.96574667,-26.15784333,1701            27.96574833,-26.15783,1702            27.96574833,-26.15781667,1702            27.96574667,-26.157805,1702            27.96574833,-26.15779,1702            27.96575,-26.15777833,1702            27.96575167,-26.157765,1702            27.965755,-26.15775167,1702            27.96575667,-26.15773667,1702            27.96575833,-26.15772333,1702            27.96576,-26.15770833,1702            27.96576167,-26.157695,1702            27.96576167,-26.15768167,1702            27.96576333,-26.15766833,1702            27.965765,-26.15765667,1702            27.96576833,-26.157645,1702            27.96577167,-26.157635,1702            27.96577667,-26.15762333,1702            27.96578167,-26.15761333,1702            27.96578667,-26.1576,1702            27.96579333,-26.15759,1702            27.9658,-26.15757667,1702            27.96580833,-26.15756333,1702            27.96581333,-26.15755167,1702            27.96582,-26.15754,1702            27.96582667,-26.15752833,1702            27.965835,-26.15751667,1702            27.96584333,-26.157505,1702            27.96585167,-26.15749333,1702            27.96586,-26.15748,1703            27.96586833,-26.15747,1703            27.96587333,-26.15745833,1703            27.96587833,-26.15744667,1703            27.96588333,-26.15743667,1703            27.96589,-26.15742833,1703            27.965895,-26.15741667,1703            27.96590167,-26.157405,1703            27.96590833,-26.15739167,1703            27.965915,-26.15738,1703            27.96592167,-26.15736667,1704            27.96592833,-26.15735333,1704            27.965935,-26.15734333,1704            27.96594333,-26.15733333,1704            27.96595,-26.15732167,1704            27.96595833,-26.15730833,1704            27.96596333,-26.157295,1704            27.96597,-26.15728,1704            27.96597667,-26.157265,1704            27.96598,-26.15725,1704            27.96598333,-26.157235,1704            27.96599,-26.15722,1704            27.965995,-26.15720833,1704            27.966,-26.15719667,1704            27.96600167,-26.15718333,1704            27.96600333,-26.15716833,1704            27.96600667,-26.15715333,1704            27.96600833,-26.15713833,1704            27.96601,-26.15712167,1704            27.96601167,-26.15710333,1704            27.96600833,-26.15708667,1704            27.96601,-26.15706833,1704            27.96601,-26.15705167,1705            27.96601167,-26.15703333,1705            27.96601167,-26.15701667,1705            27.96601,-26.15699833,1705            27.96600833,-26.15698167,1705            27.96600833,-26.15696833,1705            27.96600833,-26.156955,1705            27.96600667,-26.15694,1705            27.96600333,-26.15692667,1705            27.966,-26.15691333,1705            27.966,-26.15690167,1705            27.966,-26.15688667,1705            27.966,-26.15687167,1706            27.966,-26.15685833,1706            27.96599667,-26.156845,1706            27.96599167,-26.15683667,1706            27.96598667,-26.15683,1706            27.96597833,-26.15682167,1706            27.96597167,-26.15681167,1706            27.96596667,-26.15680167,1706            27.96596167,-26.15679,1706            27.96595667,-26.15678,1707            27.96595167,-26.15676833,1707            27.96594667,-26.15675333,1707            27.96594,-26.15674,1707            27.96593333,-26.15672667,1707            27.96592667,-26.15671333,1707            27.96592167,-26.1567,1707            27.96591667,-26.15668833,1707            27.96591,-26.15667833,1707            27.96590333,-26.156665,1708            27.96589833,-26.15665,1708            27.96589333,-26.156635,1708            27.96588833,-26.15662333,1708            27.96588167,-26.15661167,1708            27.96587667,-26.15659833,1708            27.96586833,-26.15658667,1708            27.96586,-26.15657667,1708            27.965855,-26.15656167,1708            27.96585,-26.156545,1709            27.96584833,-26.15653167,1709            27.96584,-26.15651833,1709            27.965835,-26.15650833,1709            27.96582833,-26.15649667,1709            27.96582167,-26.15648667,1709            27.965815,-26.15647667,1709            27.96580833,-26.156465,1709            27.96580167,-26.15645,1709            27.965795,-26.15643833,1709            27.96579,-26.156425,1709            27.96578833,-26.15641167,1709            27.96578667,-26.1564,1709            27.96578667,-26.15638833,1709            27.965785,-26.15637833,1709            27.96578333,-26.15636667,1709            27.96578,-26.156355,1709            27.96577833,-26.156345,1709            27.96577667,-26.156335,1709            27.96577667,-26.15632333,1709            27.96577833,-26.15631,1709            27.96577833,-26.1563,1709            27.96577833,-26.15629,1709            27.96577833,-26.15628,1709            27.96577833,-26.15627,1709            27.96577833,-26.15626167,1709            27.96577833,-26.15625167,1709            27.96577833,-26.15624,1709            27.96577833,-26.15622833,1709            27.96578,-26.156215,1709            27.96578,-26.156205,1709            27.96577833,-26.15619333,1709            27.96578,-26.15617833,1709            27.96578167,-26.15616667,1709            27.965785,-26.156155,1709            27.96579,-26.156145,1709            27.96579667,-26.15613333,1708            27.9658,-26.15612167,1708            27.96580333,-26.15610833,1708            27.96580667,-26.156095,1708            27.96581,-26.15608,1708            27.96581333,-26.15607,1708            27.96581667,-26.15605833,1708            27.96582167,-26.15604667,1707            27.96582667,-26.15603667,1707            27.96583167,-26.156025,1707            27.965835,-26.15601333,1707            27.96584,-26.15600167,1707            27.965845,-26.15599167,1707            27.96585167,-26.15598167,1706            27.96585667,-26.15596833,1706            27.96586167,-26.15595667,1706            27.96586667,-26.15594833,1706            27.96587167,-26.15594,1705            27.96587667,-26.15592833,1705            27.96588167,-26.15591667,1705            27.96588833,-26.155905,1705            27.965895,-26.15589333,1704            27.9659,-26.15588167,1704            27.965905,-26.15586833,1704            27.96591,-26.15585333,1704            27.965915,-26.15583833,1703            27.96592,-26.15582167,1703            27.965925,-26.15580667,1703            27.96593167,-26.155795,1703            27.96593667,-26.15578333,1702            27.96594167,-26.15577,1702            27.96594667,-26.15575833,1702            27.96595167,-26.15574667,1702            27.96595667,-26.15573333,1702            27.96596167,-26.15572,1702            27.96596667,-26.15570667,1702            27.96597167,-26.15569333,1701            27.96597833,-26.15568,1701            27.96598333,-26.15566667,1701            27.96598833,-26.155655,1701            27.96599333,-26.15564167,1701            27.96599667,-26.15562833,1700            27.96600167,-26.155615,1700            27.96601,-26.1556,1700            27.96601667,-26.15558833,1700            27.96602333,-26.155575,1700            27.96603,-26.15556333,1700            27.96603667,-26.15555167,1700            27.96604333,-26.15554,1700            27.96605,-26.15553,1700            27.966055,-26.15551833,1699            27.96606333,-26.15550333,1699            27.96606667,-26.15548667,1699            27.96607333,-26.15547333,1699            27.96608,-26.15546167,1699            27.966085,-26.15545,1699            27.96608833,-26.15543833,1699            27.96609167,-26.15542667,1699            27.96609333,-26.15541667,1699            27.96609333,-26.155405,1699            27.96609333,-26.15539667,1699            27.96609333,-26.15538667,1699            27.96609333,-26.15537167,1699            27.96609833,-26.15536,1699            27.96610333,-26.155345,1699            27.96610833,-26.15532667,1699            27.96611167,-26.15530667,1699            27.966115,-26.15529167,1699            27.96611667,-26.15527833,1699            27.96611833,-26.155265,1699            27.96612167,-26.15525167,1699            27.966125,-26.15524167,1699            27.96613,-26.15523333,1699            27.96613667,-26.155225,1699            27.96614167,-26.15521333,1699            27.96614333,-26.15520333,1699            27.96615,-26.15519667,1699            27.96615667,-26.155185,1699            27.96616333,-26.15517667,1699            27.966175,-26.15516667,1699            27.96619,-26.15515833,1699            27.96620167,-26.15514833,1699            27.96621333,-26.15514,1699            27.966225,-26.15513333,1699            27.96623667,-26.15512667,1699            27.96625,-26.15512,1699            27.96626333,-26.15511333,1699            27.96627667,-26.15510667,1698            27.96629,-26.1551,1698            27.96630667,-26.155095,1698            27.96632,-26.15508833,1698            27.96633167,-26.15508,1698            27.96634667,-26.15506833,1697            27.96636,-26.15505833,1697            27.96637167,-26.155045,1697            27.96638333,-26.15503167,1696            27.96639333,-26.15501833,1696            27.96640333,-26.155005,1696            27.96641167,-26.15499167,1696            27.96641667,-26.15497833,1696            27.96642,-26.154965,1696            27.96642333,-26.15495333,1696            27.96642833,-26.15494,1696            27.96643833,-26.154925,1696            27.96644667,-26.15491,1696            27.96645667,-26.154895,1696            27.96646667,-26.154875,1695            27.966475,-26.15485833,1695            27.96648,-26.15484,1695            27.96648833,-26.15482333,1695            27.96650167,-26.15480667,1695            27.96651333,-26.15479333,1695            27.96652333,-26.15477667,1695            27.96653333,-26.15476,1695            27.96654333,-26.15474667,1695            27.96655333,-26.15473167,1694            27.96656333,-26.15471333,1694            27.96657333,-26.15469667,1694            27.96658167,-26.15468,1694            27.96659,-26.15466,1694            27.96660333,-26.15464333,1694            27.96661333,-26.15462833,1694            27.96662167,-26.15461667,1694            27.96663,-26.154605,1695            27.96664,-26.154595,1695            27.96665,-26.154585,1695            27.96666167,-26.15457167,1695            27.96667167,-26.15456167,1695            27.96668167,-26.15455167,1695            27.96669167,-26.15453833,1695            27.9667,-26.15452167,1695            27.96670667,-26.15450667,1695            27.96671333,-26.15449333,1695            27.96671833,-26.15447833,1695            27.96672333,-26.154465,1695            27.96673,-26.15445,1695            27.96673333,-26.15443667,1695            27.96673833,-26.15442333,1695            27.96674333,-26.15441167,1695            27.96675,-26.15439833,1695            27.96675667,-26.154385,1695            27.96676333,-26.15437,1695            27.96677167,-26.15435667,1695            27.96677833,-26.154345,1695            27.966785,-26.15433167,1695            27.96679167,-26.15431667,1695            27.96679833,-26.1543,1695            27.966805,-26.15428667,1695            27.96681167,-26.15427333,1695            27.96681833,-26.15426,1695            27.966825,-26.15424667,1696            27.96683167,-26.15423167,1696            27.96683667,-26.15421667,1696            27.966845,-26.15420333,1696            27.96685167,-26.15419,1696            27.96686167,-26.15417833,1696            27.96686833,-26.154165,1696            27.96687833,-26.15415167,1696            27.966885,-26.15413833,1696            27.96689167,-26.15412333,1696            27.96689833,-26.15410833,1696            27.96690333,-26.15409667,1696            27.96690667,-26.15408167,1696            27.96691167,-26.15406667,1696            27.96691833,-26.15405333,1696            27.96692833,-26.15403833,1696            27.96694,-26.15402667,1696            27.96695,-26.154015,1696            27.96696167,-26.154005,1696            27.96697,-26.15399667,1696            27.96698,-26.15399167,1696            27.96699,-26.15398667,1696            27.96700333,-26.15398,1696            27.96701667,-26.15397667,1696            27.96703167,-26.15397167,1696            27.96704667,-26.15396667,1696            27.96706167,-26.15396,1696            27.96707167,-26.15395,1696            27.96708,-26.15394167,1696            27.96708833,-26.15393,1696            27.96709333,-26.15391667,1696            27.967095,-26.153905,1696            27.967095,-26.15389167,1696            27.96709167,-26.15387833,1695            27.96709,-26.153865,1695            27.967085,-26.15384833,1695            27.967085,-26.15383167,1695            27.96708667,-26.15381667,1695            27.96709,-26.15380333,1695            27.9671,-26.15379167,1695            27.96711167,-26.15378,1695            27.96712333,-26.15377167,1695            27.96713333,-26.153765,1695            27.96714333,-26.15376167,1695            27.96715333,-26.15375833,1695            27.967165,-26.15375833,1695            27.96717667,-26.15376167,1695            27.96719167,-26.15376667,1695            27.96720667,-26.15377333,1694            27.96722167,-26.15378167,1694            27.96723333,-26.15379167,1694            27.967245,-26.1538,1694            27.96725667,-26.15381167,1694            27.96726833,-26.15382,1694            27.96728167,-26.15383,1694            27.96729667,-26.15384167,1694            27.96731,-26.15385167,1694            27.96732333,-26.15386333,1694            27.96733833,-26.15387333,1694            27.967355,-26.15388333,1693            27.96737,-26.15389167,1693            27.96738667,-26.1539,1693            27.96739,-26.15390167,1693            27.96739667,-26.15390167,1693            27.96740667,-26.153905,1693            27.96741833,-26.15391,1693            27.96743167,-26.15391833,1693            27.96744333,-26.15392667,1693            27.96745833,-26.15393833,1693            27.96747333,-26.15394833,1692            27.96748833,-26.15396,1692            27.96750333,-26.15397167,1692            27.96751833,-26.15398333,1692            27.96753333,-26.153995,1692            27.96754667,-26.15400833,1692            27.96756,-26.15402,1692            27.96757333,-26.15403167,1692            27.96758333,-26.15404333,1692            27.96759667,-26.154055,1692            27.96760667,-26.15406833,1691            27.96762,-26.15408167,1691            27.96763,-26.154095,1691            27.96764,-26.15410667,1692            27.96765167,-26.15411833,1692            27.96766333,-26.15412833,1692            27.96767333,-26.15413833,1691            27.96768667,-26.15415167,1691            27.96769833,-26.15416333,1691            27.96771167,-26.154175,1691            27.967725,-26.15418667,1691            27.96773667,-26.15419833,1691            27.96774833,-26.15421,1691            27.96776167,-26.15422,1691            27.967775,-26.15423167,1691            27.96778833,-26.15424333,1691            27.9678,-26.15425667,1691            27.96781167,-26.15426833,1690            27.96782167,-26.15428167,1690            27.96783167,-26.154295,1690            27.96784333,-26.15430667,1690            27.96785333,-26.15432,1690            27.967865,-26.15433333,1690            27.96787667,-26.15434667,1690            27.96788833,-26.15436,1690            27.96789667,-26.15437,1690            27.967905,-26.15438167,1690            27.967915,-26.15439167,1690            27.96792333,-26.154405,1690            27.96793667,-26.15441833,1690            27.96795,-26.15443,1690            27.96796333,-26.15444167,1690            27.96797667,-26.15445167,1690            27.96798833,-26.15445833,1690            27.96800167,-26.15446667,1690            27.968015,-26.15447167,1690            27.96802833,-26.15447667,1690            27.96804167,-26.15448,1690            27.968055,-26.15448333,1690            27.96806667,-26.15448667,1690            27.96808,-26.15449333,1690            27.968095,-26.15450167,1690            27.96810833,-26.15451,1690            27.96812167,-26.15451667,1690            27.968135,-26.15452333,1690            27.96814833,-26.15452833,1690            27.96816167,-26.15453167,1690            27.968175,-26.154535,1690            27.96819167,-26.15453833,1690            27.96821,-26.15454333,1690            27.968225,-26.15454667,1689            27.96823333,-26.15454833,1689            27.96824667,-26.15455167,1689            27.96825833,-26.154555,1689            27.96827333,-26.15456167,1689            27.96828667,-26.15456833,1688            27.9683,-26.154575,1688            27.96831167,-26.15458167,1688            27.96832333,-26.15459,1688            27.968335,-26.15459833,1688            27.96834833,-26.15461167,1688            27.96836167,-26.15462333,1687            27.968375,-26.15463833,1687            27.96839,-26.15465167,1687            27.968405,-26.154665,1687            27.96842,-26.15467667,1687            27.96843333,-26.15468833,1687            27.96844667,-26.15469833,1687            27.96845833,-26.15470667,1687            27.96847167,-26.15471833,1687            27.96848333,-26.15472833,1687            27.96849667,-26.15473667,1687            27.96851167,-26.154745,1687            27.968525,-26.15475167,1687            27.96854,-26.15475833,1687            27.96855167,-26.154765,1687            27.968565,-26.15477,1687            27.96857667,-26.15477667,1687            27.96859167,-26.15478333,1687            27.968605,-26.15479,1687            27.96862,-26.154795,1687            27.96863167,-26.15479833,1687            27.968645,-26.15480167,1686            27.96866,-26.154805,1686            27.968675,-26.15480833,1686            27.96869167,-26.15481167,1686            27.96870833,-26.154815,1686            27.96872833,-26.15481833,1685            27.968745,-26.15482167,1685            27.968765,-26.154825,1685            27.96878333,-26.15483,1685            27.96880333,-26.154835,1685            27.96882333,-26.15484167,1685            27.96884,-26.15484833,1685            27.968855,-26.154855,1685            27.96886833,-26.15486167,1685            27.968885,-26.15486667,1685            27.96890167,-26.15487667,1685            27.96891833,-26.154885,1685            27.96893333,-26.15489333,1685            27.96895167,-26.15490333,1684            27.96896667,-26.15491333,1684            27.96898,-26.15492167,1684            27.96899167,-26.15492833,1684            27.969005,-26.154935,1684            27.969015,-26.15494,1684            27.96903,-26.15494833,1684            27.96904667,-26.15495667,1684            27.969065,-26.15496333,1684            27.96908333,-26.15497167,1684            27.9691,-26.15497833,1684            27.96911667,-26.15498667,1684            27.96913333,-26.154995,1684            27.96915167,-26.155,1684            27.96916667,-26.15500333,1684            27.96918,-26.155005,1684            27.969195,-26.15500833,1684            27.96921167,-26.15501167,1684            27.96922833,-26.15501333,1684            27.96924667,-26.15501667,1684            27.96926333,-26.15502,1684            27.96928167,-26.15502333,1684            27.96929833,-26.155025,1684            27.96931833,-26.15502833,1684            27.96933833,-26.15503,1684            27.96935667,-26.15503,1684            27.969375,-26.15502833,1684            27.969395,-26.15502833,1684            27.969415,-26.15503167,1684            27.969435,-26.15503333,1684            27.96945333,-26.15503333,1684            27.96947167,-26.15503667,1684            27.96948833,-26.15503667,1684            27.96950667,-26.15503833,1684            27.969525,-26.15504,1684            27.96954333,-26.15504,1684            27.96956167,-26.15504,1684            27.96958,-26.15504167,1684            27.96959833,-26.15504333,1684            27.969615,-26.15504333,1684            27.96963167,-26.15504333,1683            27.96964667,-26.15504333,1683            27.96966333,-26.155045,1683            27.96967833,-26.155045,1683            27.96969167,-26.155045,1683            27.96970667,-26.155045,1683            27.96972,-26.15504833,1683            27.96973833,-26.15504833,1683            27.96975333,-26.15505,1684            27.96977,-26.15505,1684            27.96978333,-26.15504667,1683            27.96979833,-26.155045,1683            27.96981167,-26.15504333,1683            27.96982333,-26.15504,1683            27.969835,-26.155035,1683            27.96984667,-26.15503,1683            27.96986,-26.15502333,1683            27.969875,-26.15501833,1683            27.96989333,-26.15501167,1683            27.96991,-26.155005,1683            27.96992667,-26.15499833,1683            27.96994167,-26.15499167,1683            27.96995667,-26.154985,1682            27.96997,-26.15497833,1682            27.969985,-26.15496833,1682            27.97000167,-26.15495833,1682            27.97001667,-26.15495,1682            27.97003333,-26.15494,1682            27.97005,-26.15493,1682            27.97006667,-26.15492167,1682            27.97008333,-26.15491333,1681            27.97009833,-26.15490667,1681            27.97011333,-26.1549,1681            27.97012667,-26.154895,1681            27.97013833,-26.15489,1681            27.970155,-26.154885,1681            27.97017,-26.15488,1680            27.970185,-26.154875,1680            27.97019833,-26.15487,1680            27.97021333,-26.154865,1680            27.97022667,-26.15486167,1680            27.97024333,-26.15486,1680            27.97026,-26.15485833,1680            27.97027667,-26.15486,1680            27.97029167,-26.154865,1680            27.970305,-26.15487167,1680            27.97031833,-26.15488,1680            27.97033,-26.15489,1680            27.97034,-26.1549,1680            27.97035,-26.15491167,1680            27.97035667,-26.15492667,1680            27.97036167,-26.15494,1679            27.970365,-26.15495333,1679            27.97036667,-26.15496667,1679            27.970365,-26.15497833,1679            27.97036667,-26.15499,1679            27.97036667,-26.15500167,1678            27.970365,-26.15501333,1678            27.970365,-26.15502333,1678            27.97036333,-26.155035,1678            27.97036167,-26.15504333,1677            27.97036167,-26.155055,1677            27.97036333,-26.155065,1677            27.97036333,-26.155075,1677            27.97036333,-26.15508667,1676            27.970365,-26.1551,1676            27.970365,-26.15511167,1676            27.97036333,-26.155125,1676            27.97036167,-26.15513833,1676            27.97035833,-26.15515,1675            27.970355,-26.15516333,1675            27.97035333,-26.15517667,1675            27.97035,-26.15519,1675            27.970345,-26.15520167,1675            27.97033833,-26.15521333,1674            27.97033333,-26.155225,1674            27.97032833,-26.15523833,1674            27.97032167,-26.15525167,1674            27.970315,-26.15526333,1673            27.97030833,-26.15527667,1673            27.9703,-26.15528667,1673            27.97029,-26.15529667,1673            27.97028333,-26.15531,1672            27.970275,-26.15532333,1672            27.97026833,-26.155335,1672            27.97025833,-26.15534667,1672            27.97024833,-26.15535833,1672            27.97024,-26.15536667,1672            27.97023167,-26.155375,1672            27.97022333,-26.15538167,1672            27.970215,-26.15539,1672            27.970205,-26.1554,1672            27.97019667,-26.15540833,1672            27.97019,-26.15542,1671            27.97018,-26.15543,1671            27.97017333,-26.15544,1671            27.970165,-26.15545,1671            27.97015833,-26.15546,1671            27.970155,-26.15547,1671            27.97015167,-26.15548,1671            27.97014667,-26.15549333,1671            27.97013833,-26.15550833,1671            27.97013167,-26.15552167,1671            27.97012833,-26.155535,1671            27.97012333,-26.15554667,1672            27.97011833,-26.15555833,1672            27.97011333,-26.15557,1672            27.97011,-26.155585,1672            27.97010833,-26.1556,1672            27.970105,-26.155615,1671            27.97010167,-26.15563167,1671            27.97009833,-26.15564667,1671            27.97009667,-26.155665,1671            27.970095,-26.15568333,1672            27.97009167,-26.1557,1672            27.97008833,-26.155715,1672            27.97008667,-26.15572667,1672            27.97008333,-26.15573833,1672            27.97008,-26.15575333,1672            27.970075,-26.15576833,1673            27.97006667,-26.15578,1673            27.97005833,-26.15579167,1673            27.97005,-26.155805,1673            27.97004167,-26.15582,1673            27.97003,-26.15583333,1673            27.97002,-26.155845,1673            27.97000833,-26.15585833,1673            27.96999667,-26.15586833,1673            27.96998833,-26.15588,1673            27.96998167,-26.15589,1673            27.96997667,-26.1559,1673            27.96996833,-26.15591333,1673            27.96995833,-26.15592667,1673            27.96995,-26.15594,1673            27.96994333,-26.15595333,1673            27.969935,-26.15596833,1673            27.96992833,-26.15598333,1673            27.96992167,-26.15599833,1673            27.969915,-26.15601333,1673            27.96990833,-26.15602667,1673            27.96990333,-26.15604167,1673            27.96989667,-26.15605667,1673            27.96989,-26.15607167,1673            27.969885,-26.156085,1673            27.96987833,-26.1561,1673            27.96987167,-26.156115,1672            27.96986667,-26.15612833,1672            27.96985833,-26.15614333,1672            27.96985,-26.15615667,1672            27.96984333,-26.15617167,1672            27.96983667,-26.156185,1672            27.96983167,-26.15619833,1672            27.969825,-26.15621167,1672            27.96981667,-26.15622667,1672            27.96981,-26.15624,1672            27.969805,-26.156255,1672            27.96979667,-26.15627,1673            27.96979,-26.15628333,1673            27.969785,-26.15629667,1673            27.96977833,-26.15630833,1673            27.96977,-26.15632167,1673            27.96976333,-26.156335,1673            27.96975667,-26.15634833,1673            27.96974833,-26.15636167,1673            27.96974333,-26.15637333,1673            27.96973667,-26.15638667,1673            27.96972833,-26.1564,1673            27.96972167,-26.15641167,1673            27.96971667,-26.15642333,1673            27.96971,-26.15643667,1673            27.96970333,-26.15645,1673            27.96969667,-26.15646167,1673            27.96969167,-26.156475,1673            27.96968667,-26.15649167,1673            27.96968167,-26.156505,1673            27.969675,-26.15652,1673            27.96967,-26.156535,1673            27.969665,-26.15655167,1673            27.96965833,-26.15656667,1673            27.96965,-26.15658333,1673            27.96964333,-26.15659667,1673            27.96963667,-26.15661,1673            27.96962833,-26.156625,1673            27.96962,-26.15664,1673            27.96961333,-26.15665333,1674            27.96960833,-26.156665,1674            27.96960167,-26.15667667,1674            27.969595,-26.15668833,1674            27.96958667,-26.1567,1674            27.96958,-26.15671167,1674            27.96957333,-26.15672333,1674            27.969565,-26.156735,1674            27.96956,-26.15674667,1674            27.96955167,-26.15675833,1674            27.96954667,-26.15677,1674            27.96953833,-26.156785,1674            27.96953,-26.15679667,1674            27.969525,-26.15681,1674            27.96951667,-26.15682167,1674            27.96951,-26.15683167,1675            27.96950667,-26.15684333,1675            27.96949833,-26.156855,1675            27.96949167,-26.15686667,1675            27.969485,-26.15688167,1675            27.96947667,-26.156895,1675            27.96947,-26.15690833,1675            27.96946333,-26.15692167,1675            27.96945667,-26.156935,1675            27.96944833,-26.15695,1675            27.96944167,-26.156965,1675            27.96943667,-26.15698167,1675            27.96943,-26.156995,1675            27.969425,-26.15701167,1675            27.96942167,-26.15702833,1675            27.96942,-26.15704333,1675            27.96942167,-26.15706,1675            27.96942667,-26.157075,1675            27.96943167,-26.157085,1675            27.96943667,-26.157095,1675            27.96944167,-26.15710833,1674            27.96945,-26.15712333,1674            27.96945667,-26.157135,1675            27.969465,-26.15714667,1675            27.96947333,-26.15715833,1675            27.96948333,-26.15717167,1675            27.96949333,-26.15718333,1675            27.969505,-26.15719667,1675            27.96951667,-26.15720833,1675            27.96953,-26.15722,1675            27.96954333,-26.15723167,1675            27.96955667,-26.15724167,1675            27.96956833,-26.15725167,1675            27.96958,-26.15726,1675            27.96959167,-26.15727,1674            27.96960333,-26.15728167,1674            27.96961667,-26.15729167,1674            27.96963,-26.15730167,1674            27.96964167,-26.15731333,1674            27.969655,-26.15732333,1674            27.96966667,-26.15733167,1674            27.96967667,-26.15734167,1674            27.96968667,-26.15735,1674            27.9697,-26.15736,1674            27.96971167,-26.15737,1674            27.969725,-26.15738,1674            27.96973667,-26.15738833,1674            27.96975333,-26.1574,1674            27.96976833,-26.15741167,1674            27.969785,-26.15742167,1674            27.9698,-26.15743333,1674            27.96981667,-26.157445,1674            27.96983167,-26.157455,1674            27.969845,-26.15746333,1674            27.96985833,-26.15747167,1674            27.96987167,-26.15748167,1674            27.96988667,-26.15749333,1674            27.96990333,-26.15750333,1674            27.96991833,-26.15751333,1674            27.96993333,-26.15752333,1674            27.96994667,-26.15753,1674            27.96996,-26.15753667,1674            27.969975,-26.15754333,1673            27.96998833,-26.15755167,1673            27.97000167,-26.15756,1673            27.97001667,-26.15756667,1673            27.97003167,-26.157575,1673            27.97004833,-26.157585,1673            27.970065,-26.15759667,1673            27.97007833,-26.157605,1673            27.97009167,-26.15761333,1672            27.970105,-26.15762333,1672            27.97011667,-26.15763167,1672            27.97013167,-26.15763833,1672            27.970145,-26.157645,1672            27.97016,-26.15765333,1672            27.970175,-26.157665,1672            27.97019333,-26.157675,1672            27.97020667,-26.15768333,1671            27.97021833,-26.15769167,1671            27.97023167,-26.1577,1671            27.970245,-26.15770833,1671            27.97025833,-26.15772167,1671            27.97027167,-26.15773167,1671            27.97028333,-26.15774167,1671            27.97029333,-26.15774833,1671            27.97030667,-26.15775667,1671            27.97031833,-26.15776667,1671            27.97033167,-26.15777667,1671            27.97034333,-26.157785,1671            27.97035333,-26.157795,1671            27.970365,-26.157805,1670            27.97037667,-26.15781833,1670            27.97038667,-26.15783,1670            27.97040167,-26.15784,1670            27.970415,-26.15785167,1670            27.97042833,-26.15786167,1670            27.97044167,-26.15787167,1670            27.970455,-26.15788,1670            27.97046667,-26.15788833,1670            27.97048167,-26.15789667,1670            27.970495,-26.157905,1670            27.97050833,-26.157915,1669            27.97052167,-26.157925,1669            27.97053167,-26.15793167,1669            27.97054333,-26.15793833,1669            27.97055667,-26.15794667,1669            27.97056833,-26.157955,1669            27.97057833,-26.157965,1669            27.97058667,-26.15797333,1669            27.97059667,-26.15798333,1669            27.97060833,-26.15799333,1668            27.97061833,-26.15800333,1668            27.97063,-26.15801333,1668            27.97064167,-26.158025,1668            27.97065333,-26.158035,1668            27.970665,-26.15804833,1667            27.970675,-26.15805833,1667            27.97068667,-26.15806833,1667            27.97069833,-26.15808,1667            27.97070833,-26.15809,1667            27.97072,-26.1581,1667            27.97073333,-26.15810833,1666            27.97074833,-26.15811833,1666            27.97076167,-26.15812667,1666            27.970775,-26.15813333,1666            27.97078833,-26.15814,1666            27.9708,-26.15814667,1666            27.97081,-26.15815333,1666            27.97082333,-26.15816167,1666            27.970835,-26.15816833,1666            27.97084667,-26.15817667,1665            27.97085833,-26.15818167,1665            27.97086833,-26.15818833,1665            27.97088,-26.158195,1665            27.970895,-26.15820333,1665            27.97090833,-26.15821167,1665            27.97092167,-26.15821833,1665            27.970935,-26.158225,1665            27.97094667,-26.15823167,1665            27.97096,-26.15824,1665            27.970975,-26.15824833,1665            27.97098833,-26.15825833,1665            27.97099833,-26.15826667,1665            27.97100833,-26.158275,1665            27.97101833,-26.15828333,1665            27.97103,-26.15829167,1665            27.97104333,-26.15830167,1665            27.97105667,-26.15831,1664            27.97107,-26.15832,1664            27.97108333,-26.15833167,1664            27.97109833,-26.15834167,1664            27.97111167,-26.15835167,1663            27.971125,-26.15836167,1663            27.97113833,-26.15837333,1663            27.97115167,-26.15838333,1663            27.97116333,-26.15839333,1663            27.971175,-26.15840167,1662            27.971185,-26.15841167,1662            27.97119833,-26.15842167,1662            27.9712,-26.15842167,1662            27.97120333,-26.15842667,1662            27.97121333,-26.15843667,1662            27.97122833,-26.15845,1661            27.97124167,-26.15846333,1661            27.97125667,-26.15847833,1661            27.97127167,-26.15849167,1661            27.97128333,-26.15850333,1661            27.971295,-26.15851667,1661            27.97130833,-26.15852833,1661            27.97132167,-26.15854,1660            27.971335,-26.15855,1660            27.97134833,-26.15856167,1660            27.97136167,-26.15857333,1660            27.97137333,-26.15858333,1660            27.971385,-26.158595,1660            27.97139833,-26.15860667,1660            27.97141,-26.15861833,1660            27.97142167,-26.15863,1660            27.97143167,-26.15864167,1660            27.97144333,-26.15865167,1660            27.971455,-26.15866333,1659            27.971465,-26.15867667,1659            27.971475,-26.15868833,1659            27.971485,-26.1587,1659            27.97149667,-26.15871167,1658            27.971505,-26.158725,1658            27.97151167,-26.15873833,1658            27.97151833,-26.15875167,1658            27.971525,-26.15876667,1658            27.97153333,-26.15877833,1658            27.97154333,-26.15879,1658            27.97155333,-26.15880333,1658            27.97156333,-26.158815,1658            27.97157333,-26.15882833,1658            27.97158333,-26.15884167,1658            27.971595,-26.158855,1657            27.97160667,-26.15886833,1657            27.97161833,-26.15888167,1657            27.97162833,-26.15889667,1657            27.97163833,-26.15891167,1657            27.971645,-26.15892667,1657            27.97165,-26.15894167,1657            27.971655,-26.15895833,1657            27.97166,-26.158975,1657            27.97166333,-26.15899,1657            27.97166667,-26.15900333,1657            27.97166833,-26.15901667,1657            27.97167167,-26.15903,1657            27.971675,-26.15904333,1657            27.97167667,-26.15905833,1657            27.97167833,-26.15907167,1657            27.97168,-26.15908833,1657            27.971685,-26.15910167,1657            27.97168833,-26.159115,1657            27.97169167,-26.15912667,1657            27.97169667,-26.15914167,1657            27.97170167,-26.15915667,1657            27.971705,-26.15917,1657            27.97170833,-26.15918333,1657            27.97171167,-26.159195,1657            27.97171667,-26.15920833,1657            27.97172,-26.15922333,1657            27.971725,-26.15923833,1656            27.97173,-26.15925167,1656            27.971735,-26.159265,1656            27.97174,-26.15928,1656            27.97174833,-26.159295,1656            27.971755,-26.15931,1656            27.97176,-26.159325,1656            27.971765,-26.15933833,1656            27.97177167,-26.15935,1656            27.97177833,-26.15936333,1656            27.97178667,-26.15937667,1655            27.97179333,-26.15939,1655            27.97180167,-26.15940167,1655            27.97181167,-26.15941333,1655            27.97182167,-26.15942333,1655            27.97183167,-26.15943333,1655            27.97184333,-26.15944333,1655            27.97185333,-26.15945167,1654            27.97186333,-26.15946,1654            27.97187333,-26.15946833,1654            27.971885,-26.159475,1654            27.97189667,-26.159485,1654            27.97190833,-26.15949333,1654            27.97191833,-26.15950333,1654            27.97192833,-26.15951333,1653            27.97193667,-26.15952,1653            27.97194667,-26.15952667,1653            27.97195833,-26.15953667,1653            27.97197167,-26.15954833,1653            27.97198333,-26.15956,1653            27.97199333,-26.15957167,1653            27.972005,-26.159585,1653            27.97201667,-26.15959667,1652            27.97202667,-26.15961,1652            27.972035,-26.15962333,1652            27.972045,-26.15963667,1652            27.97205333,-26.15965167,1652            27.97206167,-26.159665,1651            27.97207,-26.15968,1651            27.97207833,-26.15969333,1651            27.97208667,-26.15970667,1651            27.972095,-26.15971667,1651            27.97210167,-26.15972667,1651            27.97211167,-26.15973833,1650            27.97212167,-26.15974833,1650            27.97213167,-26.15976167,1650            27.97214167,-26.15977333,1650            27.97215333,-26.15978333,1650            27.972165,-26.159795,1650            27.97217667,-26.159805,1650            27.972185,-26.15981667,1650            27.97219667,-26.15982833,1650            27.97220833,-26.15983833,1650            27.97222167,-26.15985,1650            27.97223167,-26.15986,1650            27.97224167,-26.15986833,1649            27.97225167,-26.15987667,1649            27.97226333,-26.15988333,1649            27.97227167,-26.15989167,1649            27.97228333,-26.15989833,1649            27.97229333,-26.159905,1649            27.972305,-26.15991167,1649            27.972315,-26.15992,1649            27.972325,-26.15992667,1649            27.97233667,-26.15993167,1649            27.97234667,-26.15993667,1649            27.97235667,-26.159945,1648            27.97236833,-26.15995333,1648            27.97238,-26.15996167,1648            27.97239167,-26.15997,1648            27.97240333,-26.15997833,1648            27.972405,-26.15998167,1648            27.97240667,-26.15998333,1648            27.97240833,-26.15998667,1648            27.97241167,-26.15999333,1648            27.97242,-26.16000167,1648            27.97243167,-26.16001,1648            27.972445,-26.16002,1648            27.97245833,-26.16003,1648            27.97247167,-26.16004167,1648            27.97248333,-26.16005167,1649            27.972485,-26.16005333,1649            27.97249167,-26.16005667,1649            27.97250167,-26.16006333,1649            27.972515,-26.16007167,1649            27.97252833,-26.16008167,1649            27.97254167,-26.16009167,1649            27.97255333,-26.16010167,1649            27.972565,-26.16011667,1649            27.97257667,-26.160135,1649            27.97258667,-26.16015167,1648            27.972595,-26.16016833,1648            27.9726,-26.16018333,1648            27.97260667,-26.16019667,1648            27.97261,-26.16021,1648            27.97261167,-26.160225,1648            27.97261,-26.16024,1648            27.97260667,-26.16025333,1648            27.97259833,-26.16026833,1648            27.97259167,-26.16028167,1648            27.972585,-26.160295,1648            27.972575,-26.160305,1648            27.972565,-26.16031667,1648            27.97255333,-26.16032833,1648            27.97254333,-26.16034,1648            27.97253,-26.16035,1648            27.97251667,-26.16035833,1648            27.97250167,-26.16036667,1648            27.97249,-26.16037333,1648            27.972475,-26.16038,1648            27.97246,-26.160385,1648            27.97244667,-26.16039333,1648            27.972435,-26.16040167,1648            27.97242667,-26.16041,1648            27.97242,-26.16042,1648            27.97241667,-26.16043,1648            27.972415,-26.16044,1648            27.97241333,-26.16045333,1649            27.972415,-26.160465,1649            27.972415,-26.16047667,1649            27.97241167,-26.16048833,1649            27.97240333,-26.1605,1649            27.97239167,-26.16051333,1649            27.97237833,-26.16052333,1649            27.97236667,-26.16053667,1649            27.97235333,-26.16054833,1649            27.97234167,-26.16056167,1649            27.97233333,-26.16057333,1649            27.97232333,-26.160585,1649            27.97231667,-26.16059667,1650            27.97230667,-26.16060833,1650            27.972295,-26.16061833,1650            27.972285,-26.16062833,1650            27.97227667,-26.16063833,1650            27.97226667,-26.16064833,1650            27.972255,-26.16066,1650            27.97224333,-26.16067,1650            27.97223167,-26.16068,1651            27.97221833,-26.16069167,1651            27.97220333,-26.16070333,1651            27.97218667,-26.16071333,1651            27.97217167,-26.16072333,1651            27.972155,-26.16072833,1651            27.97214,-26.16073667,1652            27.972125,-26.160745,1652            27.97210667,-26.160755,1652            27.97209167,-26.16076667,1652            27.972075,-26.16077833,1652            27.97205833,-26.16078833,1652            27.972045,-26.16079667,1652            27.97203167,-26.160805,1652            27.97202,-26.16081167,1652            27.97201,-26.16081833,1653            27.972,-26.160825,1653            27.97198833,-26.16083333,1653            27.971975,-26.16084167,1653            27.97196,-26.16085,1653            27.97194333,-26.16086167,1653            27.97193167,-26.16087,1653            27.97191667,-26.16088,1653            27.97190333,-26.16088667,1653            27.97189333,-26.160895,1653            27.97188333,-26.16090333,1653            27.97187167,-26.16091,1653            27.97185833,-26.16092,1653            27.97184333,-26.16093,1653            27.97183,-26.16094,1653            27.97182,-26.16095167,1653            27.97180833,-26.16096167,1653            27.97179667,-26.16097,1653            27.97178333,-26.16097667,1653            27.97177167,-26.160985,1653            27.97175667,-26.16099333,1653            27.97174,-26.161005,1653            27.971725,-26.16101667,1654            27.97171,-26.16102833,1654            27.97169833,-26.16103833,1654            27.971685,-26.16104833,1654            27.97167167,-26.16105667,1654            27.97166,-26.16106333,1654            27.97164667,-26.16107333,1654            27.971635,-26.16108,1654            27.97162167,-26.16108667,1654            27.97160833,-26.16109333,1654            27.971595,-26.16110167,1654            27.97158167,-26.16111,1654            27.97156833,-26.16111833,1654            27.97155333,-26.16112667,1654            27.971535,-26.16113833,1654            27.97151833,-26.16114833,1654            27.97150167,-26.16115667,1655            27.97149,-26.16116667,1655            27.97147833,-26.16117667,1655            27.97147,-26.161185,1655            27.97146,-26.16119333,1655            27.97145167,-26.1612,1655            27.971445,-26.16121,1655            27.97143333,-26.16121833,1655            27.971425,-26.16122833,1655            27.97141333,-26.16124,1655            27.97140167,-26.16124833,1655            27.97139,-26.16126,1655            27.97137833,-26.16127167,1655            27.97136667,-26.16128167,1655            27.97135667,-26.16129333,1655            27.971345,-26.161305,1655            27.97133167,-26.16131833,1655            27.97132,-26.16132833,1655            27.971305,-26.16133833,1655            27.97129,-26.161345,1655            27.971275,-26.16135333,1655            27.97126167,-26.16136,1655            27.97125,-26.16136833,1656            27.97124,-26.16137667,1656            27.97122667,-26.16138667,1656            27.97121167,-26.16139667,1656            27.97119833,-26.16140667,1656            27.97118167,-26.16141667,1656            27.97116667,-26.16142333,1656            27.97115167,-26.16143167,1656            27.97113667,-26.16144,1655            27.97112333,-26.16145,1655            27.97110833,-26.16145667,1655            27.971095,-26.16146167,1655            27.97108,-26.16146833,1655            27.971065,-26.16147667,1655            27.97105,-26.161485,1655            27.971035,-26.16149167,1655            27.97102,-26.161495,1655            27.97100667,-26.1615,1655            27.97099333,-26.16150333,1655            27.97098,-26.16151,1655            27.970965,-26.16151333,1655            27.97095167,-26.16151667,1655            27.97093833,-26.16152,1655            27.97092333,-26.16152667,1655            27.97090833,-26.16153333,1655            27.970895,-26.16154167,1655            27.97088,-26.16155167,1655            27.970865,-26.16156167,1655            27.97085167,-26.16157167,1655            27.97084,-26.16158333,1655            27.97083,-26.16159167,1655            27.97082,-26.16160167,1656            27.97081,-26.16161167,1656            27.97079833,-26.16161833,1656            27.970785,-26.161625,1656            27.97077167,-26.16163333,1656            27.97076,-26.16164,1656            27.97075167,-26.16164833,1656            27.97074167,-26.161655,1656            27.97073167,-26.16166,1656            27.97072,-26.16166667,1656            27.97070667,-26.16167333,1656            27.97069167,-26.16168167,1656            27.97068,-26.16168833,1656            27.970665,-26.161695,1656            27.97065,-26.1617,1656            27.97063167,-26.16170667,1657            27.97061333,-26.16171,1657            27.970595,-26.16171667,1657            27.97058,-26.161725,1657            27.970565,-26.161735,1657            27.97055167,-26.16174333,1657            27.97053833,-26.16175167,1657            27.97052333,-26.16175833,1657            27.97050833,-26.161765,1657            27.970495,-26.16177,1657            27.97048,-26.16177333,1658            27.97046667,-26.16178,1658            27.97045333,-26.16178667,1658            27.97044,-26.16179167,1658            27.97042333,-26.16179833,1658            27.970405,-26.16180333,1658            27.970385,-26.16181,1658            27.97036833,-26.161815,1658            27.97035333,-26.16181833,1658            27.97034,-26.16182167,1658            27.970325,-26.161825,1658            27.97031167,-26.16182667,1658            27.97029833,-26.16183,1658            27.970285,-26.16183333,1658            27.97027167,-26.16184,1658            27.97025667,-26.16184833,1658            27.97024333,-26.16185333,1659            27.97022833,-26.16186167,1659            27.97021333,-26.16186667,1659            27.97020167,-26.16187333,1659            27.97019,-26.16187667,1659            27.97017667,-26.16188,1659            27.97016333,-26.16188667,1659            27.97015,-26.16189333,1659            27.97013667,-26.16189833,1659            27.970125,-26.16190667,1659            27.97011333,-26.161915,1659            27.9701,-26.16192167,1659            27.97008833,-26.16192833,1659            27.970075,-26.16193667,1659            27.970065,-26.16194833,1659            27.97005667,-26.16195833,1659            27.97004667,-26.16196833,1659            27.970035,-26.16197833,1659            27.97002167,-26.16199,1659            27.97001,-26.16199833,1659            27.96999667,-26.16200167,1659            27.96998333,-26.16200667,1659            27.96997,-26.162015,1659            27.96995667,-26.16202,1659            27.96994667,-26.162025,1659            27.969935,-26.16203167,1659            27.96992333,-26.16203833,1659            27.96991333,-26.162045,1659            27.9699,-26.16205167,1659            27.96988667,-26.16205833,1659            27.96987333,-26.16206667,1659            27.96986333,-26.16207333,1659            27.96985167,-26.16207833,1660            27.96984,-26.16208333,1660            27.96982833,-26.16209,1660            27.969815,-26.16209833,1660            27.9698,-26.16210667,1660            27.969785,-26.16211333,1660            27.96977167,-26.16212167,1660            27.96976,-26.16213,1660            27.96974833,-26.16214,1661            27.969735,-26.16214833,1661            27.96972167,-26.16215833,1661            27.96970833,-26.162165,1661            27.96969667,-26.16217333,1661            27.969685,-26.16218167,1661            27.96967333,-26.16219,1662            27.96966333,-26.16219833,1662            27.96965167,-26.16220333,1662            27.96964167,-26.16220833,1662            27.96963167,-26.162215,1662            27.96962,-26.16221833,1662            27.96960833,-26.16222167,1662            27.96959667,-26.162225,1663            27.96958167,-26.16223167,1663            27.96956667,-26.16223833,1663            27.96954833,-26.16224167,1663            27.96953333,-26.16224667,1663            27.96952,-26.16225333,1663            27.96950667,-26.16226,1663            27.96949333,-26.16226667,1664            27.96948,-26.16227333,1664            27.96946833,-26.16228333,1664            27.969455,-26.16229333,1664            27.96944167,-26.16230167,1664            27.96942667,-26.16231167,1664            27.96941167,-26.16232,1664            27.96939833,-26.16233,1664            27.96938333,-26.16233667,1664            27.96936833,-26.162345,1664            27.96935333,-26.16235167,1665            27.96934167,-26.16236,1664            27.96933,-26.16236833,1665            27.96931833,-26.16237833,1665            27.969305,-26.16238667,1664            27.96929333,-26.162395,1664            27.96928,-26.16240167,1664            27.969265,-26.16241,1664            27.96925,-26.16241833,1664            27.969235,-26.16242667,1664            27.96921833,-26.16243333,1664            27.96920333,-26.16244167,1664            27.96919,-26.16244667,1664            27.96917833,-26.16245167,1664            27.96916333,-26.16246,1664            27.969145,-26.16247,1664            27.96912833,-26.16248167,1664            27.969115,-26.16249,1664            27.96910167,-26.1625,1664            27.96909,-26.16251,1665            27.96908,-26.16251833,1665            27.96906833,-26.162525,1665            27.96905667,-26.16253333,1665            27.96904667,-26.16254333,1665            27.96903667,-26.162555,1665            27.969025,-26.16256333,1665            27.96901333,-26.162575,1665            27.96900333,-26.16258167,1665            27.96899333,-26.16259,1666            27.96897833,-26.16259667,1666            27.96896333,-26.16260333,1666            27.96895,-26.16261167,1666            27.96893667,-26.16262,1666            27.96892333,-26.16262833,1666            27.96891,-26.16263667,1666            27.96889667,-26.16264333,1666            27.96888333,-26.16265167,1666            27.96886667,-26.16266,1666            27.96885167,-26.16266833,1666            27.96883333,-26.16267833,1666            27.96881667,-26.16268667,1666            27.9688,-26.16269667,1666            27.96878167,-26.16270333,1666            27.96876333,-26.16271,1666            27.968745,-26.16271667,1666            27.96873,-26.16272333,1666            27.96871667,-26.16272833,1666            27.968705,-26.16273333,1666            27.96869333,-26.16273833,1666            27.96867667,-26.16274333,1666            27.96866167,-26.16275,1666            27.96864333,-26.16275833,1665            27.96862833,-26.162765,1665            27.96861167,-26.16277,1665            27.96859667,-26.16277667,1665            27.96858,-26.16278333,1665            27.968565,-26.16279,1665            27.96855,-26.162795,1665            27.968535,-26.1628,1665            27.96852,-26.16280833,1665            27.96850667,-26.16281333,1665            27.96849333,-26.16281833,1665            27.96848,-26.16282333,1665            27.96846833,-26.16282833,1665            27.96845667,-26.16283167,1665            27.96844167,-26.16283667,1665            27.96842833,-26.16284333,1666            27.968415,-26.16284833,1666            27.96840167,-26.16285167,1666            27.968385,-26.16285667,1666            27.96836833,-26.16286333,1666            27.96835333,-26.16286667,1666            27.96833833,-26.16287333,1666            27.968325,-26.16287833,1666            27.96831,-26.16288333,1666            27.968295,-26.16289167,1665            27.96828,-26.16289833,1665            27.968265,-26.162905,1665            27.96825167,-26.16291,1665            27.96823833,-26.16291667,1665            27.968225,-26.16292333,1665            27.96821,-26.16292833,1665            27.96819833,-26.162935,1665            27.96818333,-26.16294,1665            27.96817,-26.162945,1665            27.968155,-26.16295167,1665            27.96813833,-26.16295667,1665            27.96812167,-26.16296333,1665            27.968105,-26.16296833,1665            27.96808833,-26.16297333,1665            27.96807167,-26.16298167,1665            27.968055,-26.16299,1665            27.968035,-26.162995,1665            27.96801667,-26.163,1666            27.96799833,-26.16300667,1666            27.96798167,-26.163015,1666            27.96796667,-26.163025,1666            27.96795,-26.16303333,1666            27.96793833,-26.16304167,1666            27.96792333,-26.16304833,1666            27.96791167,-26.16305167,1666            27.9679,-26.163055,1666            27.96788833,-26.16305833,1666            27.96787333,-26.16306167,1666            27.96785833,-26.16306667,1666            27.967845,-26.16307,1666            27.96782833,-26.16307333,1666            27.96781167,-26.16307833,1666            27.967795,-26.163085,1666            27.96777833,-26.16309167,1666            27.967765,-26.1631,1666            27.96775167,-26.163105,1666            27.96773833,-26.16311,1666            27.96772333,-26.16311333,1666            27.96771333,-26.16311833,1666            27.96770167,-26.16312,1666            27.96769,-26.16312333,1666            27.96767833,-26.16312667,1667            27.967665,-26.16312833,1667            27.96765333,-26.16313333,1667            27.96764,-26.16314,1667            27.96762667,-26.163145,1667            27.96761333,-26.16315167,1667            27.96759667,-26.16315833,1667            27.96758167,-26.163165,1667            27.96756667,-26.16316833,1667            27.96755333,-26.163175,1667            27.96753833,-26.16318,1668            27.96752167,-26.16318333,1668            27.96750667,-26.16318333,1668            27.96749,-26.163185,1668            27.96747667,-26.16318833,1668            27.96746,-26.16319167,1668            27.96744167,-26.16319333,1668            27.967425,-26.163195,1668            27.96740667,-26.16319833,1668            27.96739,-26.1632,1668            27.96737333,-26.16320167,1668            27.96735333,-26.163205,1668            27.967335,-26.16320833,1668            27.96731667,-26.16321167,1668            27.96729833,-26.16321333,1668            27.96728167,-26.16321333,1668            27.967265,-26.16321167,1668            27.96724667,-26.16321167,1668            27.96723,-26.16321,1668            27.96721333,-26.16321,1669            27.967195,-26.16320667,1669            27.96717833,-26.16320333,1669            27.96716167,-26.16320167,1669            27.96714667,-26.1632,1668            27.96713167,-26.16319667,1668            27.96711667,-26.16319167,1668            27.967105,-26.16318833,1668            27.96708833,-26.16318667,1668            27.96707333,-26.16318333,1668            27.96705667,-26.16318,1668            27.96704,-26.16317667,1668            27.96702667,-26.16317333,1668            27.96701,-26.16316833,1668            27.966995,-26.16316167,1668            27.96698167,-26.163155,1668            27.96696833,-26.16314833,1667            27.96695667,-26.16314167,1667            27.96694167,-26.163135,1667            27.96693167,-26.16313,1667            27.966925,-26.163125,1667            27.96692,-26.163125,1667            27.966915,-26.16312333,1667            27.96691,-26.16312167,1668            27.9669,-26.16311833,1667            27.96689,-26.16311167,1668            27.96687833,-26.16310667,1667            27.96686667,-26.1631,1667            27.966855,-26.16309167,1667            27.96684167,-26.16308333,1667            27.96683,-26.16307333,1667            27.96681833,-26.16306333,1667            27.96680833,-26.16305333,1668            27.96680167,-26.16304333,1668            27.96679333,-26.16303167,1668            27.966785,-26.16302,1668            27.96677833,-26.163005,1668            27.96677,-26.16299333,1668            27.96676167,-26.16298167,1668            27.96675667,-26.16296833,1668            27.96675,-26.16295333,1668            27.966745,-26.16294,1668            27.96674333,-26.16292667,1668            27.966745,-26.16291333,1668            27.96675,-26.1629,1668            27.96675667,-26.162885,1668            27.966765,-26.16287167,1668            27.96677333,-26.16285833,1668            27.96678,-26.162845,1668            27.96678833,-26.16283333,1668            27.966795,-26.16282,1668            27.96680167,-26.16280833,1668            27.96680667,-26.16279833,1668            27.96680833,-26.16278667,1668            27.96680833,-26.162775,1668            27.96680667,-26.16276333,1668            27.966805,-26.16274833,1668            27.96680333,-26.16273167,1668            27.96680333,-26.16271833,1668            27.96680167,-26.16270667,1668            27.96680167,-26.16269667,1668            27.96680167,-26.16269,1668            27.96680333,-26.16268,1668            27.966805,-26.16267,1668            27.96681,-26.16266,1668            27.96681667,-26.16265,1668            27.966825,-26.16263667,1668            27.96683167,-26.16262333,1668            27.966835,-26.16261167,1668            27.96683833,-26.1626,1668            27.96683833,-26.16259,1668            27.96684,-26.16257833,1668            27.96684,-26.16256667,1668            27.96684167,-26.162555,1668            27.96684333,-26.162545,1668            27.96684667,-26.16253333,1668            27.96685167,-26.16252,1668            27.96686,-26.16250667,1668            27.96687,-26.16249333,1669            27.96688167,-26.16248167,1669            27.96689167,-26.16247,1669            27.96689833,-26.16246,1669            27.96690833,-26.16244833,1669            27.96691667,-26.16243667,1669            27.96692333,-26.16242167,1668            27.96693,-26.162405,1668            27.96694,-26.16239167,1668            27.96695167,-26.16237833,1668            27.96696167,-26.162365,1668            27.96697,-26.16235333,1668            27.96697833,-26.16234167,1668            27.96699,-26.16233167,1668            27.96699833,-26.16232333,1668            27.96700833,-26.16231333,1668            27.96701833,-26.16230667,1668            27.96703,-26.16229833,1668            27.96704,-26.16229,1668            27.96705167,-26.16228,1668            27.96706167,-26.16227,1668            27.96707167,-26.16226,1668            27.96708333,-26.16225,1668            27.96709667,-26.16223833,1668            27.96710833,-26.16222667,1668            27.96712,-26.162215,1668            27.96713167,-26.16220333,1668            27.96714333,-26.16219167,1668            27.967155,-26.16218167,1668            27.967165,-26.16217333,1667            27.967175,-26.16216167,1667            27.96718667,-26.16215167,1667            27.96719833,-26.16214167,1667            27.96720833,-26.16213167,1667            27.96721833,-26.16212167,1667            27.96723,-26.16211,1667            27.96724,-26.16209833,1667            27.96725167,-26.162085,1667            27.96726333,-26.16207333,1667            27.96727333,-26.16206333,1667            27.96728333,-26.16205333,1667            27.96729333,-26.16204333,1667            27.96730333,-26.16203167,1667            27.96731167,-26.16202167,1667            27.96732,-26.16201167,1667            27.96733,-26.16200167,1667            27.96734167,-26.16199167,1667            27.96735167,-26.16198,1667            27.96736167,-26.16197,1667            27.96737167,-26.16195833,1667            27.96738,-26.16194667,1667            27.96739167,-26.161935,1667            27.967405,-26.16192667,1667            27.96741833,-26.16191667,1667            27.967435,-26.16190833,1667            27.96744833,-26.1619,1666            27.96746167,-26.16189167,1666            27.967475,-26.16188333,1666            27.96748833,-26.16187333,1666            27.96750167,-26.161865,1666            27.967515,-26.16185667,1666            27.96752667,-26.16184667,1666            27.96753667,-26.16183333,1666            27.96754833,-26.16182167,1666            27.96756,-26.16181167,1666            27.96757167,-26.1618,1666            27.96758333,-26.161785,1665            27.96759333,-26.161775,1665            27.96760667,-26.161765,1665            27.96762,-26.16175333,1665            27.96763167,-26.161745,1665            27.96764333,-26.16173667,1665            27.96765333,-26.16172667,1665            27.96766167,-26.16171833,1665            27.96767167,-26.16170833,1665            27.96768167,-26.1617,1664            27.96769,-26.16169167,1664            27.9677,-26.16168167,1664            27.96771167,-26.16167167,1664            27.96772333,-26.16166167,1664            27.96773333,-26.16165,1664            27.96774667,-26.16164,1664            27.96775833,-26.16162833,1664            27.96777,-26.16161833,1664            27.96778167,-26.16160667,1664            27.96779167,-26.16159667,1664            27.967805,-26.16158667,1664            27.96781833,-26.16157667,1664            27.96783167,-26.16156667,1664            27.96784333,-26.16155833,1664            27.96785333,-26.16154833,1664            27.96786167,-26.16153833,1664            27.96787167,-26.16152667,1664            27.96788333,-26.16151667,1664            27.96789667,-26.161505,1664            27.96790833,-26.16149333,1664            27.96792,-26.16148333,1664            27.96793167,-26.16147333,1664            27.96794667,-26.16146167,1664            27.96795833,-26.16145,1664            27.96797167,-26.16143833,1664            27.96798333,-26.161425,1664            27.96799667,-26.16141,1664            27.96801,-26.16139833,1663            27.96802667,-26.161385,1663            27.96804167,-26.16137333,1663            27.96805833,-26.16136167,1663            27.96807167,-26.16135167,1663            27.968085,-26.16134,1663            27.96809667,-26.16132833,1663            27.96810833,-26.16131667,1663            27.96812,-26.16130833,1663            27.96813167,-26.16129833,1663            27.96814167,-26.16128833,1663            27.96815333,-26.16127833,1663            27.96816167,-26.16127,1663            27.96817,-26.16126,1663            27.96817667,-26.16125167,1663            27.96818167,-26.16124167,1663            27.96818833,-26.16123,1663            27.96819333,-26.16122167,1663            27.9682,-26.16121,1663            27.96820333,-26.16119833,1663            27.96821,-26.161185,1663            27.96821667,-26.16117167,1663            27.968225,-26.16115833,1663            27.96823333,-26.16115,1663            27.96823833,-26.16114,1663            27.968245,-26.16112833,1663            27.96825167,-26.16111667,1663            27.96825667,-26.161105,1663            27.96826667,-26.16109167,1663            27.96827667,-26.16107833,1663            27.96828667,-26.16106333,1663            27.96829333,-26.16105,1663            27.96830167,-26.16103833,1663            27.96830833,-26.16102833,1663            27.96831333,-26.16101667,1662            27.96832,-26.16100667,1662            27.96832667,-26.16099667,1662            27.968335,-26.160985,1662            27.96834333,-26.16097333,1662            27.96835333,-26.16095833,1662            27.96836167,-26.160945,1662            27.96837,-26.16093167,1662            27.96838,-26.16091833,1662            27.96839167,-26.160905,1663            27.96840167,-26.16089167,1663            27.96841,-26.16088,1663            27.96841833,-26.16086833,1663            27.968425,-26.16085833,1663            27.968435,-26.16084667,1663            27.96844333,-26.160835,1663            27.968455,-26.16082333,1663            27.96846333,-26.16081,1663            27.96847333,-26.16079833,1663            27.96848167,-26.16078833,1663            27.96849167,-26.160775,1663            27.96850167,-26.16076167,1663            27.96851167,-26.16074833,1663            27.96852,-26.16073667,1663            27.96853167,-26.16072333,1663            27.96854167,-26.16071167,1663            27.96855167,-26.1607,1663            27.96856,-26.16069,1663            27.96857,-26.16068,1663            27.96857833,-26.16066833,1663            27.96858667,-26.16065833,1663            27.96859667,-26.16065167,1663            27.968605,-26.16064333,1663            27.96861667,-26.16063667,1663            27.96862833,-26.16062833,1663            27.96864167,-26.16062,1664            27.96865167,-26.16061167,1664            27.968665,-26.16060333,1664            27.96867667,-26.16059333,1664            27.96868667,-26.16058333,1664            27.96869667,-26.16057167,1664            27.96870667,-26.16056167,1664            27.96871667,-26.16055333,1664            27.96872833,-26.16054333,1664            27.96873833,-26.16053167,1664            27.96874833,-26.16052167,1664            27.96875833,-26.16051,1664            27.96876833,-26.16050167,1664            27.96877833,-26.16049167,1665            27.96878833,-26.16048167,1665            27.96879667,-26.16047,1665            27.968805,-26.16046,1665            27.96881167,-26.16044667,1665            27.96882167,-26.16043333,1665            27.96883,-26.16042167,1665            27.96883833,-26.16041,1666            27.96884667,-26.16039833,1666            27.968855,-26.160385,1666            27.96886167,-26.16037333,1666            27.96887,-26.16036167,1666            27.96887667,-26.16034667,1666            27.96888167,-26.16033167,1666            27.968885,-26.16032,1666            27.96889,-26.160305,1666            27.968895,-26.16029167,1666            27.9689,-26.16027833,1666            27.96890667,-26.16026667,1666            27.96891167,-26.16025167,1666            27.96891667,-26.16023667,1667            27.96892,-26.16022167,1667            27.968925,-26.16020833,1667            27.96893,-26.16019167,1667            27.96893333,-26.16017667,1667            27.96893667,-26.16016167,1667            27.96894,-26.16014833,1667            27.96894333,-26.16013333,1667            27.96894833,-26.16011667,1667            27.96895167,-26.16010167,1667            27.96895667,-26.160085,1667            27.96896,-26.16007,1667            27.96896167,-26.16005667,1667            27.96896333,-26.16004333,1667            27.96896333,-26.16003167,1667            27.968965,-26.16001833,1667            27.96896667,-26.16000333,1667            27.96897167,-26.15998833,1667            27.968975,-26.15997167,1667            27.96897833,-26.15995833,1667            27.96898,-26.15994333,1667            27.96898167,-26.15993,1667            27.968985,-26.15992,1667            27.96898833,-26.15990833,1667            27.96899,-26.159895,1667            27.96899333,-26.15987833,1667            27.968995,-26.159865,1667            27.96899667,-26.15985,1667            27.969,-26.15983667,1667            27.96900333,-26.15982333,1667            27.96900667,-26.15980833,1667            27.96901,-26.159795,1667            27.96901333,-26.15978167,1667            27.96901667,-26.15976833,1667            27.96902,-26.15975333,1667            27.96902167,-26.159735,1667            27.96902167,-26.159715,1667            27.96902167,-26.15969833,1667            27.96902333,-26.15968167,1668            27.96902667,-26.15966833,1668            27.96902833,-26.159655,1668            27.96903,-26.15964333,1668            27.96903333,-26.15962833,1668            27.96903833,-26.159615,1668            27.969045,-26.15960167,1668            27.969055,-26.15959,1668            27.96906167,-26.15957667,1668            27.96906833,-26.15956333,1668            27.96907833,-26.15955167,1668            27.96908833,-26.15954,1668            27.96909833,-26.15953167,1668            27.96910667,-26.15952333,1668            27.96911833,-26.159515,1668            27.96912833,-26.15950667,1668            27.96913667,-26.15949667,1668            27.96914667,-26.15948833,1668            27.96915667,-26.15948,1668            27.96916833,-26.15947,1669            27.96918,-26.15946,1669            27.96919167,-26.15944833,1669            27.96920167,-26.15943833,1669            27.969215,-26.15942667,1669            27.969225,-26.15941667,1669            27.96923667,-26.15940667,1669            27.96924667,-26.15939667,1669            27.96926,-26.15938667,1669            27.96927,-26.159375,1669            27.96928,-26.15936333,1669            27.96929167,-26.15935167,1669            27.96930333,-26.15934167,1669            27.969315,-26.15933167,1669            27.96932333,-26.15932,1669            27.96933333,-26.15931,1669            27.96934333,-26.1593,1669            27.96935333,-26.15929,1669            27.96936333,-26.15928,1669            27.96937333,-26.15927,1669            27.969385,-26.15925833,1669            27.96939333,-26.15924833,1669            27.969405,-26.15923833,1669            27.96941333,-26.15923167,1669            27.96942333,-26.15922333,1669            27.96943333,-26.15921333,1669            27.969445,-26.15920167,1669            27.96945833,-26.15919,1669            27.96947,-26.15917833,1669            27.96948167,-26.15916333,1669            27.96949,-26.15915167,1669            27.96950167,-26.15914167,1669            27.96951167,-26.15913,1669            27.96952167,-26.15911833,1669            27.96953167,-26.15910833,1669            27.96954333,-26.15909667,1669            27.96955167,-26.15908167,1669            27.96956,-26.15907,1669            27.96956833,-26.15905833,1669            27.96958,-26.15904833,1669            27.96959,-26.15903667,1668            27.96959667,-26.15902667,1668            27.969605,-26.15901833,1668            27.969615,-26.15900833,1668            27.96962667,-26.159,1668            27.96964,-26.15898833,1668            27.96965333,-26.15898,1668            27.969665,-26.15897167,1668            27.96967833,-26.15896,1668            27.96969,-26.15895,1668            27.969705,-26.15893833,1668            27.96971667,-26.158925,1668            27.96972833,-26.15891167,1668            27.96974167,-26.15889833,1668            27.969755,-26.15888667,1668            27.96976833,-26.15887333,1668            27.96978167,-26.15886333,1668            27.96979333,-26.158855,1668            27.96980333,-26.158845,1668            27.96981167,-26.158835,1668            27.96982167,-26.15882667,1668            27.96983667,-26.15881667,1668            27.96985,-26.15880833,1668            27.969865,-26.1588,1668            27.96987667,-26.15879,1668            27.96989,-26.15878167,1668            27.96990333,-26.15877167,1668            27.96991667,-26.15876167,1668            27.96992833,-26.15875,1668            27.96994333,-26.15874,1669            27.969955,-26.15872667,1669            27.96996833,-26.158715,1669            27.96998167,-26.158705,1669            27.96999167,-26.158695,1669            27.97,-26.15868333,1669            27.97001167,-26.15866833,1669            27.97002333,-26.158655,1669            27.970035,-26.15863833,1669            27.97004667,-26.158625,1669            27.97005833,-26.15860833,1670            27.97006833,-26.158595,1670            27.97008,-26.15858,1670            27.97009167,-26.158565,1670            27.9701,-26.15855,1670            27.97010667,-26.15853667,1670            27.97011667,-26.15852333,1670            27.97012833,-26.15851167,1670            27.97013667,-26.1585,1670            27.97014667,-26.15848667,1670            27.970155,-26.15847333,1670            27.97016333,-26.15846,1670            27.97017167,-26.15844833,1670            27.97017833,-26.15843333,1670            27.97018667,-26.15842,1670            27.97019333,-26.15840667,1670            27.9702,-26.158395,1670            27.97021,-26.15838333,1670            27.97021833,-26.15836833,1670            27.97022667,-26.158355,1670            27.970235,-26.15834333,1670            27.97024167,-26.15833,1670            27.97024833,-26.15831833,1670            27.97025333,-26.158305,1670            27.97025667,-26.15829333,1670            27.97025833,-26.15828,1670            27.97026167,-26.15826667,1670            27.970265,-26.15825333,1670            27.97026833,-26.15823833,1670            27.97027,-26.15822167,1670            27.97027167,-26.158205,1670            27.970275,-26.15819167,1670            27.97027833,-26.15817667,1670            27.97028,-26.15816,1670            27.97028167,-26.158145,1670            27.97028,-26.15813,1670            27.97027833,-26.158115,1670            27.970275,-26.15810167,1670            27.97027,-26.15809,1670            27.97026333,-26.15807667,1670            27.97025667,-26.15806333,1670            27.970245,-26.15805,1670            27.97023167,-26.15803667,1670            27.97022,-26.158025,1670            27.97020833,-26.15801333,1670            27.970195,-26.15800167,1670            27.970185,-26.15799167,1669            27.97017333,-26.15798167,1669            27.97016,-26.15797333,1669            27.97014833,-26.157965,1669            27.97013833,-26.157955,1669            27.97013,-26.15794667,1669            27.97012,-26.15793833,1669            27.97011,-26.15793167,1669            27.9701,-26.15792333,1669            27.97008833,-26.15791667,1669            27.97007667,-26.15791167,1669            27.970065,-26.157905,1669            27.97005333,-26.15789833,1670            27.97004167,-26.157895,1670            27.97003167,-26.15788667,1670            27.97001833,-26.15788,1670            27.970005,-26.15787333,1670            27.96999333,-26.15786667,1670            27.96998333,-26.15785833,1670            27.96997167,-26.15785333,1670            27.96996,-26.157845,1670            27.969945,-26.15783833,1670            27.96993,-26.15783,1670            27.96991667,-26.15782333,1671            27.969905,-26.15781667,1671            27.96989333,-26.15780833,1671            27.96988333,-26.15780167,1671            27.96987167,-26.157795,1671            27.96985833,-26.15778667,1671            27.96984667,-26.15778333,1671            27.96983,-26.15777833,1671            27.969815,-26.157775,1672            27.9698,-26.15777333,1672            27.969785,-26.15777,1672            27.96976667,-26.15776833,1672            27.96974833,-26.15776667,1672            27.96973333,-26.15776333,1672            27.96971833,-26.15776333,1672            27.969705,-26.15776167,1672            27.96969,-26.15776,1672            27.969675,-26.15775833,1673            27.96966333,-26.15775667,1673            27.96964833,-26.15775667,1673            27.96963333,-26.15775667,1673            27.96961833,-26.15775667,1673            27.9696,-26.157755,1673            27.969585,-26.157755,1673            27.96956833,-26.157755,1673            27.96955333,-26.157755,1673            27.96954,-26.15775167,1673            27.96952833,-26.15774833,1673            27.96951667,-26.15774333,1673            27.96950333,-26.15774167,1673            27.96949,-26.15773833,1673            27.96947833,-26.15773833,1673            27.96946833,-26.15773667,1673            27.969455,-26.15773833,1673            27.96944,-26.15773833,1673            27.969425,-26.15773833,1673            27.96941,-26.15774,1673            27.96939167,-26.15774167,1673            27.969375,-26.15774333,1673            27.96936,-26.15774667,1673            27.96934333,-26.15774833,1673            27.96932833,-26.15775,1673            27.96931167,-26.15775167,1673            27.969295,-26.157755,1673            27.96927833,-26.15775833,1673            27.96926167,-26.15776333,1673            27.96924667,-26.15777,1673            27.96923333,-26.15777333,1673            27.96921833,-26.15777667,1673            27.96920333,-26.15778167,1673            27.96918667,-26.157785,1673            27.96917333,-26.15778667,1674            27.96915667,-26.15778833,1674            27.96914333,-26.15779167,1674            27.96912833,-26.157795,1674            27.969115,-26.15779833,1674            27.9691,-26.15780167,1674            27.96908667,-26.15780667,1674            27.96907167,-26.15781167,1674            27.96906,-26.15782,1674            27.96904667,-26.15782833,1674            27.969035,-26.15783667,1674            27.969025,-26.157845,1674            27.96901333,-26.157855,1674            27.96900333,-26.15786833,1675            27.96899667,-26.15788167,1675            27.96899,-26.15789333,1675            27.968985,-26.15790667,1675            27.96898,-26.15791833,1675            27.968975,-26.15793333,1675            27.96896833,-26.15795,1675            27.968965,-26.157965,1675            27.96896167,-26.15797833,1675            27.96895667,-26.15799167,1675            27.96895167,-26.15800333,1675            27.96894833,-26.15801667,1675            27.968945,-26.15802833,1675            27.96894,-26.15804333,1675            27.968935,-26.15805667,1675            27.96892833,-26.15807,1675            27.96892167,-26.158085,1675            27.96891667,-26.15809667,1675            27.96891167,-26.15811,1675            27.96890833,-26.15812333,1675            27.96890333,-26.15813667,1675            27.96889833,-26.15815,1675            27.96889333,-26.158165,1675            27.96889,-26.15817833,1675            27.96888667,-26.15819333,1675            27.96888333,-26.15820667,1675            27.96888,-26.15822,1674            27.968875,-26.15822833,1674            27.96887,-26.15824,1674            27.96886667,-26.15825,1674            27.968865,-26.15826333,1674            27.96886,-26.15827833,1674            27.968855,-26.15829,1674            27.96885,-26.158305,1674            27.968845,-26.15831667,1674            27.96884,-26.15832667,1674            27.968835,-26.15834,1674            27.96883167,-26.15835,1674            27.96882833,-26.15836333,1673            27.968825,-26.15837833,1673            27.96882333,-26.15839167,1673            27.96882167,-26.158405,1673            27.96881833,-26.15841667,1673            27.968815,-26.15842667,1673            27.96881167,-26.15843667,1673            27.96880833,-26.15844833,1673            27.96880167,-26.15846,1674            27.968795,-26.158475,1674            27.96878833,-26.15849,1673            27.96878333,-26.158505,1673            27.96877833,-26.15851667,1673            27.968775,-26.15852833,1673            27.96877,-26.15854167,1673            27.968765,-26.158555,1673            27.96875833,-26.15856833,1673            27.96875333,-26.15858167,1673            27.96874833,-26.15859667,1673            27.96874333,-26.15861167,1673            27.96873833,-26.15862667,1673            27.96873333,-26.15864167,1673            27.96873,-26.15865333,1673            27.968725,-26.15866833,1673            27.96872,-26.15868333,1673            27.968715,-26.15869833,1673            27.96870833,-26.158715,1673            27.968705,-26.15872833,1673            27.96870167,-26.15874167,1673            27.968695,-26.15875667,1673            27.96869,-26.15877167,1673            27.968685,-26.15878333,1673            27.96868167,-26.15879167,1673            27.96867667,-26.15880167,1673            27.96867333,-26.15881,1673            27.96866833,-26.15882333,1673            27.96866167,-26.15883667,1673            27.968655,-26.15885167,1673            27.96865,-26.158865,1673            27.96864667,-26.15888,1673            27.968645,-26.158895,1673            27.96864667,-26.15890667,1673            27.96864833,-26.15892,1673            27.96865333,-26.15893333,1673            27.96865833,-26.15894667,1673            27.96866167,-26.15896333,1673            27.96866667,-26.15897833,1673            27.96867333,-26.158995,1673            27.96868,-26.15900833,1673            27.96868667,-26.15902,1673            27.96869167,-26.15903167,1673            27.96869667,-26.15904333,1673            27.9687,-26.159055,1673            27.968705,-26.15906667,1673            27.96871,-26.15907667,1673          </coordinates></LineString></Placemark><Placemark><name>Finish</name><styleUrl>#icon-123-nodesc</styleUrl><Point><coordinates>            27.96871,-26.15907667,1673          </coordinates></Point></Placemark><Placemark><name>Start</name><styleUrl>#icon-61-nodesc</styleUrl><Point><coordinates>            27.96864167,-26.15926,1676          </coordinates></Point></Placemark></Folder></Document></kml>