<?xml version="1.0" encoding="UTF-8"?><kml xmlns="http://www.opengis.net/kml/2.2"><Document><name>Aliwal North Golf Club parkrun</name><description/><Style id="icon-1899-FFEA00-nodesc-normal"><IconStyle><color>ff00eaff</color><scale>1</scale><Icon><href>https://www.gstatic.com/mapspro/images/stock/503-wht-blank_maps.png</href></Icon><hotSpot x="32" xunits="pixels" y="64" yunits="insetPixels"/></IconStyle><LabelStyle><scale>0</scale></LabelStyle><BalloonStyle><text><![CDATA[<h3>$[name]</h3>]]></text></BalloonStyle></Style><Style id="icon-1899-FFEA00-nodesc-highlight"><IconStyle><color>ff00eaff</color><scale>1</scale><Icon><href>https://www.gstatic.com/mapspro/images/stock/503-wht-blank_maps.png</href></Icon><hotSpot x="32" xunits="pixels" y="64" yunits="insetPixels"/></IconStyle><LabelStyle><scale>1</scale></LabelStyle><BalloonStyle><text><![CDATA[<h3>$[name]</h3>]]></text></BalloonStyle></Style><StyleMap id="icon-1899-FFEA00-nodesc"><Pair><key>normal</key><styleUrl>#icon-1899-FFEA00-nodesc-normal</styleUrl></Pair><Pair><key>highlight</key><styleUrl>#icon-1899-FFEA00-nodesc-highlight</styleUrl></Pair></StyleMap><Style id="line-0288D1-5000-nodesc-normal"><LineStyle><color>ffd18802</color><width>5</width></LineStyle><BalloonStyle><text><![CDATA[<h3>$[name]</h3>]]></text></BalloonStyle></Style><Style id="line-0288D1-5000-nodesc-highlight"><LineStyle><color>ffd18802</color><width>7.5</width></LineStyle><BalloonStyle><text><![CDATA[<h3>$[name]</h3>]]></text></BalloonStyle></Style><StyleMap id="line-0288D1-5000-nodesc"><Pair><key>normal</key><styleUrl>#line-0288D1-5000-nodesc-normal</styleUrl></Pair><Pair><key>highlight</key><styleUrl>#line-0288D1-5000-nodesc-highlight</styleUrl></Pair></StyleMap><Folder><name>Untitled layer</name><Placemark><name>Course</name><styleUrl>#line-0288D1-5000-nodesc</styleUrl><LineString><tessellate>1</tessellate><coordinates>            26.717573,-30.699265,1352.06            26.717577,-30.699245,1352.11            26.717583,-30.699211,1351.68            26.717588,-30.699165,1351.17            26.717588,-30.699135,1350.91            26.717588,-30.699104,1350.63            26.717588,-30.69909,1350.57            26.717588,-30.699072,1350.39            26.717588,-30.699057,1350.23            26.717592,-30.699043,1350.26            26.717594,-30.699028,1350.23            26.717596,-30.699013,1350.02            26.7176,-30.699,1350.03            26.717604,-30.698984,1349.93            26.717607,-30.698969,1350.01            26.717613,-30.698956,1349.64            26.717619,-30.69894,1349.88            26.717623,-30.698925,1349.62            26.717636,-30.698896,1349.52            26.717646,-30.69887,1349.27            26.717653,-30.698856,1349.22            26.717659,-30.698841,1349.17            26.717663,-30.698828,1348.95            26.717667,-30.698816,1348.68            26.717674,-30.698803,1348.58            26.717682,-30.69879,1348.44            26.71769,-30.698776,1348.36            26.7177,-30.698763,1348.29            26.717707,-30.698751,1348.23            26.717716,-30.698736,1348.2            26.717726,-30.698723,1348.22            26.717737,-30.69871,1347.92            26.717749,-30.698698,1347.87            26.717762,-30.698685,1347.85            26.717775,-30.698671,1347.73            26.7178,-30.698647,1347.64            26.717821,-30.698624,1347.6            26.71783,-30.69861,1347.5            26.71784,-30.6986,1347.51            26.71785,-30.69859,1347.39            26.71786,-30.698578,1347.38            26.717865,-30.698566,1347.39            26.717875,-30.698553,1347.31            26.717884,-30.69854,1347.3            26.717896,-30.698528,1347.26            26.717905,-30.698519,1347.33            26.717916,-30.698505,1347.22            26.717928,-30.698494,1347.1            26.71794,-30.69848,1347.13            26.71795,-30.69847,1347.19            26.717962,-30.698454,1347.38            26.717976,-30.698442,1346.62            26.717989,-30.69843,1346.97            26.718,-30.698416,1346.97            26.71801,-30.698406,1347.02            26.718021,-30.698397,1347.04            26.718035,-30.698385,1346.93            26.718046,-30.698378,1346.92            26.718058,-30.69837,1347            26.718067,-30.698359,1346.97            26.718077,-30.698349,1346.75            26.718084,-30.69834,1346.7            26.718092,-30.698326,1346.76            26.7181,-30.698315,1346.81            26.718111,-30.698303,1346.74            26.718122,-30.698292,1346.75            26.718134,-30.698278,1346.9            26.71814,-30.698265,1346.65            26.718143,-30.698252,1346.58            26.718147,-30.698236,1346.51            26.718155,-30.698217,1346.46            26.718159,-30.6982,1346.58            26.718164,-30.698183,1346.72            26.718166,-30.698168,1346.56            26.718168,-30.69815,1346.65            26.71817,-30.698133,1346.62            26.718172,-30.69812,1346.52            26.718176,-30.698105,1346.48            26.718176,-30.698092,1346.47            26.718176,-30.698078,1346.47            26.718178,-30.698065,1346.42            26.71818,-30.698053,1346.38            26.718182,-30.69804,1346.36            26.718184,-30.698025,1346.37            26.718185,-30.69801,1346.36            26.718187,-30.697994,1346.31            26.71819,-30.697979,1346.37            26.718193,-30.697962,1346.34            26.718195,-30.697947,1346.38            26.7182,-30.697931,1346.39            26.718204,-30.697916,1346.32            26.718206,-30.697899,1346.37            26.71821,-30.697882,1346.34            26.718212,-30.697865,1346.51            26.71822,-30.697834,1346.5            26.71822,-30.697819,1346.34            26.718224,-30.697803,1346.37            26.718225,-30.69779,1346.35            26.718225,-30.697777,1346.34            26.718224,-30.697765,1346.3            26.718222,-30.697752,1346.3            26.718222,-30.697737,1346.29            26.718222,-30.697723,1346.24            26.718225,-30.69771,1346.3            26.71823,-30.697697,1346.35            26.718235,-30.69768,1346.46            26.71824,-30.697662,1346.08            26.718245,-30.697647,1347.14            26.718246,-30.697632,1346.89            26.71825,-30.697617,1346.85            26.718254,-30.697601,1347.68            26.718254,-30.697584,1346.37            26.718256,-30.697569,1346.25            26.71826,-30.697556,1346.25            26.718262,-30.69754,1346.05            26.718264,-30.697527,1346.1            26.718264,-30.697514,1346.1            26.718262,-30.6975,1346.06            26.71826,-30.697487,1346.1            26.718258,-30.697474,1346.06            26.71826,-30.69746,1346.1            26.71826,-30.697447,1346.07            26.718264,-30.69743,1346.02            26.718266,-30.69741,1345.98            26.718267,-30.697392,1345.91            26.718273,-30.697374,1346.04            26.718277,-30.69736,1345.91            26.718277,-30.697342,1345.96            26.718275,-30.697327,1346.1            26.718271,-30.697313,1345.96            26.718267,-30.697298,1345.95            26.718266,-30.697285,1345.94            26.718264,-30.69727,1345.95            26.718264,-30.697256,1345.93            26.718264,-30.69724,1345.91            26.718264,-30.697227,1345.91            26.718266,-30.697212,1345.81            26.718266,-30.697197,1345.92            26.718266,-30.697182,1345.82            26.718264,-30.697163,1345.84            26.718264,-30.697144,1345.91            26.718258,-30.697113,1345.84            26.718254,-30.697088,1345.84            26.718252,-30.697077,1345.86            26.718248,-30.697063,1345.75            26.718246,-30.697052,1345.73            26.718246,-30.697037,1345.67            26.718246,-30.697023,1345.68            26.71824,-30.697008,1345.57            26.718237,-30.696993,1345.68            26.718235,-30.696976,1345.57            26.718233,-30.696959,1345.59            26.718235,-30.696938,1345.76            26.718231,-30.696922,1345.73            26.718231,-30.696909,1345.66            26.718231,-30.696896,1345.75            26.718227,-30.696884,1345.58            26.718227,-30.696869,1345.61            26.718231,-30.696856,1345.64            26.718237,-30.696844,1345.63            26.718243,-30.69683,1345.56            26.718248,-30.696817,1345.49            26.718254,-30.696802,1345.46            26.718256,-30.696789,1345.5            26.718256,-30.696774,1345.5            26.718258,-30.69676,1345.57            26.718262,-30.696747,1345.52            26.718258,-30.696735,1345.38            26.718256,-30.696722,1345.43            26.718254,-30.696709,1345.44            26.718252,-30.696695,1345.46            26.718252,-30.696682,1345.36            26.71825,-30.696667,1345.33            26.718248,-30.69665,1345.31            26.718243,-30.696632,1345.31            26.718245,-30.696615,1345.28            26.718248,-30.696598,1345.28            26.718248,-30.696583,1345.18            26.718248,-30.69657,1345.38            26.71825,-30.696556,1345.35            26.71825,-30.696543,1345.28            26.718248,-30.696531,1345.28            26.718248,-30.696518,1345.39            26.71825,-30.696505,1345.42            26.718252,-30.696491,1345.25            26.718254,-30.696478,1345.33            26.718256,-30.696463,1345.1            26.71826,-30.696447,1345.18            26.718266,-30.696432,1345.06            26.718271,-30.696417,1345.15            26.718277,-30.696398,1344.96            26.718283,-30.69638,1345.14            26.718288,-30.696365,1345.08            26.718292,-30.69635,1345.07            26.718298,-30.696337,1345.01            26.718302,-30.696323,1345            26.718304,-30.69631,1345.06            26.718311,-30.696297,1345.27            26.718311,-30.696281,1345.41            26.718313,-30.696266,1345.26            26.718313,-30.696259,1344.8            26.718319,-30.696243,1344.99            26.718323,-30.696222,1344.84            26.718325,-30.69621,1344.83            26.718328,-30.696194,1344.78            26.718332,-30.696177,1344.77            26.718336,-30.696161,1344.85            26.718338,-30.696148,1344.7            26.718338,-30.696133,1344.58            26.718336,-30.69612,1344.59            26.718332,-30.696108,1344.62            26.718327,-30.696096,1344.46            26.718325,-30.696087,1344.44            26.71832,-30.696074,1344.5            26.718313,-30.696058,1344.27            26.718302,-30.696043,1344.25            26.71829,-30.696032,1344.29            26.718277,-30.696018,1344.26            26.718264,-30.696009,1344.3            26.718254,-30.696005,1344.35            26.71824,-30.696,1344.38            26.718227,-30.695992,1344.4            26.718216,-30.695982,1344.44            26.7182,-30.695976,1344.51            26.718185,-30.695969,1344.43            26.718168,-30.695961,1344.45            26.718153,-30.695953,1344.42            26.718138,-30.695944,1344.49            26.718122,-30.695932,1344.46            26.71811,-30.695923,1344.4            26.718098,-30.695911,1344.47            26.718088,-30.695902,1344.51            26.718077,-30.695894,1344.56            26.71807,-30.695885,1344.45            26.71806,-30.695873,1344.44            26.718052,-30.695862,1344.44            26.718044,-30.69585,1344.44            26.718042,-30.695837,1344.56            26.71804,-30.695824,1344.39            26.718037,-30.695807,1344.37            26.718035,-30.695791,1344.43            26.71803,-30.695776,1344.26            26.718029,-30.695759,1344.33            26.718023,-30.695745,1344.34            26.71802,-30.695732,1344.34            26.718012,-30.695719,1344.05            26.718004,-30.695707,1343.98            26.718,-30.695694,1344.11            26.717995,-30.69568,1344.04            26.71799,-30.69567,1343.8            26.717987,-30.695656,1343.86            26.717981,-30.695642,1343.93            26.71796,-30.695631,1343.75            26.717964,-30.695616,1343.86            26.717964,-30.6956,1343.83            26.71796,-30.695583,1343.71            26.717957,-30.695564,1343.87            26.71795,-30.695547,1343.71            26.717945,-30.69553,1343.64            26.717941,-30.695515,1343.76            26.717937,-30.695501,1343.87            26.717932,-30.695488,1343.78            26.717924,-30.695475,1343.78            26.717915,-30.695465,1343.61            26.717901,-30.695456,1343.53            26.717892,-30.695444,1343.55            26.71788,-30.695435,1343.56            26.717873,-30.695425,1343.54            26.717861,-30.695414,1343.58            26.717852,-30.695402,1343.69            26.71784,-30.69539,1343.52            26.717829,-30.69538,1343.54            26.717813,-30.695366,1343.54            26.7178,-30.695356,1343.54            26.717787,-30.695349,1343.48            26.717773,-30.695337,1343.44            26.71776,-30.695326,1343.64            26.717745,-30.695314,1343.56            26.717731,-30.695303,1343.53            26.717718,-30.695293,1343.56            26.717705,-30.695286,1343.5            26.71769,-30.695278,1343.47            26.717674,-30.695272,1343.52            26.71766,-30.695269,1343.49            26.717648,-30.69527,1343.55            26.71763,-30.69527,1343.57            26.717613,-30.69527,1343.91            26.717596,-30.695272,1344.02            26.717577,-30.695274,1343.95            26.717562,-30.69528,1343.89            26.717548,-30.695286,1343.99            26.717537,-30.69529,1344.1            26.717524,-30.695292,1344.14            26.71751,-30.695295,1344.09            26.717495,-30.695297,1344.21            26.71748,-30.695301,1344.17            26.717464,-30.695303,1344.15            26.717447,-30.695303,1344.2            26.717432,-30.695301,1344.22            26.71742,-30.695301,1344.18            26.717405,-30.695303,1344.23            26.717392,-30.695305,1344.27            26.717377,-30.695305,1344.18            26.717365,-30.69531,1344.29            26.717352,-30.69531,1344.14            26.717337,-30.695312,1343.98            26.717325,-30.695312,1343.97            26.717318,-30.695312,1343.89            26.717306,-30.695314,1343.63            26.717293,-30.695318,1343.64            26.71728,-30.695326,1343.58            26.717266,-30.69533,1343.69            26.717253,-30.695335,1343.75            26.717241,-30.695341,1343.46            26.71723,-30.695345,1343.69            26.717216,-30.695349,1343.55            26.717203,-30.695353,1343.56            26.71719,-30.695356,1343.55            26.717173,-30.69536,1343.48            26.71716,-30.695368,1343.47            26.717146,-30.695374,1343.36            26.717133,-30.695377,1343.09            26.71712,-30.695383,1343.53            26.717106,-30.695389,1343.23            26.717093,-30.695393,1343.3            26.717077,-30.695396,1343.19            26.717064,-30.6954,1343.1            26.717052,-30.695404,1343.28            26.71704,-30.695414,1342.79            26.717026,-30.695421,1342.88            26.71701,-30.69543,1343.08            26.716997,-30.695438,1342.76            26.716986,-30.69545,1342.85            26.716974,-30.69546,1342.81            26.716965,-30.69547,1342.96            26.716957,-30.695482,1342.79            26.716951,-30.695496,1342.69            26.716942,-30.695509,1343.13            26.716938,-30.695524,1342.59            26.716938,-30.69554,1342.34            26.716942,-30.695557,1342.37            26.71695,-30.69557,1342.41            26.716959,-30.695583,1342.54            26.716967,-30.695599,1341.51            26.716974,-30.695612,1341.36            26.716984,-30.695623,1341.82            26.716991,-30.695635,1341.12            26.717003,-30.695648,1341.75            26.717014,-30.69566,1341.66            26.717026,-30.69567,1342.33            26.717035,-30.69568,1343.25            26.717047,-30.69569,1344.35            26.717058,-30.6957,1344.15            26.717072,-30.695707,1343.43            26.717085,-30.695713,1343            26.7171,-30.695717,1342.82            26.717115,-30.69572,1342.81            26.71713,-30.695724,1342.71            26.717148,-30.695726,1342.51            26.717165,-30.695726,1342.34            26.71718,-30.695724,1342.47            26.717192,-30.695723,1342.42            26.717203,-30.695719,1342.68            26.717216,-30.695717,1342.65            26.717232,-30.695713,1342.76            26.717247,-30.695713,1342.6            26.71726,-30.695713,1342.98            26.717276,-30.695711,1342.96            26.71729,-30.69571,1342.72            26.717306,-30.69571,1342.98            26.717321,-30.695705,1343.45            26.717337,-30.695702,1343.49            26.717354,-30.695702,1343.95            26.717371,-30.695696,1343.05            26.717388,-30.69569,1343.17            26.717403,-30.695686,1342.86            26.71742,-30.695684,1342.71            26.717438,-30.695683,1342.63            26.717455,-30.695683,1343.04            26.717472,-30.695688,1343.58            26.717485,-30.695698,1343.12            26.717495,-30.695711,1342.4            26.717505,-30.695724,1342.97            26.717514,-30.695736,1343.14            26.717522,-30.69575,1343.14            26.717527,-30.695763,1343.61            26.717533,-30.695776,1342.97            26.717533,-30.695791,1342.85            26.717537,-30.695805,1342.92            26.71754,-30.695818,1342.45            26.717548,-30.695831,1342.53            26.717552,-30.695847,1342.34            26.717556,-30.69586,1342.31            26.71756,-30.695875,1341.89            26.717564,-30.69589,1342            26.71757,-30.695904,1342.42            26.717571,-30.695913,1343.6            26.717575,-30.695923,1343.21            26.717579,-30.695936,1342.02            26.717585,-30.695951,1341.89            26.71759,-30.695967,1341.77            26.717594,-30.695982,1341.56            26.717598,-30.695995,1341.2            26.717607,-30.696009,1341.92            26.717623,-30.69602,1342.54            26.717634,-30.69603,1341.96            26.71765,-30.69604,1342.18            26.71766,-30.696049,1342.51            26.717682,-30.696045,1342.74            26.717701,-30.696041,1343.36            26.717718,-30.69604,1343.63            26.717737,-30.696035,1343.74            26.717752,-30.696037,1343.83            26.717766,-30.696043,1343.76            26.71778,-30.69605,1343.86            26.717789,-30.696062,1342.29            26.71779,-30.696075,1341.08            26.717787,-30.696089,1341.27            26.717781,-30.696102,1340.62            26.717775,-30.696115,1340.94            26.71777,-30.696129,1340.91            26.717766,-30.69614,1341.34            26.717762,-30.696154,1341.76            26.71776,-30.696169,1340.19            26.717756,-30.696182,1340.82            26.717754,-30.696198,1340.78            26.71775,-30.69621,1341.51            26.717747,-30.696224,1341.1            26.71774,-30.696238,1341.4            26.717733,-30.696249,1340.81            26.717728,-30.696262,1341.22            26.717718,-30.696274,1341.22            26.717714,-30.696285,1341.19            26.717712,-30.696299,1341.73            26.717718,-30.696312,1341.81            26.717728,-30.696323,1342.59            26.717737,-30.696333,1342.81            26.717745,-30.696344,1342.2            26.717756,-30.696356,1341.72            26.717762,-30.696365,1342.08            26.71777,-30.696379,1341.83            26.71778,-30.696392,1342.2            26.717787,-30.696404,1341.97            26.717794,-30.696417,1341.96            26.717802,-30.696428,1341.94            26.71781,-30.69644,1341.52            26.717815,-30.696453,1341.42            26.717817,-30.696468,1341.98            26.717821,-30.696482,1342.67            26.717825,-30.696495,1342.59            26.717825,-30.696508,1341.96            26.717827,-30.696522,1342.14            26.717827,-30.696537,1341.72            26.717825,-30.69655,1341.69            26.717821,-30.696564,1341.57            26.71782,-30.696577,1341.45            26.717817,-30.69659,1341.89            26.717815,-30.696604,1341.74            26.717815,-30.696617,1341.67            26.717813,-30.696632,1341.79            26.717812,-30.696646,1341.71            26.717808,-30.696657,1342.01            26.717806,-30.69667,1342.08            26.717804,-30.696684,1342.08            26.7178,-30.696695,1342.08            26.717798,-30.696709,1342.09            26.717796,-30.696722,1342.04            26.717794,-30.696735,1341.81            26.717794,-30.696749,1342.06            26.717793,-30.696762,1342.26            26.71779,-30.696775,1342.57            26.717785,-30.696789,1342.24            26.717781,-30.696802,1342.19            26.71778,-30.696815,1342.04            26.717777,-30.696827,1342.4            26.717775,-30.69684,1342.31            26.717775,-30.696854,1342.17            26.717773,-30.696867,1342.32            26.717773,-30.696882,1342.37            26.71777,-30.696896,1342.54            26.717766,-30.696909,1342.54            26.717762,-30.696922,1342.64            26.71776,-30.696936,1342.54            26.71776,-30.69695,1342.49            26.71776,-30.696964,1342.35            26.71776,-30.696978,1342.51            26.71776,-30.696991,1342.79            26.71776,-30.697004,1342.88            26.71776,-30.697018,1342.9            26.71776,-30.697033,1342.77            26.71776,-30.697048,1342.75            26.71776,-30.697063,1342.65            26.717758,-30.697079,1342.74            26.717756,-30.697092,1342.81            26.717752,-30.697105,1342.83            26.71775,-30.69712,1342.86            26.71775,-30.697134,1343.17            26.71775,-30.69715,1343.04            26.71775,-30.697163,1343.15            26.71775,-30.697178,1343.02            26.717752,-30.697193,1342.89            26.71775,-30.697206,1342.98            26.717749,-30.69722,1343.15            26.717747,-30.697235,1343.32            26.717743,-30.697248,1343.26            26.717741,-30.697262,1343.22            26.717737,-30.697275,1343.28            26.71774,-30.697289,1343.32            26.71774,-30.697302,1343.18            26.71774,-30.697317,1343.24            26.717741,-30.69733,1343.22            26.717741,-30.697346,1343.26            26.717741,-30.697361,1343.36            26.717737,-30.697376,1343.41            26.717735,-30.69739,1343.62            26.717731,-30.697405,1343.34            26.717724,-30.697432,1343.26            26.717716,-30.697445,1343.52            26.717712,-30.697458,1343.47            26.717709,-30.697485,1342.62            26.717709,-30.697498,1343.4            26.717705,-30.697527,1342.7            26.717703,-30.697542,1342.88            26.717701,-30.697556,1343.21            26.7177,-30.697582,1343.37            26.717697,-30.697598,1343.9            26.717695,-30.69761,1343.75            26.717693,-30.697624,1343.26            26.717691,-30.697638,1343.11            26.71769,-30.697653,1342.96            26.717686,-30.697666,1343.31            26.717682,-30.697681,1343.2            26.71768,-30.697695,1343.37            26.717678,-30.69771,1343.19            26.717676,-30.697725,1343.42            26.717676,-30.697739,1343.48            26.717674,-30.697754,1343.52            26.717674,-30.69777,1343.5            26.717674,-30.697784,1343.74            26.717672,-30.697798,1343.69            26.717669,-30.697811,1343.89            26.717665,-30.697826,1344            26.71766,-30.697842,1344.03            26.717657,-30.697855,1343.8            26.717655,-30.69787,1343.82            26.717653,-30.697886,1343.72            26.717651,-30.697899,1343.49            26.717653,-30.697914,1343.19            26.717651,-30.697927,1342.86            26.71765,-30.697943,1343.03            26.71765,-30.697958,1342.62            26.717648,-30.697973,1342.97            26.717648,-30.697987,1343.42            26.717646,-30.698002,1343.35            26.717644,-30.698015,1343.49            26.71764,-30.69803,1344            26.717642,-30.698046,1344.1            26.71764,-30.69806,1344.46            26.717636,-30.698074,1344.4            26.717632,-30.69809,1344.39            26.717627,-30.698103,1344.46            26.717623,-30.698116,1344.59            26.717613,-30.698128,1344.87            26.7176,-30.698135,1344.52            26.717585,-30.698137,1344.86            26.717567,-30.698135,1344.79            26.717552,-30.698133,1345.09            26.717535,-30.698132,1345.05            26.71752,-30.69813,1345            26.717505,-30.698128,1345.09            26.71749,-30.698126,1344.99            26.717474,-30.698128,1345.24            26.717457,-30.69813,1345.29            26.71744,-30.69813,1345.13            26.717422,-30.698126,1345.13            26.717407,-30.698122,1345.08            26.717392,-30.69812,1345.18            26.717375,-30.698122,1345.35            26.717358,-30.698124,1345.29            26.71734,-30.698126,1345.46            26.717323,-30.698126,1345.38            26.717304,-30.698126,1345.46            26.717289,-30.698126,1345.6            26.717272,-30.698128,1345.49            26.717255,-30.698128,1345.5            26.717237,-30.698128,1345.45            26.717222,-30.698128,1345.41            26.717205,-30.698128,1345.45            26.71719,-30.698126,1345.25            26.717173,-30.698122,1345.48            26.717155,-30.698118,1345.8            26.717138,-30.698114,1345.78            26.717125,-30.698105,1345.65            26.717112,-30.698095,1345.7            26.717098,-30.698088,1345.7            26.717087,-30.698076,1345.79            26.717077,-30.698065,1346.03            26.71707,-30.698051,1347.04            26.717062,-30.698038,1347.38            26.717058,-30.698023,1347.74            26.717054,-30.69801,1347.45            26.717056,-30.697996,1347.92            26.717062,-30.697983,1347.5            26.717066,-30.69797,1347.14            26.71707,-30.697956,1347.31            26.717072,-30.69794,1347.41            26.717075,-30.697927,1347.03            26.717077,-30.697914,1347.22            26.717077,-30.6979,1347.14            26.71708,-30.697886,1347.38            26.717077,-30.697872,1347.41            26.717073,-30.697859,1347            26.71707,-30.697845,1346.65            26.717072,-30.697832,1346.37            26.71707,-30.697817,1346.37            26.71707,-30.697803,1346.47            26.717062,-30.69779,1346.52            26.71706,-30.697777,1346.38            26.717054,-30.697767,1346.37            26.71705,-30.697754,1346.44            26.717047,-30.697742,1346.33            26.717045,-30.69773,1346.3            26.717043,-30.697716,1346.63            26.717037,-30.697702,1347.25            26.717033,-30.69769,1346.36            26.71703,-30.697676,1346.47            26.717028,-30.69766,1346.35            26.717028,-30.697647,1346.3            26.717026,-30.697632,1346.44            26.717022,-30.697617,1346.09            26.71702,-30.697601,1346.24            26.717018,-30.697586,1346.84            26.717018,-30.69757,1346.65            26.71702,-30.697557,1346.51            26.717018,-30.697542,1345.97            26.717016,-30.697527,1346.19            26.717014,-30.697512,1346.37            26.717014,-30.697496,1346.78            26.717012,-30.697481,1346.72            26.717009,-30.697466,1346.62            26.717007,-30.69745,1346.46            26.717001,-30.697435,1346.31            26.716997,-30.697422,1346.48            26.716995,-30.697407,1346.68            26.716991,-30.69739,1346.55            26.716986,-30.697374,1346.65            26.716978,-30.697361,1346.51            26.71697,-30.697346,1346.36            26.716965,-30.69733,1346.43            26.716957,-30.697317,1346.62            26.71695,-30.697304,1346.66            26.716944,-30.69729,1346.85            26.716936,-30.697277,1346.89            26.71693,-30.697262,1346.89            26.716923,-30.697248,1346.83            26.716915,-30.697235,1346.57            26.716908,-30.697222,1346.49            26.716898,-30.697208,1346.53            26.71689,-30.697195,1346.63            26.71688,-30.697182,1346.54            26.716871,-30.69717,1346.86            26.716864,-30.697157,1346.88            26.716858,-30.697142,1347.14            26.716854,-30.697126,1346.98            26.71685,-30.697111,1347.22            26.716843,-30.697098,1347.42            26.716837,-30.697084,1347.57            26.71683,-30.697073,1347.6            26.716822,-30.69706,1347.62            26.716814,-30.697046,1347.74            26.71681,-30.697033,1347.64            26.716803,-30.697018,1347.56            26.716797,-30.697004,1347.49            26.716793,-30.696991,1347.37            26.716791,-30.696976,1347.33            26.716787,-30.69696,1347.31            26.716784,-30.696945,1347.13            26.71678,-30.69693,1347.27            26.71678,-30.696917,1346.77            26.71678,-30.6969,1346.47            26.716778,-30.696886,1346.3            26.716776,-30.69687,1345.91            26.716772,-30.696856,1345.86            26.716766,-30.69684,1346.01            26.71676,-30.696827,1346.19            26.716757,-30.696812,1346.26            26.716751,-30.696796,1346.82            26.716745,-30.696781,1347.32            26.716738,-30.696766,1348.49            26.71673,-30.696753,1348.56            26.716722,-30.696737,1347.68            26.716717,-30.696724,1347.29            26.716711,-30.69671,1347.5            26.716707,-30.696695,1347.62            26.71671,-30.69668,1347.26            26.716711,-30.696665,1347.74            26.716713,-30.69665,1347.65            26.716715,-30.696634,1347.06            26.716717,-30.69662,1346.59            26.716719,-30.696606,1346.34            26.71672,-30.69659,1346.16            26.716722,-30.696575,1345.87            26.716722,-30.69656,1345.99            26.716722,-30.696545,1346.07            26.716722,-30.69653,1345.83            26.71672,-30.696514,1345.42            26.716722,-30.696497,1345.27            26.716722,-30.696482,1344.93            26.71672,-30.696466,1344.88            26.71672,-30.696451,1345.23            26.716719,-30.696436,1345.51            26.716719,-30.69642,1345.85            26.716719,-30.696405,1346.03            26.716715,-30.69639,1345.12            26.716713,-30.696375,1344.91            26.716711,-30.69636,1344.76            26.71671,-30.696346,1344.45            26.716707,-30.696331,1344.42            26.716705,-30.696316,1344.51            26.716703,-30.6963,1344.59            26.716702,-30.696285,1344.45            26.716698,-30.69627,1344.69            26.716698,-30.696257,1344.72            26.716698,-30.696241,1344.68            26.7167,-30.696224,1344.67            26.7167,-30.69621,1344.43            26.716703,-30.696196,1344.56            26.716705,-30.69618,1344.56            26.71671,-30.696165,1344.84            26.716713,-30.696152,1344.97            26.71672,-30.696138,1345.05            26.71673,-30.696125,1345.31            26.716738,-30.696114,1345.18            26.716745,-30.6961,1345.31            26.71675,-30.696085,1345.01            26.716745,-30.69607,1344.48            26.716738,-30.696054,1344.14            26.716728,-30.696043,1344            26.716715,-30.69603,1344.3            26.716703,-30.69602,1344.05            26.71669,-30.696009,1343.64            26.716677,-30.695997,1343.65            26.716663,-30.695986,1343.53            26.71665,-30.695974,1343.38            26.716639,-30.695963,1343.74            26.716627,-30.695951,1343.53            26.716616,-30.69594,1343.43            26.716602,-30.695929,1343.8            26.716593,-30.695917,1344.01            26.716583,-30.695904,1343.37            26.716574,-30.69589,1343.06            26.716562,-30.695879,1343.32            26.71655,-30.695868,1343.25            26.716541,-30.695856,1343.53            26.71653,-30.695843,1343.38            26.716518,-30.695831,1343.62            26.716509,-30.695818,1343.2            26.7165,-30.695805,1343.15            26.71649,-30.695793,1343.05            26.716478,-30.695782,1342.98            26.71647,-30.695768,1343.27            26.716463,-30.695757,1343.21            26.716457,-30.695742,1343.38            26.716452,-30.69573,1343.31            26.716448,-30.695717,1343.56            26.716444,-30.695702,1343.69            26.71644,-30.695688,1343.48            26.716434,-30.695675,1343.31            26.716429,-30.69566,1343.31            26.716423,-30.695646,1343.38            26.716417,-30.695633,1343.43            26.716412,-30.69562,1343.59            26.716404,-30.695606,1343.92            26.716398,-30.695593,1344.11            26.716393,-30.69558,1343.93            26.716387,-30.695564,1343.89            26.716381,-30.69555,1343.99            26.716375,-30.695538,1343.71            26.71637,-30.695524,1344            26.716364,-30.69551,1343.78            26.716358,-30.695498,1344.12            26.716354,-30.695482,1344.42            26.716352,-30.695469,1344.54            26.71635,-30.695454,1344.47            26.716349,-30.695438,1344.36            26.716345,-30.695425,1344.31            26.716341,-30.695412,1344.24            26.716337,-30.695396,1344.21            26.716333,-30.695383,1344.05            26.71633,-30.69537,1344.03            26.716324,-30.695354,1343.93            26.716318,-30.695341,1343.71            26.716312,-30.695328,1343.66            26.716305,-30.695314,1343.94            26.716301,-30.695301,1344.17            26.716295,-30.695286,1343.96            26.716291,-30.69527,1344.04            26.716286,-30.695257,1343.67            26.716284,-30.695242,1344            26.71628,-30.695229,1344.42            26.716276,-30.695213,1344.39            26.716272,-30.6952,1344.11            26.716269,-30.695187,1343.9            26.716263,-30.695171,1343.72            26.716259,-30.695158,1343.72            26.716257,-30.695143,1343.6            26.716253,-30.695127,1344.16            26.716251,-30.695112,1343.93            26.716246,-30.695097,1344.01            26.716242,-30.695082,1343.61            26.716236,-30.695068,1343.42            26.716232,-30.695055,1343.73            26.716228,-30.69504,1343.78            26.716223,-30.695026,1344.08            26.716219,-30.695013,1344.03            26.716213,-30.694998,1344.01            26.71621,-30.694986,1344.09            26.716208,-30.694971,1344.06            26.716206,-30.694956,1343.88            26.716206,-30.69494,1343.69            26.716208,-30.694925,1343.56            26.71621,-30.69491,1343.28            26.71621,-30.694895,1343.24            26.716213,-30.69488,1343.15            26.716217,-30.694864,1343.07            26.71622,-30.69485,1342.97            26.716225,-30.694836,1343.05            26.716228,-30.69482,1343.11            26.716232,-30.694805,1343.05            26.716234,-30.69479,1342.97            26.716236,-30.694775,1342.87            26.71624,-30.694761,1343.2            26.716244,-30.694746,1343.08            26.716246,-30.694733,1343.01            26.71625,-30.694717,1343.13            26.716253,-30.694702,1343.23            26.716255,-30.694687,1343.37            26.716259,-30.694672,1343.38            26.716265,-30.694658,1343.3            26.71627,-30.694643,1343.17            26.716274,-30.69463,1343.02            26.716278,-30.694614,1342.9            26.71628,-30.6946,1342.95            26.716282,-30.694584,1343.01            26.716286,-30.694569,1342.99            26.716288,-30.694553,1342.85            26.716291,-30.694538,1342.8            26.716293,-30.694525,1342.78            26.716297,-30.69451,1342.54            26.7163,-30.694494,1342.58            26.716301,-30.69448,1342.49            26.716305,-30.694466,1342.58            26.716307,-30.69445,1342.49            26.716309,-30.694437,1342.48            26.71631,-30.694422,1342.45            26.716312,-30.694407,1342.57            26.716316,-30.694391,1342.49            26.716318,-30.694378,1342.63            26.716322,-30.69436,1342.83            26.716322,-30.694345,1342.78            26.716324,-30.69433,1342.69            26.71633,-30.694302,1342.62            26.716331,-30.694286,1342.85            26.716333,-30.69427,1342.87            26.716335,-30.694256,1342.63            26.716335,-30.69424,1342.83            26.71634,-30.694225,1342.83            26.716345,-30.69421,1342.71            26.716347,-30.694195,1342.58            26.716347,-30.69418,1342.59            26.71635,-30.694166,1342.66            26.716352,-30.69415,1342.66            26.716354,-30.694136,1342.76            26.716362,-30.694118,1342.61            26.716362,-30.694101,1342.6            26.716366,-30.694084,1342.48            26.71637,-30.694067,1342.46            26.716373,-30.694052,1342.39            26.716377,-30.694035,1342.36            26.716377,-30.694017,1342.42            26.716377,-30.694002,1342.32            26.71638,-30.693985,1342.25            26.716381,-30.693968,1342.16            26.716381,-30.693953,1342.24            26.716381,-30.693935,1341.96            26.716381,-30.69392,1341.81            26.716383,-30.693903,1341.84            26.716385,-30.693888,1341.49            26.716387,-30.69387,1341.43            26.716393,-30.693855,1341.56            26.716402,-30.69384,1341.89            26.716413,-30.693827,1342            26.716429,-30.693815,1342.14            26.716444,-30.693804,1342.26            26.716461,-30.693796,1342.13            26.716478,-30.693792,1341.99            26.716497,-30.69379,1341.71            26.716516,-30.69379,1342.4            26.716536,-30.693792,1342.31            26.716553,-30.693794,1341.96            26.716572,-30.693796,1341.69            26.716589,-30.6938,1341.63            26.716606,-30.693806,1341.81            26.716623,-30.693811,1341.49            26.71664,-30.693817,1341.4            26.716658,-30.693823,1341.97            26.716675,-30.69383,1341.74            26.71669,-30.693838,1341.62            26.716703,-30.69385,1342.63            26.716715,-30.693861,1342.14            26.716722,-30.693876,1341.38            26.71673,-30.69389,1338.79            26.716736,-30.693905,1338.69            26.716742,-30.69392,1339.01            26.716747,-30.693935,1339.37            26.716753,-30.69395,1339.11            26.716759,-30.693966,1339.49            26.716764,-30.693981,1340.29            26.71677,-30.693995,1340.5            26.71678,-30.694008,1340.93            26.71679,-30.69402,1340.65            26.716797,-30.694033,1340.79            26.716803,-30.694048,1340.87            26.71681,-30.69406,1340.72            26.716818,-30.694073,1341.64            26.716824,-30.694086,1341.36            26.716831,-30.694098,1341.38            26.716839,-30.694107,1341.31            26.71685,-30.694118,1341.51            26.716862,-30.69413,1341.65            26.716875,-30.69414,1341.84            26.716888,-30.694145,1341.47            26.716906,-30.69415,1341.42            26.716923,-30.694155,1341.46            26.71694,-30.694159,1341.6            26.716957,-30.694159,1341.69            26.716974,-30.69416,1341.86            26.71699,-30.694166,1341.83            26.717005,-30.694172,1341.74            26.717018,-30.694176,1341.68            26.717031,-30.694185,1341.81            26.717045,-30.694195,1341.75            26.717056,-30.694204,1341.53            26.717066,-30.694216,1341.83            26.717075,-30.69423,1342            26.717085,-30.69424,1341.37            26.717093,-30.694252,1341.34            26.717102,-30.694263,1341.48            26.717113,-30.694273,1341.56            26.717123,-30.694284,1341.92            26.717133,-30.694298,1341.66            26.717144,-30.69431,1341.63            26.717152,-30.694323,1342.03            26.717161,-30.694334,1341.32            26.717173,-30.694345,1341.12            26.717184,-30.694357,1342.08            26.717194,-30.694368,1341.7            26.717203,-30.69438,1341.5            26.717215,-30.694391,1340.9            26.717224,-30.694403,1341.06            26.717234,-30.694416,1341.29            26.717243,-30.694427,1340.83            26.717253,-30.694439,1340.49            26.717262,-30.69445,1340.51            26.717272,-30.694464,1340.5            26.71728,-30.694475,1340.5            26.717289,-30.694487,1340.83            26.717299,-30.6945,1340.98            26.717308,-30.694511,1340.91            26.717318,-30.694525,1341.95            26.717327,-30.694536,1341.76            26.717337,-30.694548,1342.35            26.717348,-30.694557,1342.4            26.717358,-30.694565,1342.42            26.717367,-30.694576,1342.59            26.71738,-30.694584,1341.89            26.71739,-30.694592,1341.85            26.717402,-30.6946,1341.36            26.717411,-30.694609,1341.82            26.717422,-30.694618,1341.14            26.717432,-30.69463,1341.27            26.717442,-30.694637,1341.53            26.717455,-30.69465,1342.67            26.717464,-30.694662,1342.4            26.717474,-30.694674,1342.78            26.717485,-30.694683,1341.87            26.717497,-30.694695,1342.38            26.717508,-30.694706,1342.46            26.71752,-30.694715,1342.72            26.717531,-30.694727,1342.66            26.717543,-30.694738,1342.2            26.717554,-30.694748,1342.59            26.717566,-30.69476,1343.18            26.717577,-30.69477,1343.01            26.71759,-30.69478,1342.82            26.7176,-30.694792,1342.69            26.717611,-30.694805,1342.49            26.71762,-30.694817,1342.28            26.71763,-30.694828,1342            26.71764,-30.69484,1341.46            26.71765,-30.69485,1341.81            26.71766,-30.694862,1342.34            26.717672,-30.694874,1342.6            26.717684,-30.694883,1342.62            26.717695,-30.694895,1342.51            26.717707,-30.694904,1341.73            26.71772,-30.694912,1341.62            26.717731,-30.694921,1341.38            26.717745,-30.69493,1340.77            26.717756,-30.694939,1341.01            26.71777,-30.694948,1341.56            26.717783,-30.694956,1341.87            26.717796,-30.694963,1342            26.717808,-30.694973,1342.34            26.717821,-30.694984,1342.01            26.717833,-30.694992,1341.75            26.717846,-30.695,1341.21            26.71786,-30.695007,1341.38            26.717873,-30.695015,1342.91            26.717884,-30.695023,1341.16            26.7179,-30.695028,1339.24            26.717915,-30.695036,1340.34            26.717928,-30.695044,1340.68            26.717943,-30.69505,1340.41            26.717957,-30.695059,1340.08            26.71797,-30.695068,1340.11            26.717983,-30.695076,1340.27            26.717995,-30.695086,1340.37            26.718006,-30.695095,1340.69            26.71802,-30.695107,1341.06            26.718029,-30.695116,1342.2            26.718042,-30.695126,1342.46            26.718054,-30.695135,1341.98            26.718065,-30.695145,1340.81            26.718079,-30.695154,1341.45            26.71809,-30.695164,1341.98            26.718102,-30.695173,1341.27            26.718115,-30.695183,1340.87            26.718126,-30.695192,1340.12            26.718136,-30.695204,1340.36            26.718145,-30.695213,1343.89            26.718157,-30.695223,1342.73            26.718168,-30.695234,1343.47            26.718178,-30.695246,1342.65            26.71819,-30.69526,1341.41            26.718199,-30.695269,1339.57            26.71821,-30.69528,1338.37            26.718224,-30.695288,1341.68            26.718237,-30.695297,1340.91            26.718248,-30.695309,1342.34            26.71826,-30.695318,1340.47            26.718273,-30.695328,1340.44            26.718285,-30.695337,1340.21            26.718296,-30.695347,1339.4            26.718307,-30.695356,1340.63            26.718319,-30.695366,1340.55            26.718332,-30.695375,1340.67            26.718344,-30.695385,1340.62            26.718357,-30.695395,1340.79            26.71837,-30.695404,1340.79            26.718382,-30.695414,1341.15            26.718395,-30.695423,1341.07            26.71841,-30.695433,1341.17            26.718422,-30.695442,1340.95            26.718433,-30.695452,1339.92            26.718443,-30.695463,1340.45            26.718456,-30.695473,1341.91            26.718468,-30.695484,1342.15            26.718481,-30.695494,1340.65            26.718493,-30.695503,1340.99            26.718506,-30.695513,1341.94            26.71852,-30.695522,1341.89            26.718534,-30.695532,1342.14            26.718548,-30.695541,1342.13            26.718561,-30.69555,1341.5            26.718575,-30.695559,1340.91            26.718588,-30.695568,1341.45            26.718603,-30.695578,1340.91            26.718616,-30.695587,1340.94            26.71863,-30.695597,1340.93            26.718643,-30.695606,1340.4            26.718657,-30.695618,1340.79            26.71867,-30.695625,1342.12            26.718683,-30.695637,1344.14            26.718695,-30.695648,1344.5            26.718706,-30.695658,1343.56            26.718718,-30.69567,1343.06            26.71873,-30.69568,1343.91            26.718742,-30.695692,1344.06            26.718752,-30.695704,1343.08            26.718761,-30.695717,1342.68            26.718771,-30.69573,1341.1            26.71878,-30.695742,1342.08            26.718786,-30.695755,1342.31            26.718792,-30.69577,1342.32            26.718798,-30.695784,1341.41            26.718803,-30.695797,1339.25            26.718807,-30.69581,1338.57            26.718811,-30.695824,1338.68            26.718813,-30.695839,1339.15            26.718817,-30.695852,1339.33            26.718817,-30.695868,1340.71            26.718817,-30.69588,1340.04            26.718815,-30.695896,1339.19            26.718815,-30.69591,1339.38            26.718815,-30.695927,1339.86            26.718817,-30.695942,1340.6            26.718815,-30.695955,1340.18            26.718815,-30.69597,1339.94            26.718813,-30.695986,1339.78            26.718811,-30.696001,1339.31            26.718811,-30.696014,1339.25            26.718811,-30.69603,1338.33            26.718811,-30.696043,1338.07            26.71881,-30.696058,1338.64            26.718807,-30.696087,1338.65            26.718805,-30.6961,1338.68            26.718803,-30.696114,1338.85            26.7188,-30.696129,1339.63            26.718798,-30.696142,1339.56            26.718796,-30.696157,1339.74            26.718794,-30.69617,1339.99            26.718792,-30.696184,1339.22            26.71879,-30.6962,1338.41            26.718788,-30.696213,1338.73            26.718786,-30.696228,1338.02            26.718784,-30.696243,1338.88            26.718782,-30.696257,1338.68            26.71878,-30.696272,1339.74            26.71878,-30.696285,1339.61            26.71878,-30.6963,1338.77            26.718779,-30.696314,1338.42            26.718775,-30.69633,1338.62            26.718773,-30.696342,1338.82            26.718771,-30.696356,1338.08            26.71877,-30.696371,1337.71            26.718767,-30.696384,1339.05            26.71877,-30.6964,1338.6            26.718767,-30.696415,1339.4            26.718767,-30.696428,1339.88            26.718765,-30.696444,1340.11            26.718765,-30.696459,1340.04            26.718767,-30.696474,1340.05            26.718767,-30.69649,1340.09            26.718767,-30.696505,1340.65            26.718767,-30.69652,1340.32            26.718767,-30.696535,1339.5            26.718767,-30.69655,1340.24            26.71877,-30.696566,1339.84            26.718771,-30.696579,1340.11            26.718771,-30.696594,1340.41            26.718771,-30.696608,1340.25            26.71877,-30.69662,1339.25            26.718771,-30.696636,1338.26            26.718771,-30.696651,1339.13            26.718773,-30.696667,1339.86            26.718773,-30.696682,1340.4            26.718773,-30.696697,1341.06            26.718775,-30.696712,1339.99            26.718775,-30.69673,1340.24            26.718775,-30.696745,1340.14            26.718777,-30.696758,1339.84            26.718779,-30.696774,1340.2            26.71878,-30.696787,1340.46            26.71878,-30.6968,1341.5            26.71878,-30.696814,1341.19            26.718782,-30.696827,1340.9            26.718782,-30.69684,1340.76            26.718782,-30.696856,1340.2            26.718786,-30.696869,1340.42            26.718788,-30.696884,1340.71            26.71879,-30.6969,1341.44            26.718792,-30.696913,1340.78            26.718794,-30.696926,1341.25            26.7188,-30.696941,1341.37            26.718803,-30.696955,1341.06            26.71881,-30.696968,1340.66            26.718813,-30.696983,1340.34            26.718817,-30.696999,1340.79            26.718819,-30.697012,1340.18            26.71882,-30.697027,1340.08            26.718822,-30.697042,1340.76            26.718822,-30.697056,1341.28            26.718824,-30.697071,1340.48            26.718826,-30.697086,1340.04            26.71883,-30.697102,1340.55            26.718832,-30.697119,1340.48            26.718836,-30.697132,1341.04            26.718838,-30.697147,1339.78            26.718843,-30.697163,1341.59            26.71885,-30.697176,1340.83            26.718851,-30.69719,1341.45            26.718853,-30.697203,1340.04            26.718855,-30.697216,1339.59            26.718857,-30.697227,1339.07            26.71886,-30.69724,1340.43            26.718863,-30.697254,1339.54            26.718863,-30.697268,1340.28            26.718866,-30.697283,1340.07            26.718868,-30.697296,1339.52            26.718872,-30.69731,1339.6            26.718874,-30.697325,1339.97            26.718878,-30.697338,1340.37            26.718882,-30.697353,1341.06            26.718884,-30.697367,1341.4            26.718887,-30.697382,1341.59            26.71889,-30.697397,1341.11            26.718893,-30.69741,1340.32            26.718895,-30.697424,1341.12            26.718899,-30.69744,1340.69            26.718903,-30.697454,1340.74            26.718906,-30.697468,1341.17            26.718914,-30.697483,1342.3            26.718922,-30.697496,1341.5            26.718933,-30.697508,1342.49            26.718945,-30.697517,1342.11            26.718958,-30.697527,1342.02            26.718971,-30.697535,1342.83            26.718985,-30.697542,1342.48            26.718998,-30.69755,1343.61            26.719011,-30.69756,1342.49            26.719025,-30.697569,1343.76            26.719036,-30.69758,1343.51            26.719044,-30.697592,1341.74            26.719055,-30.697603,1341.91            26.719067,-30.697615,1342.02            26.719076,-30.697626,1341.72            26.719082,-30.69764,1341.79            26.719088,-30.69765,1341.53            26.71909,-30.697664,1341.34            26.71909,-30.697676,1341.33            26.719093,-30.69769,1341.86            26.719095,-30.697702,1342.03            26.719097,-30.697716,1342            26.7191,-30.69773,1342.3            26.719105,-30.697744,1342.34            26.719107,-30.69776,1342.68            26.719109,-30.697773,1342.73            26.719107,-30.697786,1342.96            26.719105,-30.6978,1343.26            26.7191,-30.697813,1343.58            26.719099,-30.697828,1343.33            26.719097,-30.697842,1342.81            26.719093,-30.697857,1342.96            26.719091,-30.697872,1342.77            26.719091,-30.697887,1342.08            26.719088,-30.6979,1342.73            26.719088,-30.697916,1342.58            26.719088,-30.697931,1343.12            26.71909,-30.697945,1343.93            26.719091,-30.697962,1343.17            26.719093,-30.697977,1342.41            26.719095,-30.698002,1342.95            26.719099,-30.698019,1343.43            26.719105,-30.698032,1342.56            26.71911,-30.698046,1342.83            26.719116,-30.698057,1342.81            26.719124,-30.69807,1342.49            26.719131,-30.698082,1342.59            26.719141,-30.698095,1342.26            26.71915,-30.698107,1342.31            26.719158,-30.698118,1343.82            26.719166,-30.698132,1342.32            26.719173,-30.698145,1340.98            26.71918,-30.698158,1339.98            26.719187,-30.698172,1340.15            26.71919,-30.698185,1340.59            26.719194,-30.6982,1341.19            26.7192,-30.698215,1340.63            26.719204,-30.69823,1340.85            26.719208,-30.698246,1341.46            26.71921,-30.698261,1340.47            26.71921,-30.698277,1340.73            26.71921,-30.698292,1341.01            26.71921,-30.698307,1339.35            26.719212,-30.698322,1339.58            26.719212,-30.698338,1340.14            26.719213,-30.69835,1339.16            26.719217,-30.698366,1339.2            26.719223,-30.69838,1338.29            26.71923,-30.698393,1338.88            26.71924,-30.698408,1339.48            26.71925,-30.698421,1336.83            26.71926,-30.698435,1338.89            26.719269,-30.698448,1338            26.71928,-30.69846,1340.27            26.71929,-30.698473,1340.57            26.719297,-30.698486,1340.45            26.719305,-30.6985,1341.07            26.719315,-30.698515,1340.51            26.71932,-30.698528,1340.52            26.719328,-30.698542,1340            26.719336,-30.698555,1340.48            26.719343,-30.698568,1340.25            26.719349,-30.698584,1339.78            26.719358,-30.698597,1342.29            26.719364,-30.69861,1344.01            26.719372,-30.698626,1345.29            26.719378,-30.698639,1346.93            26.719383,-30.698654,1346.13            26.719393,-30.698668,1342.75            26.7194,-30.69868,1340.5            26.719408,-30.698696,1340.53            26.719418,-30.69871,1341.34            26.719427,-30.69872,1340.77            26.719439,-30.698734,1344.56            26.719448,-30.698746,1345.45            26.71946,-30.69876,1342.78            26.719471,-30.69877,1343.57            26.719484,-30.698782,1342.81            26.719498,-30.698792,1343.12            26.719511,-30.6988,1342.09            26.719528,-30.698807,1343.24            26.719545,-30.698812,1343.32            26.719564,-30.698816,1343.62            26.719582,-30.698818,1344.11            26.719599,-30.69882,1342.84            26.719616,-30.698822,1342.6            26.719635,-30.698822,1345.44            26.719652,-30.698822,1345.41            26.71967,-30.698824,1345.02            26.719687,-30.698828,1343.82            26.719704,-30.698833,1343.59            26.71972,-30.69884,1344.92            26.719736,-30.698847,1343.49            26.719753,-30.698854,1343.6            26.71977,-30.69886,1343.87            26.719788,-30.698864,1343.16            26.719803,-30.69887,1343.1            26.71982,-30.698877,1342.43            26.719835,-30.698881,1344.69            26.71985,-30.698887,1342.7            26.719868,-30.69889,1344.37            26.719885,-30.698896,1342.98            26.719902,-30.698904,1342.31            26.71992,-30.698908,1342.92            26.719936,-30.698914,1343.26            26.719952,-30.69892,1342.98            26.719969,-30.698925,1343.12            26.719984,-30.69893,1342.71            26.720001,-30.698938,1344            26.720015,-30.698948,1343.8            26.72003,-30.698956,1343.24            26.720043,-30.698965,1343.52            26.720057,-30.698973,1343.14            26.72007,-30.69898,1343.36            26.720085,-30.698988,1344.48            26.720098,-30.698997,1342.93            26.720114,-30.699007,1343.99            26.720127,-30.699015,1344.07            26.72014,-30.699024,1343.14            26.720154,-30.699034,1343.19            26.720167,-30.699041,1343.12            26.720182,-30.699049,1342.61            26.720196,-30.699057,1343.24            26.720213,-30.69906,1343.22            26.72023,-30.699066,1343.22            26.720247,-30.699068,1342.94            26.720264,-30.699074,1342.94            26.72028,-30.69908,1342.88            26.720297,-30.699085,1343.1            26.720312,-30.69909,1343.18            26.72033,-30.699095,1343.65            26.720345,-30.6991,1343.69            26.72036,-30.699108,1343.73            26.720375,-30.699116,1343.44            26.72039,-30.699123,1345.83            26.720404,-30.699131,1344.4            26.720419,-30.69914,1346.86            26.720434,-30.699146,1344.97            26.720448,-30.699154,1345.21            26.720465,-30.699158,1345.05            26.72048,-30.699162,1345.01            26.720495,-30.699162,1345.75            26.720512,-30.699162,1345.59            26.72053,-30.699163,1344.43            26.720545,-30.699163,1344.05            26.720562,-30.699165,1343.43            26.720577,-30.699163,1343.5            26.720592,-30.699163,1343.65            26.720606,-30.699162,1343.3            26.720621,-30.699162,1343.56            26.720638,-30.699162,1343.32            26.720654,-30.69916,1343.36            26.72067,-30.69916,1343.22            26.720686,-30.699158,1343.27            26.720703,-30.699158,1343.07            26.72072,-30.699158,1344.15            26.720737,-30.699158,1343.12            26.720753,-30.699156,1343.04            26.72077,-30.69915,1343.07            26.720783,-30.69914,1343.18            26.720797,-30.699131,1342.86            26.720808,-30.69912,1342.71            26.72082,-30.699108,1342.37            26.720827,-30.699097,1342.27            26.720835,-30.699083,1342.67            26.720842,-30.69907,1343.27            26.72085,-30.699057,1343.3            26.720854,-30.699043,1342.99            26.72086,-30.69903,1342.9            26.72086,-30.699015,1342.8            26.720861,-30.699001,1342.82            26.720863,-30.698986,1342.6            26.720865,-30.698973,1342.28            26.720865,-30.698957,1342.33            26.720865,-30.698942,1342.26            26.720865,-30.698929,1342.12            26.720867,-30.698914,1342.19            26.72087,-30.698898,1342.15            26.720867,-30.698883,1342.14            26.72087,-30.698868,1342.15            26.72087,-30.698853,1342.13            26.72087,-30.698837,1341.97            26.720867,-30.698822,1342.1            26.720867,-30.698807,1342.31            26.720865,-30.698792,1342.65            26.720865,-30.698778,1342.59            26.720865,-30.698763,1342.64            26.720865,-30.69875,1342.83            26.720865,-30.698734,1342.59            26.720863,-30.698719,1342.37            26.720861,-30.698704,1342.18            26.720856,-30.698689,1342.18            26.720852,-30.698675,1342.21            26.720846,-30.69866,1343            26.720842,-30.698645,1342.45            26.720839,-30.698631,1342.67            26.72083,-30.698616,1342.22            26.720825,-30.698603,1342.17            26.72082,-30.698587,1342.18            26.720814,-30.698574,1342.05            26.720812,-30.698559,1342.04            26.720806,-30.698545,1342.16            26.720802,-30.69853,1342.09            26.720798,-30.698517,1342.09            26.720797,-30.698502,1342.19            26.720795,-30.698486,1342.23            26.720797,-30.698473,1342.32            26.720798,-30.698458,1342.42            26.7208,-30.698444,1342.34            26.720808,-30.69843,1342            26.720818,-30.698418,1341.97            26.72083,-30.698408,1342.37            26.720848,-30.698406,1342.41            26.720865,-30.69841,1343.69            26.720879,-30.69842,1343.54            26.720886,-30.698433,1341.11            26.720886,-30.698446,1340.37            26.720886,-30.69846,1340.35            26.720886,-30.698473,1340.56            26.720886,-30.698486,1340.46            26.720888,-30.6985,1340.78            26.72089,-30.698513,1341.16            26.720892,-30.698526,1341.7            26.720894,-30.69854,1340.29            26.720898,-30.698553,1340.68            26.720905,-30.698566,1341.37            26.72091,-30.698582,1340            26.720913,-30.698595,1339.94            26.720917,-30.698608,1339.89            26.720919,-30.698622,1340.33            26.720922,-30.698637,1340.61            26.720924,-30.69865,1340.69            26.72093,-30.698664,1340.87            26.720934,-30.698679,1341.18            26.72094,-30.698692,1341.45            26.720947,-30.698706,1341.21            26.720953,-30.698719,1340.91            26.720959,-30.698732,1340.98            26.720966,-30.698744,1342.15            26.720974,-30.69876,1344.17            26.720982,-30.698772,1342.75            26.72099,-30.698786,1341.27            26.720995,-30.6988,1341.2            26.721,-30.698812,1341.1            26.721006,-30.698826,1341.07            26.721012,-30.698841,1341.55            26.721018,-30.698856,1344.81            26.721024,-30.69887,1343.53            26.721027,-30.698885,1341.6            26.721031,-30.6989,1342.08            26.721035,-30.698914,1341.88            26.72104,-30.698929,1341.32            26.721045,-30.698944,1341.2            26.721048,-30.698957,1340.83            26.721052,-30.698973,1341.73            26.721056,-30.698986,1341.23            26.721062,-30.699,1340.46            26.721064,-30.699013,1340.76            26.72107,-30.699028,1340.78            26.721075,-30.699041,1340.83            26.721079,-30.699057,1340.96            26.721083,-30.699072,1340.9            26.721087,-30.699085,1340.47            26.721092,-30.6991,1339.14            26.721098,-30.699114,1339.3            26.721104,-30.69913,1340.83            26.721107,-30.699142,1340.74            26.721111,-30.699156,1341.25            26.721115,-30.699171,1340            26.721119,-30.699186,1339.65            26.721123,-30.699202,1339.19            26.721128,-30.699217,1340.81            26.721132,-30.69923,1339.81            26.721138,-30.699244,1340.15            26.721144,-30.699259,1341.89            26.721151,-30.699272,1341.76            26.721157,-30.699287,1341.15            26.721163,-30.6993,1340.23            26.721169,-30.699316,1340.73            26.721178,-30.69933,1340.12            26.721188,-30.699343,1341.23            26.721197,-30.699356,1340.73            26.721209,-30.69937,1340.88            26.721222,-30.69938,1341.63            26.721237,-30.699389,1344.62            26.721252,-30.699396,1342.38            26.72127,-30.6994,1342.35            26.721287,-30.699404,1342.71            26.721302,-30.699411,1342.37            26.72132,-30.699419,1341.35            26.721334,-30.699429,1341.44            26.72135,-30.699434,1341.64            26.721367,-30.69944,1342.17            26.721384,-30.699446,1341.46            26.721401,-30.69945,1343.81            26.721418,-30.699457,1345.51            26.721434,-30.699465,1345.98            26.72145,-30.69947,1346.87            26.721466,-30.699478,1346.23            26.721481,-30.699488,1343.58            26.721497,-30.699497,1344.57            26.72151,-30.699507,1344.46            26.721525,-30.699516,1343.99            26.721539,-30.699524,1342.07            26.72155,-30.699535,1341.27            26.721561,-30.699547,1342.73            26.721573,-30.699558,1342.35            26.721584,-30.69957,1341            26.721594,-30.699581,1340.91            26.721605,-30.69959,1341.27            26.721617,-30.699602,1342.63            26.721624,-30.699614,1344.46            26.721636,-30.699627,1343.01            26.721647,-30.699638,1344.58            26.721657,-30.69965,1342.81            26.721666,-30.699663,1343.27            26.721678,-30.699675,1342.87            26.721687,-30.699686,1344.17            26.721699,-30.699697,1344.95            26.721708,-30.69971,1343.1            26.721718,-30.699722,1342.36            26.721725,-30.699734,1342.08            26.721735,-30.699747,1342.53            26.721745,-30.699759,1342.9            26.721756,-30.69977,1342.65            26.721767,-30.699781,1342.36            26.721777,-30.699795,1342            26.721788,-30.699806,1341.88            26.721798,-30.69982,1341.97            26.721807,-30.699831,1342.03            26.721819,-30.699842,1341.96            26.721828,-30.699856,1341.66            26.721838,-30.699867,1340.89            26.721848,-30.699877,1341.5            26.721859,-30.69989,1342.46            26.721869,-30.699902,1342.38            26.721878,-30.699915,1342.7            26.721888,-30.699928,1342.27            26.721897,-30.69994,1341.79            26.721909,-30.699953,1341.73            26.721918,-30.699965,1341.18            26.72193,-30.699974,1340.58            26.721941,-30.699986,1341.95            26.721952,-30.699997,1342.06            26.721964,-30.700008,1341.69            26.721977,-30.700018,1342.27            26.721989,-30.700027,1344.31            26.722,-30.700039,1344.97            26.722013,-30.700047,1344.95            26.722027,-30.700056,1345.06            26.722038,-30.700066,1343.5            26.722052,-30.700077,1345.02            26.722063,-30.700089,1346.11            26.722075,-30.7001,1342.85            26.722082,-30.700113,1341.45            26.72209,-30.700127,1340.37            26.722097,-30.70014,1341.53            26.722103,-30.700153,1342.62            26.722107,-30.700167,1342.18            26.722113,-30.70018,1341.67            26.722118,-30.700193,1340.96            26.722122,-30.700207,1340.95            26.722126,-30.70022,1339.09            26.72213,-30.700233,1337.12            26.722134,-30.700247,1338.51            26.722137,-30.70026,1339.16            26.722141,-30.700274,1339.47            26.722145,-30.700287,1340.27            26.722147,-30.7003,1341.61            26.722149,-30.700315,1341.69            26.722153,-30.700329,1340.82            26.722157,-30.700342,1341.4            26.72216,-30.700357,1345.16            26.722164,-30.70037,1342.78            26.722168,-30.700384,1342.14            26.722172,-30.700397,1342.92            26.722178,-30.70041,1343.76            26.722183,-30.700424,1342.71            26.722189,-30.700438,1342.49            26.722193,-30.700453,1340.96            26.722197,-30.700466,1340.68            26.722202,-30.70048,1340.64            26.722206,-30.700493,1341.46            26.722208,-30.700508,1342.69            26.722212,-30.700521,1341.52            26.722216,-30.700537,1341.81            26.722218,-30.700552,1341.95            26.722221,-30.700565,1342.28            26.722225,-30.70058,1342.06            26.72223,-30.700592,1341.88            26.722235,-30.700605,1343.44            26.722239,-30.70062,1341.17            26.722242,-30.700634,1341.69            26.722244,-30.70065,1341.02            26.722248,-30.700663,1341.32            26.72225,-30.700678,1340.94            26.722252,-30.700691,1341.95            26.722252,-30.700706,1341.9            26.722252,-30.700722,1340.89            26.722256,-30.700735,1340.79            26.722258,-30.70075,1341.25            26.72226,-30.700764,1342.26            26.722263,-30.700779,1342.29            26.72227,-30.700792,1342.23            26.722273,-30.700806,1342.81            26.722277,-30.700819,1343.12            26.722279,-30.700832,1342.65            26.722282,-30.700846,1342.45            26.722286,-30.700861,1341.77            26.722288,-30.700874,1340.33            26.72229,-30.70089,1340.25            26.722292,-30.700905,1340.72            26.722294,-30.700918,1341.92            26.722298,-30.700933,1341.97            26.722303,-30.700947,1342.09            26.722307,-30.70096,1342.07            26.722311,-30.700975,1340.82            26.722315,-30.700989,1341.36            26.72232,-30.701002,1341.64            26.722324,-30.701017,1340.93            26.72233,-30.70103,1341.66            26.722334,-30.701046,1342.25            26.722336,-30.70106,1341.35            26.72234,-30.701075,1340.78            26.722343,-30.70109,1341.84            26.722347,-30.701103,1342.01            26.722351,-30.701118,1342.86            26.722355,-30.701132,1342.69            26.72236,-30.701147,1342.64            26.722366,-30.70116,1341.08            26.722374,-30.701176,1343.88            26.72238,-30.701189,1343.53            26.722387,-30.701202,1343.89            26.722393,-30.701218,1342.37            26.7224,-30.701231,1342.4            26.72241,-30.701244,1342.23            26.72242,-30.701258,1343.29            26.72243,-30.701271,1345.03            26.722437,-30.701283,1341.87            26.722445,-30.701296,1342.06            26.722454,-30.70131,1341.87            26.722462,-30.701323,1341.75            26.722471,-30.701336,1341.9            26.72248,-30.70135,1342.03            26.72249,-30.70136,1342.25            26.722498,-30.701374,1342.18            26.722507,-30.701387,1341.4            26.722515,-30.7014,1341.96            26.722523,-30.701414,1341.94            26.72253,-30.701427,1342.74            26.722538,-30.70144,1342.12            26.722548,-30.701452,1342.21            26.722557,-30.701464,1342.27            26.722567,-30.701477,1342.01            26.722576,-30.701488,1342.46            26.722588,-30.7015,1342.16            26.722599,-30.701511,1342.82            26.72261,-30.70152,1343.33            26.72262,-30.701532,1345.53            26.72263,-30.701546,1342.02            26.722637,-30.70156,1341.58            26.722645,-30.701572,1341.92            26.722652,-30.701586,1340.4            26.72266,-30.7016,1341.06            26.722666,-30.701612,1341.6            26.722673,-30.701626,1341.27            26.722681,-30.70164,1342.27            26.722689,-30.701653,1341.96            26.722698,-30.701664,1343.1            26.722706,-30.70168,1342.68            26.722713,-30.701693,1342.29            26.722721,-30.701706,1342.91            26.722727,-30.701721,1341.75            26.722734,-30.701735,1341.56            26.722742,-30.701748,1341.09            26.722748,-30.701763,1341.75            26.722754,-30.701777,1341.48            26.722757,-30.701792,1342.24            26.722763,-30.701805,1340.83            26.722767,-30.70182,1341.7            26.722773,-30.701836,1340.84            26.722776,-30.701849,1341.52            26.722782,-30.701864,1340.62            26.722786,-30.701878,1341.55            26.722794,-30.701889,1341.38            26.722801,-30.701902,1341.53            26.722805,-30.701916,1340.17            26.72281,-30.70193,1341.79            26.722816,-30.701944,1340.79            26.72282,-30.701958,1339.83            26.722826,-30.70197,1339.92            26.722832,-30.701982,1338.73            26.722836,-30.701998,1339.54            26.722841,-30.702011,1341.07            26.722843,-30.702024,1341.51            26.722845,-30.70204,1341.3            26.72285,-30.702053,1341.39            26.722858,-30.702066,1341.57            26.722864,-30.70208,1341.6            26.72287,-30.702093,1342.02            26.722876,-30.702106,1341.5            26.722883,-30.702122,1341.47            26.72289,-30.702133,1343.04            26.722898,-30.702147,1342.35            26.722906,-30.70216,1342.18            26.72291,-30.702173,1342.2            26.722914,-30.702187,1342.13            26.722918,-30.702202,1342.28            26.722921,-30.702215,1342.2            26.722925,-30.70223,1342.34            26.72293,-30.702246,1341.99            26.722937,-30.70226,1342.2            26.722942,-30.702272,1341.96            26.722948,-30.702286,1341.7            26.722956,-30.7023,1341.68            26.722961,-30.702314,1342.1            26.722965,-30.702328,1342.19            26.72297,-30.702343,1341.73            26.722973,-30.702356,1339.6            26.722977,-30.70237,1340.73            26.722982,-30.702383,1343.72            26.722988,-30.702396,1342.93            26.722992,-30.70241,1343.75            26.722996,-30.702425,1342.26            26.723001,-30.702438,1342.32            26.723005,-30.702452,1341.73            26.723007,-30.702465,1341.76            26.723011,-30.702477,1341.07            26.723013,-30.70249,1340.44            26.723015,-30.702503,1342.98            26.723013,-30.702517,1340.54            26.723013,-30.702532,1341.8            26.723011,-30.702545,1343.23            26.723007,-30.70256,1342.6            26.723005,-30.702574,1342.56            26.723,-30.702587,1341.96            26.722994,-30.702599,1341.91            26.72299,-30.702612,1341.92            26.722982,-30.702625,1343.01            26.722973,-30.702637,1342.69            26.722963,-30.702646,1343.2            26.722952,-30.702658,1343.6            26.722939,-30.702665,1343.65            26.722923,-30.702673,1343.52            26.722908,-30.70268,1343.56            26.722893,-30.702684,1343.83            26.722876,-30.70269,1344.33            26.722843,-30.702698,1343.57            26.722809,-30.7027,1343.59            26.722794,-30.702698,1343.58            26.722776,-30.702696,1343.54            26.72276,-30.702696,1343.26            26.72274,-30.702694,1343.19            26.722723,-30.70269,1343            26.72269,-30.702679,1342.72            26.722675,-30.70267,1342.91            26.72266,-30.702667,1343.69            26.722643,-30.702663,1343.44            26.722628,-30.702656,1343.24            26.722618,-30.702646,1343.73            26.722599,-30.702639,1343.25            26.722586,-30.70263,1343.31            26.72258,-30.702612,1343.21            26.722574,-30.702597,1344.24            26.722569,-30.702581,1345.83            26.722563,-30.702566,1344.94            26.722559,-30.70255,1344.01            26.722553,-30.702538,1344.24            26.722546,-30.702524,1343.75            26.72254,-30.70251,1343.09            26.722534,-30.702497,1343.44            26.722528,-30.702482,1343.55            26.722525,-30.702467,1343.49            26.72252,-30.702452,1343.61            26.722517,-30.702436,1343.42            26.722513,-30.702423,1343.65            26.72251,-30.702408,1344.03            26.722504,-30.702393,1344.12            26.7225,-30.70238,1343.82            26.722494,-30.702364,1342.83            26.72249,-30.70235,1343.1            26.722486,-30.702337,1342.82            26.72248,-30.702324,1342.45            26.722475,-30.70231,1342.38            26.722467,-30.702297,1342.24            26.722462,-30.702282,1342.75            26.722456,-30.702267,1342.77            26.722448,-30.702253,1343.14            26.722443,-30.70224,1343.07            26.722439,-30.702225,1343.21            26.722431,-30.702211,1343.64            26.722425,-30.702196,1343.84            26.722422,-30.702183,1344.06            26.722414,-30.70217,1343.1            26.722408,-30.702156,1343.07            26.7224,-30.70214,1342.85            26.722393,-30.702127,1342.77            26.722385,-30.702114,1342.99            26.722378,-30.7021,1342.96            26.722368,-30.702087,1342.73            26.72236,-30.702074,1342.14            26.722353,-30.702063,1342.94            26.722343,-30.70205,1343.92            26.722334,-30.702036,1344.32            26.722324,-30.702023,1343.75            26.722317,-30.702011,1342.7            26.722311,-30.701998,1343.37            26.722303,-30.701986,1343.09            26.722296,-30.701973,1344.23            26.72229,-30.70196,1344.14            26.722284,-30.701946,1345            26.722277,-30.701931,1344.82            26.722271,-30.701918,1344.16            26.722263,-30.701904,1343.78            26.722256,-30.701889,1344.07            26.722248,-30.701876,1343.92            26.722242,-30.70186,1343.46            26.722235,-30.701847,1343.41            26.722229,-30.701832,1343            26.722225,-30.701817,1342.59            26.72222,-30.701801,1342.43            26.722212,-30.701786,1342.18            26.722204,-30.701773,1341.87            26.722197,-30.70176,1341.85            26.722189,-30.701746,1341.75            26.722183,-30.70173,1341.8            26.722172,-30.701717,1341.78            26.722164,-30.701704,1341.72            26.722155,-30.70169,1341.69            26.722147,-30.701677,1342.12            26.72214,-30.701664,1342.37            26.72213,-30.70165,1341.97            26.722118,-30.701637,1342.11            26.722109,-30.701624,1342.99            26.7221,-30.70161,1342.84            26.722092,-30.701597,1342.62            26.722082,-30.701582,1342.66            26.722075,-30.701569,1342.45            26.722065,-30.701553,1342.22            26.722055,-30.701538,1342.15            26.722048,-30.701525,1342.95            26.72204,-30.701511,1343.42            26.722036,-30.701496,1341.91            26.722029,-30.70148,1342.41            26.722021,-30.701468,1342.59            26.722013,-30.701454,1342.85            26.722004,-30.70144,1342.81            26.721996,-30.701426,1342.36            26.721989,-30.701412,1342.52            26.72198,-30.701399,1342.61            26.721973,-30.701385,1342.48            26.721968,-30.701372,1342.68            26.721962,-30.701357,1342.96            26.721956,-30.701344,1342.74            26.721952,-30.701328,1343            26.721947,-30.701313,1342.01            26.72194,-30.701298,1342.32            26.721935,-30.701283,1342.58            26.72193,-30.701265,1342.75            26.72192,-30.70125,1341.84            26.721909,-30.701237,1341.88            26.721897,-30.701223,1341.39            26.721888,-30.70121,1341.79            26.72188,-30.701197,1340.98            26.721874,-30.701181,1341.09            26.721867,-30.701168,1341.5            26.72186,-30.701153,1341.68            26.721855,-30.701138,1341.74            26.72185,-30.701124,1341.6            26.721846,-30.701109,1341.67            26.721838,-30.701096,1341.69            26.721834,-30.70108,1341.49            26.721828,-30.701067,1341.89            26.721825,-30.701052,1342.15            26.721819,-30.701038,1342.02            26.721815,-30.701023,1341.91            26.721811,-30.70101,1341.67            26.72181,-30.700994,1341.36            26.721806,-30.70098,1341.18            26.721804,-30.700964,1340.99            26.7218,-30.700949,1341.46            26.721796,-30.700933,1341.08            26.721794,-30.700918,1341.05            26.72179,-30.700905,1340.78            26.721785,-30.70089,1340.92            26.721779,-30.700874,1340.78            26.721777,-30.700861,1340.73            26.721773,-30.700846,1341.27            26.721767,-30.700829,1341.53            26.721766,-30.700815,1341.55            26.721764,-30.7008,1341.71            26.72176,-30.700785,1341.55            26.721758,-30.70077,1341.09            26.721756,-30.700754,1340.98            26.721754,-30.700739,1340.72            26.72175,-30.700724,1340.84            26.72175,-30.700708,1340.73            26.721748,-30.700693,1340.55            26.721745,-30.700676,1340.32            26.72174,-30.70066,1340.27            26.721739,-30.700645,1340.07            26.721735,-30.700632,1340.19            26.721731,-30.700617,1340.23            26.721727,-30.700602,1339.95            26.721724,-30.700586,1339.8            26.72172,-30.700571,1340.11            26.721716,-30.700556,1340.22            26.721712,-30.70054,1340.16            26.721708,-30.700525,1340.04            26.721704,-30.700512,1339.95            26.721703,-30.700497,1339.47            26.7217,-30.700481,1339.25            26.7217,-30.700464,1339.21            26.7217,-30.700449,1339.75            26.721699,-30.700432,1340.11            26.721699,-30.700417,1340.89            26.721699,-30.700401,1341.1            26.721699,-30.700386,1340.71            26.721697,-30.70037,1340.25            26.721695,-30.700354,1340.23            26.721691,-30.700338,1340.01            26.721687,-30.700325,1340.27            26.721684,-30.70031,1340.25            26.72168,-30.700294,1340.5            26.721676,-30.70028,1340.71            26.72167,-30.700266,1340.72            26.72166,-30.70025,1340.77            26.72165,-30.70024,1341.02            26.721636,-30.700228,1340.83            26.721622,-30.700216,1340.79            26.72161,-30.700207,1340.93            26.721594,-30.7002,1340.85            26.721579,-30.70019,1341.21            26.721561,-30.700186,1340.4            26.721544,-30.700182,1339.78            26.721527,-30.700176,1340.21            26.72151,-30.700172,1339.86            26.721493,-30.700172,1339.97            26.721474,-30.700176,1339.52            26.72146,-30.700184,1338.82            26.721449,-30.700195,1339.02            26.72144,-30.700209,1338.33            26.721428,-30.70022,1337.22            26.72142,-30.700233,1335.78            26.721415,-30.700245,1336.27            26.721413,-30.70026,1337.75            26.721413,-30.700275,1335.75            26.721413,-30.700289,1338.4            26.721418,-30.700304,1337.17            26.721424,-30.700317,1336.02            26.721434,-30.700329,1335.56            26.721445,-30.70034,1337.21            26.72146,-30.700348,1337.74            26.721478,-30.700352,1339.26            26.721495,-30.700354,1344.1            26.721512,-30.70036,1342.48            26.721529,-30.700365,1342.88            26.721544,-30.700375,1344.27            26.721558,-30.700382,1346.13            26.721571,-30.700392,1344.65            26.721582,-30.700405,1340.62            26.721592,-30.700417,1339.98            26.7216,-30.700432,1337.32            26.721605,-30.700445,1337.14            26.721605,-30.70046,1335.47            26.721605,-30.700476,1332.45            26.721603,-30.70049,1331.9            26.721603,-30.700504,1334.73            26.721605,-30.70052,1334.71            26.721607,-30.700533,1335.02            26.72161,-30.700546,1334.12            26.721605,-30.700562,1333.17            26.721601,-30.700575,1333.16            26.7216,-30.70059,1334.02            26.721594,-30.700605,1335.37            26.72159,-30.700619,1335.17            26.721584,-30.700634,1334.28            26.721579,-30.700647,1333.49            26.721575,-30.70066,1333.92            26.72157,-30.700676,1336.03            26.721565,-30.700691,1336.98            26.721563,-30.700706,1335.64            26.721561,-30.700722,1336.13            26.721561,-30.700735,1336.72            26.72156,-30.70075,1338.04            26.721561,-30.700766,1338.08            26.72156,-30.700779,1338.74            26.721563,-30.700792,1338.28            26.72157,-30.700806,1338.3            26.721573,-30.700819,1337.21            26.721577,-30.700834,1336.71            26.721582,-30.70085,1337.67            26.721586,-30.700863,1338.65            26.721592,-30.700878,1339.01            26.721596,-30.700891,1335.86            26.7216,-30.700907,1338.3            26.721603,-30.70092,1338.65            26.72161,-30.700935,1338.24            26.721617,-30.700949,1339.33            26.721622,-30.700962,1338.97            26.721628,-30.700977,1336.38            26.721634,-30.700993,1336.16            26.721638,-30.701008,1335.49            26.721643,-30.701023,1334.88            26.72165,-30.701038,1336.14            26.721657,-30.701052,1337.41            26.721664,-30.701067,1337.23            26.721672,-30.701078,1337.31            26.721682,-30.701092,1337.49            26.72169,-30.701103,1336.99            26.721697,-30.701117,1337.24            26.721706,-30.70113,1337.41            26.721718,-30.701143,1337.76            26.721727,-30.701157,1336.33            26.721735,-30.70117,1337.79            26.721745,-30.701183,1337.17            26.721756,-30.701195,1337.93            26.721764,-30.701208,1338.81            26.721773,-30.701221,1337.6            26.721783,-30.701235,1336.86            26.721794,-30.701248,1336.09            26.721804,-30.701263,1336.31            26.721813,-30.701277,1337.85            26.72182,-30.701292,1338.48            26.721828,-30.701305,1339.18            26.721836,-30.70132,1339.03            26.721844,-30.701334,1336.48            26.721853,-30.70135,1336.5            26.721859,-30.701363,1335.62            26.721867,-30.701376,1335.29            26.721876,-30.70139,1337.02            26.721884,-30.701403,1337.39            26.72189,-30.701416,1337.32            26.721897,-30.70143,1336.67            26.721903,-30.701445,1336.71            26.721909,-30.701458,1336.9            26.721916,-30.701473,1337            26.721922,-30.701487,1336.15            26.721928,-30.701502,1335.38            26.721935,-30.701515,1336.08            26.721943,-30.70153,1336.43            26.721949,-30.701546,1336.73            26.721954,-30.70156,1337.34            26.721962,-30.701572,1337.5            26.72197,-30.701586,1336.83            26.721977,-30.7016,1337.11            26.721985,-30.701614,1336.72            26.721992,-30.701626,1336.73            26.722,-30.701641,1337.5            26.722008,-30.701654,1336.61            26.722017,-30.701666,1339.14            26.722027,-30.70168,1338.06            26.722036,-30.701693,1339.56            26.722042,-30.701706,1338.74            26.72205,-30.701721,1337.8            26.722055,-30.701735,1337.45            26.722061,-30.70175,1336.88            26.722067,-30.701765,1338.02            26.722075,-30.70178,1338.3            26.72208,-30.701794,1337.64            26.722088,-30.701809,1338.03            26.722095,-30.701822,1338.12            26.722105,-30.701836,1337.61            26.722115,-30.701849,1336.71            26.722124,-30.701862,1336.59            26.722132,-30.701876,1335.46            26.72214,-30.701889,1337.51            26.722149,-30.701902,1337.11            26.722158,-30.701916,1336.59            26.722168,-30.70193,1337.77            26.722176,-30.701942,1337.21            26.722181,-30.701956,1337.01            26.72219,-30.70197,1337.44            26.722197,-30.701982,1337.47            26.722204,-30.701998,1339.02            26.722212,-30.702013,1337.32            26.722218,-30.702026,1339.4            26.722225,-30.70204,1339.68            26.722233,-30.702053,1338.81            26.72224,-30.702068,1336.86            26.722246,-30.70208,1336.94            26.722254,-30.702095,1337.62            26.722261,-30.702108,1337.82            26.72227,-30.702122,1338.68            26.722277,-30.702135,1337.11            26.722282,-30.70215,1337.26            26.72229,-30.702164,1337.69            26.722296,-30.702177,1336.6            26.722301,-30.70219,1337.63            26.722307,-30.702204,1338.46            26.722313,-30.702219,1337.23            26.722315,-30.70223,1336.36            26.72232,-30.702244,1335.47            26.722324,-30.702257,1336.85            26.72233,-30.70227,1337.09            26.722336,-30.702286,1338.86            26.72234,-30.702301,1337.16            26.722343,-30.702316,1335.99            26.722345,-30.702333,1336.21            26.72235,-30.702349,1337.3            26.722357,-30.702362,1337.32            26.722363,-30.702377,1336.79            26.72237,-30.702394,1336.66            26.722378,-30.70241,1337.09            26.722385,-30.702425,1337.23            26.722393,-30.702442,1338.3            26.722403,-30.702456,1338.82            26.722412,-30.70247,1338.42            26.722424,-30.702484,1339.08            26.722435,-30.7025,1338.4            26.722445,-30.702509,1338.07            26.722452,-30.702518,1339.59            26.72246,-30.702528,1339.48            26.72247,-30.70254,1337.86            26.722477,-30.702553,1336.85            26.722486,-30.702562,1337.69            26.72249,-30.702574,1338.63            26.722498,-30.702583,1338.41            26.722506,-30.70259,1340.06            26.72251,-30.702602,1339.47            26.722513,-30.702612,1338.76            26.722519,-30.702623,1339.22            26.722527,-30.70263,1339.56            26.722532,-30.70264,1338.78            26.722538,-30.702652,1336.93            26.722544,-30.702663,1337.35            26.722553,-30.702675,1338.33            26.722559,-30.702688,1336.87            26.722567,-30.7027,1339.67            26.722578,-30.702711,1340.53            26.722591,-30.702723,1341.41            26.722603,-30.702736,1338.43            26.722612,-30.702747,1337.38            26.722624,-30.702759,1338.38            26.722633,-30.70277,1338.64            26.722643,-30.702782,1337.17            26.722654,-30.702793,1335.71            26.722662,-30.702806,1335.46            26.722672,-30.70282,1334.31            26.72268,-30.702833,1337.47            26.722689,-30.702847,1338.33            26.722696,-30.70286,1338.81            26.722704,-30.702875,1337.06            26.722712,-30.702888,1337.67            26.72272,-30.702904,1340.9            26.722725,-30.702919,1338.22            26.722725,-30.702934,1339.44            26.72272,-30.702948,1339.57            26.722704,-30.702955,1339.94            26.722685,-30.70296,1339.84            26.722666,-30.70296,1339.2            26.722645,-30.70296,1338.9            26.722628,-30.702955,1339.22            26.72261,-30.702953,1339.31            26.722595,-30.702944,1339.15            26.722578,-30.702936,1339.86            26.722563,-30.702929,1339.03            26.722548,-30.70292,1339.96            26.722532,-30.702911,1339.94            26.722517,-30.702904,1339.92            26.722502,-30.702896,1339.32            26.722486,-30.702888,1339.38            26.722471,-30.702877,1339.49            26.722458,-30.702868,1339.47            26.722446,-30.702856,1339.45            26.722435,-30.702845,1339.94            26.722425,-30.702833,1340.03            26.722416,-30.702818,1339.02            26.722406,-30.702805,1339.23            26.722395,-30.702791,1339.09            26.722383,-30.702778,1339.3            26.722374,-30.702765,1339.67            26.722363,-30.702753,1339.38            26.722351,-30.702742,1338.93            26.72234,-30.702728,1338.76            26.72233,-30.702717,1338.78            26.722322,-30.702702,1338.81            26.722315,-30.70269,1338.9            26.722305,-30.702677,1339.18            26.722296,-30.702663,1338.93            26.722284,-30.70265,1338.5            26.722275,-30.702635,1339.18            26.722263,-30.702621,1338.94            26.722252,-30.702608,1339.26            26.722242,-30.702593,1338.93            26.722233,-30.702578,1338.98            26.722223,-30.702562,1339.15            26.722212,-30.702549,1338.84            26.7222,-30.702538,1338.81            26.722187,-30.702524,1338.91            26.722174,-30.702513,1339.24            26.722162,-30.702501,1340.05            26.72215,-30.702488,1339.23            26.722137,-30.702477,1339.22            26.722128,-30.702463,1339.69            26.722115,-30.702452,1339.31            26.722101,-30.702438,1339.75            26.722088,-30.702429,1338.9            26.722073,-30.702417,1339.04            26.72206,-30.70241,1339.07            26.722044,-30.7024,1338.54            26.722027,-30.702393,1338.66            26.72201,-30.702385,1338.23            26.721992,-30.70238,1339.82            26.721975,-30.702374,1338.8            26.721958,-30.702366,1338.63            26.721943,-30.702358,1339.65            26.721926,-30.702353,1339.44            26.72191,-30.702345,1339.1            26.721893,-30.70234,1339.28            26.721878,-30.70233,1339.4            26.721863,-30.702324,1338.86            26.721848,-30.702318,1338.64            26.721832,-30.70231,1338.72            26.721817,-30.702301,1338.57            26.721806,-30.702291,1338.5            26.72179,-30.70228,1339.33            26.721777,-30.702269,1339.98            26.721764,-30.702257,1339.37            26.72175,-30.702244,1339.71            26.721739,-30.702229,1339.42            26.721725,-30.702217,1338.66            26.721712,-30.702204,1338.37            26.721699,-30.70219,1338.34            26.72169,-30.702179,1338.4            26.721678,-30.702166,1338.24            26.721668,-30.702154,1338.22            26.721659,-30.70214,1338.35            26.72165,-30.702127,1338.75            26.72164,-30.702116,1338.63            26.72163,-30.702103,1338.82            26.721622,-30.702091,1338.43            26.721615,-30.70208,1337.79            26.721605,-30.702068,1337.91            26.721598,-30.702057,1338.24            26.72159,-30.702045,1338.12            26.721582,-30.702032,1338.2            26.721575,-30.702024,1338.51            26.721571,-30.702013,1339.21            26.721567,-30.702002,1339            26.721565,-30.70199,1340.26            26.72156,-30.70198,1339.03            26.721556,-30.70197,1338.46            26.721548,-30.701958,1338.61            26.72154,-30.701946,1338.63            26.721533,-30.701933,1338.45            26.721527,-30.701921,1338.2            26.721521,-30.701908,1338.67            26.721516,-30.701897,1338.85            26.72151,-30.701885,1338.43            26.721506,-30.701874,1338.47            26.7215,-30.70186,1338.76            26.721497,-30.701847,1338.91            26.72149,-30.701834,1338.73            26.721487,-30.70182,1338.67            26.721485,-30.701805,1338.62            26.721481,-30.701792,1338.47            26.721478,-30.701778,1338.32            26.72147,-30.701765,1338.12            26.721466,-30.70175,1337.86            26.721466,-30.701736,1338.65            26.72147,-30.701721,1338.7            26.721468,-30.701708,1338.46            26.721464,-30.701693,1338.39            26.72146,-30.70168,1337.96            26.721457,-30.701664,1338.35            26.721453,-30.70165,1338.57            26.72145,-30.701635,1338.28            26.72145,-30.70162,1338.43            26.721445,-30.701607,1337.83            26.72144,-30.701591,1338.52            26.721432,-30.701576,1337.7            26.721422,-30.701557,1338.24            26.721416,-30.70154,1338.01            26.721407,-30.701523,1338.82            26.721401,-30.70151,1338.14            26.721397,-30.701494,1338.32            26.721394,-30.701479,1338.64            26.721388,-30.701464,1338.18            26.721382,-30.70145,1338.03            26.721376,-30.701435,1338.12            26.721373,-30.70142,1338.15            26.721367,-30.701405,1337.89            26.721361,-30.701391,1338.35            26.721355,-30.701378,1338.14            26.72135,-30.701363,1338.26            26.721346,-30.701347,1338.21            26.721344,-30.701332,1338.12            26.72134,-30.701317,1337.95            26.721336,-30.701302,1337.69            26.721336,-30.701288,1338.26            26.721334,-30.701273,1339.37            26.721334,-30.701258,1338.04            26.72133,-30.701242,1337.61            26.721327,-30.701227,1337.64            26.721323,-30.701212,1337.71            26.721321,-30.701195,1338.35            26.721317,-30.70118,1337.78            26.721315,-30.701164,1337.7            26.721312,-30.701149,1337.46            26.721306,-30.701136,1337.89            26.7213,-30.701122,1337.93            26.721298,-30.701109,1338.62            26.721296,-30.701094,1338.79            26.721296,-30.701078,1338.48            26.721294,-30.701063,1338.15            26.721292,-30.701048,1337.92            26.72129,-30.701033,1337.88            26.721287,-30.701017,1338.03            26.721285,-30.701,1338.24            26.721281,-30.700985,1338.82            26.721277,-30.70097,1338.33            26.721275,-30.700954,1337.8            26.721273,-30.70094,1337.82            26.721273,-30.700924,1337.99            26.721272,-30.700909,1337.69            26.721272,-30.700893,1337.75            26.72127,-30.700878,1337.74            26.721266,-30.700863,1337.65            26.721264,-30.700848,1337.34            26.721262,-30.700832,1337.27            26.72126,-30.700817,1337.34            26.72126,-30.7008,1337.91            26.721258,-30.700785,1337.98            26.721258,-30.700768,1338.02            26.721256,-30.700752,1338.98            26.721256,-30.700737,1338.84            26.721258,-30.70072,1338.9            26.72126,-30.700705,1339.13            26.721262,-30.700687,1338.51            26.721262,-30.700672,1337.82            26.721264,-30.700657,1337.72            26.721266,-30.700642,1337.69            26.72127,-30.700624,1337.83            26.721273,-30.70061,1337.43            26.72128,-30.700594,1337.06            26.721283,-30.700579,1337.34            26.721289,-30.700563,1337.21            26.721294,-30.700546,1337.26            26.721298,-30.700531,1337.16            26.721304,-30.700516,1337.34            26.72131,-30.7005,1337.62            26.721313,-30.700483,1337.45            26.721321,-30.70047,1337.43            26.721329,-30.700455,1337.23            26.72134,-30.700441,1336.81            26.72135,-30.700428,1336.92            26.721361,-30.700417,1337.13            26.721373,-30.700403,1337.27            26.721382,-30.70039,1337.3            26.721392,-30.700378,1337.34            26.7214,-30.700363,1337.21            26.721395,-30.70035,1337.43            26.721386,-30.700335,1337.59            26.721376,-30.700321,1337.01            26.721365,-30.70031,1337.32            26.721352,-30.700296,1337.16            26.721336,-30.700285,1336.81            26.721321,-30.700275,1336.59            26.721308,-30.700264,1336.93            26.721294,-30.700253,1336.53            26.72128,-30.700241,1336.67            26.721262,-30.700232,1336.55            26.721245,-30.700226,1336.86            26.721228,-30.700222,1336.73            26.721209,-30.700222,1336.61            26.721188,-30.700224,1336.82            26.721169,-30.700226,1336.27            26.721151,-30.700228,1336.64            26.721134,-30.70023,1336.63            26.721115,-30.70023,1336.76            26.721098,-30.700232,1336.66            26.721079,-30.700232,1337            26.721062,-30.700233,1336.57            26.721043,-30.700235,1336.19            26.721025,-30.700235,1336.55            26.721008,-30.700235,1336.71            26.72099,-30.700233,1336.35            26.72097,-30.700232,1336.28            26.720953,-30.700232,1336.45            26.720936,-30.700235,1336.39            26.720919,-30.700235,1336.44            26.7209,-30.700237,1335.97            26.720882,-30.700243,1336.51            26.720865,-30.700245,1337.1            26.720848,-30.700247,1335.77            26.72083,-30.70025,1335.99            26.720816,-30.700256,1335.69            26.720798,-30.700262,1336.38            26.720781,-30.700266,1337.61            26.720764,-30.700272,1336.08            26.720747,-30.700274,1337.06            26.72073,-30.70028,1336.54            26.720713,-30.700283,1335.08            26.720694,-30.700289,1335.92            26.720675,-30.700293,1335.73            26.720657,-30.700296,1335.94            26.720638,-30.7003,1336.08            26.72062,-30.700304,1336.36            26.720604,-30.70031,1335.85            26.720587,-30.700314,1335.57            26.72057,-30.700317,1335.44            26.720552,-30.700321,1335.64            26.720537,-30.700325,1335.23            26.720522,-30.70033,1335.53            26.720505,-30.700335,1336.55            26.720488,-30.700336,1335.67            26.72047,-30.70034,1335.63            26.720453,-30.700346,1334.67            26.720436,-30.700352,1335.23            26.720417,-30.70036,1334.91            26.720398,-30.70037,1333.65            26.720383,-30.700382,1334.21            26.72037,-30.700397,1333.71            26.720358,-30.70041,1334.31            26.72035,-30.700426,1333.48            26.720339,-30.700438,1333.02            26.72033,-30.700453,1334.22            26.720322,-30.700468,1335.4            26.720314,-30.700483,1335.39            26.720304,-30.700499,1335.55            26.720293,-30.700512,1335.57            26.72028,-30.700525,1335.94            26.720264,-30.700537,1336.02            26.72025,-30.700548,1336.65            26.720238,-30.700562,1336.16            26.720222,-30.700573,1336.45            26.720205,-30.700583,1336.35            26.720188,-30.70059,1336.2            26.72017,-30.700596,1336.53            26.72015,-30.7006,1336.64            26.72013,-30.700602,1335.42            26.720112,-30.700603,1336.48            26.720093,-30.700605,1336.86            26.720072,-30.700605,1336.66            26.720053,-30.700607,1336.65            26.720034,-30.700607,1336.95            26.720013,-30.700607,1336.98            26.719994,-30.70061,1336.71            26.719973,-30.70061,1336.59            26.719954,-30.700611,1336.39            26.719933,-30.700611,1336.59            26.719913,-30.700613,1335.99            26.719894,-30.700615,1336.7            26.719868,-30.700615,1336.31            26.719826,-30.700617,1336.09            26.719765,-30.700615,1336.55            26.719702,-30.70061,1336.72            26.719637,-30.7006,1336.7            26.719572,-30.700596,1336.72            26.71954,-30.70059,1337.15            26.719475,-30.700588,1336.49            26.71941,-30.700586,1336.6            26.719347,-30.700598,1336.04            26.719284,-30.700605,1337.89            26.719254,-30.700607,1337.44            26.719221,-30.700607,1337.39            26.719189,-30.700605,1337.78            26.719158,-30.700603,1338.08            26.719128,-30.700598,1338.17            26.719099,-30.700586,1337.95            26.719074,-30.70057,1337.56            26.719051,-30.70055,1337.51            26.71903,-30.70053,1337.55            26.719017,-30.700502,1337.15            26.719011,-30.700476,1337.68            26.719007,-30.700449,1338.11            26.71901,-30.70042,1338.03            26.719017,-30.70039,1337.39            26.719027,-30.700363,1337.5            26.719038,-30.700336,1337.89            26.719055,-30.700312,1337.44            26.719069,-30.700289,1337.44            26.719082,-30.700264,1338.18            26.719097,-30.70024,1337.96            26.719112,-30.700214,1338.93            26.719131,-30.700191,1339.05            26.719147,-30.700169,1337.47            26.719166,-30.700146,1336.72            26.719187,-30.70012,1336.92            26.71922,-30.700073,1336.71            26.719246,-30.700016,1336.47            26.719267,-30.699965,1336            26.719275,-30.699936,1335.74            26.71928,-30.699907,1335.48            26.719282,-30.69988,1336.25            26.719284,-30.69985,1336.71            26.719288,-30.699821,1336.73            26.719296,-30.699793,1336.58            26.719301,-30.699766,1336.22            26.719309,-30.699736,1336.25            26.719315,-30.699707,1336.34            26.719316,-30.69968,1336.53            26.71931,-30.699652,1336.45            26.719303,-30.699623,1336.11            26.719297,-30.699594,1336.95            26.71929,-30.699566,1337.12            26.719278,-30.699537,1336.48            26.71927,-30.699509,1335.76            26.719261,-30.69948,1335.93            26.719252,-30.699453,1335.78            26.719246,-30.699427,1335.68            26.719238,-30.699398,1335.42            26.719229,-30.699371,1335.23            26.719217,-30.699347,1335.37            26.71921,-30.69932,1335.4            26.719202,-30.699291,1335.24            26.719194,-30.699265,1335.38            26.719183,-30.699238,1335.3            26.719173,-30.699211,1335.14            26.719166,-30.699184,1335.08            26.719154,-30.699158,1334.9            26.719143,-30.699131,1335.07            26.719133,-30.699102,1334.86            26.719126,-30.699076,1335.03            26.719114,-30.699049,1335.02            26.719109,-30.69902,1335.18            26.7191,-30.69899,1335.28            26.719093,-30.698963,1335.24            26.719082,-30.698936,1335.25            26.719074,-30.69891,1335.2            26.719065,-30.698881,1335.06            26.719055,-30.698853,1335.21            26.719046,-30.698826,1334.86            26.719036,-30.698797,1334.63            26.719025,-30.69877,1334.82            26.719006,-30.69875,1334.76            26.718983,-30.69873,1334.46            26.718956,-30.698723,1333.78            26.718925,-30.698719,1334.07            26.718897,-30.698717,1334.25            26.718872,-30.698715,1334.35            26.718851,-30.698713,1334.65            26.718836,-30.69871,1334.96            26.718826,-30.698706,1335.01            26.718815,-30.698702,1335            26.718792,-30.698717,1335.14            26.71878,-30.69872,1335.2            26.718771,-30.698723,1335.34            26.71876,-30.698725,1335.21            26.718748,-30.698727,1335.15            26.718739,-30.698734,1334.81            26.71873,-30.698744,1334.77            26.718723,-30.698755,1334.77            26.71872,-30.69877,1334.74            26.718716,-30.698784,1334.81            26.718714,-30.6988,1334.61            26.718712,-30.698814,1334.42            26.718708,-30.69883,1334.34            26.718708,-30.698843,1334.14            26.718706,-30.698858,1334.05            26.71871,-30.698874,1334.17            26.71871,-30.698889,1334.4            26.718712,-30.698904,1334.5            26.718716,-30.69892,1335.48            26.71872,-30.698935,1336.19            26.718729,-30.69895,1335.38            26.718723,-30.698967,1335.2            26.71872,-30.698982,1335.46            26.718712,-30.698997,1335.23            26.718706,-30.699015,1335.09            26.718706,-30.69903,1335.52            26.718704,-30.699047,1335.07            26.718702,-30.699062,1335.02            26.7187,-30.69908,1335.24            26.718697,-30.699095,1335.32            26.718697,-30.69911,1335.43            26.71869,-30.699125,1335.39            26.718683,-30.69914,1335.29            26.718674,-30.699171,1335.21            26.718668,-30.699186,1335.22            26.71865,-30.699215,1335.32            26.718647,-30.69923,1334.96            26.718645,-30.69925,1335            26.718643,-30.699266,1334.95            26.71864,-30.69929,1335.3            26.718637,-30.699322,1334.97            26.718628,-30.699352,1335.13            26.718613,-30.69938,1335.23            26.718596,-30.699408,1335.1            26.718575,-30.699432,1335.78            26.718555,-30.699457,1335.77            26.718538,-30.699484,1335.68            26.718513,-30.699505,1335.4            26.718489,-30.699526,1335.26            26.718466,-30.699549,1334.99            26.718447,-30.699574,1334.31            26.71843,-30.6996,1334.45            26.718418,-30.699629,1335.03            26.718409,-30.699657,1334.93            26.718393,-30.699684,1335.31            26.718382,-30.69971,1335.16            26.718369,-30.699738,1334.56            26.718348,-30.69976,1335.03            26.718327,-30.699783,1335.98            26.718306,-30.699806,1336.36            26.718287,-30.69983,1336.45            26.718266,-30.699852,1337.28            26.718246,-30.699875,1337.69            26.718233,-30.699898,1338.01            26.718231,-30.699926,1339.45            26.718235,-30.699942,1338.99            26.71824,-30.699953,1338.78            26.71825,-30.699963,1338.51            26.71826,-30.699966,1338.41            26.71827,-30.699972,1338.01            26.718279,-30.69998,1337.97            26.718287,-30.699986,1337.67            26.718296,-30.69999,1337.74            26.718307,-30.699995,1337.64            26.718315,-30.700003,1337.58            26.718319,-30.700012,1337.57            26.718327,-30.70002,1337.46            26.718338,-30.700027,1337.52            26.718348,-30.700033,1337.64            26.718357,-30.700039,1337.56            26.718367,-30.700047,1337.43            26.718374,-30.700054,1337.08            26.718388,-30.70006,1336.81            26.718403,-30.70007,1337.54            26.718414,-30.700079,1337.45            26.718426,-30.700089,1337.69            26.718443,-30.700096,1337.89            26.718456,-30.700111,1337.61            26.718464,-30.70013,1337.58            26.718477,-30.70015,1337.72            26.718483,-30.700172,1337.71            26.718485,-30.700193,1337.72            26.718475,-30.700212,1337.58            26.718468,-30.70023,1336.42            26.718468,-30.700243,1337            26.718462,-30.700256,1337.19            26.718452,-30.700274,1336.38            26.718449,-30.700293,1335.42            26.718452,-30.70031,1335.55            26.718475,-30.700323,1337.1            26.718504,-30.700325,1337.58            26.71853,-30.70032,1337.05            26.718557,-30.700312,1336.73            26.718588,-30.7003,1336.84            26.718618,-30.700285,1336.89            26.718649,-30.700272,1336.67            26.718678,-30.700258,1336.8            26.718708,-30.700243,1336.56            26.71874,-30.700228,1336.08            26.718775,-30.700214,1335.91            26.718807,-30.7002,1335.96            26.71884,-30.700188,1335.93            26.718874,-30.700172,1335.93            26.718912,-30.70016,1336.24            26.718952,-30.700155,1335.13            26.718987,-30.700161,1333.98            26.718998,-30.700186,1333.38            26.71899,-30.700216,1334.33            26.718975,-30.700245,1334.91            26.718945,-30.700302,1334.47            26.718916,-30.700356,1335.35            26.7189,-30.700384,1335.53            26.718885,-30.700413,1336            26.718876,-30.700441,1336.03            26.718864,-30.700472,1336.64            26.718853,-30.700502,1335.75            26.718843,-30.700535,1335.72            26.718836,-30.700565,1336.83            26.718826,-30.700598,1336.17            26.718817,-30.70063,1336.49            26.718801,-30.700659,1336.78            26.718779,-30.700684,1336.22            26.718752,-30.700706,1336.21            26.718725,-30.700727,1336.25            26.718695,-30.700747,1336.1            26.718666,-30.700766,1336.62            26.71864,-30.700783,1335.99            26.718607,-30.700796,1336.16            26.718575,-30.700811,1336.61            26.718538,-30.700823,1337.13            26.718502,-30.700834,1337.18            26.718464,-30.700844,1337.01            26.71843,-30.700853,1337.2            26.718393,-30.70086,1336.75            26.718357,-30.700861,1337.83            26.718323,-30.700865,1336.63            26.718287,-30.700865,1337.34            26.718252,-30.700861,1337.6            26.718222,-30.70084,1337.88            26.718197,-30.700819,1337.86            26.718174,-30.700788,1337.57            26.718155,-30.700756,1337.79            26.718132,-30.700695,1337.74            26.718079,-30.700657,1337.17            26.718046,-30.700651,1337.04            26.718014,-30.700638,1337.34            26.717983,-30.700624,1337.44            26.717957,-30.700603,1337.52            26.717934,-30.700579,1337.21            26.717915,-30.700556,1337.57            26.717896,-30.700531,1337.72            26.717882,-30.7005,1337.66            26.717875,-30.70047,1337.79            26.717869,-30.700441,1337.75            26.71787,-30.700407,1337.8            26.717876,-30.700377,1338.26            26.717882,-30.700342,1338.36            26.717896,-30.700312,1338.24            26.717909,-30.700281,1338.25            26.71792,-30.700247,1338.31            26.717934,-30.700216,1338.15            26.717947,-30.700182,1338.19            26.717957,-30.70015,1338.25            26.717962,-30.700119,1338.26            26.717968,-30.700087,1337.35            26.717968,-30.700054,1337.96            26.717962,-30.700024,1338.24            26.717945,-30.699997,1338.34            26.717926,-30.699972,1338.52            26.717903,-30.69995,1338.43            26.717876,-30.699932,1338.47            26.717855,-30.699924,1338.36            26.717829,-30.699926,1338.73            26.7178,-30.699932,1338.71            26.71777,-30.69993,1338.72            26.717741,-30.699917,1338.65            26.717716,-30.6999,1338.82            26.717695,-30.69989,1338.8            26.717682,-30.69988,1338.57            26.71767,-30.699871,1339.02            26.717659,-30.699865,1339.13            26.717648,-30.699858,1339.13            26.717636,-30.699854,1339.2            26.717627,-30.699852,1339.41            26.717615,-30.699848,1339.09            26.717613,-30.69985,1339.08            26.717623,-30.699842,1339.04            26.717627,-30.699842,1339.01            26.717628,-30.699842,1339.06            26.717625,-30.699839,1338.86            26.717602,-30.699831,1338.81            26.71757,-30.69982,1338.75            26.71755,-30.699812,1338.34            26.717533,-30.699804,1338            26.717512,-30.699795,1338.33            26.717491,-30.699785,1338.41            26.717472,-30.69977,1339.01            26.717453,-30.699755,1339.04            26.71743,-30.699738,1339.18            26.717415,-30.699715,1338.98            26.717394,-30.699692,1338.97            26.717379,-30.699669,1338.88            26.717356,-30.699642,1338.88            26.717337,-30.699617,1338.87            26.717321,-30.69959,1338.66            26.717308,-30.699566,1338.87            26.71729,-30.69954,1338.88            26.717272,-30.699514,1339.14            26.717258,-30.699497,1339.42            26.717245,-30.69948,1339.41            26.717236,-30.699463,1339.43            26.717234,-30.699448,1339.54            26.717234,-30.69943,1339.41            26.717236,-30.699417,1339.35            26.71724,-30.699404,1339.24            26.717243,-30.699392,1339.3            26.71725,-30.69938,1339.24            26.71726,-30.69937,1339.21            26.717272,-30.699362,1338.96            26.717283,-30.699354,1339.03            26.717295,-30.699348,1339.18            26.717306,-30.699345,1338.82            26.717318,-30.69934,1339.09            26.717329,-30.699339,1339.67            26.717342,-30.699337,1339.88            26.717356,-30.69934,1339.85            26.717375,-30.699339,1339.78            26.717377,-30.699337,1339.34          </coordinates></LineString></Placemark><Placemark><name>Start/Finish</name><styleUrl>#icon-1899-FFEA00-nodesc</styleUrl><Point><coordinates>            26.717573,-30.699265,1352.06          </coordinates></Point></Placemark></Folder></Document></kml>