<?xml version="1.0" encoding="UTF-8"?><kml xmlns="http://www.opengis.net/kml/2.2"><Document><name>Atlasville parkrun (from Sept 2023)</name><description/><Style id="icon-123-nodesc-normal"><IconStyle><scale>1.1</scale><Icon><href>https://www.gstatic.com/mapspro/images/stock/123-red-dot.png</href></Icon><hotSpot x="16" xunits="pixels" y="32" yunits="insetPixels"/></IconStyle><LabelStyle><scale>0</scale></LabelStyle><BalloonStyle><text><![CDATA[<h3>$[name]</h3>]]></text></BalloonStyle></Style><Style id="icon-123-nodesc-highlight"><IconStyle><scale>1.1</scale><Icon><href>https://www.gstatic.com/mapspro/images/stock/123-red-dot.png</href></Icon><hotSpot x="16" xunits="pixels" y="32" yunits="insetPixels"/></IconStyle><LabelStyle><scale>1.1</scale></LabelStyle><BalloonStyle><text><![CDATA[<h3>$[name]</h3>]]></text></BalloonStyle></Style><StyleMap id="icon-123-nodesc"><Pair><key>normal</key><styleUrl>#icon-123-nodesc-normal</styleUrl></Pair><Pair><key>highlight</key><styleUrl>#icon-123-nodesc-highlight</styleUrl></Pair></StyleMap><Style id="icon-61-nodesc-normal"><IconStyle><scale>1.1</scale><Icon><href>https://www.gstatic.com/mapspro/images/stock/61-green-dot.png</href></Icon><hotSpot x="16" xunits="pixels" y="32" yunits="insetPixels"/></IconStyle><LabelStyle><scale>0</scale></LabelStyle><BalloonStyle><text><![CDATA[<h3>$[name]</h3>]]></text></BalloonStyle></Style><Style id="icon-61-nodesc-highlight"><IconStyle><scale>1.1</scale><Icon><href>https://www.gstatic.com/mapspro/images/stock/61-green-dot.png</href></Icon><hotSpot x="16" xunits="pixels" y="32" yunits="insetPixels"/></IconStyle><LabelStyle><scale>1.1</scale></LabelStyle><BalloonStyle><text><![CDATA[<h3>$[name]</h3>]]></text></BalloonStyle></Style><StyleMap id="icon-61-nodesc"><Pair><key>normal</key><styleUrl>#icon-61-nodesc-normal</styleUrl></Pair><Pair><key>highlight</key><styleUrl>#icon-61-nodesc-highlight</styleUrl></Pair></StyleMap><Style id="line-0288D1-3713-nodesc-normal"><LineStyle><color>ffd18802</color><width>3.713</width></LineStyle><BalloonStyle><text><![CDATA[<h3>$[name]</h3>]]></text></BalloonStyle></Style><Style id="line-0288D1-3713-nodesc-highlight"><LineStyle><color>ffd18802</color><width>5.5695</width></LineStyle><BalloonStyle><text><![CDATA[<h3>$[name]</h3>]]></text></BalloonStyle></Style><StyleMap id="line-0288D1-3713-nodesc"><Pair><key>normal</key><styleUrl>#line-0288D1-3713-nodesc-normal</styleUrl></Pair><Pair><key>highlight</key><styleUrl>#line-0288D1-3713-nodesc-highlight</styleUrl></Pair></StyleMap><Folder><name>20230918_092528 (1).gpx</name><Placemark><name>Start </name><styleUrl>#icon-61-nodesc</styleUrl><Point><coordinates>            28.2858562469482,-26.1601333618164,1684.4954          </coordinates></Point></Placemark><Placemark><name>Finish</name><styleUrl>#icon-123-nodesc</styleUrl><Point><coordinates>            28.2860240936279,-26.1600952148438,1684.3799          </coordinates></Point></Placemark><Placemark><name>Course</name><styleUrl>#line-0288D1-3713-nodesc</styleUrl><LineString><tessellate>1</tessellate><coordinates>            28.2858562469482,-26.1601333618164,1684.4954            28.2858619689941,-26.1601371765137,1684.1017            28.2858657836914,-26.1601390838623,1684.6002            28.2858695983887,-26.160135269165,1684.8522            28.2858695983887,-26.1601314544678,1684.0334            28.28586769104,-26.1601314544678,1684.9047            28.28586769104,-26.1601333618164,1683.9705            28.28586769104,-26.1601371765137,1683.5927            28.2858695983887,-26.160135269165,1684.1752            28.2858715057373,-26.160135269165,1684.8784            28.2858829498291,-26.1601295471191,1684.3904            28.2858810424805,-26.1601314544678,1683.855            28.2858867645264,-26.1601314544678,1684.3273            28.2858982086182,-26.1601276397705,1684.5057            28.2859191894531,-26.160120010376,1683.7029            28.2859420776367,-26.1601104736328,1683.6294            28.2859535217285,-26.1601066589355,1683.7921            28.2859745025635,-26.1600971221924,1683.7501            28.2859954833984,-26.1600875854492,1683.22            28.2860069274902,-26.160083770752,1683.5768            28.286018371582,-26.1600780487061,1683.3564            28.286039352417,-26.160062789917,1683.2463            28.2860584259033,-26.1600475311279,1683.5349            28.2860774993896,-26.1600379943848,1682.9524            28.2860889434814,-26.1600322723389,1682.9368            28.2861099243164,-26.1600208282471,1681.9816            28.2861328125,-26.1600112915039,1682.3279            28.2861442565918,-26.1600074768066,1682.5746            28.2861576080322,-26.1599998474121,1682.3279            28.286169052124,-26.1599922180176,1682.3331            28.2861804962158,-26.1599826812744,1682.5063            28.2861881256104,-26.1599731445313,1682.3436            28.286205291748,-26.1599540710449,1681.9133            28.2862224578857,-26.1599388122559,1681.9081            28.2862396240234,-26.1599216461182,1682.5641            28.2862491607666,-26.1599140167236,1682.585            28.2862586975098,-26.1599063873291,1682.0288            28.2862663269043,-26.1598949432373,1681.7664            28.2862739562988,-26.1598854064941,1682.0392            28.2862815856934,-26.1598777770996,1681.7137            28.2862911224365,-26.1598682403564,1681.8556            28.2862987518311,-26.1598606109619,1681.2731            28.2863063812256,-26.1598510742188,1681.5406            28.2863159179688,-26.1598415374756,1681.5459            28.2863235473633,-26.1598320007324,1681.525            28.286340713501,-26.1598167419434,1681.4252            28.2863483428955,-26.1598072052002,1681.9973            28.2863578796387,-26.1597995758057,1682.2911            28.2863655090332,-26.1597900390625,1682.2177            28.2863750457764,-26.159782409668,1681.9763            28.2863845825195,-26.1597747802734,1681.4987            28.2863941192627,-26.1597652435303,1681.7401            28.2864017486572,-26.1597537994385,1680.9583            28.2864189147949,-26.1597347259521,1680.869            28.2864360809326,-26.1597175598145,1680.2444            28.2864437103271,-26.1597080230713,1681.9133            28.2864551544189,-26.1597003936768,1681.9237            28.2864646911621,-26.1596927642822,1682.1653            28.2864723205566,-26.1596832275391,1681.3676            28.2864799499512,-26.1596736907959,1681.5513            28.2864875793457,-26.1596641540527,1681.5826            28.2864971160889,-26.1596565246582,1681.3833            28.286506652832,-26.1596450805664,1680.4963            28.2865142822266,-26.1596336364746,1680.5278            28.2865333557129,-26.1596183776855,1680.7273            28.2865428924561,-26.159610748291,1681.0579            28.2865505218506,-26.1596031188965,1680.6274            28.2865600585938,-26.1595935821533,1681.5616            28.2865695953369,-26.1595840454102,1681.8241            28.2865772247314,-26.1595726013184,1682.648            28.2866039276123,-26.1595630645752,1680.3599            28.2866172790527,-26.1595420837402,1682.2596            28.2866249084473,-26.1595344543457,1681.2048            28.2866325378418,-26.1595268249512,1681.3203            28.2866401672363,-26.159517288208,1681.6929            28.2866497039795,-26.1595077514648,1681.2993            28.2866592407227,-26.1594982147217,1680.7849            28.2866668701172,-26.1594867706299,1680.1552            28.2866725921631,-26.1594753265381,1679.7355            28.2866821289062,-26.1594657897949,1680.4543            28.2866916656494,-26.1594562530518,1681.336            28.2867012023926,-26.1594486236572,1681.3676            28.2867088317871,-26.1594390869141,1681.5303            28.2867164611816,-26.1594295501709,1681.6195            28.2867240905762,-26.1594200134277,1681.6929            28.2867298126221,-26.1594104766846,1681.2783            28.2867393493652,-26.15940284729,1680.6484            28.2867469787598,-26.1593933105469,1680.9583            28.2867527008057,-26.1593856811523,1681.0421            28.2867565155029,-26.1593780517578,1681.0264            28.2867622375488,-26.1593704223633,1681.4042            28.2867698669434,-26.1593627929688,1681.1838            28.2867755889893,-26.1593551635742,1680.9163            28.2867813110352,-26.1593456268311,1680.701            28.2867889404297,-26.1593360900879,1680.911            28.2867965698242,-26.1593265533447,1682.1967            28.2868022918701,-26.1593189239502,1680.3495            28.2868099212646,-26.1593112945557,1681.0001            28.2868175506592,-26.1593017578125,1680.9949            28.2868251800537,-26.1592922210693,1681.0421            28.2868328094482,-26.1592845916748,1680.9529            28.2868423461914,-26.1592769622803,1680.4491            28.2868480682373,-26.1592674255371,1680.8638            28.2868556976318,-26.1592578887939,1680.4963            28.2868633270264,-26.1592502593994,1681.5931            28.2868709564209,-26.1592407226563,1681.4514            28.2868785858154,-26.1592311859131,1680.9583            28.28688621521,-26.1592235565186,1680.9056            28.2868919372559,-26.1592140197754,1681.7401            28.2868995666504,-26.1592063903809,1681.7559            28.2869052886963,-26.1591987609863,1681.9185            28.2869129180908,-26.1591892242432,1681.8136            28.2869167327881,-26.1591796875,1681.782            28.2869243621826,-26.1591720581055,1681.6824            28.2869300842285,-26.1591644287109,1681.6719            28.2869625091553,-26.1591339111328,1681.0264            28.2869205474854,-26.1591281890869,1680.8059            28.2869358062744,-26.1591396331787,1681.3097            28.2869434356689,-26.1591339111328,1680.8322            28.2869491577148,-26.159122467041,1680.869            28.2869548797607,-26.1591148376465,1680.9949            28.2869529724121,-26.1591014862061,1680.6171            28.2869567871094,-26.1590900421143,1680.5121            28.286958694458,-26.1590766906738,1680.3442            28.2869606018066,-26.1590614318848,1680.0503            28.2869606018066,-26.1590480804443,1680.0765            28.2869625091553,-26.1590347290039,1680.6853            28.2869625091553,-26.1590194702148,1680.7745            28.2869625091553,-26.1590061187744,1680.5016            28.2869644165039,-26.1589908599854,1680.2654            28.2869644165039,-26.1589775085449,1680.4963            28.2869644165039,-26.1589641571045,1680.911            28.2869682312012,-26.1589508056641,1681.1628            28.2869701385498,-26.1589374542236,1680.9424            28.2869720458984,-26.1589260101318,1681.0789            28.2869758605957,-26.15891456604,1680.8322            28.2869777679443,-26.1589012145996,1680.7798            28.2869777679443,-26.1588878631592,1680.827            28.2869777679443,-26.1588745117188,1680.6538            28.2869777679443,-26.1588611602783,1681.1418            28.2869777679443,-26.1588497161865,1680.9214            28.2869777679443,-26.1588363647461,1681.0421            28.286979675293,-26.1588249206543,1680.5646            28.286979675293,-26.1588134765625,1680.2916            28.2869815826416,-26.1588020324707,1680.7639            28.2869834899902,-26.1587886810303,1681.0894            28.2869815826416,-26.1587772369385,1681.0055            28.2869815826416,-26.1587677001953,1680.7377            28.2869815826416,-26.1587562561035,1680.3756            28.2869815826416,-26.1587467193604,1681.3517            28.286979675293,-26.1587352752686,1681.1051            28.2869777679443,-26.1587219238281,1680.8584            28.286979675293,-26.1587104797363,1680.5488            28.286979675293,-26.1586990356445,1681.1733            28.286979675293,-26.1586875915527,1681.0736            28.2869815826416,-26.1586761474609,1680.7063            28.2869815826416,-26.1586627960205,1680.486            28.2869853973389,-26.1586494445801,1680.213            28.2869853973389,-26.1586380004883,1680.486            28.2869853973389,-26.1586265563965,1680.7115            28.2869873046875,-26.1586132049561,1680.8322            28.2869873046875,-26.1586017608643,1680.1448            28.2869892120361,-26.1585903167725,1680.5016            28.2869892120361,-26.1585788726807,1680.8322            28.2869930267334,-26.1585674285889,1680.5593            28.2869930267334,-26.1585559844971,1680.6223            28.2869930267334,-26.1585445404053,1680.4281            28.2869930267334,-26.1585311889648,1680.5646            28.2869930267334,-26.1585178375244,1680.6747            28.286994934082,-26.1585083007813,1680.9424            28.2869968414307,-26.1584968566895,1680.2864            28.2869987487793,-26.1584854125977,1680.3967            28.2870006561279,-26.1584720611572,1680.68            28.2870025634766,-26.1584587097168,1681.0841            28.2870044708252,-26.1584453582764,1680.4281            28.2870063781738,-26.1584339141846,1680.297            28.2870101928711,-26.1584224700928,1680.0607            28.2870101928711,-26.1584091186523,1680.0398            28.2870101928711,-26.1583976745605,1680.4543            28.2870101928711,-26.1583824157715,1680.4491            28.2870101928711,-26.1583690643311,1680.3232            28.2870121002197,-26.1583576202393,1682.8369            28.287015914917,-26.1583442687988,1680.0134            28.2870197296143,-26.1583347320557,1680.7115            28.2870235443115,-26.1583232879639,1680.6853            28.2870235443115,-26.1583118438721,1680.6538            28.2870254516602,-26.1582984924316,1680.2812            28.2870254516602,-26.1582870483398,1681.2783            28.2870254516602,-26.1582736968994,1681.4882            28.2870273590088,-26.1582622528076,1680.486            28.2870292663574,-26.1582489013672,1680.8531            28.2870311737061,-26.1582355499268,1680.1815            28.2870330810547,-26.158224105835,1680.8741            28.2870330810547,-26.1582126617432,1680.7902            28.2870349884033,-26.1582012176514,1680.7798            28.287036895752,-26.1581897735596,1680.9686            28.2870407104492,-26.1581783294678,1680.2496            28.2870407104492,-26.158166885376,1680.1289            28.2870426177979,-26.1581554412842,1680.8428            28.2870426177979,-26.1581439971924,1680.486            28.2870426177979,-26.1581287384033,1680.68            28.2870445251465,-26.1581153869629,1680.5646            28.2870464324951,-26.1581020355225,1680.1868            28.2870464324951,-26.158088684082,1679.9662            28.2870483398438,-26.1580753326416,1679.8403            28.2870502471924,-26.1580638885498,1680.1448            28.2870502471924,-26.158052444458,1679.6672            28.287052154541,-26.1580390930176,1679.5938            28.2870540618896,-26.1580276489258,1679.5359            28.2870559692383,-26.1580142974854,1679.1687            28.2870559692383,-26.1580028533936,1680.4596            28.2870578765869,-26.1579895019531,1679.5098            28.2870597839355,-26.1579761505127,1679.4363            28.2870597839355,-26.1579627990723,1680.3232            28.2870635986328,-26.1579513549805,1679.8247            28.2870655059814,-26.1579399108887,1681.0421            28.2870674133301,-26.1579284667969,1680.9739            28.2870693206787,-26.1579151153564,1681.0369            28.2870693206787,-26.1579055786133,1677.6205            28.2870712280273,-26.1578960418701,1679.1425            28.287073135376,-26.1578845977783,1680.8428            28.2870750427246,-26.1578731536865,1680.4124            28.2870769500732,-26.1578598022461,1680.1499            28.2870769500732,-26.1578483581543,1679.8247            28.2870788574219,-26.1578350067139,1680.2496            28.2870826721191,-26.1578216552734,1680.9583            28.2870845794678,-26.1578102111816,1680.1552            28.2870903015137,-26.1577968597412,1677.8356            28.2870903015137,-26.1577835083008,1679.1687            28.2870941162109,-26.1577739715576,1679.0322            28.2870960235596,-26.1577625274658,1680.5016            28.2870998382568,-26.157751083374,1679.9662            28.2871036529541,-26.1577396392822,1680.4806            28.287109375,-26.1577301025391,1680.3336            28.2871131896973,-26.1577167510986,1680.1079            28.2871189117432,-26.1577072143555,1682.4119            28.2871227264404,-26.1576957702637,1680.4806            28.2871246337891,-26.1576843261719,1679.5098            28.2871265411377,-26.1576747894287,1679.2473            28.287130355835,-26.1576652526855,1679.2893            28.287130355835,-26.1576538085938,1680.8059            28.2871341705322,-26.1576404571533,1681.2048            28.2871341705322,-26.1576290130615,1680.4543            28.2871341705322,-26.1576156616211,1679.8403            28.2871360778809,-26.1576042175293,1680.4543            28.2871379852295,-26.1575927734375,1680.3495            28.2871398925781,-26.1575813293457,1680.9686            28.2871437072754,-26.1575717926025,1678.9167            28.287145614624,-26.1575603485107,1679.0374            28.2871475219727,-26.1575469970703,1678.985            28.2871494293213,-26.1575355529785,1679.452            28.2871532440186,-26.1575222015381,1680.4333            28.2871570587158,-26.1575107574463,1680.5226            28.2871589660645,-26.1574993133545,1680.911            28.2871627807617,-26.1574878692627,1680.4071            28.2871646881104,-26.1574764251709,1680.297            28.287166595459,-26.1574649810791,1679.4153            28.287166595459,-26.1574535369873,1679.2578            28.2871685028076,-26.1574401855469,1680.087            28.2871704101562,-26.1574268341064,1680.1185            28.2871704101562,-26.1574153900146,1680.1289            28.2871742248535,-26.1574020385742,1680.9686            28.2871761322022,-26.1573905944824,1681.1576            28.2871799468994,-26.157377243042,1681.8241            28.2871818542481,-26.1573638916016,1681.2468            28.2871837615967,-26.1573505401611,1681.2152            28.2871856689453,-26.1573390960693,1680.4387            28.2871856689453,-26.1573276519775,1680.2812            28.2871856689453,-26.1573143005371,1680.7588            28.2871875762939,-26.1573009490967,1680.192            28.2871913909912,-26.1572875976563,1680.9529            28.2871952056885,-26.1572742462158,1680.6643            28.2871990203857,-26.1572608947754,1681.7191            28.2872009277344,-26.157247543335,1681.3623            28.2872047424316,-26.1572341918945,1681.5879            28.2872066497803,-26.1572227478027,1680.8112            28.2872085571289,-26.1572113037109,1680.4491            28.2872123718262,-26.1571979522705,1680.4806            28.2872142791748,-26.1571846008301,1680.4333            28.2872161865234,-26.1571731567383,1680.2812            28.2872200012207,-26.1571598052979,1679.9033            28.2872219085693,-26.1571464538574,1679.8247            28.287223815918,-26.157133102417,1680.7639            28.287223815918,-26.1571197509766,1680.7798            28.2872276306152,-26.1571083068848,1680.9476            28.2872295379639,-26.1570949554443,1680.5593            28.2872333526611,-26.1570835113525,1680.486            28.2872371673584,-26.1570720672607,1680.7219            28.2872428894043,-26.1570606231689,1681.0684            28.2872447967529,-26.1570491790771,1680.701            28.2872486114502,-26.1570377349854,1681.0159            28.2872524261475,-26.1570262908936,1680.6853            28.2872581481934,-26.1570129394531,1680.4963            28.2872619628906,-26.1570014953613,1680.2706            28.2872638702393,-26.1569900512695,1680.7115            28.2872676849365,-26.1569786071777,1680.5961            28.2872714996338,-26.1569671630859,1680.4281            28.2872753143311,-26.1569557189941,1680.5173            28.2872791290283,-26.1569442749023,1680.3285            28.2872848510742,-26.1569328308105,1680.7115            28.2872905731201,-26.1569213867188,1681.0684            28.2872943878174,-26.156909942627,1679.9558            28.287296295166,-26.1568965911865,1679.9401            28.2873001098633,-26.1568851470947,1679.7616            28.2873039245605,-26.1568737030029,1680.3074            28.2873077392578,-26.1568603515625,1680.8741            28.2873115539551,-26.1568489074707,1680.659            28.2873153686523,-26.1568393707275,1680.6484            28.2873191833496,-26.1568279266357,1680.7588            28.2873210906982,-26.1568183898926,1681.0264            28.2873229980469,-26.1568069458008,1680.6433            28.2873268127441,-26.156795501709,1680.0344            28.2873268127441,-26.1567821502686,1680.2654            28.2873287200928,-26.1567687988281,1680.7167            28.28733253479,-26.1567573547363,1680.1552            28.2873363494873,-26.1567440032959,1680.1289            28.2873382568359,-26.1567325592041,1680.848            28.2873420715332,-26.1567211151123,1680.1499            28.2873477935791,-26.1567096710205,1680.6853            28.2873516082764,-26.1566982269287,1680.7219            28.287353515625,-26.1566867828369,1680.6012            28.2873573303223,-26.1566753387451,1680.2024            28.2873592376709,-26.1566619873047,1680.3967            28.2873630523682,-26.1566505432129,1680.2916            28.2873649597168,-26.1566390991211,1680.5436            28.2873706817627,-26.1566295623779,1680.9214            28.2873764038086,-26.1566181182861,1680.8584            28.2873821258545,-26.156608581543,1680.7798            28.287389755249,-26.1565990447998,1680.8165            28.2873954772949,-26.156587600708,1680.89            28.2874011993408,-26.1565761566162,1680.7429            28.2874088287354,-26.1565647125244,1681.0264            28.2874145507812,-26.1565532684326,1680.5856            28.2874202728271,-26.1565437316895,1680.7167            28.287425994873,-26.1565322875977,1679.851            28.2874317169189,-26.1565208435059,1680.5646            28.2874374389648,-26.1565093994141,1681.2048            28.2874450683594,-26.1564979553223,1681.0159            28.2874507904053,-26.1564884185791,1680.3495            28.2874584197998,-26.1564769744873,1681.0894            28.2874660491943,-26.1564655303955,1680.8741            28.2874736785889,-26.1564559936523,1680.486            28.2874813079834,-26.1564445495605,1680.6274            28.2874889373779,-26.156436920166,1680.1552            28.2874946594238,-26.1564273834229,1679.7458            28.2875022888184,-26.1564159393311,1679.7406            28.2875099182129,-26.1564064025879,1679.7145            28.2875175476074,-26.1563968658447,1680.5383            28.2875232696533,-26.1563873291016,1680.8218            28.2875308990479,-26.1563777923584,1680.9686            28.2875366210938,-26.1563682556152,1680.9791            28.2875423431397,-26.1563568115234,1681.1891            28.2875480651855,-26.1563491821289,1681.2834            28.2875537872314,-26.1563396453857,1680.8794            28.2875595092773,-26.1563301086426,1680.3546            28.2875652313232,-26.1563205718994,1680.4281            28.2875728607178,-26.1563129425049,1680.5226            28.2875785827637,-26.1563034057617,1680.4491            28.2875843048096,-26.1562919616699,1681.1891            28.2875919342041,-26.1562824249268,1681.0264            28.28759765625,-26.156270980835,1680.7377            28.2876033782959,-26.1562633514404,1681.0106            28.2876071929932,-26.1562519073486,1680.1079            28.2876091003418,-26.1562404632568,1679.6829            28.2876091003418,-26.156229019165,1679.3103            28.2876091003418,-26.1562156677246,1679.5728            28.2876110076904,-26.1562042236328,1679.7773            28.2876110076904,-26.156192779541,1680.1815            28.2876110076904,-26.1561813354492,1680.3389            28.2876148223877,-26.1561698913574,1681.3307            28.2876167297363,-26.156156539917,1681.5931            28.287618637085,-26.1561450958252,1680.89            28.287618637085,-26.1561336517334,1681.1156            28.2876224517822,-26.1561222076416,1680.8741            28.2876243591309,-26.1561107635498,1680.4281            28.2876262664795,-26.1560974121094,1680.3232            28.2876281738281,-26.1560859680176,1680.4753            28.2876300811768,-26.1560726165771,1680.2444            28.2876319885254,-26.1560592651367,1680.6906            28.287633895874,-26.1560478210449,1680.8794            28.2876358032227,-26.1560363769531,1680.8531            28.2876396179199,-26.15602684021,1680.3599            28.2876434326172,-26.1560153961182,1680.024            28.2876472473145,-26.1560039520264,1680.1499            28.2876491546631,-26.1559925079346,1680.3442            28.2876529693604,-26.1559810638428,1680.5751            28.2876567840576,-26.1559715270996,1680.9739            28.2876605987549,-26.1559600830078,1681.0001            28.2876663208008,-26.155948638916,1681.0421            28.2876682281494,-26.1559371948242,1680.8165            28.287670135498,-26.1559276580811,1680.3389            28.2876720428467,-26.1559143066406,1680.2654            28.2876739501953,-26.1559028625488,1680.4543            28.2876758575439,-26.1558895111084,1680.6906            28.2876777648926,-26.155876159668,1680.7692            28.2876796722412,-26.1558647155762,1680.533            28.2876815795898,-26.1558513641357,1680.4438            28.2876834869385,-26.1558399200439,1680.5802            28.2876873016357,-26.1558284759521,1679.872            28.2876892089844,-26.155818939209,1679.578            28.2876892089844,-26.1558074951172,1678.8275            28.2876930236816,-26.155797958374,1679.8141            28.2876968383789,-26.1557865142822,1679.3312            28.2877006530762,-26.1557750701904,1679.7931            28.2877063751221,-26.1557636260986,1679.961            28.287712097168,-26.1557521820068,1680.6381            28.2877178192139,-26.1557388305664,1680.0975            28.2877216339111,-26.155725479126,1679.8823            28.2877254486084,-26.1557140350342,1679.4257            28.287727355957,-26.1557025909424,1679.6356            28.2877311706543,-26.1556911468506,1681.0211            28.2877330780029,-26.1556777954102,1680.4071            28.2877368927002,-26.1556625366211,1680.6118            28.2877407073975,-26.1556491851807,1680.5226            28.2877426147461,-26.1556377410889,1681.1104            28.287748336792,-26.1556282043457,1680.9896            28.2877521514893,-26.1556186676025,1680.8008            28.2877578735352,-26.1556072235107,1680.9163            28.2877635955811,-26.1555976867676,1680.68            28.2877674102783,-26.1555881500244,1680.1971            28.287769317627,-26.1555767059326,1680.3705            28.2877712249756,-26.1555671691895,1679.8666            28.2877750396729,-26.1555557250977,1679.7668            28.2877807617188,-26.1555461883545,1680.0083            28.2877864837646,-26.1555366516113,1680.1868            28.2877922058105,-26.1555252075195,1680.2181            28.2877979278564,-26.1555137634277,1679.7511            28.2878017425537,-26.1555042266846,1678.943            28.287805557251,-26.1554927825928,1680.4333            28.2878074645996,-26.1554832458496,1680.7115            28.2878112792969,-26.1554718017578,1680.5593            28.2878131866455,-26.1554622650146,1681.0159            28.2878131866455,-26.1554546356201,1680.5961            28.2878150939941,-26.1554431915283,1680.7535            28.2878170013428,-26.1554336547852,1680.5383            28.2878170013428,-26.155424118042,1679.6724            28.2878170013428,-26.1554126739502,1679.599            28.2878189086914,-26.1554012298584,1680.0765            28.28782081604,-26.1553897857666,1680.1343            28.2878189086914,-26.1553783416748,1680.0503            28.28782081604,-26.1553649902344,1679.8193            28.2878227233887,-26.1553516387939,1679.9662            28.2878246307373,-26.1553401947021,1680.297            28.2878265380859,-26.155330657959,1679.4993            28.2878284454346,-26.1553192138672,1679.4467            28.2878284454346,-26.1553077697754,1679.6672            28.2878284454346,-26.1552982330322,1680.255            28.2878284454346,-26.1552867889404,1680.89            28.2878303527832,-26.1552734375,1680.4753            28.2878341674805,-26.1552639007568,1680.3495            28.2878379821777,-26.155252456665,1680.5436            28.287841796875,-26.1552410125732,1680.297            28.2878437042236,-26.1552276611328,1679.8088            28.2878475189209,-26.155216217041,1680.1079            28.2878494262695,-26.1552028656006,1679.2421            28.2878494262695,-26.1551895141602,1679.1215            28.2878513336182,-26.1551761627197,1679.0583            28.2878532409668,-26.1551628112793,1679.9558            28.2878551483154,-26.1551494598389,1679.8037            28.2878551483154,-26.1551380157471,1680.0188            28.2878570556641,-26.1551246643066,1680.4124            28.2878589630127,-26.1551094055176,1680.213            28.2878589630127,-26.1550979614258,1680.2288            28.2878608703613,-26.1550846099854,1680.3389            28.28786277771,-26.1550750732422,1680.6853            28.2878665924072,-26.155065536499,1680.5226            28.2878704071045,-26.1550559997559,1681.0264            28.2878723144531,-26.1550426483154,1681.0159            28.2878761291504,-26.155029296875,1679.8351            28.2878761291504,-26.1550159454346,1679.7196            28.287878036499,-26.1550025939941,1679.2369            28.2878799438477,-26.1549911499023,1679.7668            28.2878818511963,-26.1549797058105,1680.2234            28.2878837585449,-26.1549682617188,1680.9424            28.2878875732422,-26.154956817627,1682.0498            28.2878932952881,-26.1549453735352,1681.4724            28.2878932952881,-26.1549339294434,1681.2101            28.2878932952881,-26.1549205780029,1679.851            28.2878932952881,-26.1549072265625,1680.4491            28.2878952026367,-26.1548957824707,1680.0083            28.2878952026367,-26.1548824310303,1680.087            28.2878971099854,-26.1548690795898,1679.9506            28.2879009246826,-26.154857635498,1679.6356            28.2879028320312,-26.1548461914063,1679.8561            28.2879047393799,-26.1548309326172,1679.557            28.2879104614258,-26.1548233032227,1679.6724            28.2879161834717,-26.1548137664795,1679.5621            28.2879238128662,-26.1548023223877,1679.9243            28.2879276275635,-26.1547927856445,1679.8876            28.2879333496094,-26.1547813415527,1680.2654            28.2879390716553,-26.1547737121582,1680.6223            28.2879447937012,-26.1547718048096,1679.5359            28.2879505157471,-26.1547660827637,1678.8116            28.2879543304443,-26.1547546386719,1680.3546            28.2879581451416,-26.1547431945801,1680.3756            28.2879638671875,-26.1547336578369,1680.8584            28.287971496582,-26.1547260284424,1680.5278            28.2879772186279,-26.1547183990479,1679.898            28.2879772186279,-26.1547107696533,1680.5488            28.2879772186279,-26.1547050476074,1680.2603            28.2879772186279,-26.1546974182129,1680.2234            28.2879772186279,-26.1546878814697,1680.2496            28.2879772186279,-26.1546802520752,1679.8247            28.2879791259766,-26.154670715332,1680.5802            28.2879848480225,-26.1546611785889,1680.2234            28.2879867553711,-26.1546497344971,1680.4071            28.2879886627197,-26.1546363830566,1680.234            28.2879886627197,-26.1546249389648,1679.982            28.2879905700684,-26.1546096801758,1679.8037            28.2879943847656,-26.154598236084,1680.0398            28.2879943847656,-26.1545848846436,1680.0503            28.2879962921143,-26.1545753479004,1679.7773            28.2879829406738,-26.1545639038086,1680.2496            28.2879829406738,-26.1545524597168,1680.2864            28.2879848480225,-26.1545429229736,1679.473            28.2879905700684,-26.1545352935791,1679.0583            28.2879791259766,-26.1545238494873,1679.8247            28.2879829406738,-26.1545143127441,1680.1605            28.2879867553711,-26.154504776001,1680.4963            28.2879905700684,-26.1544971466064,1680.1815            28.2879943847656,-26.1544876098633,1680.5383            28.2880020141602,-26.1544780731201,1680.7429            28.2880077362061,-26.1544666290283,1681.3203            28.2880115509033,-26.1544551849365,1680.9004            28.2880172729492,-26.1544456481934,1680.1868            28.2880210876465,-26.1544342041016,1679.6251            28.2880249023438,-26.1544227600098,1679.8666            28.2880268096924,-26.154411315918,1680.4911            28.2880306243896,-26.1543979644775,1680.6274            28.2880363464355,-26.1543865203857,1680.3179            28.2880401611328,-26.1543731689453,1680.4019            28.2880439758301,-26.1543598175049,1680.3651            28.2880516052246,-26.1543483734131,1680.6538            28.2880554199219,-26.1543369293213,1680.7063            28.2880611419678,-26.1543254852295,1680.6433            28.288064956665,-26.1543140411377,1680.5908            28.2880687713623,-26.1543025970459,1680.9214            28.2880725860596,-26.1542911529541,1680.7377            28.2880764007568,-26.1542816162109,1679.7301            28.2880802154541,-26.1542701721191,1680.0765            28.2880840301514,-26.154260635376,1680.4281            28.2880897521973,-26.1542491912842,1680.3809            28.2880954742432,-26.1542377471924,1680.7902            28.2880992889404,-26.1542263031006,1680.6012            28.2881031036377,-26.1542148590088,1680.8741            28.2881050109863,-26.154203414917,1680.9529            28.2881031036377,-26.1541900634766,1680.5698            28.2881011962891,-26.1541786193848,1680.2444            28.2880935668945,-26.1541690826416,1680.8794            28.2880878448486,-26.1541576385498,1680.213            28.2880821228027,-26.154146194458,1679.6147            28.2880764007568,-26.1541385650635,1680.3861            28.2880668640137,-26.1541290283203,1680.6328            28.2880573272705,-26.1541194915771,1681.0579            28.2880477905273,-26.154109954834,1680.911            28.2880382537842,-26.1541004180908,1681.0841            28.2880306243896,-26.154088973999,1680.6274            28.2880249023438,-26.1540794372559,1679.898            28.2880172729492,-26.1540660858154,1680.066            28.288013458252,-26.1540565490723,1679.6934            28.2880096435547,-26.1540431976318,1679.9873            28.2880077362061,-26.15403175354,1680.3861            28.2880039215088,-26.1540203094482,1680.2603            28.2880020141602,-26.1540088653564,1680.68            28.2879981994629,-26.1539859771729,1680.701            28.2879962921143,-26.1539745330811,1680.8428            28.2879943847656,-26.1539649963379,1680.8531            28.2879905700684,-26.1539402008057,1680.7745            28.2879886627197,-26.1539287567139,1680.7325            28.2879829406738,-26.1539173126221,1680.213            28.2879810333252,-26.1539058685303,1680.1133            28.2879772186279,-26.1538944244385,1679.452            28.287971496582,-26.1538829803467,1680.2654            28.2879676818848,-26.1538715362549,1679.1108            28.2879638671875,-26.1538581848145,1678.8116            28.2879600524902,-26.1538467407227,1680.3651            28.2879543304443,-26.1538200378418,1681.1261            28.2879486083984,-26.15380859375,1680.2181            28.2879447937012,-26.1537971496582,1679.1687            28.2879409790039,-26.1537837982178,1680.8165            28.2879390716553,-26.153772354126,1680.5488            28.2879371643066,-26.1537590026855,1680.2391            28.287935256958,-26.1537475585938,1679.7249            28.2879333496094,-26.153736114502,1679.1843            28.2879295349121,-26.1537246704102,1679.2211            28.2879276275635,-26.1537132263184,1678.35            28.2879276275635,-26.1536998748779,1680.8218            28.2879257202148,-26.1536884307861,1680.8112            28.2879257202148,-26.1536769866943,1681.7034            28.2879238128662,-26.1536636352539,1681.3413            28.2879180908203,-26.1536388397217,1680.9845            28.2879161834717,-26.1536273956299,1679.4939            28.2879161834717,-26.1536159515381,1679.7249            28.2879123687744,-26.1536026000977,1680.0134            28.287914276123,-26.1535911560059,1681.0317            28.287914276123,-26.1535797119141,1681.5669            28.2879161834717,-26.1535682678223,1680.8322            28.2879180908203,-26.1535587310791,1681.992            28.2879199981689,-26.1535472869873,1682.6323            28.2879180908203,-26.1535358428955,1681.5092            28.2879161834717,-26.1535243988037,1680.4911            28.2879161834717,-26.1535129547119,1680.3651            28.2879161834717,-26.1535015106201,1681.2415            28.2879180908203,-26.1534881591797,1682.0654            28.2879180908203,-26.1534786224365,1680.5593            28.2879199981689,-26.1534671783447,1678.817            28.2879199981689,-26.1534538269043,1683.052            28.2879199981689,-26.1534423828125,1680.7692            28.2879180908203,-26.1534290313721,1682.2754            28.2879180908203,-26.1534175872803,1682.1337            28.2879180908203,-26.1534061431885,1681.4724            28.2879161834717,-26.153392791748,1681.1942            28.287914276123,-26.1533794403076,1681.4462            28.2879123687744,-26.1533660888672,1681.1523            28.2879104614258,-26.1533546447754,1681.1891            28.2879066467285,-26.153341293335,1681.6509            28.2879028320312,-26.1533298492432,1681.9973            28.287899017334,-26.1533203125,1681.6141            28.2878971099854,-26.1533088684082,1681.2415            28.2878932952881,-26.1532974243164,1680.2654            28.2878875732422,-26.1532859802246,1679.4415            28.2878837585449,-26.1532764434814,1679.5098            28.2878799438477,-26.1532669067383,1681.0106            28.287878036499,-26.1532554626465,1681.9816            28.2878742218018,-26.1532440185547,1682.2229            28.2878704071045,-26.1532344818115,1681.7506            28.2878684997559,-26.1532230377197,1681.6771            28.2878646850586,-26.1532115936279,1681.9816            28.2878589630127,-26.1532001495361,1681.7401            28.2878532409668,-26.1531887054443,1681.483            28.2878475189209,-26.1531772613525,1681.0579            28.2878437042236,-26.1531658172607,1681.2941            28.2878398895264,-26.1531543731689,1681.8765            28.2878379821777,-26.1531410217285,1681.3517            28.2878360748291,-26.1531295776367,1681.5406            28.2878341674805,-26.1531181335449,1681.3517            28.2878322601318,-26.1531066894531,1681.4778            28.2878303527832,-26.1530952453613,1681.4724            28.2878265380859,-26.1530838012695,1681.0159            28.2878227233887,-26.1530704498291,1681.0736            28.2878170013428,-26.1530590057373,1681.2048            28.2878150939941,-26.1530475616455,1681.6456            28.2878112792969,-26.1530380249023,1681.6929            28.2878074645996,-26.1530265808105,1682.396            28.2878074645996,-26.1530170440674,1683.8656            28.287805557251,-26.1530094146729,1683.8446            28.28782081604,-26.1529979705811,1683.1046            28.28782081604,-26.1529922485352,1681.992            28.2878189086914,-26.1529865264893,1682.076            28.2878170013428,-26.1529808044434,1682.3699            28.2878189086914,-26.1529712677002,1682.6586            28.28782081604,-26.1529598236084,1682.5011            28.2878246307373,-26.1529483795166,1682.711            28.2878227233887,-26.1529426574707,1681.9447            28.2878189086914,-26.1529426574707,1682.9368            28.2878170013428,-26.1529445648193,1683.4404            28.2878913879395,-26.153039932251,1682.013            28.2878475189209,-26.1529808044434,1682.1232            28.2878341674805,-26.1529579162598,1681.9763            28.2878265380859,-26.1529369354248,1681.6877            28.2878227233887,-26.1529178619385,1681.2993            28.2878246307373,-26.152904510498,1682.2649            28.2878246307373,-26.1528873443604,1682.8475            28.2878227233887,-26.1528720855713,1682.8264            28.2878246307373,-26.1528587341309,1682.669            28.2878246307373,-26.1528453826904,1682.3541            28.2878227233887,-26.1528339385986,1682.0654            28.28782081604,-26.1528205871582,1682.7897            28.2878170013428,-26.1528091430664,1683.4194            28.2878170013428,-26.152795791626,1683.262            28.2878150939941,-26.1527824401855,1682.9891            28.2878131866455,-26.1527709960938,1683.0889            28.2878131866455,-26.152759552002,1683.031            28.2878112792969,-26.1527481079102,1683.2306            28.2878131866455,-26.1527366638184,1683.0573            28.2878112792969,-26.1527233123779,1682.8317            28.2878112792969,-26.1527118682861,1682.8737            28.2878112792969,-26.1527004241943,1683.3827            28.2878112792969,-26.1526889801025,1683.5295            28.2878112792969,-26.1526775360107,1683.4037            28.2878112792969,-26.1526641845703,1683.3671            28.2878112792969,-26.1526527404785,1682.9209            28.2878093719482,-26.1526412963867,1683.5192            28.2878074645996,-26.1526279449463,1683.0626            28.2878074645996,-26.1526165008545,1683.4143            28.287805557251,-26.1526031494141,1683.0206            28.287805557251,-26.1525917053223,1682.9734            28.287805557251,-26.1525802612305,1683.4194            28.2878036499023,-26.1525688171387,1683.031            28.2878036499023,-26.1525554656982,1683.4089            28.2878017425537,-26.1525440216064,1683.2516            28.2878017425537,-26.152530670166,1682.9209            28.2877998352051,-26.1525192260742,1682.9471            28.2877998352051,-26.1525077819824,1683.0049            28.2877998352051,-26.1524982452393,1683.6084            28.2877998352051,-26.1524868011475,1683.3512            28.2877998352051,-26.1524753570557,1682.8317            28.2878017425537,-26.1524620056152,1682.5063            28.2877998352051,-26.1524505615234,1682.8317            28.2877979278564,-26.1524391174316,1683.4772            28.2877960205078,-26.1524257659912,1683.2147            28.2877960205078,-26.1524143218994,1682.9052            28.2877960205078,-26.152400970459,1683.4825            28.2877979278564,-26.1523895263672,1682.5483            28.2877979278564,-26.1523761749268,1682.9681            28.2877979278564,-26.152364730835,1682.606            28.2877979278564,-26.1523532867432,1682.5273            28.2877941131592,-26.1523418426514,1681.9081            28.2877922058105,-26.1523303985596,1681.8241            28.2877902984619,-26.1523189544678,1681.5197            28.2877902984619,-26.152307510376,1681.4934            28.2877902984619,-26.1522960662842,1682.4905            28.2877902984619,-26.1522846221924,1683.1309            28.2877922058105,-26.1522731781006,1683.4614            28.2877922058105,-26.1522617340088,1683.5454            28.2877922058105,-26.152250289917,1683.8235            28.2877902984619,-26.1522369384766,1683.4509            28.2877902984619,-26.1522254943848,1683.1833            28.2877902984619,-26.152214050293,1683.1151            28.2877883911133,-26.1522026062012,1683.8077            28.2877883911133,-26.1521911621094,1684.2172            28.2877883911133,-26.1521797180176,1684.4744            28.2877883911133,-26.1521701812744,1684.3693            28.2877864837646,-26.1521587371826,1684.5006            28.2877864837646,-26.1521472930908,1684.2854            28.287784576416,-26.1521434783936,1684.3169            28.2877712249756,-26.1521396636963,1683.1151            28.2877788543701,-26.1521282196045,1683.8394            28.2877826690674,-26.1521282196045,1683.96            28.2877864837646,-26.1521129608154,1683.1361            28.2877902984619,-26.1521015167236,1684.4744            28.2877998352051,-26.1520767211914,1684.4114            28.2878036499023,-26.1520671844482,1683.4457            28.2878150939941,-26.1520462036133,1682.7634            28.2878227233887,-26.1520366668701,1683.3984            28.2878284454346,-26.152027130127,1683.6346            28.2878322601318,-26.1520156860352,1682.7949            28.2878360748291,-26.152006149292,1682.8842            28.2878398895264,-26.1519947052002,1683.1624            28.2878437042236,-26.151985168457,1683.9442            28.2878475189209,-26.1519737243652,1682.9209            28.2878551483154,-26.1519641876221,1683.4563            28.28786277771,-26.1519565582275,1683.4194            28.2878684997559,-26.1519470214844,1683.7395            28.287878036499,-26.151927947998,1683.031            28.2878837585449,-26.1519184112549,1683.2567            28.2878894805908,-26.1519069671631,1683.8446            28.2879009246826,-26.1518898010254,1683.4247            28.2879066467285,-26.1518783569336,1683.4982            28.2879199981689,-26.1518611907959,1683.6399            28.2879314422607,-26.1518402099609,1683.0889            28.2879467010498,-26.1518230438232,1683.7343            28.2879543304443,-26.1518135070801,1683.5139            28.2879619598389,-26.1518058776855,1683.5295            28.287971496582,-26.151798248291,1683.8025            28.2879791259766,-26.1517906188965,1682.9368            28.2879867553711,-26.1517810821533,1682.7162            28.2879962921143,-26.1517753601074,1682.9314            28.2880153656006,-26.1517639160156,1682.7582            28.2880268096924,-26.1517562866211,1682.4852            28.2880382537842,-26.1517505645752,1683.1624            28.2880477905273,-26.1517448425293,1683.9286            28.2880592346191,-26.1517391204834,1684.2959            28.2880706787109,-26.1517333984375,1683.6556            28.2880821228027,-26.1517295837402,1683.2147            28.2880916595459,-26.1517238616943,1683.4404            28.2881031036377,-26.1517181396484,1683.8917            28.2881145477295,-26.1517143249512,1683.325            28.2881259918213,-26.1517086029053,1683.3145            28.2881393432617,-26.151704788208,1683.1151            28.2881507873535,-26.1517009735107,1683.7501            28.2881603240967,-26.1516952514648,1683.3984            28.2881717681885,-26.1516895294189,1682.7477            28.2881832122803,-26.151683807373,1682.3436            28.2881946563721,-26.1516780853271,1682.7949            28.2882061004639,-26.1516723632813,1683.1309            28.2882194519043,-26.1516666412354,1682.9368            28.2882289886475,-26.1516590118408,1682.3856            28.2882385253906,-26.1516513824463,1682.4329            28.2882499694824,-26.1516437530518,1682.4119            28.288257598877,-26.1516361236572,1682.0864            28.2882671356201,-26.1516265869141,1681.8923            28.2882766723633,-26.1516170501709,1681.6561            28.2882823944092,-26.1516075134277,1681.1891            28.2882900238037,-26.1515979766846,1681.2678            28.2882976531982,-26.1515865325928,1681.3307            28.2883033752441,-26.1515769958496,1681.3779            28.2883071899414,-26.1515636444092,1681.7401            28.2883110046387,-26.1515522003174,1680.5698            28.2883148193359,-26.1515407562256,1680.5908            28.2883167266846,-26.1515274047852,1681.0001            28.2883167266846,-26.1515159606934,1680.6274            28.2883186340332,-26.1515026092529,1681.0684            28.2883186340332,-26.1514911651611,1681.2678            28.2883205413818,-26.1514778137207,1680.6853            28.2883205413818,-26.1514663696289,1680.5278            28.2883205413818,-26.1514549255371,1680.2024            28.2883224487305,-26.1514434814453,1679.4153            28.2883243560791,-26.1514320373535,1680.3915            28.2883243560791,-26.1514186859131,1680.8165            28.2883224487305,-26.1514072418213,1680.3546            28.2883224487305,-26.1513957977295,1680.1761            28.2883243560791,-26.1513843536377,1680.6957            28.2883243560791,-26.1513729095459,1680.6643            28.2883262634277,-26.1513614654541,1680.7167            28.2883262634277,-26.1513500213623,1680.5121            28.2883262634277,-26.1513385772705,1680.8794            28.2883281707764,-26.1513271331787,1680.3546            28.288330078125,-26.1513175964355,1680.3285            28.288330078125,-26.1513061523438,1681.1051            28.2883319854736,-26.151294708252,1680.6381            28.2883319854736,-26.1512832641602,1680.7535            28.2883338928223,-26.1512718200684,1680.192            28.2883358001709,-26.1512603759766,1680.5278            28.2883377075195,-26.1512489318848,1679.8037            28.2883377075195,-26.151237487793,1679.8193            28.2883396148682,-26.1512260437012,1679.4677            28.2883434295654,-26.1512145996094,1679.3784            28.2883453369141,-26.1512031555176,1679.1791            28.2883453369141,-26.1511917114258,1679.9768            28.2883453369141,-26.151180267334,1679.8088            28.2883472442627,-26.1511688232422,1679.982            28.2883472442627,-26.1511573791504,1680.1238            28.2883491516113,-26.1511459350586,1679.7301            28.2883529663086,-26.1511344909668,1680.1499            28.2883548736572,-26.151123046875,1679.7983            28.2883548736572,-26.1511116027832,1680.7325            28.2883567810059,-26.1511001586914,1680.8165            28.2883586883545,-26.1510887145996,1680.3809            28.2883586883545,-26.1510772705078,1680.4071            28.2883586883545,-26.151065826416,1680.3809            28.2883586883545,-26.1510524749756,1680.0503            28.2883586883545,-26.1510391235352,1678.8958            28.2883586883545,-26.1510276794434,1679.3156            28.2883625030518,-26.1510162353516,1680.2024            28.2883644104004,-26.1510028839111,1680.5593            28.2883682250977,-26.1509914398193,1681.0106            28.2883701324463,-26.1509780883789,1681.121            28.2883720397949,-26.1509666442871,1680.8953            28.2883739471436,-26.1509552001953,1680.5698            28.2883739471436,-26.1509418487549,1680.4911            28.2883739471436,-26.1509304046631,1679.9978            28.2883758544922,-26.1509170532227,1679.5728            28.2883777618408,-26.1509056091309,1679.2736            28.2883777618408,-26.1508922576904,1679.1056            28.2883815765381,-26.1508808135986,1679.431            28.2883853912354,-26.1508693695068,1679.9926            28.288387298584,-26.1508560180664,1680.3651            28.288387298584,-26.1508445739746,1679.9768            28.288387298584,-26.1508312225342,1679.9662            28.288387298584,-26.1508197784424,1680.4438            28.288387298584,-26.150806427002,1680.3599            28.2883892059326,-26.1507930755615,1679.7355            28.2883892059326,-26.1507816314697,1679.9662            28.2883930206299,-26.1507682800293,1680.1499            28.2883949279785,-26.1507568359375,1680.4333            28.2883987426758,-26.1507434844971,1680.3651            28.2884006500244,-26.1507320404053,1680.0765            28.2884025573731,-26.1507205963135,1680.68            28.2884044647217,-26.150707244873,1680.9373            28.2884063720703,-26.1506938934326,1680.3546            28.2884063720703,-26.1506824493408,1680.1658            28.2884082794189,-26.1506690979004,1680.234            28.2884101867676,-26.1506576538086,1680.8322            28.2884120941162,-26.1506462097168,1680.8531            28.2884140014648,-26.1506328582764,1680.6643            28.2884159088135,-26.1506195068359,1680.9896            28.2884197235107,-26.1506080627441,1680.68            28.2884216308594,-26.1505947113037,1681.0474            28.288423538208,-26.1505832672119,1681.3413            28.2884254455566,-26.1505718231201,1681.0631            28.2884273529053,-26.1505603790283,1680.9949            28.2884273529053,-26.1505489349365,1680.3809            28.2884273529053,-26.1505355834961,1680.4701            28.2884273529053,-26.1505222320557,1679.9873            28.2884273529053,-26.1505107879639,1679.6041            28.2884273529053,-26.1504974365234,1679.9192            28.2884292602539,-26.1504859924316,1680.0607            28.2884311676025,-26.1504745483398,1680.3022            28.2884330749512,-26.150463104248,1680.5068            28.2884330749512,-26.1504516601563,1680.9319            28.2884330749512,-26.1504383087158,1681.0579            28.2884330749512,-26.150426864624,1680.4019            28.2884330749512,-26.1504154205322,1679.4677            28.2884330749512,-26.1504020690918,1679.027            28.2884349822998,-26.150390625,1678.6702            28.2884368896484,-26.1503791809082,1679.961            28.2884387969971,-26.1503677368164,1678.8695            28.2884387969971,-26.1503562927246,1679.2631            28.2884407043457,-26.1503467559814,1680.0765            28.2884407043457,-26.1503353118896,1679.9138            28.2884407043457,-26.1503219604492,1680.2706            28.2884426116943,-26.1503105163574,1679.8876            28.288444519043,-26.1502990722656,1679.7145            28.288444519043,-26.1502876281738,1680.3285            28.2884464263916,-26.150276184082,1680.4387            28.2884483337402,-26.1502647399902,1680.5226            28.2884483337402,-26.1502532958984,1680.68            28.2884502410889,-26.1502418518066,1681.1786            28.2884521484375,-26.1502304077148,1680.8008            28.2884540557861,-26.1502170562744,1681.4148            28.2884559631348,-26.1502056121826,1681.0106            28.2884578704834,-26.1501941680908,1680.9424            28.2884616851807,-26.150182723999,1680.9791            28.2884654998779,-26.1501712799072,1680.9266            28.2884693145752,-26.1501617431641,1680.5908            28.2884731292725,-26.1501483917236,1681.0159            28.2884788513184,-26.1501388549805,1680.848            28.2884845733643,-26.1501274108887,1680.9896            28.2884902954102,-26.1501159667969,1681.2258            28.2884941101074,-26.1501045227051,1680.5226            28.2884979248047,-26.1500911712646,1680.6747            28.2885036468506,-26.1500797271729,1680.8584            28.2885055541992,-26.1500682830811,1680.8638            28.2885093688965,-26.1500568389893,1680.3861            28.2885112762451,-26.1500434875488,1680.5121            28.2885112762451,-26.150032043457,1680.5908            28.2885131835938,-26.1500205993652,1680.0344            28.2885150909424,-26.1500091552734,1679.8247            28.288516998291,-26.1499977111816,1679.4467            28.288516998291,-26.1499843597412,1680.1499            28.2885150909424,-26.1499710083008,1680.5278            28.2885131835938,-26.149959564209,1680.9319            28.2885112762451,-26.1499481201172,1680.8531            28.2885093688965,-26.1499366760254,1679.7196            28.2885055541992,-26.149923324585,1680.0817            28.288501739502,-26.1499099731445,1680.297            28.2884998321533,-26.1498985290527,1680.7429            28.2884960174561,-26.1498851776123,1681.3779            28.2884922027588,-26.1498737335205,1681.0579            28.2884883880615,-26.1498622894287,1680.7273            28.2884845733643,-26.1498508453369,1680.8846            28.2884769439697,-26.1498374938965,1681.2468            28.2884712219238,-26.1498260498047,1680.89            28.2884635925293,-26.1498165130615,1680.8741            28.2884559631348,-26.1498050689697,1680.3651            28.2884502410889,-26.1497936248779,1680.5856            28.2884426116943,-26.1497840881348,1681.1104            28.2884368896484,-26.1497745513916,1681.1838            28.2884311676025,-26.1497631072998,1680.9845            28.288423538208,-26.1497554779053,1681.2258            28.2884159088135,-26.1497440338135,1680.5751            28.2884082794189,-26.1497364044189,1681.2678            28.2883987426758,-26.1497268676758,1681.2731            28.2883911132812,-26.1497173309326,1681.0264            28.2883815765381,-26.1497097015381,1681.1576            28.2883739471436,-26.1497001647949,1681.1523            28.2883644104004,-26.1496887207031,1681.0894            28.2883548736572,-26.14967918396,1680.7955            28.2883472442627,-26.1496696472168,1681.0211            28.2883377075195,-26.1496601104736,1680.9583            28.288330078125,-26.1496486663818,1681.5459            28.2883224487305,-26.1496391296387,1681.4252            28.2883167266846,-26.1496315002441,1680.911            28.28830909729,-26.149621963501,1681.3466            28.2883014678955,-26.1496143341064,1681.8136            28.2882957458496,-26.1496047973633,1681.1786            28.2882881164551,-26.1495971679688,1680.6853            28.2882804870605,-26.1495876312256,1681.0055            28.288272857666,-26.1495780944824,1680.8638            28.2882652282715,-26.1495685577393,1681.2678            28.2882595062256,-26.1495590209961,1681.6036            28.2882518768311,-26.1495494842529,1681.8661            28.2882461547852,-26.1495380401611,1681.9867            28.2882385253906,-26.1495265960693,1681.9237            28.2882289886475,-26.1495170593262,1681.9816            28.2882194519043,-26.1495094299316,1681.9816            28.2882099151611,-26.1495018005371,1681.6036            28.288200378418,-26.1494941711426,1681.3989            28.2881908416748,-26.149486541748,1681.971            28.2881813049316,-26.1494770050049,1682.4276            28.2881698608398,-26.1494693756104,1682.2911            28.2881622314453,-26.1494617462158,1682.753            28.2881526947021,-26.1494522094727,1681.9973            28.288143157959,-26.1494445800781,1681.4042            28.2881336212158,-26.1494369506836,1681.8188            28.2881240844727,-26.1494293212891,1681.8556            28.2881126403809,-26.1494216918945,1681.6509            28.2881031036377,-26.1494121551514,1681.7769            28.2880935668945,-26.1494045257568,1682.1914            28.2880859375,-26.1493949890137,1681.1891            28.2880764007568,-26.1493854522705,1681.525            28.2880687713623,-26.149377822876,1682.0236            28.2880611419678,-26.1493682861328,1682.8264            28.2880516052246,-26.1493587493896,1682.2911            28.2880420684814,-26.1493492126465,1682.0446            28.2880325317383,-26.1493396759033,1681.6299            28.2880249023438,-26.1493282318115,1682.2124            28.2880172729492,-26.1493186950684,1682.2335            28.2880115509033,-26.1493091583252,1682.2701            28.2880020141602,-26.1493015289307,1682.3069            28.287992477417,-26.1492919921875,1682.7162            28.2879829406738,-26.149284362793,1682.6796            28.2879753112793,-26.1492748260498,1683.0416            28.2879676818848,-26.1492652893066,1682.5587            28.2879581451416,-26.1492557525635,1682.1809            28.2879467010498,-26.1492481231689,1682.1967            28.2879371643066,-26.1492385864258,1682.2439            28.2879295349121,-26.1492290496826,1682.3436            28.2879199981689,-26.1492195129395,1682.3751            28.2879123687744,-26.1492099761963,1682.139            28.2879047393799,-26.1492004394531,1682.2124            28.2878952026367,-26.14919090271,1682.1757            28.2878856658936,-26.1491813659668,1682.3909            28.2878761291504,-26.1491737365723,1682.4749            28.2878665924072,-26.1491661071777,1682.2335            28.2878551483154,-26.1491584777832,1682.0708            28.2878456115723,-26.1491508483887,1681.7137            28.2878360748291,-26.1491432189941,1681.8713            28.2878246307373,-26.1491355895996,1681.5985            28.2878150939941,-26.1491279602051,1681.761            28.287805557251,-26.1491184234619,1681.6771            28.2877979278564,-26.1491088867188,1682.2439            28.2877883911133,-26.1491012573242,1681.9447            28.2877788543701,-26.1490917205811,1682.3174            28.287769317627,-26.1490821838379,1682.4958            28.2877597808838,-26.1490745544434,1682.4224            28.2877521514893,-26.1490650177002,1681.9185            28.2877426147461,-26.149055480957,1682.139            28.2877330780029,-26.1490459442139,1682.0339            28.2877235412598,-26.1490383148193,1682.1809            28.2877178192139,-26.1490287780762,1682.3488            28.2877101898193,-26.1490173339844,1682.5956            28.2877025604248,-26.1490077972412,1682.2806            28.2876930236816,-26.1490001678467,1682.0392            28.2876853942871,-26.1489906311035,1682.2124            28.2876758575439,-26.148983001709,1682.2281            28.2876663208008,-26.1489734649658,1681.9291            28.2876586914062,-26.1489639282227,1682.0549            28.2876510620117,-26.1489543914795,1682.4014            28.2876415252686,-26.148946762085,1681.3413            28.2876319885254,-26.1489391326904,1681.6456            28.2876243591309,-26.1489315032959,1681.992            28.2876167297363,-26.1489219665527,1682.3436            28.2876091003418,-26.1489143371582,1681.9028            28.2875995635986,-26.148904800415,1681.8083            28.2875919342041,-26.1488952636719,1681.5406            28.2875823974609,-26.1488876342773,1682.2964            28.287576675415,-26.1488800048828,1681.2415            28.287576675415,-26.1488723754883,1681.7401            28.2875804901123,-26.1488628387451,1681.8398            28.2875881195068,-26.1488552093506,1681.8608            28.28759765625,-26.1488494873047,1682.6113            28.2876071929932,-26.1488456726074,1682.5535            28.287618637085,-26.1488456726074,1683.2043            28.2876281738281,-26.1488494873047,1683.2147            28.2876358032227,-26.1488590240479,1682.69            28.2876434326172,-26.148868560791,1682.5168            28.2876529693604,-26.1488761901855,1682.711            28.2876605987549,-26.1488857269287,1683.1624            28.2876682281494,-26.1488952636719,1682.8003            28.2876777648926,-26.1489028930664,1682.8317            28.2876834869385,-26.1489105224609,1683.4404            28.287691116333,-26.1489181518555,1682.8737            28.2877006530762,-26.14892578125,1683.0416            28.2877082824707,-26.1489353179932,1682.8003            28.2877159118652,-26.1489429473877,1682.8159            28.2877235412598,-26.1489505767822,1683.3408            28.2877330780029,-26.1489582061768,1682.4958            28.2877388000488,-26.1489677429199,1682.7687            28.287748336792,-26.1489753723145,1683.3092            28.2877578735352,-26.148983001709,1683.5244            28.2877655029297,-26.1489925384521,1683.2726            28.2877731323242,-26.1490020751953,1683.0573            28.2877826690674,-26.1490097045898,1682.6323            28.2877922058105,-26.149019241333,1682.9734            28.2878017425537,-26.1490287780762,1683.0154            28.2878112792969,-26.1490364074707,1682.606            28.28782081604,-26.1490459442139,1682.0446            28.2878303527832,-26.1490535736084,1681.9657            28.2878398895264,-26.1490631103516,1682.1022            28.2878475189209,-26.1490726470947,1682.5431            28.2878551483154,-26.1490802764893,1682.5535            28.28786277771,-26.1490898132324,1682.4591            28.2878704071045,-26.149097442627,1682.2911            28.287878036499,-26.1491069793701,1683.052            28.2878875732422,-26.1491165161133,1682.6848            28.2878952026367,-26.1491241455078,1682.2439            28.2879047393799,-26.1491317749023,1682.7793            28.287914276123,-26.1491394042969,1682.4642            28.2879238128662,-26.1491470336914,1682.5325            28.2879314422607,-26.1491565704346,1682.4381            28.2879409790039,-26.1491641998291,1682.1284            28.2879486083984,-26.1491718292236,1682.2754            28.2879581451416,-26.1491794586182,1682.5693            28.2879676818848,-26.1491889953613,1682.5693            28.2879753112793,-26.1491966247559,1682.16            28.2879848480225,-26.1492042541504,1681.8765            28.287992477417,-26.1492137908936,1682.0549            28.2880020141602,-26.1492214202881,1682.2073            28.2880096435547,-26.1492290496826,1681.971            28.2880172729492,-26.1492385864258,1682.2859            28.2880229949951,-26.1492481231689,1682.8947            28.2880325317383,-26.1492557525635,1682.4486            28.2880401611328,-26.1492652893066,1681.7664            28.2880477905273,-26.1492748260498,1682.1337            28.2880554199219,-26.1492824554443,1682.118            28.2880630493164,-26.1492919921875,1681.971            28.2880725860596,-26.149299621582,1682.0392            28.2880802154541,-26.1493091583252,1681.8871            28.2880878448486,-26.1493186950684,1682.1442            28.2880973815918,-26.1493263244629,1682.3436            28.2881050109863,-26.1493358612061,1682.16            28.2880878448486,-26.1493663787842,1682.2335            28.2880897521973,-26.1493358612061,1681.7296            28.2881011962891,-26.1493396759033,1682.3699            28.2881126403809,-26.1493453979492,1682.7372            28.2881183624268,-26.1493530273438,1682.2859            28.2881259918213,-26.1493625640869,1682.4852            28.2881336212158,-26.1493721008301,1682.7162            28.2881393432617,-26.1493835449219,1682.6532            28.2881469726562,-26.149393081665,1682.774            28.2881526947021,-26.1494026184082,1682.6638            28.2881603240967,-26.1494121551514,1682.4014            28.2881679534912,-26.1494216918945,1682.3436            28.2881755828857,-26.1494312286377,1682.4381            28.2881832122803,-26.1494426727295,1682.7897            28.2881908416748,-26.149450302124,1682.648            28.288200378418,-26.1494598388672,1682.5063            28.2882080078125,-26.1494693756104,1682.5325            28.2882175445557,-26.1494789123535,1682.5587            28.2882270812988,-26.1494884490967,1683.0364            28.2882347106934,-26.1494979858398,1682.4852            28.2882423400879,-26.149507522583,1682.1074            28.2882499694824,-26.1495170593262,1682.2439            28.288257598877,-26.1495246887207,1682.6742            28.2882633209229,-26.1495342254639,1682.7634            28.2882709503174,-26.1495418548584,1682.3541            28.2882785797119,-26.1495513916016,1683.3354            28.2882881164551,-26.1495609283447,1683.2778            28.288293838501,-26.1495685577393,1682.2649            28.2883014678955,-26.1495780944824,1682.7949            28.28830909729,-26.1495876312256,1683.2147            28.2883148193359,-26.1495971679688,1683.6556            28.2883224487305,-26.1496047973633,1683.0573            28.2883281707764,-26.1496143341064,1682.4958            28.2883358001709,-26.1496238708496,1682.5535            28.2883434295654,-26.1496334075928,1682.6007            28.2883491516113,-26.1496429443359,1682.2124            28.2883567810059,-26.1496543884277,1682.0236            28.2883644104004,-26.1496639251709,1681.7296            28.2883720397949,-26.1496734619141,1681.735            28.2883796691895,-26.1496849060059,1681.7296            28.288387298584,-26.1496925354004,1681.8136            28.2883949279785,-26.1497020721436,1681.6351            28.2884044647217,-26.1497116088867,1681.7454            28.2884120941162,-26.1497211456299,1682.1809            28.2884197235107,-26.1497287750244,1682.0446            28.2884273529053,-26.1497383117676,1681.9133            28.2884349822998,-26.1497478485107,1682.097            28.2884426116943,-26.1497592926025,1681.5669            28.2884521484375,-26.1497669219971,1681.5513            28.288459777832,-26.1497764587402,1681.7874            28.2884654998779,-26.1497859954834,1681.992            28.2884731292725,-26.1497974395752,1682.2545            28.288480758667,-26.1498069763184,1681.8083            28.2884864807129,-26.1498165130615,1681.6299            28.2884941101074,-26.1498279571533,1681.8556            28.2884979248047,-26.1498394012451,1681.7874            28.2885055541992,-26.1498489379883,1681.8713            28.2885093688965,-26.1498603820801,1680.9583            28.2885131835938,-26.1498718261719,1681.3203            28.2885189056396,-26.149881362915,1681.2311            28.2885208129883,-26.1498928070068,1681.4462            28.2885246276855,-26.1499042510986,1681.6771            28.2885284423828,-26.1499156951904,1681.6405            28.2885303497314,-26.1499271392822,1681.6981            28.2885322570801,-26.149938583374,1681.6981            28.2885341644287,-26.1499500274658,1681.8083            28.2885360717773,-26.1499614715576,1682.3541            28.2885360717773,-26.149974822998,1681.9343            28.2885360717773,-26.1499862670898,1681.6981            28.288537979126,-26.1499977111816,1681.7559            28.288537979126,-26.1500091552734,1681.6667            28.288537979126,-26.1500205993652,1681.9291            28.2885360717773,-26.150032043457,1681.7506            28.2885341644287,-26.1500434875488,1681.5616            28.2885322570801,-26.1500549316406,1681.782            28.2885322570801,-26.1500682830811,1681.8661            28.2885303497314,-26.1500797271729,1682.0288            28.2885265350342,-26.1500911712646,1681.9867            28.2885227203369,-26.1501026153564,1681.4987            28.288516998291,-26.1501140594482,1681.6246            28.2885131835938,-26.15012550354,1681.9606            28.2885074615479,-26.1501350402832,1681.8923            28.2885036468506,-26.150146484375,1681.7454            28.2884998321533,-26.1501560211182,1681.8188            28.2884960174561,-26.1501693725586,1682.1547            28.2884922027588,-26.1501789093018,1682.1128            28.2884864807129,-26.1501922607422,1682.4224            28.2884826660156,-26.150203704834,1682.2281            28.2884769439697,-26.1502151489258,1682.0498            28.2884731292725,-26.1502265930176,1682.16            28.2884712219238,-26.1502380371094,1682.2911            28.2884712219238,-26.1502494812012,1682.0602            28.2884674072266,-26.1502628326416,1682.0708            28.2884654998779,-26.1502742767334,1682.4749            28.2884674072266,-26.1502876281738,1682.4224            28.2884654998779,-26.1502990722656,1682.0654            28.2884654998779,-26.1503105163574,1682.3909            28.2884654998779,-26.1503219604492,1682.6428            28.2884654998779,-26.150333404541,1682.0708            28.2884674072266,-26.1503467559814,1682.3279            28.2884654998779,-26.1503620147705,1682.6323            28.2884635925293,-26.1503753662109,1682.013            28.2884635925293,-26.1503868103027,1682.3279            28.2884635925293,-26.1504001617432,1682.0288            28.2884635925293,-26.1504135131836,1681.8871            28.2884635925293,-26.1504249572754,1681.6614            28.2884616851807,-26.1504383087158,1681.8083            28.2884635925293,-26.1504497528076,1681.8451            28.2884616851807,-26.150463104248,1682.0078            28.2884616851807,-26.1504745483398,1681.7137            28.288459777832,-26.1504878997803,1681.782            28.288459777832,-26.1504993438721,1681.4514            28.2884559631348,-26.1505107879639,1681.8241            28.2884540557861,-26.1505222320557,1681.8241            28.2884521484375,-26.1505336761475,1681.8818            28.2884502410889,-26.1505451202393,1681.9657            28.2884483337402,-26.1505584716797,1681.9606            28.2884464263916,-26.1505699157715,1681.9447            28.288444519043,-26.1505813598633,1682.6586            28.2884426116943,-26.1505928039551,1682.1547            28.2884407043457,-26.1506042480469,1682.1704            28.2884387969971,-26.1506156921387,1681.6036            28.2884368896484,-26.1506271362305,1681.761            28.2884368896484,-26.1506385803223,1681.7034            28.2884349822998,-26.1506481170654,1682.0392            28.2884330749512,-26.1506595611572,1682.0288            28.2884311676025,-26.150671005249,1681.8661            28.2884311676025,-26.1506805419922,1682.2229            28.2884292602539,-26.150691986084,1682.2073            28.2884273529053,-26.1507015228271,1682.0182            28.2884254455566,-26.1507129669189,1681.6771            28.288423538208,-26.1507244110107,1681.9081            28.2884216308594,-26.1507358551025,1681.7401            28.2884178161621,-26.1507472991943,1681.7401            28.2884159088135,-26.1507587432861,1681.7559            28.2884140014648,-26.1507701873779,1681.8031            28.2884140014648,-26.1507816314697,1681.9867            28.2884120941162,-26.1507930755615,1681.9657            28.2884101867676,-26.1508045196533,1681.7506            28.2884120941162,-26.1508159637451,1681.8556            28.2884101867676,-26.1508274078369,1682.0918            28.2884101867676,-26.1508407592773,1681.9028            28.2884082794189,-26.1508522033691,1681.4724            28.2884063720703,-26.1508636474609,1681.1891            28.2884044647217,-26.1508750915527,1681.2363            28.2884044647217,-26.1508865356445,1681.5303            28.2884044647217,-26.1508979797363,1682.1284            28.2884025573731,-26.1509113311768,1682.417            28.2884025573731,-26.1509227752686,1682.2281            28.2884006500244,-26.1509342193604,1682.1863            28.2883987426758,-26.1509475708008,1682.0392            28.2883968353271,-26.1509590148926,1681.8031            28.2883949279785,-26.1509704589844,1681.6456            28.2883930206299,-26.1509838104248,1682.0864            28.2883892059326,-26.1509952545166,1682.1284            28.288387298584,-26.1510066986084,1681.8083            28.288387298584,-26.1510181427002,1682.097            28.288387298584,-26.1510314941406,1682.0446            28.2883834838867,-26.1510429382324,1682.2701            28.2883815765381,-26.1510543823242,1681.9028            28.2883796691895,-26.151065826416,1682.0288            28.2883796691895,-26.1510772705078,1681.4358            28.2883777618408,-26.1510887145996,1680.9004            28.2883739471436,-26.1511001586914,1682.5168            28.2883720397949,-26.1511116027832,1682.2964            28.2883720397949,-26.1511249542236,1682.013            28.2883701324463,-26.1511363983154,1682.3069            28.2883682250977,-26.1511478424072,1682.5377            28.288366317749,-26.1511611938477,1682.6376            28.288366317749,-26.1511726379395,1682.0288            28.2883644104004,-26.1511840820313,1683.283            28.2883625030518,-26.1511974334717,1681.8765            28.2883625030518,-26.1512088775635,1682.4381            28.2883605957031,-26.1512222290039,1682.5431            28.2883586883545,-26.1512336730957,1682.4486            28.2883567810059,-26.1512451171875,1682.3121            28.2883567810059,-26.1512584686279,1682.6952            28.2883567810059,-26.1512699127197,1682.5273            28.2883548736572,-26.1512832641602,1682.6376            28.2883548736572,-26.151294708252,1682.3751            28.2883529663086,-26.1513080596924,1682.2124            28.2883529663086,-26.1513195037842,1681.9291            28.28835105896,-26.151330947876,1681.9028            28.2883491516113,-26.1513442993164,1682.7214            28.2883472442627,-26.1513557434082,1682.8107            28.2883472442627,-26.1513690948486,1682.7897            28.2883453369141,-26.1513805389404,1682.6323            28.2883453369141,-26.1513938903809,1682.8789            28.2883453369141,-26.1514053344727,1683.0731            28.2883453369141,-26.1514186859131,1682.8475            28.2883453369141,-26.1514301300049,1683.0364            28.2883453369141,-26.1514434814453,1682.5168            28.2883434295654,-26.1514549255371,1682.3594            28.2883434295654,-26.1514682769775,1682.2177            28.2883415222168,-26.151481628418,1682.4749            28.2883415222168,-26.1514930725098,1682.1653            28.2883396148682,-26.1515045166016,1682.4486            28.2883377075195,-26.1515159606934,1682.396            28.2883358001709,-26.1515274047852,1682.6007            28.2883338928223,-26.1515407562256,1682.4119            28.2883319854736,-26.1515522003174,1682.8003            28.2883281707764,-26.1515636444092,1682.4432            28.2883243560791,-26.151575088501,1682.7162            28.2883205413818,-26.1515884399414,1682.6586            28.2883148193359,-26.1515979766846,1682.5168            28.28830909729,-26.1516094207764,1682.1074            28.2883014678955,-26.1516208648682,1682.2386            28.2882919311523,-26.1516304016113,1682.3909            28.2882843017578,-26.1516380310059,1682.4749            28.2882747650146,-26.151647567749,1682.6323            28.2882671356201,-26.1516571044922,1682.7897            28.2882556915283,-26.1516647338867,1682.9419            28.2882461547852,-26.1516742706299,1683.0731            28.2882347106934,-26.1516819000244,1683.4614            28.2882232666016,-26.1516876220703,1683.6819            28.2882118225098,-26.1516952514648,1683.1885            28.2881984710693,-26.1517009735107,1682.7793            28.2881851196289,-26.1517066955566,1682.3541            28.2881736755371,-26.1517124176025,1682.69            28.2881603240967,-26.1517200469971,1683.3302            28.2881469726562,-26.1517238616943,1683.1991            28.2881355285645,-26.1517295837402,1683.2936            28.288122177124,-26.1517353057861,1683.325            28.2881107330322,-26.151741027832,1683.4877            28.2880973815918,-26.1517467498779,1683.3671            28.2880859375,-26.1517524719238,1682.732            28.2880725860596,-26.1517562866211,1683.325            28.2880611419678,-26.1517601013184,1683.8077            28.2880516052246,-26.1517658233643,1683.5139            28.2880382537842,-26.1517696380615,1683.8866            28.2880268096924,-26.1517753601074,1683.7029            28.2880153656006,-26.1517810821533,1684.4375            28.2880039215088,-26.1517868041992,1684.2487            28.2879943847656,-26.1517944335938,1683.7764            28.2879829406738,-26.1518020629883,1684.1909            28.2879734039307,-26.1518096923828,1683.4404            28.2879638671875,-26.1518173217773,1683.5612            28.2879543304443,-26.1518268585205,1683.6714            28.2879486083984,-26.151834487915,1683.7186            28.2879409790039,-26.1518459320068,1684.301            28.2879333496094,-26.15185546875,1684.0703            28.2879276275635,-26.1518630981445,1683.4614            28.2879219055176,-26.1518726348877,1683.4929            28.2879161834717,-26.1518821716309,1683.8917            28.2879104614258,-26.151891708374,1683.897            28.2879047393799,-26.1519012451172,1683.666            28.287899017334,-26.1519107818604,1683.8446            28.2878932952881,-26.1519222259521,1683.9076            28.2878875732422,-26.1519317626953,1684.3693            28.2878818511963,-26.1519412994385,1683.5664            28.287878036499,-26.1519527435303,1683.304            28.2878742218018,-26.1519622802734,1683.666            28.2878684997559,-26.1519718170166,1684.0021            28.28786277771,-26.1519832611084,1684.2697            28.2878570556641,-26.1519947052002,1683.8235            28.2878551483154,-26.152006149292,1683.5295            28.2878513336182,-26.1520195007324,1683.876            28.2878475189209,-26.1520309448242,1684.044            28.287841796875,-26.152042388916,1684.0021            28.2878398895264,-26.1520538330078,1683.5349            28.2878360748291,-26.152063369751,1683.5822            28.2878322601318,-26.1520748138428,1683.834            28.2878265380859,-26.1520862579346,1684.2328            28.2878246307373,-26.1520977020264,1684.0807            28.28782081604,-26.1521072387695,1684.6107            28.2878170013428,-26.1521186828613,1684.4271            28.2878131866455,-26.1521282196045,1684.2224            28.2878093719482,-26.1521396636963,1683.9495            28.287805557251,-26.1521492004395,1684.5951            28.2877998352051,-26.1521587371826,1684.3641            28.2877979278564,-26.1521701812744,1684.0964            28.2877960205078,-26.1521816253662,1684.1752            28.2877941131592,-26.152193069458,1684.658            28.2877960205078,-26.1522026062012,1684.1804            28.2878017425537,-26.1522102355957,1684.2118            28.2878112792969,-26.1522159576416,1683.7764            28.28782081604,-26.1522216796875,1684.2014            28.2878322601318,-26.1522254943848,1683.8604            28.2878456115723,-26.1522254943848,1684.1542            28.2878551483154,-26.1522312164307,1684.5479            28.2878665924072,-26.1522369384766,1683.9232            28.2878761291504,-26.1522426605225,1683.6871            28.2878856658936,-26.1522483825684,1683.897            28.2878952026367,-26.1522560119629,1683.7395            28.2879047393799,-26.1522655487061,1684.0231            28.287914276123,-26.1522750854492,1684.2014            28.2879219055176,-26.1522846221924,1683.6871            28.2879276275635,-26.1522941589355,1683.8707            28.287935256958,-26.1523056030273,1683.855            28.2879428863525,-26.1523151397705,1683.8025            28.2879486083984,-26.1523265838623,1683.5402            28.2879543304443,-26.1523380279541,1683.2936            28.2879619598389,-26.1523475646973,1683.3932            28.2879676818848,-26.1523590087891,1683.2357            28.287971496582,-26.1523685455322,1683.4457            28.2879772186279,-26.1523780822754,1683.0731            28.2879829406738,-26.1523876190186,1683.3617            28.2879867553711,-26.1523990631104,1683.0992            28.287992477417,-26.1524124145508,1683.3881            28.2879981994629,-26.1524257659912,1683.4143            28.2880039215088,-26.1524391174316,1683.1465            28.2880077362061,-26.1524486541748,1682.8737            28.288013458252,-26.1524600982666,1683.1781            28.2880191802979,-26.1524696350098,1683.2043            28.2880249023438,-26.1524791717529,1682.7268            28.288028717041,-26.1524887084961,1683.1781            28.2880344390869,-26.1524982452393,1683.1202            28.2880401611328,-26.1525096893311,1682.9524            28.2880458831787,-26.1525192260742,1682.9368            28.2880516052246,-26.1525287628174,1682.7162            28.2880554199219,-26.1525402069092,1682.2177            28.2880592346191,-26.152551651001,1682.2491            28.2880611419678,-26.1525611877441,1682.9261            28.288064956665,-26.1525726318359,1683.0049            28.2880687713623,-26.1525840759277,1682.5483            28.2880744934082,-26.1525936126709,1682.4432            28.2880783081055,-26.1526050567627,1682.3436            28.2880821228027,-26.1526145935059,1681.9657            28.2880878448486,-26.152624130249,1681.8502            28.2880916595459,-26.1526355743408,1682.0236            28.2880954742432,-26.1526470184326,1682.1704            28.2880954742432,-26.1526565551758,1681.9501            28.2880973815918,-26.1526679992676,1681.9133            28.2880992889404,-26.1526775360107,1682.5587            28.2881031036377,-26.1526870727539,1682.6217            28.288106918335,-26.1526966094971,1682.2596            28.2881088256836,-26.1527080535889,1682.7268            28.2881107330322,-26.1527194976807,1682.2545            28.2881126403809,-26.1527309417725,1682.1494            28.2881145477295,-26.1527423858643,1681.7926            28.2881164550781,-26.1527538299561,1681.8871            28.2881164550781,-26.1527652740479,1681.8031            28.2881183624268,-26.1527767181396,1681.6981            28.2881202697754,-26.1527862548828,1681.6929            28.2881202697754,-26.1527976989746,1681.6195            28.288122177124,-26.152811050415,1681.761            28.2881259918213,-26.1528224945068,1681.8083            28.2881278991699,-26.1528339385986,1681.6089            28.2881317138672,-26.1528453826904,1681.8292            28.2881317138672,-26.1528587341309,1681.3727            28.2881317138672,-26.152868270874,1681.3413            28.2881336212158,-26.1528816223145,1681.4358            28.2881355285645,-26.1528930664063,1681.4724            28.2881374359131,-26.1529064178467,1681.1156            28.2881412506104,-26.1529216766357,1681.2573            28.288143157959,-26.1529350280762,1681.7244            28.288143157959,-26.152946472168,1681.3413            28.288143157959,-26.1529579162598,1680.9791            28.2881450653076,-26.1529693603516,1680.7588            28.2881469726562,-26.1529808044434,1680.7219            28.2881469726562,-26.1529922485352,1681.2415            28.2881488800049,-26.1530055999756,1681.2731            28.2881507873535,-26.1530170440674,1681.1576            28.2881526947021,-26.1530284881592,1680.3967            28.2881546020508,-26.1530418395996,1681.1            28.2881565093994,-26.1530532836914,1681.6246            28.288158416748,-26.1530647277832,1681.147            28.2881603240967,-26.153076171875,1681.2258            28.2881603240967,-26.1530895233154,1680.3861            28.2881603240967,-26.1531009674072,1681.1366            28.2881622314453,-26.153112411499,1681.5723            28.2881622314453,-26.1531238555908,1681.2468            28.2881622314453,-26.1531352996826,1681.1051            28.2881641387939,-26.1531467437744,1681.1523            28.2881641387939,-26.1531581878662,1681.3466            28.2881622314453,-26.1531715393066,1681.483            28.2881622314453,-26.1531829833984,1680.9583            28.2881622314453,-26.1531925201416,1680.6906            28.2881622314453,-26.1532039642334,1681.4199            28.2881641387939,-26.1532135009766,1681.0684            28.2881641387939,-26.1532249450684,1681.2152            28.2881641387939,-26.1532363891602,1681.0841            28.2881622314453,-26.153247833252,1680.659            28.2881622314453,-26.1532592773438,1680.9635            28.2881622314453,-26.1532707214355,1680.9845            28.2881641387939,-26.1532821655273,1681.3466            28.2881641387939,-26.1532955169678,1680.8953            28.2881660461426,-26.1533069610596,1680.7639            28.2881679534912,-26.1533184051514,1680.6906            28.2881698608398,-26.1533298492432,1680.9529            28.2881698608398,-26.153341293335,1681.0055            28.2881698608398,-26.1533527374268,1680.9163            28.2881698608398,-26.1533641815186,1681.0579            28.2881698608398,-26.1533756256104,1681.0001            28.2881698608398,-26.1533870697021,1681.6195            28.2881698608398,-26.1533985137939,1681.3413            28.2881679534912,-26.1534099578857,1681.0264            28.2881660461426,-26.1534233093262,1680.4438            28.2881641387939,-26.153434753418,1680.8112            28.2881641387939,-26.1534481048584,1681.1313            28.2881622314453,-26.1534595489502,1681.0841            28.2881622314453,-26.153470993042,1681.1            28.2881622314453,-26.1534843444824,1680.8428            28.2881622314453,-26.1534976959229,1680.7849            28.2881622314453,-26.1535091400146,1680.911            28.2881603240967,-26.1535224914551,1680.9373            28.288158416748,-26.1535339355469,1680.3495            28.288158416748,-26.1535453796387,1680.3232            28.288158416748,-26.1535587310791,1680.4019            28.288158416748,-26.1535701751709,1680.7745            28.2881565093994,-26.1535816192627,1680.9373            28.2881546020508,-26.1535949707031,1680.3022            28.2881526947021,-26.1536064147949,1680.3179            28.2881526947021,-26.1536197662354,1680.5278            28.2881507873535,-26.1536331176758,1680.5698            28.2881507873535,-26.1536445617676,1680.4806            28.2881507873535,-26.153657913208,1680.4124            28.2881507873535,-26.1536693572998,1681.0736            28.2881488800049,-26.1536827087402,1680.7692            28.2881488800049,-26.1536922454834,1680.4281            28.2881469726562,-26.1537036895752,1680.3336            28.2881450653076,-26.153715133667,1680.5436            28.2881450653076,-26.1537380218506,1680.4648            28.2881450653076,-26.153751373291,1680.2391            28.2881412506104,-26.1537609100342,1680.4648            28.2881374359131,-26.1537742614746,1680.1868            28.2881355285645,-26.1537837982178,1679.4939            28.2881355285645,-26.1537952423096,1680.9319            28.2881355285645,-26.1538066864014,1680.6643            28.2881336212158,-26.1538162231445,1680.5488            28.2881336212158,-26.1538276672363,1680.1343            28.2881336212158,-26.1538410186768,1680.4753            28.2881336212158,-26.1538524627686,1680.6066            28.2881336212158,-26.1538639068604,1681.2783            28.2881317138672,-26.1538753509521,1680.911            28.2881298065186,-26.1538887023926,1680.4491            28.2881278991699,-26.153902053833,1680.0817            28.2881278991699,-26.1539134979248,1681.2206            28.2881278991699,-26.1539268493652,1680.9529            28.2881259918213,-26.153938293457,1680.9635            28.2881278991699,-26.1539497375488,1681.5826            28.2881259918213,-26.1539630889893,1681.1156            28.2881259918213,-26.1539745330811,1680.486            28.2881240844727,-26.1539878845215,1680.8428            28.288122177124,-26.1540012359619,1680.68            28.2881202697754,-26.1540126800537,1681.3307            28.2881202697754,-26.1540260314941,1681.2311            28.2881202697754,-26.1540374755859,1680.9896            28.2881202697754,-26.1540489196777,1681.0211            28.2881202697754,-26.1540603637695,1681.2731            28.2881202697754,-26.1540718078613,1681.3203            28.2881202697754,-26.1540851593018,1680.9214            28.2881202697754,-26.1540985107422,1681.1576            28.2881202697754,-26.154109954834,1680.5068            28.288122177124,-26.1541194915771,1680.8322            28.2881240844727,-26.1541290283203,1681.0894            28.2881278991699,-26.1541404724121,1681.4042            28.2881317138672,-26.1541538238525,1681.5406            28.2881355285645,-26.1541652679443,1681.3938            28.2881393432617,-26.1541728973389,1680.9635            28.2881908416748,-26.1541938781738,1680.7588            28.2881755828857,-26.1541957855225,1680.9319            28.2881698608398,-26.1542015075684,1681.1366            28.288179397583,-26.1542053222656,1681.6719            28.2881851196289,-26.1542072296143,1681.0894            28.2881965637207,-26.1542091369629,1681.7086            28.2882099151611,-26.1542110443115,1681.2783            28.2882232666016,-26.1542129516602,1681.121            28.288236618042,-26.1542129516602,1680.9319            28.2882480621338,-26.1542129516602,1681.1891            28.288257598877,-26.1542110443115,1681.7926            28.2882671356201,-26.1542110443115,1681.6141            28.2882785797119,-26.1542091369629,1681.3676            28.2882900238037,-26.1542091369629,1681.4778            28.2883014678955,-26.1542072296143,1681.0211            28.2883129119873,-26.1542053222656,1680.89            28.2883243560791,-26.1542053222656,1680.8112            28.2883377075195,-26.1542053222656,1680.9319            28.28835105896,-26.1542053222656,1681.1051            28.2883625030518,-26.1542053222656,1681.0264            28.2883758544922,-26.1542053222656,1680.701            28.288387298584,-26.154203414917,1680.4333            28.2884006500244,-26.1541996002197,1679.9243            28.2884120941162,-26.1541957855225,1679.8928            28.2884197235107,-26.1541881561279,1680.8008            28.2884273529053,-26.154182434082,1681.0159            28.2884368896484,-26.1541748046875,1681.0421            28.2884464263916,-26.154167175293,1681.3623            28.2884578704834,-26.1541614532471,1680.3546            28.2884654998779,-26.1541538238525,1680.2288            28.2884731292725,-26.1541442871094,1680.3074            28.2884788513184,-26.1541347503662,1679.8771            28.2884826660156,-26.1541233062744,1679.8876            28.2884883880615,-26.1541118621826,1679.7039            28.2884922027588,-26.1541004180908,1679.8298            28.2884979248047,-26.1540908813477,1679.4573            28.2884998321533,-26.1540794372559,1679.1425            28.2885036468506,-26.1540679931641,1678.9167            28.2885093688965,-26.1540584564209,1680.4648            28.2885131835938,-26.1540470123291,1679.5938            28.288516998291,-26.1540355682373,1680.0607            28.2885208129883,-26.1540260314941,1680.5173            28.2885246276855,-26.1540126800537,1680.9214            28.2885284423828,-26.1540012359619,1680.8953            28.2885322570801,-26.1539916992188,1680.3179            28.288537979126,-26.153980255127,1680.6381            28.2885417938232,-26.1539688110352,1680.6066            28.2885475158691,-26.1539573669434,1680.0344            28.288553237915,-26.1539459228516,1680.0083            28.2885589599609,-26.1539344787598,1680.5121            28.2885627746582,-26.153923034668,1679.389            28.2885684967041,-26.1539115905762,1680.3179            28.2885723114014,-26.1539001464844,1680.8846            28.2885761260986,-26.1538887023926,1680.5698            28.2885818481445,-26.1538772583008,1680.1815            28.2885856628418,-26.153865814209,1680.3915            28.2885894775391,-26.1538543701172,1679.9662            28.2885932922363,-26.1538429260254,1680.2654            28.2885971069336,-26.1538314819336,1680.5121            28.2886028289795,-26.1538200378418,1680.4911            28.2886066436768,-26.15380859375,1680.3495            28.288610458374,-26.1537971496582,1680.024            28.2886142730713,-26.1537857055664,1679.8456            28.2886180877686,-26.153772354126,1679.7511            28.2886219024658,-26.1537609100342,1679.851            28.2886257171631,-26.1537494659424,1679.4467            28.2886276245117,-26.1537380218506,1679.1843            28.288631439209,-26.1537265777588,1679.4939            28.2886333465576,-26.1537132263184,1679.5465            28.2886371612549,-26.1536998748779,1679.4625            28.2886409759521,-26.1536884307861,1679.7931            28.288646697998,-26.1536769866943,1679.9873            28.2886486053467,-26.1536655426025,1680.4019            28.2886524200439,-26.1536521911621,1680.2654            28.2886562347412,-26.1536388397217,1679.8456            28.2886600494385,-26.1536273956299,1679.9716            28.2886619567871,-26.1536140441895,1680.3126            28.2886638641357,-26.153600692749,1679.9033            28.288667678833,-26.1535892486572,1680.3285            28.2886695861816,-26.1535778045654,1679.9086            28.2886734008789,-26.153564453125,1680.3915            28.2886753082275,-26.1535530090332,1680.7167            28.2886791229248,-26.1535396575928,1680.4019            28.2886810302734,-26.153528213501,1680.1709            28.2886829376221,-26.1535167694092,1680.5593            28.2886867523193,-26.1535034179688,1680.6066            28.2886867523193,-26.153491973877,1680.7535            28.288688659668,-26.1534786224365,1680.7535            28.288688659668,-26.1534652709961,1680.5383            28.2886924743652,-26.1534538269043,1680.234            28.2886943817139,-26.1534423828125,1680.192            28.2886943817139,-26.1534290313721,1679.851            28.2886962890625,-26.1534175872803,1679.5518            28.2886981964111,-26.1534042358398,1680.4648            28.2887020111084,-26.1533908843994,1680.3809            28.288703918457,-26.1533794403076,1680.3756            28.2887058258057,-26.1533660888672,1680.2916            28.2887077331543,-26.1533527374268,1680.2234            28.2887096405029,-26.1533393859863,1680.1761            28.2887115478516,-26.1533279418945,1680.4229            28.2887134552002,-26.1533145904541,1680.5646            28.2887134552002,-26.1533012390137,1680.6694            28.2887153625488,-26.1532878875732,1680.4387            28.2887172698975,-26.1532745361328,1681.0159            28.2887191772461,-26.1532611846924,1681.2415            28.2887210845947,-26.153247833252,1681.2206            28.2887210845947,-26.1532363891602,1681.0264            28.2887229919434,-26.1532230377197,1680.6643            28.288724899292,-26.1532096862793,1680.6643            28.2887268066406,-26.1531982421875,1681.0001            28.2887268066406,-26.1531867980957,1681.0421            28.2887287139893,-26.1531734466553,1680.1761            28.2887325286865,-26.1531600952148,1680.6747            28.2887325286865,-26.153148651123,1680.5173            28.2887344360352,-26.1531352996826,1680.5121            28.2887344360352,-26.1531219482422,1680.3495            28.2887363433838,-26.1531085968018,1680.3022            28.2887363433838,-26.1530952453613,1680.6274            28.2887382507324,-26.1530838012695,1680.6538            28.2887401580811,-26.1530704498291,1680.9791            28.2887401580811,-26.1530570983887,1680.9686            28.2887439727783,-26.1530437469482,1681.3413            28.2887477874756,-26.1530303955078,1680.6433            28.2887496948242,-26.1530170440674,1680.6223            28.2887535095215,-26.153003692627,1680.3022            28.2887554168701,-26.1529903411865,1680.3022            28.2887573242188,-26.1529769897461,1680.2603            28.288761138916,-26.1529655456543,1680.5593            28.2887649536133,-26.1529521942139,1680.486            28.2887687683106,-26.1529407501221,1680.2706            28.2887706756592,-26.1529273986816,1680.066            28.2887744903564,-26.1529159545898,1680.3967            28.2887763977051,-26.1529026031494,1680.2234            28.2887783050537,-26.152889251709,1680.8322            28.2887802124023,-26.1528778076172,1680.6484            28.2887840270996,-26.1528644561768,1680.4806            28.2887859344482,-26.152853012085,1680.1185            28.2887897491455,-26.1528396606445,1680.7325            28.2887916564941,-26.1528263092041,1681.1366            28.2887954711914,-26.1528148651123,1681.4095            28.2888031005859,-26.1528034210205,1681.1156            28.2888050079346,-26.1527919769287,1680.5278            28.2888088226318,-26.1527786254883,1680.5068            28.2888126373291,-26.1527671813965,1680.8846            28.2888126373291,-26.1527538299561,1680.9896            28.2888126373291,-26.1527404785156,1680.659            28.2888145446777,-26.1527290344238,1680.8846            28.2888164520264,-26.152717590332,1680.659            28.2888202667236,-26.1527042388916,1681.2311            28.2888221740723,-26.1526927947998,1681.0106            28.2888240814209,-26.152681350708,1681.1104            28.2888259887695,-26.1526660919189,1681.2101            28.2888278961182,-26.1526546478271,1681.336            28.2888317108154,-26.1526432037354,1681.6561            28.2888355255127,-26.1526298522949,1681.4568            28.2888374328613,-26.1526184082031,1681.336            28.2888412475586,-26.1526069641113,1680.6066            28.2888431549072,-26.1525955200195,1680.8794            28.2888469696045,-26.1525821685791,1681.2206            28.2888488769531,-26.1525707244873,1681.4462            28.2888526916504,-26.1525592803955,1681.3517            28.288854598999,-26.1525478363037,1680.9529            28.2888565063477,-26.1525344848633,1681.1            28.2888603210449,-26.1525230407715,1681.6509            28.2888622283936,-26.1525115966797,1681.8188            28.2888660430908,-26.1525001525879,1682.1284            28.2888698577881,-26.1524887084961,1682.0708            28.2888736724854,-26.1524753570557,1681.7296            28.288875579834,-26.1524639129639,1681.6719            28.2888793945312,-26.1524505615234,1681.3833            28.2888832092285,-26.1524391174316,1681.782            28.2888870239258,-26.1524276733398,1682.2386            28.2888889312744,-26.1524143218994,1681.9185            28.2888927459717,-26.1524028778076,1681.6195            28.2888965606689,-26.1523914337158,1680.827            28.2888984680176,-26.1523780822754,1680.9845            28.2889022827148,-26.1523666381836,1681.4672            28.2889041900635,-26.1523551940918,1681.4987            28.2889060974121,-26.1523418426514,1681.9185            28.2889099121094,-26.1523303985596,1681.2678            28.288911819458,-26.1523189544678,1681.0001            28.2889137268066,-26.1523056030273,1681.5406            28.2889156341553,-26.1522941589355,1681.7874            28.2889156341553,-26.1522827148438,1681.5354            28.2889175415039,-26.152271270752,1681.5931            28.2889194488525,-26.1522579193115,1682.1914            28.2889232635498,-26.1522464752197,1682.076            28.2889251708984,-26.1522350311279,1682.2859            28.2889270782471,-26.1522235870361,1682.3594            28.2889289855957,-26.1522121429443,1681.735            28.2889308929443,-26.1522006988525,1681.5354            28.288932800293,-26.1521873474121,1681.3833            28.288932800293,-26.1521759033203,1681.6561            28.2889347076416,-26.1521644592285,1681.0159            28.288932800293,-26.1521511077881,1681.2152            28.2889347076416,-26.1521396636963,1681.6351            28.2889366149902,-26.1521263122559,1682.0446            28.2889366149902,-26.1521148681641,1681.483            28.2889385223389,-26.1521034240723,1681.4987            28.2889366149902,-26.1520919799805,1683.2988            28.2889385223389,-26.15207862854,1680.1343            28.2889385223389,-26.1520671844482,1680.911            28.2889366149902,-26.1520557403564,1681.2415            28.2889366149902,-26.152042388916,1680.89            28.2889347076416,-26.1520290374756,1681.3307            28.2889347076416,-26.1520156860352,1681.4672            28.2889366149902,-26.1520042419434,1681.9291            28.2889366149902,-26.1519908905029,1681.7769            28.2889385223389,-26.1519794464111,1681.483            28.2889404296875,-26.1519680023193,1682.2439            28.2889404296875,-26.1519565582275,1682.3226            28.2889404296875,-26.1519451141357,1681.9816            28.2889423370361,-26.1519336700439,1681.9133            28.2889442443848,-26.1519222259521,1682.2335            28.2889461517334,-26.1519088745117,1681.9185            28.288948059082,-26.1518955230713,1681.6456            28.288948059082,-26.1518840789795,1681.9291            28.2889499664307,-26.1518707275391,1681.4724            28.2889537811279,-26.1518573760986,1681.8346            28.2889556884766,-26.1518440246582,1681.9396            28.2889595031738,-26.1518325805664,1681.8661            28.2889633178711,-26.151819229126,1682.2229            28.2889652252197,-26.1518077850342,1681.782            28.288969039917,-26.1517963409424,1681.2783            28.288969039917,-26.151782989502,1681.7034            28.2889728546143,-26.1517696380615,1681.9973            28.2889747619629,-26.1517581939697,1682.4958            28.2889766693115,-26.1517448425293,1682.396            28.2889785766602,-26.1517314910889,1681.8346            28.2889804840088,-26.1517200469971,1682.139            28.2889823913574,-26.1517066955566,1682.2545            28.2889842987061,-26.1516952514648,1682.3909            28.2889862060547,-26.1516819000244,1681.6299            28.2889881134033,-26.1516704559326,1681.4778            28.288990020752,-26.1516571044922,1681.7086            28.2889919281006,-26.1516456604004,1681.9133            28.2889919281006,-26.1516342163086,1681.8346            28.2889938354492,-26.1516208648682,1682.2229            28.2889957427979,-26.1516094207764,1682.6742            28.2889976501465,-26.1515960693359,1682.1547            28.2889995574951,-26.1515827178955,1682.7897            28.2890014648438,-26.1515712738037,1682.7268            28.289005279541,-26.1515598297119,1683.4667            28.289005279541,-26.1515464782715,1682.8789            28.2890071868896,-26.1515350341797,1681.6195            28.2890071868896,-26.1515235900879,1681.5092            28.2890071868896,-26.1515102386475,1681.9763            28.2890110015869,-26.1514987945557,1682.606            28.2890090942383,-26.1514854431152,1682.3226            28.2890090942383,-26.1514720916748,1681.8608            28.2890090942383,-26.151460647583,1681.6246            28.2890090942383,-26.1514472961426,1681.7979            28.2890090942383,-26.1514358520508,1681.7559            28.2890090942383,-26.1514225006104,1682.2545            28.2890090942383,-26.1514110565186,1681.8923            28.2890071868896,-26.1513977050781,1681.2521            28.2890071868896,-26.1513862609863,1681.4042            28.289005279541,-26.1513729095459,1681.3307            28.2890033721924,-26.1513614654541,1680.9373            28.2890033721924,-26.1513481140137,1681.5303            28.2890014648438,-26.1513366699219,1681.9396            28.2890014648438,-26.1513233184814,1680.9845            28.2889995574951,-26.1513118743896,1681.462            28.2890014648438,-26.1512985229492,1681.9343            28.2890014648438,-26.1512870788574,1681.0789            28.2890014648438,-26.1512718200684,1681.9553            28.2890033721924,-26.1512603759766,1682.0392            28.289005279541,-26.1512470245361,1682.5273            28.2890071868896,-26.1512336730957,1682.2439            28.2890071868896,-26.1512203216553,1681.3885            28.2890090942383,-26.1512088775635,1680.2654            28.2890110015869,-26.1511936187744,1680.6066            28.2890129089355,-26.1511821746826,1680.2496            28.2890148162842,-26.1511688232422,1680.8638            28.2890186309814,-26.1511573791504,1680.213            28.2890205383301,-26.15114402771,1681.1313            28.2890243530273,-26.1511306762695,1681.7769            28.289026260376,-26.1511192321777,1681.7034            28.2890300750732,-26.1511077880859,1681.3044            28.2890357971191,-26.1510944366455,1681.9133            28.2890396118164,-26.1510829925537,1681.4148            28.2890434265137,-26.1510715484619,1681.6246            28.2890491485596,-26.1510601043701,1681.2625            28.2890548706055,-26.1510467529297,1681.1891            28.2890605926514,-26.1510353088379,1682.5535            28.2890625,-26.1510219573975,1683.0049            28.2890682220459,-26.1510105133057,1681.9973            28.2890720367432,-26.1509990692139,1681.5669            28.2890758514404,-26.1509876251221,1681.8136            28.2890815734863,-26.1509742736816,1681.8765            28.2890872955322,-26.1509628295898,1682.3331            28.2890911102295,-26.150951385498,1682.1232            28.2890949249268,-26.1509399414063,1682.8999            28.2891006469727,-26.1509284973145,1682.3541            28.2891044616699,-26.150915145874,1681.992            28.2891082763672,-26.1509037017822,1681.6351            28.2891120910645,-26.1508903503418,1682.4958            28.2891139984131,-26.1508769989014,1682.3174            28.2891178131104,-26.1508636474609,1681.8713            28.289119720459,-26.1508522033691,1682.4276            28.2891235351563,-26.1508407592773,1682.5483            28.2891254425049,-26.1508274078369,1683.1571            28.2891292572021,-26.1508140563965,1683.2988            28.2891330718994,-26.1508026123047,1682.1022            28.289134979248,-26.1507892608643,1682.5115            28.2891368865967,-26.1507759094238,1682.9838            28.2891407012939,-26.150764465332,1683.2096            28.2891426086426,-26.1507511138916,1682.627            28.2891445159912,-26.1507377624512,1683.0049            28.2891464233398,-26.1507244110107,1682.69            28.2891483306885,-26.1507129669189,1682.4486            28.2891502380371,-26.1506996154785,1682.69            28.2891521453857,-26.1506881713867,1682.1967            28.2891521453857,-26.1506748199463,1682.4276            28.2891540527344,-26.1506614685059,1682.8789            28.2891540527344,-26.1506500244141,1682.7949            28.289155960083,-26.1506366729736,1682.7582            28.2891578674316,-26.1506233215332,1682.5377            28.2891597747803,-26.1506118774414,1682.711            28.2891616821289,-26.1506004333496,1683.0364            28.2891616821289,-26.1505870819092,1682.8422            28.2891635894775,-26.1505756378174,1683.2096            28.2891635894775,-26.150562286377,1682.9838            28.2891635894775,-26.1505489349365,1682.5273            28.2891635894775,-26.1505355834961,1681.8031            28.2891635894775,-26.1505241394043,1682.9786            28.2891616821289,-26.1505107879639,1682.711            28.2891616821289,-26.1504993438721,1682.8527            28.2891616821289,-26.1504859924316,1682.9786            28.2891616821289,-26.1504745483398,1682.2964            28.2891616821289,-26.150463104248,1682.5693            28.2891635894775,-26.1504497528076,1683.1571            28.2891635894775,-26.1504364013672,1683.2306            28.2891635894775,-26.1504230499268,1682.013            28.2891635894775,-26.150411605835,1683.0364            28.2891635894775,-26.1503982543945,1682.9681            28.2891635894775,-26.1503849029541,1682.5063            28.2891635894775,-26.1503734588623,1682.16            28.2891616821289,-26.1503620147705,1682.774            28.2891616821289,-26.1503486633301,1683.4772            28.2891635894775,-26.1503353118896,1683.1099            28.2891616821289,-26.1503219604492,1683.3512            28.2891654968262,-26.1503105163574,1682.7372            28.2891654968262,-26.150297164917,1683.0469            28.2891674041748,-26.1502838134766,1682.3699            28.2891693115234,-26.1502704620361,1682.5535            28.2891712188721,-26.1502590179443,1683.1727            28.2891731262207,-26.1502456665039,1683.3774            28.2891750335693,-26.1502323150635,1683.052            28.289176940918,-26.150218963623,1682.606            28.2891788482666,-26.1502075195313,1681.9606            28.2891826629639,-26.1501960754395,1681.9553            28.2891845703125,-26.150182723999,1682.013            28.2891826629639,-26.1501693725586,1683.304            28.2891864776611,-26.1501579284668,1682.627            28.2891883850098,-26.1501445770264,1682.5587            28.2891902923584,-26.1501331329346,1681.9763            28.2891941070557,-26.1501216888428,1682.2229            28.2891960144043,-26.1501083374023,1682.4749            28.2891979217529,-26.1500949859619,1682.5746            28.2891998291016,-26.1500816345215,1682.5325            28.2892036437988,-26.1500682830811,1682.2335            28.2892074584961,-26.1500568389893,1682.6217            28.2892093658447,-26.1500453948975,1681.7454            28.289213180542,-26.150032043457,1682.1653            28.2892169952393,-26.1500205993652,1682.5956            28.2892227172852,-26.1500091552734,1682.4958            28.2892265319824,-26.149995803833,1682.3646            28.2892303466797,-26.1499843597412,1682.7582            28.2892360687256,-26.1499729156494,1683.0469            28.2892398834229,-26.1499614715576,1683.1675            28.2892456054688,-26.1499481201172,1683.3617            28.289249420166,-26.149938583374,1683.1571            28.2892532348633,-26.1499271392822,1682.7582            28.2892570495605,-26.1499137878418,1683.2357            28.2892589569092,-26.14990234375,1683.0731            28.2892608642578,-26.1498889923096,1682.3909            28.2892608642578,-26.1498775482178,1683.2043            28.2892646789551,-26.149866104126,1682.8003            28.2892665863037,-26.1498546600342,1682.3069            28.2892684936523,-26.1498432159424,1682.2545            28.289270401001,-26.149829864502,1682.6742            28.289270401001,-26.1498184204102,1682.8789            28.2892723083496,-26.1498069763184,1682.7162            28.2892723083496,-26.1497955322266,1682.6532            28.2892742156982,-26.1497821807861,1682.2859            28.2892742156982,-26.1497707366943,1682.8422            28.2892742156982,-26.1497573852539,1681.8975            28.2892742156982,-26.1497459411621,1682.0708            28.2892761230469,-26.1497344970703,1682.0602            28.2892780303955,-26.1497211456299,1680.8165            28.2892799377441,-26.1497097015381,1682.1547            28.2892818450928,-26.1496982574463,1682.3856            28.2892818450928,-26.1496868133545,1681.3623            28.2892837524414,-26.1496753692627,1681.3623            28.2892837524414,-26.1496639251709,1681.5144            28.28928565979,-26.1496505737305,1681.7926            28.2892875671387,-26.1496391296387,1681.8975            28.2892932891846,-26.1496315002441,1681.992            28.2893028259277,-26.1496238708496,1683.9022            28.2893142700195,-26.149621963501,1683.7239            28.28932762146,-26.1496276855469,1683.1255            28.2893333435059,-26.1496391296387,1683.4825            28.2893352508545,-26.1496524810791,1683.9076            28.28932762146,-26.1496658325195,1683.8131            28.2893199920654,-26.1496772766113,1683.6923            28.2893104553223,-26.1496868133545,1683.7554            28.2893009185791,-26.1496963500977,1684.9047            28.2892875671387,-26.1497020721436,1684.4218            28.2892723083496,-26.1497020721436,1683.4982            28.2892627716064,-26.1497287750244,1682.774            28.2892665863037,-26.1497650146484,1683.666            28.2892684936523,-26.1497821807861,1684.7104            28.2892684936523,-26.1497974395752,1683.4353            28.2892665863037,-26.1498126983643,1683.6871            28.2892665863037,-26.1498260498047,1683.7764            28.2892665863037,-26.1498394012451,1683.6609            28.2892684936523,-26.1498527526855,1684.0754            28.2892665863037,-26.149866104126,1684.4165            28.2892646789551,-26.1498775482178,1683.4509            28.2892646789551,-26.1498889923096,1683.2726            28.2892646789551,-26.1499004364014,1683.6766            28.2892646789551,-26.1499137878418,1683.6766            28.2892627716064,-26.1499252319336,1683.9548            28.2892589569092,-26.149938583374,1683.0992            28.2892551422119,-26.1499500274658,1683.5978            28.2892513275146,-26.1499633789063,1684.8837            28.2892456054688,-26.1499767303467,1683.96            28.2892417907715,-26.1499881744385,1684.1699            28.2892360687256,-26.1500015258789,1683.7029            28.2892322540283,-26.1500129699707,1683.6346            28.2892284393311,-26.1500244140625,1683.3671            28.2892246246338,-26.1500377655029,1683.3354            28.2892208099365,-26.1500492095947,1683.1781            28.2892169952393,-26.1500625610352,1683.325            28.289213180542,-26.150074005127,1683.5508            28.2892093658447,-26.1500854492188,1683.8656            28.2892074584961,-26.1500968933105,1683.7867            28.2892036437988,-26.150110244751,1683.7554            28.2891998291016,-26.1501216888428,1683.6294            28.2891979217529,-26.1501350402832,1683.8077            28.289192199707,-26.150146484375,1683.6294            28.2891883850098,-26.1501598358154,1684.0544            28.2891864776611,-26.1501712799072,1684.3379            28.2891845703125,-26.150182723999,1683.4614            28.2891826629639,-26.1501960754395,1683.2253            28.2891807556152,-26.1502075195313,1683.0992            28.2891788482666,-26.1502208709717,1683.4825            28.289176940918,-26.1502342224121,1683.7605            28.2891750335693,-26.1502456665039,1683.939            28.2891750335693,-26.1502571105957,1683.8446            28.2891731262207,-26.1502704620361,1683.8707            28.2891712188721,-26.1502819061279,1683.8497            28.2891712188721,-26.1502952575684,1684.0754            28.2891693115234,-26.1503067016602,1684.3483            28.2891693115234,-26.1503200531006,1683.9705            28.2891674041748,-26.1503314971924,1684.0703            28.2891674041748,-26.1503448486328,1682.7004            28.2891674041748,-26.1503582000732,1683.2936            28.2891693115234,-26.150369644165,1684.1227            28.2891693115234,-26.1503829956055,1684.0282            28.2891693115234,-26.1503963470459,1683.9338            28.2891693115234,-26.1504077911377,1684.2224            28.2891674041748,-26.1504211425781,1683.9442            28.2891674041748,-26.1504325866699,1683.9915            28.2891693115234,-26.1504459381104,1684.1279            28.2891674041748,-26.1504573822021,1684.1594            28.2891654968262,-26.1504707336426,1683.9862            28.2891674041748,-26.1504821777344,1683.3774            28.2891693115234,-26.1504955291748,1683.4614            28.2891693115234,-26.1505069732666,1683.7029            28.2891712188721,-26.1505184173584,1684.0072            28.2891712188721,-26.1505317687988,1684.3745            28.2891712188721,-26.1505432128906,1685.188            28.2891693115234,-26.1505565643311,1684.4954            28.2891674041748,-26.1505661010742,1685.697            28.2891674041748,-26.1505794525146,1684.6475            28.2891654968262,-26.1505908966064,1684.8207            28.2891654968262,-26.1506023406982,1684.0964            28.2891635894775,-26.1506118774414,1683.7081            28.2891635894775,-26.1506252288818,1683.1046            28.2891616821289,-26.1506366729736,1683.2726            28.2891616821289,-26.1506481170654,1683.7605            28.2891616821289,-26.1506595611572,1684.0231            28.2891616821289,-26.1506729125977,1684.2328            28.2891597747803,-26.1506862640381,1684.259            28.2891578674316,-26.1506977081299,1684.7472            28.2891578674316,-26.1507091522217,1683.8604            28.2891540527344,-26.1507205963135,1684.5162            28.2891521453857,-26.1507320404053,1683.4457            28.2891502380371,-26.1507453918457,1683.5559            28.2891483306885,-26.1507568359375,1683.241            28.2891464233398,-26.1507701873779,1682.8737            28.2891445159912,-26.1507835388184,1683.283            28.2891426086426,-26.1507968902588,1683.5402            28.2891407012939,-26.1508102416992,1684.2487            28.2891368865967,-26.150821685791,1684.2118            28.2891330718994,-26.1508331298828,1683.7291            28.2891292572021,-26.1508464813232,1683.9862            28.2891254425049,-26.150857925415,1683.5874            28.289119720459,-26.1508674621582,1685.0358            28.2891159057617,-26.15087890625,1681.8241            28.2891120910645,-26.1508903503418,1683.283            28.2891082763672,-26.150899887085,1683.7921            28.2891044616699,-26.1509132385254,1682.2545            28.2891025543213,-26.1509265899658,1683.2306            28.289098739624,-26.1509380340576,1683.7501            28.2890930175781,-26.1509532928467,1682.3909            28.2890892028809,-26.1509647369385,1683.7343            28.2890872955322,-26.1509780883789,1683.8866            28.289083480835,-26.1509914398193,1683.7501            28.2890796661377,-26.1510028839111,1683.8497            28.2890758514404,-26.1510162353516,1683.5559            28.2890720367432,-26.1510276794434,1683.5087            28.2890663146973,-26.1510391235352,1683.7554            28.2890605926514,-26.151050567627,1683.5559            28.2890548706055,-26.1510639190674,1683.645            28.2890510559082,-26.1510753631592,1683.7815            28.2890434265137,-26.151086807251,1683.855            28.2890377044678,-26.1511001586914,1683.834            28.2890338897705,-26.1511116027832,1683.7239            28.2890300750732,-26.1511249542236,1683.7343            28.289026260376,-26.1511383056641,1683.8077            28.2890243530273,-26.1511497497559,1682.8947            28.2890205383301,-26.1511631011963,1683.0679            28.2890186309814,-26.1511764526367,1683.1624            28.2890167236328,-26.1511898040771,1683.3722            28.2890148162842,-26.1512012481689,1683.2882            28.2890110015869,-26.1512145996094,1683.0259            28.2890090942383,-26.1512279510498,1682.7844            28.2890090942383,-26.1512413024902,1683.3302            28.2890071868896,-26.151252746582,1682.9104            28.2890071868896,-26.1512660980225,1682.8894            28.2890033721924,-26.1512928009033,1682.8003            28.289005279541,-26.1513042449951,1683.031            28.289005279541,-26.1513175964355,1683.262            28.289005279541,-26.1513442993164,1683.6976            28.289005279541,-26.1513557434082,1683.0679            28.2890090942383,-26.1513690948486,1682.6848            28.2890110015869,-26.1513824462891,1682.4801            28.2890129089355,-26.1513938903809,1682.732            28.2890129089355,-26.1514072418213,1683.4404            28.2890148162842,-26.1514205932617,1683.8604            28.2890148162842,-26.1514339447021,1683.7605            28.2890167236328,-26.1514472961426,1683.7867            28.2890167236328,-26.151460647583,1683.262            28.2890186309814,-26.1514720916748,1683.5768            28.2890167236328,-26.1514835357666,1683.9022            28.2890148162842,-26.151496887207,1683.8707            28.2890148162842,-26.1515083312988,1684.3431            28.2890129089355,-26.1515216827393,1683.4614            28.2890129089355,-26.1515331268311,1682.1022            28.2890129089355,-26.1515464782715,1683.2357            28.2890129089355,-26.1515579223633,1683.897            28.2890129089355,-26.1515712738037,1684.4481            28.2890110015869,-26.1515846252441,1682.9209            28.2890110015869,-26.1515960693359,1685.4347            28.2890071868896,-26.1516094207764,1683.0259            28.289005279541,-26.1516208648682,1682.774            28.2890014648438,-26.1516342163086,1683.8077            28.2889995574951,-26.1516456604004,1684.1489            28.2889995574951,-26.1516571044922,1683.7921            28.2889957427979,-26.1516704559326,1683.4719            28.2889919281006,-26.1516819000244,1682.5483            28.2889919281006,-26.1516933441162,1682.6952            28.2889919281006,-26.1517066955566,1683.1571            28.288990020752,-26.1517200469971,1682.9419            28.2889881134033,-26.1517333984375,1683.2253            28.2889862060547,-26.1517448425293,1683.6241            28.2889842987061,-26.1517562866211,1683.1255            28.2889804840088,-26.1517677307129,1682.7424            28.2889785766602,-26.1517810821533,1685.0411            28.2889766693115,-26.1517925262451,1684.1227            28.2889728546143,-26.1518039703369,1683.3932            28.2889709472656,-26.1518154144287,1683.4457            28.288969039917,-26.1518268585205,1682.3069            28.2889671325684,-26.1518383026123,1682.2073            28.2889671325684,-26.1518497467041,1682.8842            28.2889652252197,-26.1518611907959,1683.1519            28.2889652252197,-26.1518726348877,1683.01            28.2889633178711,-26.1518840789795,1683.5139            28.2889614105225,-26.1518955230713,1683.7186            28.2889595031738,-26.1519088745117,1684.4165            28.2889575958252,-26.1519203186035,1683.5717            28.2889556884766,-26.1519317626953,1685.1094            28.2889518737793,-26.1519432067871,1683.5402            28.288948059082,-26.1519546508789,1682.8422            28.288948059082,-26.1519660949707,1683.0364            28.2889499664307,-26.1519794464111,1684.3431            28.288948059082,-26.1519927978516,1681.992            28.2889461517334,-26.152006149292,1683.2043            28.2889461517334,-26.1520195007324,1683.0154            28.2889442443848,-26.1520309448242,1682.7793            28.2889423370361,-26.1520442962646,1683.2253            28.2889404296875,-26.1520538330078,1683.5768            28.2889404296875,-26.1520652770996,1682.9996            28.2889385223389,-26.1520767211914,1682.3121            28.2889385223389,-26.1520881652832,1682.5641            28.2889404296875,-26.1521015167236,1682.9628            28.2889404296875,-26.1521148681641,1683.0889            28.2889423370361,-26.1521282196045,1683.7343            28.2889404296875,-26.1521396636963,1683.4353            28.2889404296875,-26.1521530151367,1683.2096            28.2889385223389,-26.1521644592285,1683.3984            28.2889366149902,-26.1521778106689,1683.22            28.2889347076416,-26.1521892547607,1683.1309            28.288932800293,-26.1522006988525,1683.0206            28.288932800293,-26.152214050293,1682.5325            28.2889308929443,-26.1522274017334,1682.4276            28.2889308929443,-26.1522407531738,1682.9419            28.2889308929443,-26.1522521972656,1682.7268            28.2889289855957,-26.1522655487061,1682.8264            28.2889270782471,-26.1522769927979,1682.8213            28.2889251708984,-26.1522903442383,1682.585            28.2889213562012,-26.1523017883301,1682.5377            28.2889194488525,-26.1523151397705,1683.1571            28.2889175415039,-26.1523265838623,1683.304            28.2889137268066,-26.1523399353027,1685.4662            28.288911819458,-26.1523532867432,1682.3436            28.2889099121094,-26.152364730835,1681.8556            28.2889060974121,-26.1523780822754,1682.3751            28.2889060974121,-26.1523895263672,1681.8818            28.2889041900635,-26.1523990631104,1681.9606            28.2889022827148,-26.1524124145508,1682.417            28.2889003753662,-26.1524238586426,1682.6007            28.2888984680176,-26.152437210083,1682.5115            28.2888927459717,-26.1524486541748,1682.5641            28.288890838623,-26.1524620056152,1682.4066            28.2888870239258,-26.152473449707,1682.7372            28.2888832092285,-26.1524868011475,1682.732            28.2888793945312,-26.1524982452393,1682.3488            28.288875579834,-26.1525115966797,1683.1727            28.2888717651367,-26.1525230407715,1682.9944            28.2888698577881,-26.1525344848633,1682.4329            28.2888679504395,-26.1525478363037,1682.118            28.2888660430908,-26.1525592803955,1682.3488            28.2888660430908,-26.1525726318359,1682.5746            28.2888622283936,-26.1525840759277,1682.6586            28.2888603210449,-26.1525974273682,1682.097            28.2888584136963,-26.15260887146,1682.3018            28.288854598999,-26.1526203155518,1681.6614            28.2888507843018,-26.1526317596436,1683.1099            28.2888488769531,-26.152645111084,1682.8107            28.2888450622559,-26.1526565551758,1682.5535            28.2888431549072,-26.1526660919189,1682.9681            28.28883934021,-26.1526794433594,1680.6538            28.28883934021,-26.1526908874512,1681.8923            28.2888374328613,-26.1527004241943,1681.9291            28.2888336181641,-26.1527118682861,1682.2911            28.2888298034668,-26.1527233123779,1682.1547            28.2888240814209,-26.1527347564697,1682.3646            28.2888202667236,-26.1527442932129,1682.7004            28.2888145446777,-26.1527557373047,1682.8264            28.2888126373291,-26.1527671813965,1681.8083            28.2888107299805,-26.1527805328369,1681.7979            28.2888107299805,-26.1527919769287,1681.1682            28.2888088226318,-26.1528034210205,1681.9081            28.2888050079346,-26.1528167724609,1682.0549            28.2888050079346,-26.1528282165527,1681.9028            28.2888031005859,-26.1528396606445,1682.2649            28.2887992858887,-26.1528491973877,1682.2124            28.28879737854,-26.1528606414795,1682.6638            28.2887935638428,-26.1528720855713,1682.8317            28.2887935638428,-26.1528835296631,1681.5406            28.2887897491455,-26.1528949737549,1681.2731            28.2887878417969,-26.1529064178467,1681.4987            28.2887840270996,-26.1529197692871,1681.5616            28.288782119751,-26.1529312133789,1682.2754            28.2887802124023,-26.1529445648193,1682.1442            28.2887763977051,-26.1529560089111,1681.9447            28.2887725830078,-26.1529674530029,1681.7034            28.2887687683106,-26.1529788970947,1682.648            28.2887649536133,-26.1529922485352,1681.9447            28.2887630462647,-26.153003692627,1681.6195            28.2887592315674,-26.1530132293701,1681.735            28.2887573242188,-26.1530246734619,1681.0946            28.2887535095215,-26.1530380249023,1681.2731            28.2887516021729,-26.1530494689941,1681.5092            28.2887516021729,-26.1530628204346,1681.5616            28.2887496948242,-26.1530742645264,1681.6089            28.2887477874756,-26.1530857086182,1681.4409            28.288745880127,-26.15309715271,1682.1809            28.2887439727783,-26.1531085968018,1682.2073            28.2887420654297,-26.1531200408936,1682.2335            28.2887401580811,-26.1531314849854,1680.5802            28.2887401580811,-26.1531429290771,1680.701            28.2887401580811,-26.1531543731689,1681.5406            28.2887401580811,-26.1531791687012,1681.4252            28.2887382507324,-26.153190612793,1681.3256            28.2887382507324,-26.1532020568848,1681.8451            28.2887325286865,-26.1532135009766,1681.9553            28.2887306213379,-26.1532249450684,1681.3623            28.2887306213379,-26.1532363891602,1680.7483            28.2887287139893,-26.153247833252,1680.5908            28.2887268066406,-26.1532611846924,1681.6614            28.2887268066406,-26.1532707214355,1681.5144            28.2887268066406,-26.1532821655273,1681.4358            28.288724899292,-26.1532936096191,1681.4882            28.2887229919434,-26.1533050537109,1681.8871            28.2887210845947,-26.1533184051514,1681.9133            28.2887191772461,-26.1533298492432,1681.3885            28.2887172698975,-26.1533432006836,1681.1051            28.2887172698975,-26.1533546447754,1680.7639            28.2887153625488,-26.1533660888672,1680.9949            28.2887153625488,-26.1533794403076,1681.2573            28.2887134552002,-26.1533908843994,1681.1891            28.2887115478516,-26.1534042358398,1681.1786            28.2887096405029,-26.1534156799316,1680.8638            28.2887077331543,-26.1534271240234,1680.9373            28.288703918457,-26.1534404754639,1681.8556            28.2887020111084,-26.1534519195557,1682.1967            28.2887001037598,-26.1534652709961,1682.2439            28.2886981964111,-26.1534767150879,1681.2993            28.2886981964111,-26.1534900665283,1681.6824            28.2886962890625,-26.1535015106201,1681.6299            28.2886943817139,-26.1535129547119,1681.3779            28.2886924743652,-26.1535263061523,1681.761            28.2886905670166,-26.1535377502441,1681.3151            28.2886867523193,-26.1535491943359,1681.7559            28.2886810302734,-26.1535701751709,1682.118            28.2886791229248,-26.1535835266113,1681.6456            28.2886772155762,-26.1535949707031,1681.2678            28.2886734008789,-26.1536197662354,1683.4037            28.2886714935303,-26.1536312103271,1680.6433            28.288667678833,-26.1536426544189,1682.3488            28.2886600494385,-26.1536655426025,1681.3938            28.2886505126953,-26.1536846160889,1682.1494            28.2886486053467,-26.153694152832,1680.7219            28.288646697998,-26.1537055969238,1681.3623            28.288646697998,-26.1537170410156,1680.848            28.2886447906494,-26.1537265777588,1681.2625            28.2886409759521,-26.1537380218506,1682.0446            28.2886371612549,-26.1537475585938,1682.0339            28.2886333465576,-26.1537590026855,1681.4568            28.2886295318604,-26.1537685394287,1683.1361            28.2886257171631,-26.1537799835205,1680.9529            28.2886219024658,-26.1537914276123,1681.1            28.2886199951172,-26.1538028717041,1680.848            28.2886161804199,-26.1538143157959,1681.8975            28.2886142730713,-26.1538257598877,1681.1366            28.288610458374,-26.1538352966309,1681.0946            28.2886009216309,-26.1538581848145,1681.3044            28.288595199585,-26.1538696289063,1682.0708            28.2885913848877,-26.153881072998,1680.701            28.2885875701904,-26.1538925170898,1680.9686            28.2885837554932,-26.1539039611816,1680.4177            28.2885799407959,-26.1539154052734,1680.2234            28.2885761260986,-26.1539268493652,1680.7063            28.2885704040527,-26.153938293457,1680.6171            28.2885665893555,-26.1539497375488,1681.1786            28.2885570526123,-26.1539726257324,1681.0789            28.2885513305664,-26.1539821624756,1680.8846            28.2885456085205,-26.1539936065674,1681.2258            28.288537979126,-26.154016494751,1680.1289            28.2885341644287,-26.1540279388428,1680.0134            28.2885303497314,-26.1540393829346,1679.8823            28.2885284423828,-26.1540508270264,1680.4071            28.2885227203369,-26.1540622711182,1680.3495            28.288516998291,-26.15407371521,1680.4491            28.2885131835938,-26.1540851593018,1680.4543            28.2885074615479,-26.1540966033936,1680.0188            28.2885036468506,-26.1541080474854,1681.0317            28.2884998321533,-26.1541194915771,1681.4042            28.2884960174561,-26.1541309356689,1680.7483            28.2884941101074,-26.1541442871094,1680.3389            28.2884902954102,-26.1541557312012,1679.8561            28.2884883880615,-26.1541690826416,1679.851            28.2884845733643,-26.1541805267334,1680.6643            28.2884826660156,-26.1541919708252,1680.4229            28.288480758667,-26.1542053222656,1680.9949            28.288480758667,-26.1542167663574,1680.9266            28.2884826660156,-26.1542301177979,1681.4514            28.2884845733643,-26.1542415618896,1681.0579            28.2884883880615,-26.1542549133301,1681.2258            28.2884902954102,-26.1542663574219,1680.0503            28.2884922027588,-26.1542797088623,1680.1343            28.2884941101074,-26.1542930603027,1680.4596            28.2884922027588,-26.1543045043945,1681.0264            28.2884902954102,-26.1543159484863,1680.6066            28.2884883880615,-26.1543273925781,1681.0317            28.2884845733643,-26.1543407440186,1680.5383            28.288480758667,-26.154354095459,1680.7483            28.2884769439697,-26.1543655395508,1680.8112            28.2884750366211,-26.1543788909912,1680.9583            28.2884712219238,-26.154390335083,1680.6381            28.2884674072266,-26.1544017791748,1680.066            28.2884635925293,-26.1544151306152,1680.4438            28.2884616851807,-26.154426574707,1680.9266            28.288459777832,-26.1544399261475,1680.5226            28.288459777832,-26.1544513702393,1681.2625            28.2884578704834,-26.1544647216797,1681.1576            28.2884559631348,-26.1544799804688,1681.0369            28.2884540557861,-26.1544914245605,1681.9396            28.2884502410889,-26.1545028686523,1682.1494            28.2884483337402,-26.1545143127441,1681.7926            28.2884464263916,-26.1545238494873,1681.4148            28.2884464263916,-26.1545333862305,1680.5068            28.288444519043,-26.1545448303223,1681.1786            28.2884426116943,-26.1545562744141,1680.4963            28.2884407043457,-26.1545696258545,1680.659            28.2884407043457,-26.1545810699463,1680.6694            28.2884387969971,-26.1545925140381,1682.076            28.2884349822998,-26.1546039581299,1682.6638            28.2884349822998,-26.154613494873,1681.121            28.2884368896484,-26.1546249389648,1681.5354            28.2884407043457,-26.1546363830566,1680.2654            28.288444519043,-26.1546478271484,1679.6462            28.2884464263916,-26.1546592712402,1679.7931            28.2884483337402,-26.154670715332,1681.1682            28.2884502410889,-26.1546802520752,1681.5669            28.2884521484375,-26.154691696167,1680.9896            28.2884540557861,-26.1546993255615,1682.2649            28.2884559631348,-26.1547088623047,1681.1261            28.2884578704834,-26.1547203063965,1680.4806            28.2884578704834,-26.1547298431396,1680.5488            28.2884578704834,-26.1547393798828,1680.5121            28.288459777832,-26.154748916626,1680.6118            28.288459777832,-26.1547622680664,1681.5406            28.2884578704834,-26.1547737121582,1681.8136            28.2884559631348,-26.1547870635986,1681.8083            28.2884578704834,-26.1547985076904,1681.6981            28.2884578704834,-26.1548118591309,1681.2152            28.2884578704834,-26.1548233032227,1680.7429            28.2884578704834,-26.1548347473145,1680.7588            28.2884559631348,-26.1548480987549,1681.4199            28.2884559631348,-26.1548595428467,1681.2415            28.2884540557861,-26.1548709869385,1681.5985            28.2884521484375,-26.1548824310303,1681.0106            28.2884502410889,-26.1548957824707,1681.2731            28.2884483337402,-26.1549072265625,1680.9845            28.2884464263916,-26.1549205780029,1681.4462            28.2884426116943,-26.1549339294434,1681.6771            28.2884407043457,-26.1549472808838,1681.4305            28.2884368896484,-26.1549606323242,1680.8584            28.2884368896484,-26.1549739837646,1680.3179            28.2884349822998,-26.1549873352051,1680.2391            28.2884330749512,-26.1550006866455,1680.3126            28.2884311676025,-26.1550140380859,1680.9266            28.2884292602539,-26.1550273895264,1680.7483            28.2884273529053,-26.1550407409668,1681.2311            28.288423538208,-26.1550540924072,1680.2916            28.2884197235107,-26.155065536499,1680.7745            28.2884140014648,-26.1550788879395,1680.9163            28.2884101867676,-26.1550903320313,1681.2258            28.2884082794189,-26.1551036834717,1681.3569            28.2884063720703,-26.1551151275635,1681.0211            28.2884025573731,-26.1551284790039,1680.5646            28.2884006500244,-26.1551399230957,1680.3442            28.2883987426758,-26.1551532745361,1681.2941            28.2883949279785,-26.1551666259766,1681.8661            28.2883911132812,-26.1551780700684,1681.8975            28.288387298584,-26.1551895141602,1681.5774            28.2883815765381,-26.155200958252,1681.1786            28.2883777618408,-26.1552143096924,1681.6561            28.2883739471436,-26.1552257537842,1681.5459            28.2883701324463,-26.155237197876,1681.9028            28.2883644104004,-26.1552486419678,1681.9343            28.2883605957031,-26.1552619934082,1680.4911            28.2883586883545,-26.1552753448486,1681.1313            28.2883548736572,-26.1552886962891,1679.5884            28.28835105896,-26.1553058624268,1680.4543            28.2883453369141,-26.1553211212158,1682.1284            28.2883396148682,-26.1553363800049,1680.7115            28.2883338928223,-26.1553516387939,1680.7639            28.2883262634277,-26.1553649902344,1680.7692            28.2883224487305,-26.1553764343262,1681.0317            28.2883186340332,-26.1553897857666,1681.2625            28.2883167266846,-26.1554012298584,1681.3097            28.2883167266846,-26.1554126739502,1680.5226            28.2883167266846,-26.1554260253906,1680.0923            28.2883205413818,-26.1554393768311,1680.7798            28.2883243560791,-26.1554470062256,1683.01            28.2883262634277,-26.1554565429688,1681.9501            28.2883262634277,-26.1554679870605,1677.568            28.2883262634277,-26.1554794311523,1680.4281            28.2883281707764,-26.1554908752441,1680.7902            28.288330078125,-26.1555023193359,1681.0159            28.288330078125,-26.1555137634277,1680.4806            28.288330078125,-26.1555252075195,1681.4934            28.288330078125,-26.1555366516113,1682.0812            28.288330078125,-26.1555480957031,1681.0421            28.2883319854736,-26.1555595397949,1680.2654            28.2883319854736,-26.1555709838867,1679.8613            28.2883338928223,-26.1555824279785,1680.911            28.2883319854736,-26.1555957794189,1681.4409            28.2883338928223,-26.1556072235107,1681.2521            28.2883319854736,-26.1556205749512,1681.0894            28.2883319854736,-26.155632019043,1681.6405            28.288330078125,-26.1556453704834,1681.504            28.2883281707764,-26.1556568145752,1681.6195            28.2883262634277,-26.155668258667,1681.504            28.2883262634277,-26.1556816101074,1681.3097            28.2883262634277,-26.1556930541992,1680.5173            28.2883262634277,-26.155704498291,1680.2812            28.2883262634277,-26.1557178497314,1680.5961            28.2883243560791,-26.1557292938232,1681.1            28.2883224487305,-26.1557426452637,1681.3938            28.2883186340332,-26.1557540893555,1681.3256            28.2883148193359,-26.1557655334473,1681.7296            28.2883148193359,-26.1557788848877,1681.8871            28.2883148193359,-26.1557903289795,1681.5774            28.2883167266846,-26.1558017730713,1680.8374            28.2883186340332,-26.1558151245117,1680.9163            28.2883186340332,-26.1558265686035,1680.8165            28.2883186340332,-26.1558399200439,1681.5723            28.2883186340332,-26.1558513641357,1681.5459            28.2883167266846,-26.1558628082275,1681.5144            28.2883148193359,-26.155876159668,1681.8556            28.2883129119873,-26.1558876037598,1682.118            28.2883148193359,-26.1558990478516,1681.9237            28.2883148193359,-26.155912399292,1681.5985            28.2883129119873,-26.1559238433838,1680.9373            28.2883110046387,-26.1559371948242,1680.6171            28.2883110046387,-26.1559505462646,1681.2521            28.2883071899414,-26.1559619903564,1681.4934            28.2883052825928,-26.1559734344482,1681.6771            28.2883014678955,-26.15598487854,1680.5016            28.2882976531982,-26.1559963226318,1681.4778            28.2882957458496,-26.1560077667236,1682.2124            28.288293838501,-26.1560192108154,1681.7034            28.2882919311523,-26.1560306549072,1681.5564            28.2882881164551,-26.1560440063477,1681.1576            28.2882843017578,-26.1560554504395,1680.9163            28.2882804870605,-26.1560668945313,1681.3623            28.2882766723633,-26.156078338623,1681.2363            28.288272857666,-26.1560897827148,1681.5723            28.2882671356201,-26.1561012268066,1681.1786            28.2882633209229,-26.1561107635498,1681.0527            28.2882595062256,-26.1561222076416,1681.9237            28.288257598877,-26.1561336517334,1681.525            28.2882556915283,-26.1561450958252,1680.7588            28.2882518768311,-26.156156539917,1680.5646            28.2882480621338,-26.1561679840088,1681.1366            28.2882461547852,-26.1561794281006,1681.4514            28.2882404327393,-26.1561889648438,1681.5092            28.288236618042,-26.1562023162842,1681.7086            28.2882328033447,-26.156213760376,1681.336            28.2882289886475,-26.1562252044678,1682.0339            28.2882270812988,-26.1562366485596,1681.7506            28.2882270812988,-26.1562480926514,1680.8218            28.2882251739502,-26.1562614440918,1680.8165            28.2882232666016,-26.1562728881836,1681.1682            28.2882213592529,-26.1562843322754,1681.5826            28.2882175445557,-26.1562957763672,1681.9081            28.2882137298584,-26.1563034057617,1681.7191            28.2882099151611,-26.1563148498535,1681.147            28.2882041931152,-26.1563262939453,1681.3256            28.288200378418,-26.1563377380371,1681.5879            28.2881946563721,-26.1563472747803,1681.3097            28.2881889343262,-26.1563606262207,1681.1628            28.2881832122803,-26.1563720703125,1680.9004            28.288179397583,-26.1563835144043,1680.4911            28.2881717681885,-26.1563949584961,1680.9896            28.2881660461426,-26.1564064025879,1681.0841            28.288158416748,-26.1564159393311,1680.7377            28.2881526947021,-26.1564273834229,1681.0211            28.2881450653076,-26.1564388275146,1680.9214            28.2881393432617,-26.1564502716064,1680.3705            28.2881317138672,-26.1564617156982,1680.659            28.2881259918213,-26.15647315979,1680.911            28.2881202697754,-26.1564846038818,1681.2152            28.2881164550781,-26.1564979553223,1681.1523            28.2881107330322,-26.1565093994141,1680.9529            28.2881050109863,-26.1565227508545,1679.8193            28.2881011962891,-26.1565341949463,1680.3074            28.2880973815918,-26.1565456390381,1681.3779            28.2880935668945,-26.1565570831299,1680.5908            28.2880897521973,-26.1565704345703,1681.121            28.2880859375,-26.1565837860107,1680.827            28.2880840301514,-26.1565952301025,1680.7377            28.2880802154541,-26.156608581543,1680.4229            28.2880764007568,-26.1566200256348,1680.9214            28.2880744934082,-26.1566314697266,1681.4305            28.2880706787109,-26.156644821167,1680.7692            28.2880687713623,-26.1566581726074,1681.0789            28.288064956665,-26.1566696166992,1680.6066            28.2880630493164,-26.1566829681396,1680.6274            28.2880592346191,-26.1566963195801,1680.5488            28.2880573272705,-26.1567096710205,1680.659            28.2880554199219,-26.1567211151123,1680.7955            28.2880516052246,-26.1567325592041,1680.7745            28.2880477905273,-26.1567459106445,1681.1733            28.2880439758301,-26.156759262085,1680.9635            28.2880401611328,-26.1567707061768,1680.6643            28.2880401611328,-26.1567840576172,1680.8218            28.2880363464355,-26.156795501709,1681.5879            28.2880344390869,-26.1568069458008,1681.8608            28.2880306243896,-26.1568202972412,1681.2678            28.2880306243896,-26.1568336486816,1681.3044            28.288028717041,-26.1568450927734,1680.5068            28.2880249023438,-26.1568584442139,1680.8112            28.2880249023438,-26.1568717956543,1680.3495            28.2880210876465,-26.1568832397461,1681.0001            28.2880172729492,-26.1568965911865,1680.68            28.2880153656006,-26.1569080352783,1681.0579            28.2880096435547,-26.1569213867188,1680.7115            28.2880039215088,-26.1569290161133,1681.6771            28.2880020141602,-26.1569385528564,1682.9368            28.2879962921143,-26.1569423675537,1682.1653            28.2879734039307,-26.156946182251,1681.7979            28.2879657745361,-26.1569576263428,1679.2211            28.2879657745361,-26.1569690704346,1681.1682            28.2879676818848,-26.156982421875,1680.0765            28.2879676818848,-26.1569957733154,1679.3733            28.2879676818848,-26.1570110321045,1680.2812            28.2879695892334,-26.1570224761963,1680.9529            28.2879695892334,-26.1570339202881,1681.1104            28.287971496582,-26.1570472717285,1683.0259            28.2879676818848,-26.1570587158203,1681.2678            28.2879676818848,-26.1570701599121,1682.2859            28.2879676818848,-26.1570835113525,1681.2415            28.2879695892334,-26.157096862793,1680.5436            28.2879695892334,-26.1571102142334,1680.2078            28.287971496582,-26.1571235656738,1679.2893            28.287971496582,-26.1571350097656,1680.6171            28.287971496582,-26.1571483612061,1680.4596            28.287971496582,-26.1571598052979,1680.4019            28.287971496582,-26.1571731567383,1680.6484            28.287971496582,-26.1571846008301,1680.7483            28.287971496582,-26.1571979522705,1680.3705            28.287971496582,-26.1572093963623,1680.4333            28.2879695892334,-26.1572227478027,1680.4438            28.2879695892334,-26.1572360992432,1680.0134            28.2879695892334,-26.1572494506836,1680.9163            28.287971496582,-26.1572608947754,1679.1477            28.2879734039307,-26.1572761535645,1679.5149            28.2879734039307,-26.1572875976563,1679.8666            28.2879753112793,-26.1573009490967,1680.0607            28.2879753112793,-26.1573123931885,1680.9583            28.2879734039307,-26.1573238372803,1680.5856            28.287971496582,-26.1573352813721,1680.827            28.287971496582,-26.1573486328125,1680.8794            28.2879734039307,-26.1573600769043,1681.1682            28.2879734039307,-26.1573734283447,1680.7063            28.2879753112793,-26.1573848724365,1679.8928            28.2879753112793,-26.157398223877,1679.8193            28.2879753112793,-26.1574096679688,1679.7668            28.2879753112793,-26.1574211120605,1680.1133            28.2879753112793,-26.157434463501,1680.4438            28.2879734039307,-26.1574459075928,1680.533            28.287971496582,-26.1574573516846,1681.1891            28.287971496582,-26.157470703125,1680.8531            28.2879695892334,-26.1574821472168,1680.7849            28.287971496582,-26.1574935913086,1681.0946            28.287971496582,-26.157506942749,1680.4911            28.2879734039307,-26.1575202941895,1680.6066            28.2879734039307,-26.1575336456299,1679.8666            28.2879753112793,-26.1575469970703,1679.0795            28.2879753112793,-26.1575584411621,1680.2496            28.287971496582,-26.1575717926025,1680.9056            28.2879695892334,-26.1575832366943,1680.5593            28.2879676818848,-26.1575946807861,1680.7639            28.2879695892334,-26.1576080322266,1680.7692            28.2879695892334,-26.1576194763184,1681.1051            28.2879734039307,-26.1576328277588,1680.2391            28.2879734039307,-26.1576442718506,1679.8298            28.287971496582,-26.1576557159424,1679.7039            28.2879734039307,-26.1576690673828,1679.2369            28.2879734039307,-26.1576805114746,1679.7983            28.2879734039307,-26.1576919555664,1680.276            28.287971496582,-26.1577053070068,1680.6223            28.2879695892334,-26.1577167510986,1681.0317            28.2879676818848,-26.1577301025391,1680.701            28.2879676818848,-26.1577415466309,1681.0474            28.2879695892334,-26.1577529907227,1681.2363            28.2879734039307,-26.1577644348145,1679.5621            28.2879734039307,-26.1577739715576,1679.8666            28.2879753112793,-26.157787322998,1680.3232            28.2879753112793,-26.1577987670898,1680.9373            28.2879772186279,-26.1578102111816,1680.4387            28.2879791259766,-26.1578216552734,1681.1523            28.2879810333252,-26.1578330993652,1681.3097            28.2879810333252,-26.1578426361084,1681.9028            28.2879829406738,-26.1578559875488,1680.911            28.2879829406738,-26.1578674316406,1680.2181            28.2879848480225,-26.1578807830811,1680.5068            28.2879829406738,-26.1578922271729,1680.5856            28.2879810333252,-26.1579036712646,1681.1            28.2879791259766,-26.1579170227051,1681.3623            28.2879753112793,-26.1579303741455,1681.6614            28.2879734039307,-26.1579418182373,1681.0369            28.2879695892334,-26.1579532623291,1681.7926            28.2879676818848,-26.1579647064209,1681.5879            28.2879676818848,-26.1579761505127,1680.869            28.2879657745361,-26.1579875946045,1680.5278            28.2879619598389,-26.1580009460449,1680.7639            28.2879581451416,-26.1580142974854,1680.6484            28.2879543304443,-26.1580257415771,1681.2834            28.2879486083984,-26.1580390930176,1681.5723            28.2879447937012,-26.1580505371094,1681.9081            28.2879428863525,-26.1580619812012,1682.7162            28.2879409790039,-26.158073425293,1681.8031            28.2879409790039,-26.1580848693848,1680.4648            28.2879409790039,-26.1580982208252,1680.7745            28.2879409790039,-26.1581077575684,1680.9214            28.2879390716553,-26.1581192016602,1681.4199            28.2879371643066,-26.158130645752,1681.3779            28.287935256958,-26.1581420898438,1682.7214            28.2879333496094,-26.1581535339355,1682.4591            28.2879314422607,-26.1581649780273,1681.5826            28.2879276275635,-26.1581764221191,1680.2916            28.2879257202148,-26.1581878662109,1680.5436            28.2879219055176,-26.1581993103027,1680.5016            28.2879180908203,-26.1582107543945,1680.2391            28.287914276123,-26.158224105835,1681.1104            28.2879104614258,-26.1582374572754,1680.9373            28.2879066467285,-26.1582489013672,1681.5826            28.2879028320312,-26.158260345459,1681.9657            28.2879009246826,-26.1582717895508,1681.8241            28.287899017334,-26.1582851409912,1680.869            28.2878971099854,-26.158296585083,1681.5985            28.287899017334,-26.1583080291748,1681.8136            28.287899017334,-26.1583194732666,1679.7039            28.2878952026367,-26.1583309173584,1681.6771            28.2878932952881,-26.1583442687988,1681.2206            28.2878932952881,-26.1583576202393,1681.1313            28.2878913879395,-26.1583690643311,1681.2468            28.2878894805908,-26.1583805084229,1681.0106            28.2878875732422,-26.1583938598633,1681.2888            28.2878875732422,-26.1584053039551,1681.5144            28.2878875732422,-26.1584167480469,1682.0654            28.2878856658936,-26.1584281921387,1682.0078            28.2878856658936,-26.1584415435791,1681.1418            28.2878837585449,-26.1584548950195,1680.7798            28.2878818511963,-26.1584663391113,1681.4724            28.287878036499,-26.1584777832031,1681.8923            28.2878761291504,-26.1584892272949,1682.1494            28.2878723144531,-26.1585006713867,1681.6089            28.2878665924072,-26.1585140228271,1681.4252            28.2878646850586,-26.1585254669189,1683.8656            28.2878646850586,-26.1585369110107,1682.5377            28.28786277771,-26.1585483551025,1681.6981            28.2878646850586,-26.158561706543,1680.8741            28.2878646850586,-26.1585750579834,1679.4415            28.2878646850586,-26.1585865020752,1680.7325            28.28786277771,-26.158597946167,1680.68            28.2878608703613,-26.1586093902588,1680.5908            28.2878551483154,-26.1586208343506,1680.7063            28.2878494262695,-26.1586322784424,1681.9973            28.287841796875,-26.1586418151855,1681.6719            28.2878360748291,-26.1586513519287,1682.1863            28.2878284454346,-26.1586608886719,1681.7137            28.2878227233887,-26.1586723327637,1681.6141            28.2878170013428,-26.1586818695068,1681.0579            28.2878093719482,-26.1586933135986,1680.7273            28.2878017425537,-26.1587047576904,1681.0106            28.2877902984619,-26.158712387085,1682.2806            28.2877883911133,-26.1587238311768,1682.1704            28.2877788543701,-26.1587333679199,1681.483            28.287769317627,-26.1587429046631,1682.0654            28.2877635955811,-26.1587524414063,1682.3804            28.2877540588379,-26.1587619781494,1684.0387            28.287748336792,-26.1587715148926,1684.3273            28.2877407073975,-26.1587810516357,1683.2726            28.2877349853516,-26.1587924957275,1681.9133            28.287727355957,-26.158805847168,1681.4095            28.2877216339111,-26.1588172912598,1681.0684            28.2877140045166,-26.1588268280029,1679.4888            28.2877082824707,-26.1588363647461,1680.6906            28.2877006530762,-26.1588459014893,1680.8846            28.2876949310303,-26.1588554382324,1681.0736            28.2876892089844,-26.1588649749756,1681.2048            28.2876815795898,-26.1588764190674,1681.3307            28.2876739501953,-26.1588878631592,1681.8975            28.2876663208008,-26.158899307251,1681.8346            28.2876567840576,-26.1589088439941,1681.4305            28.2876491546631,-26.1589202880859,1681.761            28.2876415252686,-26.1589298248291,1681.8031            28.2876319885254,-26.1589393615723,1681.6246            28.2876224517822,-26.1589508056641,1681.5303            28.2876148223877,-26.1589622497559,1681.121            28.2876071929932,-26.158971786499,1681.2521            28.28759765625,-26.1589813232422,1680.7483            28.2875900268555,-26.1589908599854,1680.7115            28.2875823974609,-26.1590023040771,1681.4199            28.2875728607178,-26.1590099334717,1681.761            28.2875633239746,-26.1590194702148,1681.9291            28.2875556945801,-26.1590309143066,1681.8188            28.2875461578369,-26.1590404510498,1681.8818            28.2875385284424,-26.159049987793,1682.4539            28.2875289916992,-26.1590595245361,1682.4014            28.2875213623047,-26.1590690612793,1681.2625            28.2875118255615,-26.1590766906738,1681.9501            28.2875022888184,-26.159086227417,1680.4333            28.2874946594238,-26.1590938568115,1680.0817            28.2874851226807,-26.1591014862061,1680.5173            28.2874736785889,-26.159107208252,1681.0789            28.2874622344971,-26.159107208252,1680.5488            28.2874488830566,-26.1591053009033,1680.2864            28.2874355316162,-26.1591014862061,1679.7721            28.2874221801758,-26.1590995788574,1680.1027            28.287410736084,-26.1590919494629,1681.0001            28.2874011993408,-26.1590843200684,1680.087            28.2873973846436,-26.1590728759766,1679.8141            28.2873973846436,-26.1590614318848,1680.1448            28.2874069213867,-26.1590538024902,1680.7535            28.2874183654785,-26.1590480804443,1680.6328            28.2874298095703,-26.1590423583984,1681.1733            28.2874412536621,-26.1590366363525,1681.336            28.2874546051025,-26.1590328216553,1680.9896            28.287467956543,-26.159029006958,1680.4387            28.2874813079834,-26.1590251922607,1680.6066            28.2874927520752,-26.1590213775635,1680.5593            28.287504196167,-26.1590156555176,1680.4438            28.2875156402588,-26.1590118408203,1681.1104            28.287525177002,-26.1590061187744,1681.1682            28.2875347137451,-26.1589984893799,1682.753            28.2875442504883,-26.158992767334,1681.0684            28.2875556945801,-26.1589851379395,1680.4333            28.2875652313232,-26.1589775085449,1680.3756            28.2875747680664,-26.158971786499,1680.1971            28.2875862121582,-26.1589641571045,1680.8953            28.28759765625,-26.1589584350586,1681.3569            28.2876091003418,-26.1589527130127,1681.525            28.287618637085,-26.1589450836182,1681.3727            28.2876281738281,-26.1589374542236,1681.3466            28.2876358032227,-26.1589279174805,1680.701            28.2876434326172,-26.1589183807373,1680.213            28.2876510620117,-26.1589088439941,1679.9296            28.2876586914062,-26.1588973999023,1679.1948            28.2876663208008,-26.1588878631592,1679.5308            28.2876720428467,-26.158878326416,1680.1658            28.2876796722412,-26.1588687896729,1679.8247            28.2876873016357,-26.1588573455811,1680.8846            28.2876949310303,-26.1588459014893,1681.0421            28.2877025604248,-26.1588344573975,1681.2678            28.2877101898193,-26.1588230133057,1680.4333            28.2877159118652,-26.1588096618652,1680.3336            28.2877235412598,-26.1587982177734,1679.8141            28.2877311706543,-26.1587867736816,1678.8695            28.2877388000488,-26.1587772369385,1679.6514            28.2877464294434,-26.1587677001953,1680.1499            28.2877540588379,-26.1587581634521,1680.4387            28.2877616882324,-26.1587467193604,1680.8428            28.2877674102783,-26.1587371826172,1681.1838            28.2877769470215,-26.158727645874,1681.3569            28.2877807617188,-26.1587162017822,1681.2311            28.2877864837646,-26.1587066650391,1681.121            28.2877902984619,-26.1586990356445,1680.8112            28.2877979278564,-26.1586894989014,1680.9686            28.2878036499023,-26.1586799621582,1681.2363            28.2878170013428,-26.1586780548096,1680.8008            28.2878322601318,-26.1586837768555,1681.6981            28.2878494262695,-26.1586666107178,1680.68            28.2878494262695,-26.1586532592773,1681.7506            28.2878532409668,-26.1586399078369,1681.7191            28.2878570556641,-26.1586284637451,1681.9185            28.2878608703613,-26.1586151123047,1681.9396            28.28786277771,-26.1586036682129,1682.5535            28.2878665924072,-26.1585960388184,1681.8975            28.2878684997559,-26.1585884094238,1680.1552            28.2878704071045,-26.158576965332,1680.4387            28.2878704071045,-26.1585674285889,1682.013            28.2878723144531,-26.1585540771484,1681.9501            28.2878742218018,-26.158540725708,1681.8556            28.287878036499,-26.1585254669189,1682.0549            28.287878036499,-26.1585140228271,1681.7664            28.287878036499,-26.1585025787354,1682.1232            28.287878036499,-26.1584892272949,1682.1547            28.2878799438477,-26.1584777832031,1681.1786            28.2878818511963,-26.1584663391113,1680.4701            28.2878856658936,-26.1584529876709,1680.2078            28.2878875732422,-26.1584396362305,1679.8666            28.2878894805908,-26.15842628479,1680.1815            28.2878913879395,-26.1584129333496,1680.5488            28.2878932952881,-26.1583995819092,1680.7273            28.2878952026367,-26.1583862304688,1680.7639            28.2878971099854,-26.1583728790283,1681.3151            28.2878971099854,-26.1583614349365,1681.5197            28.2878971099854,-26.1583480834961,1681.1418            28.2879009246826,-26.1583347320557,1682.5483            28.2879028320312,-26.1583213806152,1681.9501            28.2879009246826,-26.1583080291748,1680.0134            28.2879009246826,-26.1582946777344,1680.6433            28.2879028320312,-26.1582813262939,1680.3285            28.2879028320312,-26.1582660675049,1679.368            28.2879047393799,-26.1582546234131,1680.5593            28.2879085540771,-26.1582431793213,1681.2783            28.2879123687744,-26.1582317352295,1680.8584            28.2879161834717,-26.1582202911377,1680.8794            28.2879219055176,-26.1582088470459,1681.4987            28.2879257202148,-26.1581974029541,1681.5197            28.2879295349121,-26.1581859588623,1682.4591            28.2879333496094,-26.1581745147705,1681.8661            28.287935256958,-26.1581611633301,1680.3756            28.2879409790039,-26.1581497192383,1680.5383            28.2879428863525,-26.1581401824951,1682.1757            28.2879467010498,-26.1581268310547,1680.6694            28.2879486083984,-26.1581153869629,1680.9214            28.2879524230957,-26.1581039428711,1682.6323            28.2879505157471,-26.1580924987793,1683.0626            28.2879505157471,-26.1580829620361,1682.4066            28.2879524230957,-26.1580696105957,1681.5723            28.2879505157471,-26.1580562591553,1682.5641            28.2879524230957,-26.1580448150635,1682.118            28.2879543304443,-26.1580333709717,1683.1833            28.2879581451416,-26.1580219268799,1681.6719            28.2879619598389,-26.1580085754395,1681.6719            28.2879657745361,-26.1579971313477,1681.336            28.2879695892334,-26.1579856872559,1681.525            28.287971496582,-26.1579742431641,1681.3989            28.2879734039307,-26.1579627990723,1681.5723            28.2879753112793,-26.1579513549805,1681.5564            28.2879753112793,-26.15793800354,1681.4934            28.2879772186279,-26.1579265594482,1681.4987            28.2879791259766,-26.1579132080078,1681.8502            28.2879791259766,-26.157901763916,1681.7244            28.2879772186279,-26.1578884124756,1682.0708            28.2879772186279,-26.1578769683838,1681.3989            28.2879772186279,-26.1578636169434,1681.0579            28.2879772186279,-26.1578521728516,1681.1733            28.2879772186279,-26.1578388214111,1680.9845            28.2879772186279,-26.1578273773193,1680.8059            28.2879791259766,-26.1578159332275,1681.5354            28.2879772186279,-26.1578044891357,1681.3413            28.2879753112793,-26.1577911376953,1681.0317            28.2879734039307,-26.1577796936035,1680.9791            28.2879734039307,-26.1577663421631,1680.7588            28.287971496582,-26.1577548980713,1681.3885            28.287971496582,-26.1577415466309,1681.3885            28.2879695892334,-26.1577301025391,1681.3097            28.2879695892334,-26.1577167510986,1680.9373            28.2879695892334,-26.1577053070068,1680.8218            28.2879695892334,-26.157693862915,1679.5045            28.287971496582,-26.1576805114746,1680.2812            28.287971496582,-26.1576690673828,1680.0293            28.2879734039307,-26.157657623291,1680.2864            28.2879734039307,-26.1576442718506,1679.8928            28.2879734039307,-26.1576328277588,1680.3495            28.2879753112793,-26.157621383667,1680.3389            28.2879734039307,-26.1576080322266,1680.9163            28.2879734039307,-26.1575965881348,1680.8165            28.2879753112793,-26.157585144043,1679.389            28.2879753112793,-26.1575756072998,1679.7249            28.2879772186279,-26.157564163208,1680.5121            28.2879772186279,-26.1575527191162,1679.7983            28.2879791259766,-26.1575393676758,1680.68            28.2879791259766,-26.157527923584,1680.3179            28.2879791259766,-26.1575145721436,1680.4491            28.2879791259766,-26.1575012207031,1680.2603            28.2879772186279,-26.1574897766113,1679.8351            28.2879772186279,-26.1574764251709,1679.3943            28.2879772186279,-26.1574668884277,1678.2765            28.2879772186279,-26.1574535369873,1678.7435            28.2879772186279,-26.1574420928955,1678.9115            28.2879772186279,-26.1574325561523,1680.0555            28.2879772186279,-26.1574211120605,1679.1108            28.2879772186279,-26.1574096679688,1679.9348            28.2879772186279,-26.157398223877,1680.5698            28.2879791259766,-26.1573867797852,1680.5698            28.2879772186279,-26.1573734283447,1679.5884            28.2879772186279,-26.1573619842529,1679.326            28.2879772186279,-26.1573486328125,1679.0007            28.2879772186279,-26.1573371887207,1679.6566            28.2879810333252,-26.1573257446289,1682.2701            28.2879810333252,-26.1573123931885,1680.6118            28.2879810333252,-26.1573009490967,1681.3727            28.2879810333252,-26.1572895050049,1680.7588            28.2879810333252,-26.1572761535645,1681.1628            28.2879810333252,-26.1572647094727,1680.0188            28.2879810333252,-26.1572513580322,1680.0188            28.2879810333252,-26.1572380065918,1679.9401            28.2879810333252,-26.1572246551514,1679.3156            28.2879829406738,-26.1572113037109,1679.9138            28.2879829406738,-26.1571998596191,1679.2316            28.2879829406738,-26.1571884155273,1679.3103            28.2879829406738,-26.1571750640869,1680.276            28.2879829406738,-26.1571636199951,1679.872            28.2879848480225,-26.1571502685547,1678.7803            28.2879848480225,-26.1571388244629,1678.7435            28.2879867553711,-26.1571273803711,1679.5938            28.2879848480225,-26.1571140289307,1680.1709            28.2879848480225,-26.1570987701416,1679.0112            28.2879848480225,-26.1570854187012,1679.578            28.2879829406738,-26.1570720672607,1679.4783            28.2879829406738,-26.1570568084717,1679.7668            28.2879848480225,-26.1570434570313,1679.1687            28.2879848480225,-26.1570301055908,1680.0923            28.2879867553711,-26.1570167541504,1679.027            28.2879867553711,-26.1570014953613,1680.4177            28.2879905700684,-26.1569881439209,1680.4281            28.287992477417,-26.1569728851318,1680.3389            28.2879943847656,-26.1569595336914,1680.827            28.2879981994629,-26.156946182251,1680.7588            28.2880020141602,-26.1569347381592,1681.0106            28.2880058288574,-26.1569232940674,1680.6538            28.2880096435547,-26.156909942627,1681.2468            28.288013458252,-26.1568984985352,1681.1051            28.2880153656006,-26.1568870544434,1681.0211            28.2880191802979,-26.1568737030029,1681.0527            28.2880191802979,-26.1568603515625,1680.9214            28.2880229949951,-26.1568489074707,1680.3546            28.2880268096924,-26.1568355560303,1680.4806            28.288028717041,-26.1568260192871,1679.9558            28.2880306243896,-26.1568145751953,1680.0607            28.2880344390869,-26.1568031311035,1680.0817            28.2880363464355,-26.1567897796631,1680.7639            28.2880401611328,-26.1567783355713,1680.9791            28.2880420684814,-26.1567649841309,1680.6433            28.2880439758301,-26.1567535400391,1680.5016            28.2880477905273,-26.1567401885986,1680.9373            28.288049697876,-26.1567268371582,1681.0841            28.2880516052246,-26.1567134857178,1681.6614            28.2880554199219,-26.156702041626,1681.4148            28.2880573272705,-26.1566886901855,1681.5303            28.2880592346191,-26.1566753387451,1681.761            28.2880630493164,-26.1566619873047,1681.2678            28.2880668640137,-26.1566505432129,1680.7325            28.2880706787109,-26.1566371917725,1680.2812            28.2880744934082,-26.1566257476807,1680.6538            28.2880783081055,-26.1566143035889,1681.1418            28.2880802154541,-26.1566009521484,1681.6299            28.2880840301514,-26.1565895080566,1681.3989            28.2880878448486,-26.1565780639648,1681.462            28.2880916595459,-26.156566619873,1681.3938            28.2880935668945,-26.1565551757813,1681.4882            28.2881031036377,-26.1565322875977,1681.1786            28.288106918335,-26.1565208435059,1680.5121            28.2881126403809,-26.1565093994141,1680.6694            28.2881183624268,-26.1564960479736,1680.0923            28.2881240844727,-26.1564826965332,1680.6066            28.2881298065186,-26.1564712524414,1681.0001            28.2881355285645,-26.1564598083496,1680.5436            28.288143157959,-26.1564483642578,1680.8794            28.2881488800049,-26.156436920166,1680.3074            28.2881526947021,-26.1564254760742,1680.4701            28.288158416748,-26.1564121246338,1681.1261            28.2881622314453,-26.156400680542,1680.8059            28.2881679534912,-26.1563892364502,1680.5593            28.2881755828857,-26.1563777923584,1680.9163            28.2881813049316,-26.1563663482666,1680.3756            28.2881870269775,-26.1563549041748,1680.0503            28.2881927490234,-26.156343460083,1680.8846            28.2881984710693,-26.1563320159912,1680.6012            28.2882061004639,-26.1563205718994,1681.2941            28.2882118225098,-26.1563091278076,1680.848            28.288215637207,-26.1562976837158,1680.4963            28.2882194519043,-26.156286239624,1680.6484            28.2882213592529,-26.1562728881836,1681.0001            28.2882232666016,-26.1562614440918,1681.1682            28.2882270812988,-26.1562480926514,1681.3151            28.2882289886475,-26.1562366485596,1681.1733            28.2882308959961,-26.1562232971191,1680.8531            28.2882347106934,-26.1562118530273,1680.848            28.288236618042,-26.1562004089355,1680.9163            28.2882404327393,-26.1561889648438,1681.3727            28.2882423400879,-26.156177520752,1681.0946            28.2882461547852,-26.1561679840088,1681.0631            28.2882480621338,-26.1561546325684,1681.4934            28.2882518768311,-26.1561431884766,1681.4095            28.2882537841797,-26.1561317443848,1680.3705            28.288257598877,-26.156120300293,1680.2812            28.2882614135742,-26.1561088562012,1680.1343            28.2882652282715,-26.1560974121094,1680.911            28.2882690429688,-26.1560859680176,1681.0579            28.2882747650146,-26.1560745239258,1680.9214            28.2882766723633,-26.156063079834,1680.533            28.2882804870605,-26.1560516357422,1680.8794            28.2882843017578,-26.1560382843018,1681.1733            28.2882862091064,-26.15602684021,1681.1996            28.2882862091064,-26.1560134887695,1681.5826            28.2882900238037,-26.1560020446777,1680.8112            28.288293838501,-26.1559906005859,1680.4071            28.2882957458496,-26.1559772491455,1679.473            28.2882976531982,-26.1559658050537,1679.9243            28.2883014678955,-26.1559543609619,1680.5383            28.2883052825928,-26.1559429168701,1680.6066            28.2883071899414,-26.1559314727783,1680.5856            28.28830909729,-26.1559181213379,1680.7849            28.2883110046387,-26.1559047698975,1680.9896            28.2883129119873,-26.155891418457,1681.0946            28.2883129119873,-26.155876159668,1681.2415            28.2883129119873,-26.1558609008789,1681.2468            28.2883148193359,-26.1558456420898,1680.9635            28.2883186340332,-26.1558303833008,1680.4543            28.2883205413818,-26.1558170318604,1680.4806            28.2883224487305,-26.1558055877686,1681.1            28.2883243560791,-26.1557960510254,1680.7955            28.2883205413818,-26.1557865142822,1680.8008            28.2883186340332,-26.1557750701904,1680.7219            28.2883167266846,-26.1557636260986,1681.0684            28.2883186340332,-26.1557521820068,1681.2678            28.2883205413818,-26.155740737915,1680.9583            28.2883224487305,-26.1557312011719,1680.6433            28.2883224487305,-26.1557197570801,1681.8292            28.2883224487305,-26.1557083129883,1681.2206            28.2883243560791,-26.1556968688965,1681.3151            28.2883243560791,-26.1556854248047,1681.1523            28.2883262634277,-26.1556739807129,1681.2993            28.2883243560791,-26.1556644439697,1681.0001            28.2883224487305,-26.1556510925293,1681.1523            28.2883224487305,-26.1556415557861,1680.2444            28.2883224487305,-26.1556301116943,1680.5436            28.2883224487305,-26.1556186676025,1681.1156            28.2883243560791,-26.1556091308594,1681.1733            28.2883224487305,-26.1555976867676,1681.2311            28.2883224487305,-26.1555862426758,1681.2783            28.2883224487305,-26.155574798584,1681.2573            28.2883243560791,-26.1555633544922,1681.7401            28.2883243560791,-26.1555519104004,1681.6351            28.2883243560791,-26.1555404663086,1681.1682            28.2883243560791,-26.1555271148682,1680.911            28.2883243560791,-26.1555156707764,1680.6747            28.2883243560791,-26.1555042266846,1680.5646            28.2883224487305,-26.1554908752441,1681.0527            28.2883224487305,-26.1554794311523,1680.4438            28.2883205413818,-26.1554660797119,1680.6171            28.2883205413818,-26.1554546356201,1680.7273            28.2883224487305,-26.1554431915283,1680.5908            28.2883224487305,-26.1554336547852,1680.1289            28.2883205413818,-26.1554222106934,1680.659            28.2883167266846,-26.1554107666016,1680.7849            28.2883129119873,-26.1553974151611,1681.0317            28.2883148193359,-26.1553859710693,1681.0001            28.2883224487305,-26.1553745269775,1680.7483            28.2883243560791,-26.1553630828857,1681.2206            28.2883281707764,-26.1553516387939,1681.4252            28.288330078125,-26.1553401947021,1682.0654            28.2883358001709,-26.1553287506104,1681.6509            28.2883396148682,-26.1553192138672,1681.8661            28.2883434295654,-26.1553077697754,1681.8136            28.2883472442627,-26.1552963256836,1681.8608            28.28835105896,-26.1552848815918,1681.7559            28.2883548736572,-26.1552734375,1681.0369            28.2883586883545,-26.1552619934082,1680.2078            28.2883644104004,-26.155252456665,1680.6118            28.2883682250977,-26.1552410125732,1681.1523            28.2883720397949,-26.1552295684814,1681.7086            28.2883720397949,-26.1552181243896,1681.6405            28.2883758544922,-26.1552066802979,1681.6246            28.2883796691895,-26.1551952362061,1682.9052            28.2883815765381,-26.1551837921143,1682.2964            28.2883853912354,-26.1551704406738,1681.8188            28.2883892059326,-26.155158996582,1681.5197            28.2883930206299,-26.1551475524902,1681.336            28.2883949279785,-26.1551361083984,1681.0369            28.2884006500244,-26.1551246643066,1681.0317            28.2884044647217,-26.1551132202148,1681.8136            28.2884082794189,-26.155101776123,1681.4672            28.2884120941162,-26.1550884246826,1682.0392            28.2884140014648,-26.1550769805908,1681.5459            28.2884159088135,-26.1550636291504,1681.8031            28.2884178161621,-26.1550521850586,1682.3594            28.2884197235107,-26.1550388336182,1682.1809            28.288423538208,-26.1550273895264,1681.761            28.2884254455566,-26.1550140380859,1681.1628            28.2884292602539,-26.1550025939941,1680.8638            28.2884311676025,-26.1549911499023,1680.8374            28.2884330749512,-26.1549797058105,1681.504            28.2884349822998,-26.1549663543701,1681.4462            28.2884368896484,-26.1549530029297,1681.4305            28.2884387969971,-26.1549396514893,1681.5826            28.2884407043457,-26.1549282073975,1681.7034            28.2884426116943,-26.1549167633057,1681.8765            28.2884426116943,-26.1549034118652,1681.1104            28.288444519043,-26.1548900604248,1681.0946            28.2884464263916,-26.154878616333,1680.2444            28.2884502410889,-26.1548671722412,1680.297            28.2884521484375,-26.1548557281494,1680.7955            28.2884540557861,-26.154842376709,1681.6614            28.2884540557861,-26.1548290252686,1681.4199            28.2884540557861,-26.1548156738281,1681.1996            28.2884540557861,-26.1548023223877,1681.0946            28.2884521484375,-26.1547908782959,1681.2941            28.2884521484375,-26.1547775268555,1681.3307            28.2884502410889,-26.1547622680664,1681.4568            28.2884502410889,-26.1547470092773,1681.525            28.2884483337402,-26.1547336578369,1680.6274            28.2884483337402,-26.1547222137451,1680.5961            28.2884464263916,-26.1547088623047,1680.7429            28.288444519043,-26.1546974182129,1680.1343            28.288444519043,-26.1546840667725,1681.1838            28.2884426116943,-26.154670715332,1681.2783            28.2884387969971,-26.1546592712402,1681.6299            28.2884349822998,-26.1546459197998,1681.1576            28.2884311676025,-26.154634475708,1681.3833            28.2884292602539,-26.1546192169189,1681.5826            28.2884273529053,-26.1546077728271,1681.4672            28.2884273529053,-26.1545925140381,1681.0946            28.2884273529053,-26.1545810699463,1681.0736            28.2884273529053,-26.1545696258545,1680.3179            28.2884273529053,-26.1545562744141,1681.0106            28.2884273529053,-26.154541015625,1681.4778            28.2884273529053,-26.1545276641846,1681.7034            28.2884292602539,-26.1545143127441,1681.3623            28.2884330749512,-26.1545009613037,1680.7483            28.2884349822998,-26.1544895172119,1681.1891            28.2884368896484,-26.1544761657715,1681.5985            28.2884407043457,-26.1544647216797,1681.5354            28.288444519043,-26.1544532775879,1681.7244            28.2884483337402,-26.1544418334961,1680.6694            28.2884502410889,-26.1544284820557,1680.2603            28.2884540557861,-26.1544151306152,1680.3022            28.2884578704834,-26.1544036865234,1681.7191            28.288459777832,-26.1543922424316,1680.9949            28.2884616851807,-26.1543807983398,1680.7483            28.2884654998779,-26.154369354248,1681.0789            28.2884674072266,-26.1543579101563,1680.003            28.2884712219238,-26.1543464660645,1682.5325            28.2884731292725,-26.154333114624,1681.6719            28.2884750366211,-26.1543197631836,1681.7296            28.2884769439697,-26.1543064117432,1680.9845            28.2884731292725,-26.1542911529541,1680.2603            28.2884674072266,-26.1542778015137,1679.9716            28.2884578704834,-26.1542644500732,1680.4963            28.2884483337402,-26.1542549133301,1681.4358            28.2884387969971,-26.1542453765869,1681.5354            28.2884292602539,-26.1542377471924,1680.4806            28.2884216308594,-26.1542282104492,1680.9214            28.2884101867676,-26.1542205810547,1680.5646            28.2884006500244,-26.1542129516602,1681.5354            28.2883853912354,-26.1542072296143,1681.6456            28.2883739471436,-26.1542053222656,1681.7769            28.2883586883545,-26.154203414917,1682.2281            28.2883434295654,-26.154203414917,1682.1653            28.288330078125,-26.154203414917,1683.0679            28.2883167266846,-26.1542015075684,1683.01            28.2883033752441,-26.1542015075684,1682.8632            28.2882900238037,-26.1542015075684,1683.0416            28.2882785797119,-26.1542015075684,1683.2936            28.2882652282715,-26.1542015075684,1683.0259            28.2882537841797,-26.1541996002197,1682.7162            28.2882404327393,-26.1541996002197,1682.2124            28.2882289886475,-26.1541996002197,1682.9786            28.288215637207,-26.1541996002197,1682.5273            28.2882041931152,-26.1541996002197,1682.4852            28.2881927490234,-26.1541996002197,1682.2335            28.288179397583,-26.1541976928711,1682.606            28.2881660461426,-26.1541996002197,1682.3856            28.2881526947021,-26.1542015075684,1682.3541            28.2881412506104,-26.154203414917,1681.9396            28.2881298065186,-26.1542091369629,1681.7137            28.2881240844727,-26.1542167663574,1682.0864            28.2881202697754,-26.1542282104492,1682.4958            28.2881183624268,-26.1542377471924,1682.6166            28.2881145477295,-26.1542472839355,1682.1337            28.2881126403809,-26.1542587280273,1682.1442            28.2881126403809,-26.1542682647705,1682.417            28.2881088256836,-26.1542778015137,1682.3804            28.2881050109863,-26.1542892456055,1681.5826            28.2881011962891,-26.1543006896973,1681.1942            28.2880973815918,-26.1543102264404,1681.2678            28.2880935668945,-26.1543216705322,1681.8292            28.2880897521973,-26.154333114624,1681.4724            28.2880859375,-26.1543445587158,1681.735            28.2880840301514,-26.1543560028076,1682.0026            28.2880802154541,-26.1543674468994,1682.118            28.2880764007568,-26.1543788909912,1681.6771            28.2880706787109,-26.154390335083,1681.3779            28.2880668640137,-26.1544017791748,1681.6456            28.2880630493164,-26.1544132232666,1682.396            28.2880573272705,-26.1544246673584,1682.0392            28.2880516052246,-26.1544361114502,1682.3436            28.288049697876,-26.1544494628906,1682.4329            28.2880458831787,-26.1544589996338,1682.4224            28.2880439758301,-26.1544723510742,1682.2124            28.2880401611328,-26.154483795166,1682.732            28.2880382537842,-26.1544952392578,1681.8765            28.2880344390869,-26.1545085906982,1681.0369            28.2880325317383,-26.15452003479,1681.6561            28.2880306243896,-26.1545314788818,1681.9133            28.2880268096924,-26.1545448303223,1682.1547            28.2880268096924,-26.1545581817627,1681.9291            28.2880268096924,-26.1545696258545,1684.7052            28.2880210876465,-26.1545829772949,1681.7664            28.2880191802979,-26.1545944213867,1682.3174            28.2880172729492,-26.1546077728271,1682.097            28.2880172729492,-26.1546211242676,1682.2124            28.2880153656006,-26.154634475708,1681.9553            28.288013458252,-26.1546459197998,1682.2335            28.2880115509033,-26.154655456543,1681.3097            28.2880077362061,-26.1546669006348,1681.1            28.2880039215088,-26.1546783447266,1681.1682            28.2879981994629,-26.1546897888184,1680.9949            28.2879943847656,-26.1547031402588,1682.2649            28.287992477417,-26.1547145843506,1681.8765            28.2879905700684,-26.154727935791,1682.2124            28.2879867553711,-26.1547393798828,1682.0602            28.2879810333252,-26.1547508239746,1681.8818            28.2879734039307,-26.1547603607178,1682.16            28.2879676818848,-26.1547718048096,1681.4252            28.2879638671875,-26.1547832489014,1681.2678            28.2879600524902,-26.1547946929932,1681.504            28.287956237793,-26.154806137085,1681.1366            28.2879524230957,-26.1548175811768,1680.5856            28.2879486083984,-26.1548290252686,1680.4806            28.2879447937012,-26.1548404693604,1680.5121            28.2879390716553,-26.1548500061035,1680.7219            28.287935256958,-26.1548614501953,1680.911            28.2879295349121,-26.1548748016357,1680.8112            28.2879257202148,-26.1548881530762,1680.848            28.2879238128662,-26.154899597168,1681.1            28.2879199981689,-26.1549110412598,1680.8112            28.2879161834717,-26.1549243927002,1682.5063            28.287914276123,-26.154935836792,1681.5985            28.2879123687744,-26.1549491882324,1681.5985            28.2879104614258,-26.1549606323242,1681.8398            28.2879104614258,-26.1549739837646,1682.2177            28.2879085540771,-26.1549892425537,1682.5641            28.2879047393799,-26.1550006866455,1682.3018            28.2879028320312,-26.1550140380859,1682.0288            28.287899017334,-26.1550254821777,1682.2439            28.2878971099854,-26.1550369262695,1682.0549            28.2878932952881,-26.1550483703613,1682.1337            28.2878894805908,-26.1550617218018,1682.2859            28.2878856658936,-26.1550731658936,1682.097            28.2878837585449,-26.1550846099854,1682.0078            28.2878799438477,-26.1550979614258,1681.8241            28.287878036499,-26.1551094055176,1681.8346            28.2878742218018,-26.1551208496094,1682.1232            28.2878742218018,-26.1551322937012,1682.3226            28.2878723144531,-26.155143737793,1681.9396            28.2878704071045,-26.1551551818848,1681.9081            28.2878684997559,-26.1551685333252,1682.1967            28.2878684997559,-26.155179977417,1681.735            28.2878665924072,-26.1551914215088,1682.2177            28.2878646850586,-26.1552047729492,1682.0078            28.2878646850586,-26.155216217041,1681.9291            28.2878608703613,-26.1552276611328,1681.121            28.2878608703613,-26.1552391052246,1681.3203            28.2878570556641,-26.1552505493164,1681.6614            28.2878551483154,-26.1552639007568,1681.9343            28.2878532409668,-26.1552753448486,1681.8975            28.2878513336182,-26.1552867889404,1681.7716            28.2878494262695,-26.1552982330322,1681.8031            28.2878494262695,-26.1553115844727,1681.7401            28.2878494262695,-26.1553230285645,1682.3856            28.2878475189209,-26.1553363800049,1682.139            28.2878437042236,-26.1553478240967,1681.4409            28.2878437042236,-26.1553592681885,1680.9373            28.287841796875,-26.1553707122803,1681.121            28.2878379821777,-26.1553802490234,1681.3833            28.2878360748291,-26.1553916931152,1682.0498            28.2878341674805,-26.1554050445557,1681.4042            28.2878341674805,-26.1554183959961,1681.7874            28.2878322601318,-26.1554298400879,1681.3466            28.2878322601318,-26.1554431915283,1681.3097            28.2878303527832,-26.1554546356201,1681.8398            28.2878284454346,-26.1554660797119,1681.8713            28.2878246307373,-26.1554775238037,1681.5406            28.28782081604,-26.1554908752441,1681.1682            28.2878170013428,-26.1555023193359,1681.1313            28.2878131866455,-26.1555137634277,1681.7664            28.2878112792969,-26.1555252075195,1681.7979            28.2878074645996,-26.15553855896,1681.2258            28.2878036499023,-26.1555500030518,1681.6299            28.2877998352051,-26.1555614471436,1681.3938            28.2877979278564,-26.1555728912354,1682.417            28.2877922058105,-26.1555843353271,1680.8374            28.2877864837646,-26.1555957794189,1681.4148            28.2877826690674,-26.1556072235107,1681.3517            28.2877769470215,-26.1556186676025,1681.4934            28.2877731323242,-26.155632019043,1682.1704            28.287769317627,-26.1556434631348,1681.3151            28.2877655029297,-26.1556568145752,1681.4358            28.2877616882324,-26.155668258667,1681.6509            28.2877597808838,-26.1556797027588,1682.0864            28.2877559661865,-26.1556930541992,1681.9237            28.2877540588379,-26.1557064056396,1682.0078            28.2877502441406,-26.1557197570801,1681.8608            28.287748336792,-26.1557312011719,1681.7296            28.2877426147461,-26.1557426452637,1681.4778            28.2877388000488,-26.1557540893555,1681.6667            28.2877368927002,-26.1557636260986,1681.8083            28.2877330780029,-26.1557750701904,1681.8188            28.2877292633057,-26.1557884216309,1681.4987            28.2877254486084,-26.1557998657227,1681.8713            28.2877216339111,-26.1558113098145,1681.7401            28.2877178192139,-26.1558227539063,1681.7191            28.2877140045166,-26.1558361053467,1681.8292            28.287712097168,-26.1558475494385,1681.8713            28.2877101898193,-26.1558570861816,1682.2124            28.2877044677734,-26.1558704376221,1681.0527            28.2876987457275,-26.1558818817139,1681.2048            28.2876949310303,-26.1558952331543,1681.2783            28.287691116333,-26.1559066772461,1681.6824            28.2876873016357,-26.1559200286865,1681.1891            28.2876834869385,-26.155933380127,1681.8713            28.2876796722412,-26.1559448242188,1681.9501            28.2876777648926,-26.1559581756592,1681.8871            28.2876739501953,-26.1559715270996,1681.5459            28.2876720428467,-26.1559829711914,1682.2386            28.2876663208008,-26.1559944152832,1681.4882            28.2876625061035,-26.156005859375,1681.483            28.2876586914062,-26.1560173034668,1680.848            28.287654876709,-26.1560306549072,1681.4462            28.2876510620117,-26.156042098999,1681.8871            28.2876472473145,-26.1560516357422,1681.6141            28.2876453399658,-26.156063079834,1681.4095            28.2876434326172,-26.1560764312744,1681.4987            28.2876396179199,-26.1560878753662,1681.8083            28.2876377105713,-26.156099319458,1681.992            28.287633895874,-26.1561107635498,1681.5459            28.2876319885254,-26.1561222076416,1680.8741            28.2876319885254,-26.1561336517334,1681.2625            28.2876281738281,-26.1561450958252,1681.6405            28.2876243591309,-26.156156539917,1681.0736            28.2876243591309,-26.1561679840088,1683.4563            28.2876205444336,-26.1561794281006,1680.4543            28.287618637085,-26.1561889648438,1681.8923            28.2876167297363,-26.1562004089355,1682.7687            28.2876148223877,-26.1562118530273,1681.8713            28.2876148223877,-26.1562232971191,1681.7664            28.2876129150391,-26.1562328338623,1681.2101            28.2876129150391,-26.1562442779541,1680.7167            28.2876129150391,-26.1562557220459,1681.0474            28.2876091003418,-26.1562671661377,1680.5541            28.2876071929932,-26.1562805175781,1682.7687            28.2876033782959,-26.1562938690186,1683.4772            28.28759765625,-26.1563034057617,1681.0264            28.2875919342041,-26.1563129425049,1681.525            28.2875843048096,-26.1563243865967,1681.5931            28.287576675415,-26.1563339233398,1682.2545            28.2875690460205,-26.156343460083,1683.0259            28.2875595092773,-26.1563529968262,1681.4514            28.2875518798828,-26.1563625335693,1681.5985            28.2875461578369,-26.1563739776611,1681.1051            28.287540435791,-26.1563835144043,1681.3466            28.2875328063965,-26.1563930511475,1681.5303            28.2875270843506,-26.1564044952393,1681.735            28.2875213623047,-26.1564140319824,1681.8502            28.2875137329102,-26.1564235687256,1681.8188            28.2875061035156,-26.1564350128174,1681.7191            28.2875003814697,-26.1564445495605,1682.4539            28.2874927520752,-26.1564559936523,1681.8818            28.2874870300293,-26.1564674377441,1681.8031            28.2874794006348,-26.1564769744873,1681.8713            28.2874717712402,-26.1564865112305,1681.2678            28.2874641418457,-26.1564979553223,1680.9686            28.2874565124512,-26.1565093994141,1681.9447            28.2874507904053,-26.1565189361572,1682.0182            28.2874431610107,-26.156530380249,1681.9763            28.2874374389648,-26.1565418243408,1682.3699            28.2874298095703,-26.1565532684326,1682.1494            28.2874240875244,-26.156566619873,1682.4066            28.2874164581299,-26.1565780639648,1682.6952            28.287410736084,-26.1565895080566,1681.4305            28.2874069213867,-26.1566028594971,1681.2834            28.2874011993408,-26.1566123962402,1681.3623            28.2873973846436,-26.1566219329834,1681.6456            28.2873916625977,-26.1566333770752,1681.1838            28.2873878479004,-26.1566429138184,1681.8188            28.2873821258545,-26.1566543579102,1681.9553            28.2873802185059,-26.1566677093506,1681.8871            28.2873764038086,-26.1566791534424,1681.8661            28.2873725891113,-26.1566925048828,1682.2386            28.2873706817627,-26.1567039489746,1682.3384            28.2873668670654,-26.156717300415,1681.7296            28.2873630523682,-26.1567287445068,1681.6614            28.2873592376709,-26.1567401885986,1681.1996            28.2873554229736,-26.1567516326904,1681.5879            28.2873554229736,-26.1567649841309,1682.0182            28.287353515625,-26.1567764282227,1682.3699            28.2873516082764,-26.1567897796631,1682.0236            28.2873477935791,-26.1568012237549,1681.7664            28.2873458862305,-26.1568145751953,1682.9681            28.2873439788818,-26.1568260192871,1682.8789            28.2873401641846,-26.1568393707275,1682.396            28.2873363494873,-26.1568508148193,1681.483            28.2873306274414,-26.1568603515625,1681.0264            28.2873287200928,-26.1568717956543,1681.3517            28.2873249053955,-26.1568851470947,1681.8975            28.2873210906982,-26.1568946838379,1682.1284            28.2873191833496,-26.1569061279297,1682.1232            28.287317276001,-26.1569175720215,1682.1494            28.2873134613037,-26.1569290161133,1682.3804            28.2873115539551,-26.1569423675537,1682.1074            28.2873058319092,-26.1569538116455,1681.6036            28.2873001098633,-26.1569633483887,1681.7191            28.2872791290283,-26.1569652557373,1682.732            28.2872753143311,-26.1569766998291,1681.6299            28.2872734069824,-26.1569881439209,1681.8031            28.2872714996338,-26.1569995880127,1682.2386            28.2872695922852,-26.1570129394531,1681.9185            28.2872695922852,-26.1570262908936,1682.6532            28.2872676849365,-26.1570377349854,1682.4539            28.2872638702393,-26.1570491790771,1681.0527            28.287260055542,-26.1570606231689,1681.3938            28.2872562408447,-26.1570701599121,1681.6877            28.2872524261475,-26.1570816040039,1681.9606            28.2872486114502,-26.1570949554443,1682.2859            28.2872447967529,-26.1571063995361,1682.2386            28.2872447967529,-26.1571178436279,1684.4271            28.287239074707,-26.157133102417,1682.8107            28.2872352600098,-26.1571445465088,1681.147            28.2872333526611,-26.1571578979492,1681.2888            28.2872295379639,-26.157169342041,1681.2206            28.2872257232666,-26.1571807861328,1681.5723            28.287223815918,-26.1571922302246,1682.3226            28.287223815918,-26.157205581665,1682.2911            28.2872219085693,-26.1572170257568,1682.7058            28.2872200012207,-26.1572284698486,1682.3699            28.2872180938721,-26.1572399139404,1682.2964            28.2872142791748,-26.1572494506836,1681.2521            28.2872142791748,-26.1572608947754,1683.5927            28.2872104644775,-26.1572742462158,1682.0392            28.2872085571289,-26.1572856903076,1681.4568            28.2872066497803,-26.1572952270508,1682.6007            28.2872066497803,-26.1573066711426,1682.9104            28.2872047424316,-26.1573181152344,1682.6376            28.287202835083,-26.1573276519775,1681.3256            28.2872009277344,-26.1573390960693,1681.3727            28.2871971130371,-26.1573486328125,1682.0288            28.2871971130371,-26.1573581695557,1682.2859            28.2871932983398,-26.1573657989502,1682.1653            28.2871894836426,-26.157377243042,1682.1863            28.2871856689453,-26.1573867797852,1682.8107            28.2871856689453,-26.157398223877,1682.4642            28.2871818542481,-26.1574096679688,1681.4409            28.2871799468994,-26.1574211120605,1681.9133            28.2871742248535,-26.1574306488037,1682.3488            28.2871723175049,-26.1574420928955,1682.2545            28.2871704101562,-26.1574535369873,1682.5431            28.2871685028076,-26.1574668884277,1681.3989            28.2871685028076,-26.1574783325195,1682.8789            28.287166595459,-26.1574878692627,1683.3354            28.2871646881104,-26.1574993133545,1682.0392            28.2871608734131,-26.1575107574463,1680.3126            28.2871570587158,-26.1575222015381,1682.711            28.2871551513672,-26.1575336456299,1682.8264            28.2871551513672,-26.1575450897217,1682.5431            28.2871532440186,-26.1575584411621,1681.6561            28.2871513366699,-26.1575717926025,1682.5535            28.2871494293213,-26.1575832366943,1683.918            28.2871475219727,-26.1575946807861,1681.9133            28.2871437072754,-26.1576042175293,1680.486            28.2871417999268,-26.1576156616211,1681.9763            28.2871398925781,-26.1576271057129,1682.2335            28.2871379852295,-26.1576385498047,1682.2229            28.2871379852295,-26.1576519012451,1682.0812            28.2871360778809,-26.1576633453369,1682.8422            28.2871360778809,-26.1576766967773,1682.5273            28.2871322631836,-26.1576862335205,1681.8292            28.2871284484863,-26.1576957702637,1681.1418            28.2871246337891,-26.1577072143555,1681.3466            28.2871227264404,-26.1577186584473,1681.8923            28.2871189117432,-26.1577301025391,1681.971            28.2871170043945,-26.1577415466309,1682.2335            28.2871150970459,-26.1577529907227,1682.4381            28.2871150970459,-26.1577663421631,1682.1547            28.2871112823486,-26.1577777862549,1682.0498            28.2871074676514,-26.1577911376953,1681.2311            28.2871036529541,-26.1578006744385,1681.3151            28.2871017456055,-26.1578121185303,1681.5144            28.2870998382568,-26.1578235626221,1682.0918            28.2870979309082,-26.1578350067139,1681.7979            28.2870979309082,-26.1578464508057,1682.2859            28.2870979309082,-26.1578578948975,1682.396            28.2870998382568,-26.1578693389893,1682.396            28.2870960235596,-26.1578807830811,1682.0864            28.2870960235596,-26.1578922271729,1681.4882            28.2870922088623,-26.157901763916,1681.6981            28.2870903015137,-26.1579132080078,1681.8713            28.287088394165,-26.157922744751,1681.6877            28.2870903015137,-26.1579341888428,1683.7395            28.2870845794678,-26.1579475402832,1680.3915            28.2870845794678,-26.1579608917236,1681.9447            28.2870826721191,-26.1579742431641,1682.7372            28.2870788574219,-26.1579856872559,1682.7424            28.2870769500732,-26.1579990386963,1681.8713            28.287073135376,-26.1580104827881,1681.5092            28.2870693206787,-26.1580200195313,1681.8136            28.2870655059814,-26.158031463623,1682.3384            28.2870635986328,-26.1580448150635,1681.8765            28.2870635986328,-26.1580562591553,1682.1757            28.2870635986328,-26.1580696105957,1682.1863            28.2870616912842,-26.1580810546875,1681.8923            28.2870616912842,-26.1580924987793,1682.1128            28.2870616912842,-26.1581058502197,1682.4958            28.2870616912842,-26.1581172943115,1681.8083            28.2870616912842,-26.1581287384033,1681.9028            28.2870616912842,-26.1581420898438,1682.6952            28.2870616912842,-26.1581516265869,1682.5903            28.2870616912842,-26.1581630706787,1682.1967            28.2870616912842,-26.1581764221191,1683.0836            28.2870616912842,-26.1581878662109,1681.8661            28.2870635986328,-26.1581993103027,1682.6113            28.2870635986328,-26.1582107543945,1682.2964            28.2870635986328,-26.1582221984863,1682.5693            28.2870616912842,-26.1582336425781,1681.9291            28.2870597839355,-26.1582450866699,1683.1571            28.2870578765869,-26.1582565307617,1682.5115            28.2870559692383,-26.1582679748535,1682.1914            28.2870559692383,-26.1582794189453,1683.1571            28.2870559692383,-26.1582927703857,1682.6952            28.2870559692383,-26.1583042144775,1682.4539            28.2870540618896,-26.1583156585693,1682.0812            28.2870540618896,-26.1583271026611,1682.3856            28.287052154541,-26.1583385467529,1681.6089            28.2870502471924,-26.1583499908447,1682.2019            28.2870502471924,-26.1583595275879,1682.2911            28.2870483398438,-26.1583709716797,1682.4486            28.2870464324951,-26.1583824157715,1682.4066            28.2870445251465,-26.1583938598633,1682.69            28.2870426177979,-26.1584053039551,1682.5535            28.2870388031006,-26.1584148406982,1681.9343            28.287036895752,-26.15842628479,1681.8765            28.2870349884033,-26.1584377288818,1682.6532            28.2870349884033,-26.1584491729736,1682.669            28.2870349884033,-26.1584606170654,1685.1146            28.2870311737061,-26.1584720611572,1681.5985            28.2870292663574,-26.1584854125977,1682.7004            28.2870273590088,-26.1584968566895,1682.8947            28.2870254516602,-26.1585063934326,1681.7506            28.2870235443115,-26.1585178375244,1681.7454            28.2870216369629,-26.1585292816162,1681.9867            28.2870178222656,-26.158540725708,1682.2596            28.287015914917,-26.1585521697998,1681.8765            28.287015914917,-26.1585636138916,1682.732            28.2870140075684,-26.1585750579834,1682.9158            28.287015914917,-26.1585884094238,1682.417            28.2870140075684,-26.1585998535156,1682.9786            28.2870140075684,-26.1586112976074,1682.0812            28.2870140075684,-26.1586227416992,1681.525            28.2870121002197,-26.1586322784424,1682.9104            28.2870121002197,-26.1586437225342,1682.097            28.2870121002197,-26.1586570739746,1683.5139            28.2870121002197,-26.158670425415,1683.3198            28.2870121002197,-26.1586818695068,1683.3827            28.2870101928711,-26.1586933135986,1680.2603            28.2870101928711,-26.1587047576904,1681.4148            28.2870082855225,-26.1587162017822,1681.2363            28.2870082855225,-26.158727645874,1681.7191            28.2870082855225,-26.1587390899658,1682.5168            28.2870082855225,-26.1587505340576,1682.3856            28.2870082855225,-26.1587619781494,1682.669            28.2870101928711,-26.1587734222412,1682.5587            28.2870121002197,-26.158784866333,1682.9368            28.2870140075684,-26.1587963104248,1683.1151            28.2870121002197,-26.1588077545166,1682.6428            28.2870121002197,-26.1588191986084,1681.6141            28.2870101928711,-26.1588306427002,1681.4778            28.2870101928711,-26.158842086792,1682.1232            28.2870101928711,-26.1588516235352,1682.3384            28.2870121002197,-26.158863067627,1682.2491            28.2870121002197,-26.1588764190674,1682.3541            28.2870121002197,-26.1588878631592,1682.3279            28.2870140075684,-26.158899307251,1682.627            28.2870121002197,-26.1589107513428,1682.4066            28.2870121002197,-26.1589241027832,1682.16            28.2870101928711,-26.1589336395264,1682.1494            28.2870101928711,-26.1589450836182,1681.8292            28.2870082855225,-26.15895652771,1682.0236            28.2870063781738,-26.1589679718018,1682.417            28.2870044708252,-26.1589794158936,1682.4801            28.2870025634766,-26.1589908599854,1682.669            28.2870025634766,-26.1590042114258,1682.9104            28.2870025634766,-26.1590156555176,1682.4486            28.2870006561279,-26.1590270996094,1683.4457            28.2870006561279,-26.1590404510498,1683.3722            28.2869968414307,-26.1590518951416,1682.8264            28.2869930267334,-26.1590633392334,1682.5535            28.2869892120361,-26.1590747833252,1681.9816            28.2869853973389,-26.159086227417,1682.3279            28.2869834899902,-26.1591014862061,1682.648            28.2869815826416,-26.1591129302979,1682.7268            28.286979675293,-26.1591243743896,1682.5115            28.2869739532471,-26.1591358184814,1683.0782            28.2869682312012,-26.1591472625732,1682.5797            28.2869606018066,-26.159158706665,1682.3909            28.2869529724121,-26.1591682434082,1682.4539            28.2869453430176,-26.1591777801514,1682.5535            28.286937713623,-26.1591873168945,1682.9681            28.2869300842285,-26.1591968536377,1682.8003            28.2869243621826,-26.1592063903809,1682.5377            28.2869167327881,-26.1592178344727,1683.1937            28.2869110107422,-26.1592273712158,1683.1781            28.2869033813477,-26.159236907959,1682.9261            28.2868938446045,-26.1592445373535,1682.5377            28.28688621521,-26.1592540740967,1682.1022            28.2868785858154,-26.1592655181885,1683.2988            28.2868671417236,-26.1592788696289,1682.8789            28.2868576049805,-26.1592922210693,1683.0154            28.2868480682373,-26.1593055725098,1683.1046            28.2868385314941,-26.1593170166016,1682.5746            28.2868309020996,-26.159330368042,1682.5063            28.2868232727051,-26.1593418121338,1682.7897            28.2868156433106,-26.159351348877,1683.1361            28.2868099212646,-26.1593608856201,1683.1727            28.2868022918701,-26.1593723297119,1682.7214            28.2867965698242,-26.1593818664551,1682.3331            28.2867908477783,-26.1593914031982,1682.3594            28.2867832183838,-26.1593990325928,1682.4958            28.2867755889893,-26.1594085693359,1682.7897            28.2867698669434,-26.1594161987305,1682.4539            28.2867622375488,-26.1594276428223,1682.4329            28.2867565155029,-26.1594371795654,1682.9368            28.2867488861084,-26.15944480896,1682.5011            28.2867431640625,-26.1594524383545,1682.1284            28.286735534668,-26.1594619750977,1682.6323            28.2867298126221,-26.1594696044922,1682.711            28.2867240905762,-26.1594791412354,1682.4642            28.2867183685303,-26.1594867706299,1682.8264            28.2867107391357,-26.159496307373,1682.2439            28.2867031097412,-26.1595039367676,1681.735            28.2866992950439,-26.1595134735107,1682.7844            28.2866916656494,-26.1595230102539,1682.2019            28.2866859436035,-26.1595306396484,1682.118            28.2866802215576,-26.1595401763916,1682.2386            28.2866725921631,-26.1595478057861,1682.3279            28.2866649627686,-26.1595554351807,1682.3699            28.286657333374,-26.1595630645752,1682.7004            28.2866477966309,-26.1595687866211,1681.0055            28.2866382598877,-26.159574508667,1682.4329            28.2866325378418,-26.1595802307129,1682.8842            28.2866249084473,-26.1595878601074,1681.9291            28.2866172790527,-26.1595935821533,1682.7949            28.2866096496582,-26.1596012115479,1682.69            28.2866020202637,-26.1596088409424,1683.0782            28.2865943908691,-26.1596164703369,1682.4591            28.286584854126,-26.1596240997314,1682.9628            28.2865772247314,-26.159631729126,1682.9052            28.2865695953369,-26.1596393585205,1682.7844            28.2865619659424,-26.1596488952637,1682.6638            28.2865524291992,-26.1596565246582,1683.304            28.2865447998047,-26.1596641540527,1683.1046            28.2865352630615,-26.1596698760986,1682.2177            28.286527633667,-26.1596775054932,1682.0339            28.2865200042725,-26.1596851348877,1682.1863            28.2865123748779,-26.1596927642822,1682.5431            28.2865028381348,-26.1597003936768,1682.2019            28.2864952087402,-26.1597080230713,1682.627            28.2864875793457,-26.1597175598145,1683.4299            28.2864799499512,-26.1597232818604,1682.5063            28.2864723205566,-26.1597309112549,1682.4905            28.2864646911621,-26.1597385406494,1683.4353            28.2864589691162,-26.1597461700439,1682.648            28.2864513397217,-26.1597537994385,1683.0364            28.2864437103271,-26.159761428833,1683.5508            28.2864360809326,-26.1597690582275,1683.7029            28.2864284515381,-26.1597766876221,1682.5325            28.2864189147949,-26.1597843170166,1682.4276            28.2864112854004,-26.1597919464111,1683.3984            28.2864036560059,-26.159797668457,1683.0782            28.2863960266113,-26.1598072052002,1683.2567            28.2863883972168,-26.1598167419434,1683.8184            28.2863788604736,-26.1598243713379,1683.5612            28.2863712310791,-26.1598339080811,1682.7582            28.2863636016846,-26.1598415374756,1682.6532            28.2863540649414,-26.1598491668701,1683.9811            28.2863483428955,-26.1598587036133,1683.1465            28.2863388061523,-26.1598663330078,1683.3932            28.2863311767578,-26.159875869751,1683.666            28.2863235473633,-26.1598854064941,1683.4772            28.2863159179688,-26.1598930358887,1682.6796            28.2863063812256,-26.1598987579346,1683.5035            28.2863006591797,-26.1599082946777,1683.666            28.2862930297852,-26.1599159240723,1684.2644            28.2862854003906,-26.1599254608154,1683.7501            28.2862777709961,-26.15993309021,1683.8287            28.2862701416016,-26.1599407196045,1683.0049            28.2862606048584,-26.159948348999,1683.0731            28.2862529754639,-26.1599559783936,1683.7921            28.2862453460693,-26.1599636077881,1683.5192            28.2862377166748,-26.1599731445313,1683.9548            28.2862300872803,-26.1599807739258,1683.8917            28.2862224578857,-26.1599884033203,1683.2778            28.2862148284912,-26.1599979400635,1682.8527            28.286205291748,-26.160005569458,1683.2567            28.2861976623535,-26.1600131988525,1684.0177            28.286190032959,-26.1600189208984,1683.9495            28.2861824035645,-26.160026550293,1683.897            28.2861709594727,-26.1600322723389,1684.9623            28.2861614227295,-26.1600360870361,1684.0231            28.2861499786377,-26.160041809082,1683.5244            28.2861404418945,-26.1600475311279,1683.9652            28.2861309051514,-26.1600532531738,1684.5269            28.2861213684082,-26.1600589752197,1683.7239            28.2861099243164,-26.160062789917,1684.9572            28.2861003875732,-26.1600666046143,1683.9758            28.2860908508301,-26.1600723266602,1684.2644            28.2860813140869,-26.1600761413574,1684.1594            28.2860717773438,-26.1600780487061,1684.0021            28.2860622406006,-26.160083770752,1684.5792            28.2860527038574,-26.1600875854492,1684.9467            28.2860355377197,-26.1600933074951,1685.2405            28.2860279083252,-26.1600971221924,1684.1594            28.2860260009766,-26.1600971221924,1684.6475            28.2860240936279,-26.1600952148438,1684.3799          </coordinates></LineString></Placemark></Folder></Document></kml>