<?xml version="1.0" encoding="UTF-8"?><kml xmlns="http://www.opengis.net/kml/2.2"><Document><name>Bapsfontein Hotel parkrun Regular Course (from Nov 2024)</name><description/><Style id="icon-1899-0F9D58-nodesc-normal"><IconStyle><color>ff589d0f</color><scale>1</scale><Icon><href>https://www.gstatic.com/mapspro/images/stock/503-wht-blank_maps.png</href></Icon><hotSpot x="32" xunits="pixels" y="64" yunits="insetPixels"/></IconStyle><LabelStyle><scale>0</scale></LabelStyle><BalloonStyle><text><![CDATA[<h3>$[name]</h3>]]></text></BalloonStyle></Style><Style id="icon-1899-0F9D58-nodesc-highlight"><IconStyle><color>ff589d0f</color><scale>1</scale><Icon><href>https://www.gstatic.com/mapspro/images/stock/503-wht-blank_maps.png</href></Icon><hotSpot x="32" xunits="pixels" y="64" yunits="insetPixels"/></IconStyle><LabelStyle><scale>1</scale></LabelStyle><BalloonStyle><text><![CDATA[<h3>$[name]</h3>]]></text></BalloonStyle></Style><StyleMap id="icon-1899-0F9D58-nodesc"><Pair><key>normal</key><styleUrl>#icon-1899-0F9D58-nodesc-normal</styleUrl></Pair><Pair><key>highlight</key><styleUrl>#icon-1899-0F9D58-nodesc-highlight</styleUrl></Pair></StyleMap><Style id="icon-1899-FF5252-nodesc-normal"><IconStyle><color>ff5252ff</color><scale>1</scale><Icon><href>https://www.gstatic.com/mapspro/images/stock/503-wht-blank_maps.png</href></Icon><hotSpot x="32" xunits="pixels" y="64" yunits="insetPixels"/></IconStyle><LabelStyle><scale>0</scale></LabelStyle><BalloonStyle><text><![CDATA[<h3>$[name]</h3>]]></text></BalloonStyle></Style><Style id="icon-1899-FF5252-nodesc-highlight"><IconStyle><color>ff5252ff</color><scale>1</scale><Icon><href>https://www.gstatic.com/mapspro/images/stock/503-wht-blank_maps.png</href></Icon><hotSpot x="32" xunits="pixels" y="64" yunits="insetPixels"/></IconStyle><LabelStyle><scale>1</scale></LabelStyle><BalloonStyle><text><![CDATA[<h3>$[name]</h3>]]></text></BalloonStyle></Style><StyleMap id="icon-1899-FF5252-nodesc"><Pair><key>normal</key><styleUrl>#icon-1899-FF5252-nodesc-normal</styleUrl></Pair><Pair><key>highlight</key><styleUrl>#icon-1899-FF5252-nodesc-highlight</styleUrl></Pair></StyleMap><Style id="line-0288D1-5000-nodesc-normal"><LineStyle><color>ffd18802</color><width>5</width></LineStyle><BalloonStyle><text><![CDATA[<h3>$[name]</h3>]]></text></BalloonStyle></Style><Style id="line-0288D1-5000-nodesc-highlight"><LineStyle><color>ffd18802</color><width>7.5</width></LineStyle><BalloonStyle><text><![CDATA[<h3>$[name]</h3>]]></text></BalloonStyle></Style><StyleMap id="line-0288D1-5000-nodesc"><Pair><key>normal</key><styleUrl>#line-0288D1-5000-nodesc-normal</styleUrl></Pair><Pair><key>highlight</key><styleUrl>#line-0288D1-5000-nodesc-highlight</styleUrl></Pair></StyleMap><Folder><name>BHP_New_Route.gpx</name><Placemark><name>Start</name><styleUrl>#icon-1899-0F9D58-nodesc</styleUrl><Point><coordinates>            28.4270915985107,-26.0041923522949,1639.2          </coordinates></Point></Placemark><Placemark><name>Finish</name><styleUrl>#icon-1899-FF5252-nodesc</styleUrl><Point><coordinates>            28.4275512695312,-26.0039196014404,1642.1          </coordinates></Point></Placemark><Placemark><name>Course</name><styleUrl>#line-0288D1-5000-nodesc</styleUrl><LineString><tessellate>1</tessellate><coordinates>            28.4270915985107,-26.0041923522949,1639.2            28.4271488189697,-26.0041561126709,1639.7            28.4272079467773,-26.004114151001,1639.6            28.4272689819336,-26.0040607452393,1639.3            28.427303314209,-26.0040397644043,1639            28.4273700714111,-26.0039958953857,1638.7            28.4273948669434,-26.0039749145508,1638.4            28.4274806976318,-26.0039234161377,1638.1            28.42751121521,-26.0039043426514,1637.6            28.4276008605957,-26.0038414001465,1636.9            28.4276256561279,-26.0038242340088,1636.6            28.4276790618896,-26.0037860870361,1636.2            28.4277057647705,-26.0037708282471,1636.4            28.4277610778809,-26.0037288665771,1636.4            28.4278125762939,-26.0036869049072,1637.6            28.4278316497803,-26.0036659240723,1637.8            28.4278564453125,-26.0036468505859,1638            28.4278755187988,-26.0036239624023,1638.1            28.4278945922852,-26.0036029815674,1638.3            28.4279193878174,-26.0035839080811,1638.7            28.4279441833496,-26.0035648345947,1639.6            28.4279708862305,-26.0035419464111,1639.7            28.4279937744141,-26.0035190582275,1640.1            28.4280128479004,-26.0034980773926,1639.9            28.428035736084,-26.003475189209,1639.6            28.4280624389648,-26.0034523010254,1639.5            28.4280796051025,-26.0034275054932,1639.7            28.4281044006348,-26.0034008026123,1639.7            28.428129196167,-26.0033740997314,1639.5            28.4281482696533,-26.0033473968506,1639.8            28.4281635284424,-26.0033206939697,1640.2            28.4281749725342,-26.0032901763916,1640.1            28.4281768798828,-26.0032615661621,1640.4            28.4281749725342,-26.0032291412354,1640.9            28.4281730651855,-26.0031986236572,1641.2            28.428186416626,-26.003137588501,1641.9            28.4281997680664,-26.0031051635742,1642.1            28.4282188415527,-26.0030746459961,1642.9            28.4282341003418,-26.0030479431152,1642.8            28.4282512664795,-26.0030250549316,1642.7            28.4282741546631,-26.003002166748,1643.3            28.4282894134522,-26.0029735565186,1643.4            28.4283046722412,-26.0029487609863,1642.8            28.4283218383789,-26.0029277801514,1643            28.428337097168,-26.0029067993164,1642.6            28.4283580780029,-26.0028877258301,1642.3            28.4283809661865,-26.002872467041,1642            28.4284057617188,-26.0028667449951,1641.5            28.4284343719482,-26.0028476715088,1641.4            28.4284629821777,-26.0028343200684,1641.7            28.4284858703613,-26.0028247833252,1641.3            28.4285068511963,-26.0028190612793,1640.9            28.4285335540771,-26.0028133392334,1639.5            28.428560256958,-26.0028018951416,1640            28.4286098480225,-26.0027732849121,1640.3            28.428638458252,-26.0027618408203,1640.5            28.4286651611328,-26.002742767334,1640.4            28.4286880493164,-26.0027236938477,1640.6            28.4287128448486,-26.0027027130127,1640.5            28.4287376403809,-26.0026798248291,1640.9            28.4287605285645,-26.0026531219482,1641            28.4287815093994,-26.0026321411133,1640.6            28.4287986755371,-26.0026092529297,1641.4            28.4288139343262,-26.0025959014893,1641.2            28.4288330078125,-26.0025749206543,1641.2            28.4288482666016,-26.002555847168,1641.1            28.4288692474365,-26.0025424957275,1641.3            28.428897857666,-26.0025272369385,1641.9            28.4289207458496,-26.0025043487549,1642.3            28.4289474487305,-26.0024852752686,1642.9            28.42897605896,-26.0024642944336,1643            28.4290008544922,-26.0024509429932,1642.3            28.429027557373,-26.0024375915527,1642.3            28.4290599822998,-26.0024242401123,1642.5            28.4290904998779,-26.0024185180664,1642.2            28.4291191101074,-26.0024108886719,1642            28.4291496276855,-26.0023994445801,1642.9            28.4291744232178,-26.0023994445801,1643            28.4292087554932,-26.0023918151855,1642.8            28.4292392730713,-26.0023860931396,1643.8            28.4292621612549,-26.0023784637451,1643.7            28.4292907714844,-26.0023746490479,1644            28.4293212890625,-26.0023651123047,1643.8            28.4293479919434,-26.0023574829102,1643.7            28.4293785095215,-26.0023517608643,1643.7            28.4294033050537,-26.0023403167725,1644.3            28.4294300079346,-26.002326965332,1644.2            28.4294605255127,-26.002311706543,1644.1            28.4294815063477,-26.0022945404053,1644.6            28.4295120239258,-26.0022792816162,1644.4            28.4295425415039,-26.0022659301758,1644.8            28.4295673370361,-26.0022487640381,1645            28.4295902252197,-26.0022354125977,1644.7            28.4296131134033,-26.00221824646,1644.8            28.4296321868896,-26.0022010803223,1644            28.429651260376,-26.0021781921387,1644            28.4296722412109,-26.0021324157715,1643.8            28.429666519165,-26.0021076202393,1643.8            28.429651260376,-26.0020809173584,1644.3            28.4296340942383,-26.0020599365234,1644.5            28.4296131134033,-26.0020408630371,1644.7            28.429594039917,-26.0020160675049,1645.9            28.4295787811279,-26.0019912719727,1646            28.4295597076416,-26.0019664764404,1646.3            28.4295463562012,-26.0019397735596,1646.7            28.429536819458,-26.0019130706787,1646.8            28.4295253753662,-26.0018863677979,1646.2            28.4295215606689,-26.0018577575684,1646            28.4295158386231,-26.0018329620361,1646.4            28.4295024871826,-26.0018100738525,1645.2            28.4294815063477,-26.0017852783203,1645.4            28.4294681549072,-26.0017623901367,1645.4            28.4294471740723,-26.0017375946045,1645.8            28.4294242858887,-26.0017166137695,1645.8            28.429407119751,-26.0016956329346,1645.8            28.4293842315674,-26.001672744751,1645.9            28.4293613433838,-26.0016555786133,1645            28.4293403625488,-26.0016307830811,1644.9            28.4293231964111,-26.0016078948975,1645.1            28.4293041229248,-26.0015869140625,1645            28.4292850494385,-26.0015602111816,1644.4            28.4292678833008,-26.0015335083008,1644.4            28.4292507171631,-26.0015068054199,1644.7            28.429235458374,-26.0014801025391,1644.5            28.4292163848877,-26.0014572143555,1644.6            28.42919921875,-26.0014362335205,1643.7            28.4291858673096,-26.0014152526855,1643.2            28.4291725158691,-26.0013961791992,1643.7            28.4291591644287,-26.001371383667,1643.3            28.4291400909424,-26.0013465881348,1643.1            28.4291210174561,-26.0013236999512,1642.9            28.429105758667,-26.0012989044189,1642.8            28.4290885925293,-26.0012741088867,1642            28.4290771484375,-26.0012474060059,1641.8            28.4290676116943,-26.0012226104736,1641.6            28.4290637969971,-26.0011959075928,1642.8            28.4290599822998,-26.0011672973633,1642.7            28.4290542602539,-26.0011386871338,1642.2            28.4290466308594,-26.0011081695557,1641.9            28.4290332794189,-26.0010852813721,1641.8            28.4290161132812,-26.0010623931885,1641.7            28.4289970397949,-26.0010414123535,1642.8            28.42897605896,-26.0010242462158,1642.7            28.4289569854736,-26.0010070800781,1643.2            28.42893409729,-26.0009880065918,1643.3            28.4289131164551,-26.0009670257568,1642.7            28.4289016723633,-26.0009384155273,1642.6            28.4288940429688,-26.0009136199951,1642.9            28.428882598877,-26.0008869171143,1642            28.4288768768311,-26.0008602142334,1642.4            28.4288692474365,-26.0008354187012,1642            28.4288425445557,-26.0007724761963,1642            28.428825378418,-26.0007457733154,1641.8            28.4288082122803,-26.0007190704346,1640.7            28.4287948608398,-26.0006942749023,1640.7            28.428783416748,-26.0006694793701,1640.5            28.4287738800049,-26.0006446838379,1641.8            28.4287586212158,-26.0006237030029,1641.9            28.4287433624268,-26.0005989074707,1641.7            28.4287261962891,-26.0005722045898,1641.3            28.4287109375,-26.000545501709,1640.9            28.4286937713623,-26.0005207061768,1640.6            28.4286785125732,-26.0004940032959,1640.6            28.4286670684814,-26.0004692077637,1640.7            28.4286556243896,-26.0004425048828,1640.2            28.4286422729492,-26.0004177093506,1640.4            28.4286289215088,-26.0003890991211,1640.3            28.4286136627197,-26.0003623962402,1640            28.428596496582,-26.0003433227539,1640            28.4285774230957,-26.0003185272217,1640.4            28.4285564422607,-26.0002918243408,1640.7            28.4285354614258,-26.0002708435059,1640.8            28.4285182952881,-26.000244140625,1640.8            28.428503036499,-26.0002193450928,1640.6            28.4284858703613,-26.0001964569092,1640.6            28.4284572601318,-26.0001735687256,1640.5            28.4284324645996,-26.0001544952393,1641.4            28.4284076690674,-26.0001392364502,1641            28.4283790588379,-26.0001239776611,1640.5            28.4283447265625,-26.0001125335693,1641.1            28.4283180236816,-26.0001010894775,1641.1            28.4282875061035,-26.0000877380371,1641.7            28.4282550811768,-26.0000743865967,1642.6            28.4282283782959,-26.0000591278076,1642.5            28.428201675415,-26.000036239624,1642            28.4281787872314,-26.0000114440918,1641.7            28.4281578063965,-25.9999809265137,1641.4            28.4281425476074,-25.9999542236328,1641.2            28.4281330108643,-25.999927520752,1641.3            28.4281177520752,-25.9999008178711,1641.4            28.4281024932861,-25.9998741149902,1641.6            28.4280853271484,-25.9998550415039,1641.4            28.4280662536621,-25.9998302459717,1641.5            28.4280471801758,-25.9998111724854,1641.7            28.4280261993408,-25.999792098999,1642            28.4280014038086,-25.9997711181641,1642.8            28.4279766082764,-25.9997463226318,1642.8            28.4279537200928,-25.9997215270996,1642            28.4279403686523,-25.9996967315674,1642.2            28.4279232025146,-25.9996757507324,1642.3            28.4279041290283,-25.9996490478516,1642.2            28.4278907775879,-25.9996242523193,1641.5            28.427864074707,-25.9995708465576,1641.8            28.4278392791748,-25.9995174407959,1641.6            28.4278259277344,-25.9994964599609,1642.6            28.4278125762939,-25.9994697570801,1642.5            28.4277992248535,-25.9994430541992,1642.2            28.4277839660645,-25.999418258667,1643            28.427770614624,-25.9993934631348,1643            28.4277591705322,-25.9993648529053,1642.7            28.4277439117432,-25.9993438720703,1642.5            28.4277248382568,-25.9993209838867,1642.4            28.4277019500732,-25.999303817749,1642.2            28.427677154541,-25.9992809295654,1643.4            28.4276485443115,-25.9992694854736,1643.7            28.4276123046875,-25.9992656707764,1644.1            28.4275741577148,-25.9992656707764,1644.5            28.4275417327881,-25.9992713928223,1644.4            28.4275093078613,-25.9992809295654,1644.1            28.4274826049805,-25.9992923736572,1643.9            28.4274520874023,-25.9993076324463,1642.9            28.4274234771729,-25.9993324279785,1642            28.4273986816406,-25.9993476867676,1641.9            28.4273681640625,-25.9993648529053,1641.4            28.4273414611816,-25.9993782043457,1642            28.4273166656494,-25.9993953704834,1641.9            28.4272842407227,-25.9994163513184,1641.2            28.4272575378418,-25.9994373321533,1640.7            28.4272308349609,-25.9994525909424,1640.6            28.4272022247314,-25.9994678497314,1640.9            28.427173614502,-25.999490737915,1640.4            28.4271507263184,-25.9995098114014,1640.2            28.4271278381348,-25.9995269775391,1640.4            28.4271125793457,-25.9995441436768,1640.4            28.4270935058594,-25.9995632171631,1640.3            28.4270820617676,-25.9995899200439,1640.4            28.4270648956299,-25.9996109008789,1639.9            28.4270458221436,-25.9996356964111,1640            28.4270324707031,-25.999662399292,1640.3            28.4270114898682,-25.9996871948242,1640.5            28.4269905090332,-25.9997043609619,1640.5            28.4269599914551,-25.9997177124023,1640.7            28.4269351959229,-25.9997329711914,1640.7            28.4269027709961,-25.9997444152832,1640.4            28.426872253418,-25.9997520446777,1640.2            28.4268436431885,-25.9997653961182,1640.3            28.4268112182617,-25.9997825622559,1640.1            28.4267749786377,-25.9997959136963,1639.3            28.4267463684082,-25.9998073577881,1639.1            28.4267158508301,-25.9998207092285,1638.5            28.4266872406006,-25.9998321533203,1637.4            28.4266586303711,-25.9998435974121,1637.4            28.4266300201416,-25.9998531341553,1638.2            28.4265995025635,-25.999870300293,1637.4            28.4265727996826,-25.9998893737793,1636.7            28.4265480041504,-25.9999122619629,1635.7            28.4265251159668,-25.9999313354492,1635.3            28.4265003204346,-25.9999485015869,1635            28.4264793395996,-25.999963760376,1635.1            28.4264583587646,-25.999979019165,1634.9            28.4264297485352,-25.9999942779541,1634.6            28.4264011383057,-25.9999980926514,1635.4            28.4263725280762,-26.0000095367432,1635.2            28.4263381958008,-26.000020980835,1635.1            28.426305770874,-26.0000324249268,1634.8            28.4262752532959,-26.0000457763672,1634.2            28.4262447357178,-26.0000534057617,1634.6            28.4262142181396,-26.0000667572021,1634.6            28.4261913299561,-26.0000858306885,1634.8            28.4261684417725,-26.0001106262207,1635.3            28.4261455535889,-26.000129699707,1635.4            28.4261207580566,-26.000150680542,1635.1            28.4260940551758,-26.0001697540283,1635.8            28.4260711669922,-26.0001926422119,1635.5            28.4260482788086,-26.0002174377441,1635            28.4260292053223,-26.0002384185791,1634.9            28.42600440979,-26.0002613067627,1634.5            28.4259777069092,-26.0002784729004,1634            28.4259510040283,-26.0002937316895,1633.5            28.4259262084961,-26.0003108978271,1633.1            28.4258995056152,-26.0003261566162,1632.7            28.425874710083,-26.0003452301025,1632.1            28.4258518218994,-26.0003623962402,1631.7            28.4258193969727,-26.0003852844238,1631.4            28.4257888793945,-26.0004081726074,1630.9            28.425760269165,-26.0004291534424,1630.5            28.4257278442383,-26.0004501342773,1630.2            28.4257049560547,-26.0004692077637,1630.1            28.4256763458252,-26.0004901885986,1630.1            28.4256477355957,-26.000509262085,1629.6            28.4256229400635,-26.000524520874,1629.4            28.4255924224854,-26.0005359649658,1629.2            28.4255561828613,-26.0005550384521,1628.8            28.4255275726318,-26.0005741119385,1628.3            28.425500869751,-26.0005874633789,1628.6            28.4254760742188,-26.0006008148193,1628.2            28.4254512786865,-26.0006141662598,1628.6            28.4254341125488,-26.0006237030029,1630.6            28.4254112243652,-26.0006408691406,1630            28.4253826141357,-26.0006637573242,1630.2            28.4253616333008,-26.0006828308105,1629.7            28.4253425598145,-26.0007057189941,1629.3            28.4253273010254,-26.0007381439209,1629.2            28.4253082275391,-26.0007591247559,1629            28.4252910614014,-26.0007839202881,1628.8            28.425271987915,-26.0008087158203,1629.4            28.4252490997314,-26.0008316040039,1629.9            28.4252281188965,-26.0008525848389,1629.8            28.4252071380615,-26.0008716583252,1630.2            28.4251823425293,-26.0008945465088,1630.4            28.4251575469971,-26.0009174346924,1630            28.4251327514648,-26.0009326934814,1629.6            28.4251079559326,-26.0009498596191,1629.3            28.4250736236572,-26.0009651184082,1629.5            28.4250392913818,-26.0009765625,1629.8            28.425012588501,-26.0009841918945,1629.6            28.4249820709229,-26.0009937286377,1629.1            28.4249515533447,-26.0010013580322,1628.6            28.4249267578125,-26.0010089874268,1628.4            28.4248962402344,-26.0010166168213,1628            28.4248676300049,-26.0010261535645,1627.5            28.4248466491699,-26.0010375976563,1627.2            28.4248294830322,-26.0010547637939,1627            28.4248008728027,-26.0010757446289,1627.3            28.4247779846191,-26.0010948181152,1627.2            28.4247493743896,-26.0011177062988,1627.3            28.4247245788574,-26.0011405944824,1627.4            28.4246921539307,-26.0011959075928,1627.7            28.424674987793,-26.0012187957764,1627.6            28.424654006958,-26.0012435913086,1627            28.424617767334,-26.0012626647949,1627.7            28.4245948791504,-26.0012836456299,1627.5            28.4245719909668,-26.0013008117676,1627.3            28.4245452880859,-26.0013179779053,1627            28.4245204925537,-26.0013332366943,1626.7            28.4244956970215,-26.0013446807861,1626.4            28.4244632720947,-26.0013484954834,1627.1            28.4244365692139,-26.0013542175293,1627.9            28.4244041442871,-26.0013637542725,1627.6            28.4243659973145,-26.0013675689697,1627.9            28.4243316650391,-26.0013751983643,1627.4            28.4242916107178,-26.0013828277588,1627.4            28.424259185791,-26.0013942718506,1627.5            28.4242305755615,-26.0014019012451,1627.1            28.424201965332,-26.0014095306396,1626.9            28.4241771697998,-26.0014190673828,1627            28.424144744873,-26.0014324188232,1627.3            28.4241065979004,-26.0014457702637,1627.7            28.4240818023682,-26.0014591217041,1627.8            28.4240550994873,-26.0014781951904,1627.6            28.4240322113037,-26.0014991760254,1627.4            28.4240188598633,-26.0015201568604,1627.4            28.4240131378174,-26.0015449523926,1627.6            28.4240207672119,-26.0015716552734,1627.6            28.4240207672119,-26.0015926361084,1627.8            28.4240264892578,-26.0016193389893,1629.3            28.4240341186523,-26.0016441345215,1630.1            28.4240341186523,-26.0016708374023,1630.4            28.424036026001,-26.0016975402832,1630.4            28.424036026001,-26.0017223358154,1631.1            28.4240341186523,-26.0017490386963,1631.1            28.4240283966064,-26.0017776489258,1631.2            28.4240188598633,-26.001802444458,1631            28.4239959716797,-26.0018272399902,1630.6            28.4239826202393,-26.0018520355225,1630.3            28.4239692687988,-26.0018768310547,1629.6            28.4239463806152,-26.0018978118896,1629.5            28.4239311218262,-26.0019226074219,1629            28.4239139556885,-26.0019416809082,1628.8            28.4238929748535,-26.0019607543945,1629.1            28.4238700866699,-26.0019817352295,1628.9            28.4238510131836,-26.0020008087158,1628.6            28.423828125,-26.0020179748535,1628.2            28.4238128662109,-26.0020332336426,1628.4            28.4237976074219,-26.0020523071289,1628.8            28.4237747192383,-26.0020751953125,1628.9            28.423755645752,-26.0020942687988,1629.1            28.4237308502197,-26.0021133422852,1628.9            28.4237060546875,-26.0021362304688,1629.2            28.4236831665039,-26.0021553039551,1629            28.4236545562744,-26.00217628479,1629            28.4236297607422,-26.002197265625,1628.6            28.4236125946045,-26.0022125244141,1628.4            28.4235935211182,-26.0022373199463,1628            28.4235858917236,-26.0022640228271,1627.8            28.4235877990723,-26.002290725708,1627.8            28.4235992431641,-26.0023250579834,1627.9            28.4236106872559,-26.0023555755615,1628.1            28.4236145019531,-26.0023784637451,1627.8            28.4236240386963,-26.0024070739746,1627.8            28.4236373901367,-26.0024375915527,1627.6            28.4236488342285,-26.0024681091309,1627.2            28.4236640930176,-26.0024929046631,1627.8            28.423677444458,-26.0025157928467,1627.8            28.4236927032471,-26.0025405883789,1627.2            28.4237174987793,-26.0025596618652,1627.7            28.4237365722656,-26.0025768280029,1627.6            28.4237518310547,-26.0025959014893,1627.3            28.423770904541,-26.002613067627,1627.4            28.4237861633301,-26.0026302337646,1627.6            28.4238033294678,-26.0026512145996,1628.1            28.4238204956055,-26.0026760101318,1628.6            28.4238357543945,-26.0026950836182,1629.1            28.4238510131836,-26.0027198791504,1628.8            28.4238681793213,-26.002742767334,1628.6            28.4238910675049,-26.0027561187744,1629            28.4239120483398,-26.0027732849121,1628.4            28.4239368438721,-26.0027885437012,1628.4            28.4239559173584,-26.0028018951416,1628.5            28.4239768981934,-26.0028190612793,1629.5            28.4239978790283,-26.0028400421143,1629.9            28.4240188598633,-26.0028591156006,1630.3            28.4240417480469,-26.0028800964355,1630.9            28.4240589141846,-26.0028953552246,1631.3            28.4240741729736,-26.0029106140137,1631.6            28.4240970611572,-26.0029258728027,1632.5            28.4241180419922,-26.0029449462891,1632            28.4241409301758,-26.0029563903809,1632.2            28.4241695404053,-26.002965927124,1632.9            28.424201965332,-26.0029525756836,1633.1            28.4242305755615,-26.0029487609863,1633.3            28.4242553710938,-26.0029392242432,1633.5            28.4242668151855,-26.0029182434082,1632.5            28.4242858886719,-26.0029010772705,1632.5            28.4243011474609,-26.0028820037842,1632.5            28.4243202209473,-26.0028629302979,1632.2            28.424337387085,-26.0028476715088,1632.5            28.4243583679199,-26.0028305053711,1632.6            28.4243812561035,-26.0028171539307,1633            28.4244117736816,-26.002799987793,1633.1            28.4244346618652,-26.0027809143066,1633.3            28.4244575500488,-26.0027675628662,1633            28.4244899749756,-26.0027561187744,1632.8            28.4245223999023,-26.0027484893799,1632.8            28.4245491027832,-26.0027446746826,1632.9            28.42458152771,-26.0027465820313,1633            28.4246158599854,-26.002742767334,1633            28.4246425628662,-26.002742767334,1633.2            28.4246730804443,-26.0027408599854,1633.5            28.4247035980225,-26.0027389526367,1633.7            28.4247283935547,-26.0027332305908,1633.8            28.4247531890869,-26.002721786499,1634.2            28.4247741699219,-26.0027141571045,1634.3            28.4248046875,-26.00270652771,1634.1            28.4248332977295,-26.0026969909668,1634.6            28.4248580932617,-26.0026874542236,1634.7            28.4248886108398,-26.0026760101318,1635.3            28.424919128418,-26.0026626586914,1636            28.4249458312988,-26.0026512145996,1636.1            28.4249782562256,-26.0026397705078,1636            28.4250068664551,-26.002628326416,1636.1            28.4250354766846,-26.0026206970215,1636.2            28.4250640869141,-26.0026092529297,1636.3            28.4250907897949,-26.0025978088379,1636.8            28.4251174926758,-26.0025901794434,1636.4            28.4251461029053,-26.0025806427002,1637            28.4251708984375,-26.0025691986084,1636.4            28.4251937866211,-26.0025615692139,1636.5            28.4252223968506,-26.0025539398193,1637            28.4252452850342,-26.0025444030762,1637.1            28.4252662658691,-26.002534866333,1636.9            28.4252986907959,-26.0025234222412,1636.7            28.4253273010254,-26.0025119781494,1636.7            28.4253540039062,-26.002498626709,1636.5            28.4253826141357,-26.0024890899658,1637.3            28.4254016876221,-26.0024814605713,1637.5            28.4254245758057,-26.0024719238281,1637.5            28.4254474639893,-26.0024642944336,1637.2            28.4254741668701,-26.0024547576904,1637.5            28.425500869751,-26.0024394989014,1637.1            28.4255237579346,-26.0024299621582,1636.9            28.4255447387695,-26.002420425415,1637.2            28.4255924224854,-26.0023994445801,1637.3            28.4256114959717,-26.002384185791,1637.4            28.4256362915039,-26.0023708343506,1637.7            28.4256610870361,-26.002368927002,1637.9            28.4256858825684,-26.0023555755615,1638.1            28.4257144927979,-26.0023441314697,1637.6            28.4257373809814,-26.0023307800293,1637.4            28.4257640838623,-26.0023174285889,1637.1            28.4257907867432,-26.0023059844971,1637.2            28.425817489624,-26.0022926330566,1637.1            28.4258441925049,-26.0022792816162,1636.9            28.4258613586426,-26.0022640228271,1636.7            28.4258785247803,-26.0022525787354,1637            28.4259090423584,-26.0022411346436,1636.7            28.4259376525879,-26.0022258758545,1637.2            28.4259624481201,-26.00221824646,1637.4            28.4259929656982,-26.0022048950195,1637.3            28.4260215759277,-26.0021896362305,1637.9            28.4260540008545,-26.0021724700928,1638            28.426082611084,-26.002161026001,1638            28.4261035919189,-26.0021438598633,1637.6            28.4261245727539,-26.0021286010742,1637.1            28.4261474609375,-26.0021171569824,1636.9            28.4261684417725,-26.002103805542,1636.7            28.4261875152588,-26.0020942687988,1636.8            28.4262161254883,-26.0020809173584,1637.2            28.4262351989746,-26.0020751953125,1638.2            28.4262561798096,-26.0020637512207,1638.2            28.4262847900391,-26.0020523071289,1638.9            28.426305770874,-26.0020370483398,1639.1            28.4263191223145,-26.0020179748535,1639.4            28.4263191223145,-26.0019912719727,1639.5            28.4263153076172,-26.0019664764404,1639.4            28.4263095855713,-26.0019454956055,1639.5            28.4262924194336,-26.001932144165,1639.7            28.4262542724609,-26.0019226074219,1639.4            28.4262237548828,-26.0019245147705,1638.7            28.4261894226074,-26.0019302368164,1638.3            28.4261608123779,-26.0019416809082,1638.5            28.4261341094971,-26.0019512176514,1638.3            28.4261074066162,-26.0019664764404,1638.4            28.426082611084,-26.0019817352295,1637.7            28.4260559082031,-26.0019950866699,1637.2            28.426025390625,-26.0020084381104,1636.9            28.4259967803955,-26.0020198822021,1636.3            28.4259700775146,-26.0020275115967,1636            28.4259395599365,-26.0020389556885,1636            28.425910949707,-26.002046585083,1635.8            28.4258804321289,-26.0020561218262,1635.4            28.4258518218994,-26.0020694732666,1635.3            28.4258232116699,-26.0020847320557,1634.9            28.4257926940918,-26.0020980834961,1634.6            28.4257640838623,-26.0021076202393,1634.5            28.425708770752,-26.0021190643311,1634.5            28.4256839752197,-26.002124786377,1634.8            28.4256343841553,-26.0021381378174,1635.7            28.4255809783936,-26.0021533966064,1636.9            28.4255542755127,-26.0021591186523,1636.8            28.4255199432373,-26.0021629333496,1636.1            28.4254875183105,-26.0021724700928,1636.2            28.4254570007324,-26.0021781921387,1635.7            28.4254264831543,-26.0021858215332,1635.8            28.4253978729248,-26.0021934509277,1635.7            28.4253692626953,-26.0022010803223,1635.2            28.4253406524658,-26.0022068023682,1634.9            28.4253158569336,-26.0022125244141,1635.3            28.4252910614014,-26.0022201538086,1635            28.4252624511719,-26.0022315979004,1633.6            28.4252338409424,-26.0022392272949,1632.8            28.4252052307129,-26.0022468566895,1632.3            28.4251842498779,-26.0022621154785,1632.7            28.4251613616943,-26.0022735595703,1632.6            28.4250926971436,-26.0022945404053,1631.9            28.4250373840332,-26.0023193359375,1631.2            28.4250087738037,-26.0023307800293,1631            28.4249591827393,-26.0023517608643,1630.5            28.4249324798584,-26.0023632049561,1630.6            28.4249057769775,-26.0023708343506,1630.5            28.4248752593994,-26.0023803710938,1630.6            28.4248428344727,-26.0023918151855,1630.4            28.4248161315918,-26.0024032592773,1630.3            28.4247894287109,-26.0024185180664,1630.3            28.4247303009033,-26.0024433135986,1630.1            28.4247016906738,-26.0024566650391,1629.9            28.4246711730957,-26.0024738311768,1630            28.4246158599854,-26.0024967193604,1629.5            28.4245891571045,-26.0025024414063,1629.6            28.4245624542236,-26.002513885498,1629.3            28.4245319366455,-26.0025177001953,1629.4            28.4245052337646,-26.0025272369385,1629.7            28.424446105957,-26.0025272369385,1630.1            28.4244194030762,-26.0025234222412,1631            28.4243946075439,-26.0025100708008,1632            28.424373626709,-26.0024929046631,1632.6            28.4243564605713,-26.0024738311768,1632.8            28.424337387085,-26.0024528503418,1632.8            28.4243221282959,-26.0024299621582,1632.9            28.4243049621582,-26.0024070739746,1633            28.4242877960205,-26.002384185791,1633.1            28.4242782592773,-26.0023574829102,1633.4            28.4242610931396,-26.0023345947266,1633.7            28.4242458343506,-26.0023097991943,1633.6            28.4242286682129,-26.0022869110107,1633.7            28.4242153167725,-26.0022640228271,1633.8            28.4242038726807,-26.0022392272949,1633.3            28.4241905212402,-26.0022163391113,1633.1            28.4241752624512,-26.0021934509277,1633.3            28.4241600036621,-26.0021686553955,1633            28.4241542816162,-26.0021457672119,1633.3            28.4241390228271,-26.0021228790283,1633.2            28.4241275787354,-26.0020999908447,1632.9            28.4241180419922,-26.0020809173584,1633.3            28.4241123199463,-26.0020618438721,1633.2            28.4241142272949,-26.0020313262939,1633.3            28.4241180419922,-26.0020046234131,1633.6            28.4241275787354,-26.0019798278809,1633.4            28.4241409301758,-26.0019588470459,1632.9            28.4241542816162,-26.0019378662109,1632.7            28.4241752624512,-26.001916885376,1632.4            28.4241943359375,-26.0018978118896,1632.8            28.4242191314697,-26.0018825531006,1632.3            28.424243927002,-26.0018730163574,1632.6            28.4242744445801,-26.0018672943115,1633            28.4243049621582,-26.0018634796143,1633.4            28.4243354797363,-26.0018634796143,1633.8            28.4243621826172,-26.0018672943115,1634.3            28.4243869781494,-26.0018768310547,1634.7            28.4244155883789,-26.001880645752,1634.7            28.4244441986084,-26.0018768310547,1635.4            28.4244689941406,-26.0018730163574,1635.7            28.4244956970215,-26.0018692016602,1635.8            28.4245185852051,-26.0018558502197,1636.4            28.4245357513428,-26.0018405914307,1636.5            28.4245586395264,-26.0018177032471,1636.5            28.4245681762695,-26.0017929077148,1636.4            28.42458152771,-26.001766204834,1635.9            28.4245986938477,-26.0017395019531,1636            28.4246082305908,-26.0017127990723,1635.8            28.424617767334,-26.0016899108887,1635.9            28.4246311187744,-26.0016574859619,1636.1            28.424633026123,-26.0016307830811,1636            28.4246387481689,-26.0016059875488,1635.6            28.4246425628662,-26.0015830993652,1635.6            28.4246444702148,-26.001558303833,1635.9            28.4246463775635,-26.0015335083008,1635.7            28.4246406555176,-26.0015068054199,1635.3            28.4246349334717,-26.0014820098877,1634.8            28.4246292114258,-26.0014572143555,1634.3            28.4246349334717,-26.0014324188232,1633.6            28.4246387481689,-26.0014057159424,1633.4            28.4246425628662,-26.0013828277588,1633.2            28.4246597290039,-26.0013599395752,1633.7            28.4246768951416,-26.0013370513916,1633.9            28.4246921539307,-26.0013160705566,1633.8            28.4247074127197,-26.0012950897217,1634.1            28.4247245788574,-26.0012741088867,1634.7            28.4247417449951,-26.0012550354004,1635.3            28.4247570037842,-26.0012359619141,1636.1            28.4247722625732,-26.0012168884277,1636            28.4247894287109,-26.00119972229,1635.9            28.4248046875,-26.0011787414551,1636.1            28.4248161315918,-26.0011558532715,1636.3            28.4248332977295,-26.0011425018311,1636.3            28.4248542785645,-26.0011367797852,1636.1            28.4248790740967,-26.0011291503906,1635.5            28.4249057769775,-26.0011196136475,1635.2            28.4249324798584,-26.0011157989502,1635.9            28.4249629974365,-26.0011138916016,1635.7            28.424991607666,-26.0011100769043,1635.7            28.4250240325928,-26.0011081695557,1636.1            28.4250469207764,-26.0011100769043,1636.3            28.4250774383545,-26.0011043548584,1636            28.4251041412354,-26.0010967254639,1635.4            28.4251308441162,-26.0010890960693,1635.4            28.4251651763916,-26.0010833740234,1635.6            28.4251956939697,-26.0010757446289,1636            28.4252223968506,-26.001070022583,1636.1            28.4252510070801,-26.0010643005371,1636.3            28.4252758026123,-26.0010604858398,1636.6            28.4253025054932,-26.0010528564453,1636.9            28.4253273010254,-26.0010509490967,1637.4            28.4253463745117,-26.0010471343994,1637.2            28.4253673553467,-26.0010452270508,1637.4            28.4253902435303,-26.0010452270508,1637.5            28.4254131317139,-26.0010414123535,1638.4            28.4254283905029,-26.0010375976563,1638.2            28.425443649292,-26.0010356903076,1638.2            28.4254550933838,-26.0010318756104,1638.3            28.4254665374756,-26.0010299682617,1638.3            28.4254817962646,-26.0010280609131,1638.3            28.425500869751,-26.0010242462158,1638.4            28.4255199432373,-26.0010242462158,1638.3            28.4255447387695,-26.0010204315186,1638.3            28.4255695343018,-26.0010223388672,1638.3            28.4255924224854,-26.0010223388672,1638.7            28.4256134033203,-26.0010242462158,1639.3            28.4256324768066,-26.0010280609131,1640            28.425651550293,-26.0010318756104,1640.6            28.4256725311279,-26.0010318756104,1641.3            28.4256896972656,-26.001033782959,1641.3            28.4257068634033,-26.0010356903076,1641.3            28.4257221221924,-26.001033782959,1641.2            28.4257354736328,-26.001033782959,1641.2            28.4257488250732,-26.0010395050049,1640.7            28.425760269165,-26.0010471343994,1640.4            28.4257698059082,-26.0010528564453,1640            28.4257774353027,-26.0010585784912,1639.6            28.4257888793945,-26.0010623931885,1639.4            28.4258003234863,-26.0010623931885,1639.2            28.4258117675781,-26.0010643005371,1638.9            28.4258251190186,-26.0010643005371,1638.8            28.4258422851562,-26.0010662078857,1638.8            28.4258575439453,-26.0010681152344,1638.7            28.4258823394775,-26.0010681152344,1638.8            28.4259071350098,-26.001070022583,1638.9            28.4259243011475,-26.0010738372803,1638.9            28.4259452819824,-26.0010757446289,1639.1            28.4259643554688,-26.0010814666748,1639.5            28.4259834289551,-26.0010814666748,1639.7            28.42600440979,-26.0010795593262,1640.1            28.4260272979736,-26.0010776519775,1640.6            28.4260501861572,-26.0010738372803,1640.7            28.4260692596436,-26.0010662078857,1641.1            28.4260845184326,-26.0010528564453,1641.8            28.4260997772217,-26.0010452270508,1642.3            28.4261150360107,-26.0010375976563,1642.8            28.4261341094971,-26.0010318756104,1643.2            28.4261474609375,-26.0010242462158,1643.3            28.4261608123779,-26.001012802124,1643.7            28.4261703491211,-26.0010051727295,1643.7            28.4261798858643,-26.0010013580322,1643.8            28.4261875152588,-26.000997543335,1644.1            28.4261989593506,-26.0009918212891,1644.3            28.4262046813965,-26.0009899139404,1644.4            28.4262142181396,-26.0009860992432,1644.4            28.4262256622314,-26.0009841918945,1644.4            28.4262371063232,-26.0009803771973,1644.5            28.4262504577637,-26.0009765625,1644.5            28.4262638092041,-26.0009746551514,1644.6            28.4262752532959,-26.0009708404541,1644.6            28.4262886047363,-26.0009651184082,1644.7            28.4263000488281,-26.0009574890137,1644.7            28.4263172149658,-26.000955581665,1644.7            28.4263305664062,-26.0009498596191,1644.8            28.4263458251953,-26.0009441375732,1644.7            28.4263687133789,-26.0009365081787,1644.6            28.4263896942139,-26.0009307861328,1644.4            28.4264125823975,-26.0009288787842,1644.7            28.4264316558838,-26.0009212493896,1644.8            28.4264507293701,-26.0009174346924,1645            28.4264678955078,-26.0009174346924,1645.1            28.4264850616455,-26.0009174346924,1645.1            28.4265022277832,-26.0009174346924,1645.4            28.4265174865723,-26.0009174346924,1645.8            28.4265575408936,-26.0009174346924,1646            28.4265804290771,-26.0009136199951,1646            28.4265975952148,-26.0009078979492,1646.2            28.4266357421875,-26.000904083252,1646.6            28.4266490936279,-26.0008983612061,1646.7            28.4266624450684,-26.0008964538574,1646.4            28.4266738891602,-26.0008907318115,1646.3            28.4266891479492,-26.000883102417,1646.2            28.4267063140869,-26.0008735656738,1646            28.4267272949219,-26.0008640289307,1646.4            28.4267425537109,-26.0008487701416,1646.5            28.4267749786377,-26.0008125305176,1646.4            28.4267883300781,-26.0007972717285,1646.5            28.4267997741699,-26.0007781982422,1646.5            28.4268112182617,-26.0007610321045,1646.5            28.4268207550049,-26.0007457733154,1646.9            28.4268283843994,-26.000732421875,1646.9            28.4268360137939,-26.0007190704346,1646.5            28.4268379211426,-26.0007057189941,1646.1            28.4268436431885,-26.000696182251,1645.9            28.4268474578857,-26.0006828308105,1645.4            28.4268569946289,-26.0006694793701,1644.8            28.4268646240234,-26.0006580352783,1645            28.4268741607666,-26.0006484985352,1645.2            28.4268798828125,-26.0006370544434,1645.2            28.4268951416016,-26.0006275177002,1645.1            28.4269027709961,-26.0006141662598,1644.9            28.4269142150879,-26.0006046295166,1644.6            28.4269237518311,-26.0005950927734,1644.3            28.4269275665283,-26.0005855560303,1643.9            28.4269275665283,-26.0005741119385,1643.5            28.4269332885742,-26.0005588531494,1643.4            28.4269371032715,-26.0005397796631,1643.5            28.4269409179688,-26.0005168914795,1643.6            28.426944732666,-26.0004959106445,1643.8            28.4269504547119,-26.0004768371582,1644.2            28.4269561767578,-26.0004558563232,1644.5            28.4269638061523,-26.0004386901855,1644.9            28.4269695281982,-26.0004234313965,1645            28.4269752502441,-26.0004043579102,1644.9            28.4269790649414,-26.0003910064697,1644.9            28.4269847869873,-26.0003757476807,1644.8            28.4269886016846,-26.000358581543,1644.4            28.4269924163818,-26.0003452301025,1644.4            28.4269943237305,-26.0003318786621,1644.4            28.4269962310791,-26.0003185272217,1644.2            28.4270000457764,-26.0003051757813,1644.1            28.4270057678223,-26.0002880096436,1644.1            28.4270095825195,-26.0002708435059,1643.8            28.4270153045654,-26.0002517700195,1643.6            28.4270191192627,-26.0002346038818,1643.3            28.4270267486572,-26.0002212524414,1643.2            28.4270324707031,-26.000207901001,1643            28.4270362854004,-26.0001926422119,1642.9            28.427038192749,-26.0001773834229,1642.9            28.4270458221436,-26.0001602172852,1642.8            28.4270458221436,-26.0001392364502,1642.9            28.4270515441895,-26.0001239776611,1642.8            28.4270515441895,-26.0001087188721,1643            28.4270515441895,-26.0000896453857,1643.2            28.4270534515381,-26.0000762939453,1643.3            28.4270572662354,-26.0000629425049,1643.2            28.4270610809326,-26.0000457763672,1643.2            28.4270668029785,-26.0000324249268,1643.1            28.427074432373,-26.0000190734863,1642.9            28.4270801544189,-26.0000057220459,1643            28.4270763397217,-25.9999866485596,1643            28.4270782470703,-25.9999694824219,1643.1            28.4270782470703,-25.9999504089355,1643.1            28.4270801544189,-25.9999332427979,1642.9            28.4270782470703,-25.9999179840088,1643            28.4270782470703,-25.9999008178711,1642.9            28.4270839691162,-25.999885559082,1643            28.4270877838135,-25.9998683929443,1642.9            28.4270935058594,-25.9998531341553,1643.1            28.4270992279053,-25.9998397827148,1643.1            28.4271087646484,-25.999828338623,1643            28.427116394043,-25.9998188018799,1642.9            28.4271221160889,-25.9998073577881,1642.8            28.427131652832,-25.9997959136963,1642.6            28.4271450042725,-25.9997863769531,1642.4            28.4271545410156,-25.99977684021,1642.2            28.4271640777588,-25.9997634887695,1641.8            28.4271697998047,-25.9997520446777,1642            28.4271812438965,-25.9997406005859,1641.9            28.4271907806396,-25.9997310638428,1642            28.4271965026855,-25.9997253417969,1641.9            28.4272041320801,-25.9997158050537,1642.1            28.4272155761719,-25.9997062683105,1642.2            28.4272212982178,-25.9996948242188,1642.1            28.4272308349609,-25.999683380127,1642.1            28.4272403717041,-25.9996719360352,1642            28.4272537231445,-25.9996604919434,1641.9            28.4272689819336,-25.9996490478516,1641.8            28.4272842407227,-25.9996376037598,1642            28.4273052215576,-25.9996242523193,1642.2            28.4273242950439,-25.9996128082275,1642.3            28.4273414611816,-25.9996032714844,1642.4            28.4273567199707,-25.9995956420898,1642.5            28.4273719787598,-25.999584197998,1642.7            28.4273891448975,-25.9995727539063,1642.7            28.4274024963379,-25.9995651245117,1642.8            28.4274139404297,-25.9995632171631,1642.7            28.4274234771729,-25.9995670318604,1642.6            28.4274291992188,-25.9995727539063,1642.5            28.4274349212646,-25.9995803833008,1642.4            28.4274387359619,-25.9995861053467,1642.2            28.4274444580078,-25.9995956420898,1642            28.4274559020996,-25.999605178833,1641.8            28.42746925354,-25.9996166229248,1641.7            28.4274845123291,-25.9996299743652,1641.8            28.4274997711182,-25.9996471405029,1641.7            28.4275169372559,-25.999662399292,1641.8            28.4275321960449,-25.9996662139893,1642            28.4275398254395,-25.9996757507324,1642.1            28.427547454834,-25.9996891021729,1642.5            28.4275531768799,-25.9997024536133,1642.7            28.4275646209717,-25.9997119903564,1642.8            28.4275741577148,-25.9997234344482,1643            28.427583694458,-25.9997329711914,1643.1            28.4275875091553,-25.9997425079346,1642.9            28.4275951385498,-25.9997482299805,1642.9            28.4276008605957,-25.999755859375,1643            28.4276103973389,-25.9997673034668,1643.1            28.4276161193848,-25.99977684021,1643.2            28.4276256561279,-25.9997882843018,1643.4            28.4276332855225,-25.9998035430908,1643.5            28.4276428222656,-25.9998207092285,1643.5            28.4276561737061,-25.9998359680176,1643.2            28.4276695251465,-25.9998569488525,1642.9            28.427677154541,-25.9998741149902,1642.7            28.4276828765869,-25.9998912811279,1642.3            28.4276885986328,-25.9999103546143,1642.2            28.4276943206787,-25.9999237060547,1642.3            28.4277038574219,-25.999942779541,1642.6            28.4277057647705,-25.9999504089355,1642.9            28.4277076721191,-25.9999599456787,1642.7            28.4277095794678,-25.9999713897705,1642.8            28.427713394165,-25.9999961853027,1643.1            28.4277153015137,-26.0000152587891,1643.2            28.4277191162109,-26.0000190734863,1643.3            28.4277305603027,-26.0000305175781,1643.5            28.427734375,-26.0000438690186,1643.6            28.4277439117432,-26.0000553131104,1643.8            28.4277515411377,-26.0000667572021,1643.5            28.4277591705322,-26.0000801086426,1643.5            28.4277687072754,-26.0000915527344,1643.6            28.4277801513672,-26.0001049041748,1643.4            28.4277896881104,-26.0001163482666,1643.4            28.4278011322021,-26.0001316070557,1643.7            28.4278144836426,-26.0001449584961,1643.7            28.427827835083,-26.0001564025879,1643.6            28.4278430938721,-26.0001697540283,1643.7            28.4278564453125,-26.0001792907715,1643.6            28.427864074707,-26.0001907348633,1643.2            28.4278755187988,-26.0002002716064,1642.9            28.427885055542,-26.0002098083496,1642.4            28.4278964996338,-26.0002193450928,1642.1            28.427906036377,-26.0002307891846,1641.8            28.4279174804688,-26.0002422332764,1641.4            28.4279289245606,-26.0002536773682,1641.6            28.4279403686523,-26.0002632141113,1641.7            28.4279518127441,-26.0002746582031,1641.6            28.4279651641846,-26.0002841949463,1641.5            28.4279823303223,-26.0002956390381,1641.6            28.42799949646,-26.0003070831299,1641.9            28.4280185699463,-26.0003223419189,1642.3            28.428035736084,-26.0003337860107,1642.6            28.4280490875244,-26.0003414154053,1642.6            28.4280662536621,-26.0003490447998,1642.6            28.4280853271484,-26.0003547668457,1642.8            28.4280986785889,-26.0003623962402,1643.1            28.4281158447266,-26.0003700256348,1643.5            28.428129196167,-26.0003757476807,1643.9            28.4281425476074,-26.0003852844238,1644.1            28.4281578063965,-26.0003967285156,1644.3            28.4281730651855,-26.0004062652588,1644.6            28.4281902313232,-26.0004100799561,1644.9            28.4282054901123,-26.0004177093506,1645            28.4282207489014,-26.0004291534424,1645            28.4282321929932,-26.0004405975342,1645.1            28.4282455444336,-26.0004463195801,1644.9            28.4282608032227,-26.0004539489746,1644.5            28.4282722473145,-26.0004615783691,1644.5            28.4282855987549,-26.0004692077637,1644.7            28.4283008575439,-26.0004825592041,1645            28.4283123016357,-26.0004920959473,1645.3            28.428337097168,-26.0005035400391,1645.5            28.428352355957,-26.0005226135254,1645.3            28.4283618927002,-26.0005321502686,1645.1            28.4283676147461,-26.0005435943604,1645            28.4283790588379,-26.0005588531494,1645.3            28.4283885955811,-26.0005702972412,1645.2            28.4283981323242,-26.0005798339844,1645.6            28.4284057617188,-26.0005931854248,1645.9            28.4284133911133,-26.0006084442139,1645.9            28.4284210205078,-26.0006217956543,1646            28.4284324645996,-26.0006351470947,1645.9            28.4284400939941,-26.0006523132324,1646            28.42844581604,-26.0006656646729,1646            28.4284515380859,-26.0006809234619,1645.8            28.4284591674805,-26.0006942749023,1645.5            28.4284629821777,-26.0007057189941,1645.1            28.4284687042236,-26.0007209777832,1644.9            28.4284725189209,-26.0007343292236,1644.8            28.4284839630127,-26.0007476806641,1645            28.4284973144531,-26.0007610321045,1645.2            28.4285068511963,-26.0007743835449,1645.3            28.4285125732422,-26.000789642334,1645.6            28.428524017334,-26.0008010864258,1645.4            28.4285297393799,-26.0008125305176,1645.4            28.4285354614258,-26.0008296966553,1645.5            28.4285430908203,-26.0008449554443,1645.6            28.4285507202148,-26.0008602142334,1646            28.4285564422607,-26.0008754730225,1646.2            28.4285621643066,-26.0008888244629,1646.5            28.4285697937012,-26.0009002685547,1646.7            28.428581237793,-26.0009155273438,1647            28.4285907745361,-26.0009269714355,1647.2            28.4286022186279,-26.000940322876,1647            28.4286098480225,-26.0009536743164,1646.9            28.4286212921143,-26.0009670257568,1646.8            28.4286308288574,-26.0009841918945,1646.8            28.4286346435547,-26.0009956359863,1647.1            28.4286460876465,-26.0010108947754,1647.4            28.4286575317383,-26.0010242462158,1647.4            28.4286708831787,-26.0010356903076,1647.2            28.4286842346191,-26.0010471343994,1647.4            28.4286975860596,-26.0010585784912,1647.6            28.4287090301514,-26.001070022583,1647.8            28.4287204742432,-26.0010833740234,1647.9            28.428731918335,-26.0010929107666,1648            28.4287433624268,-26.0011024475098,1648            28.4287548065186,-26.0011081695557,1647.9            28.428768157959,-26.0011196136475,1648            28.4287872314453,-26.0011291503906,1647.9            28.4288005828857,-26.0011386871338,1648.2            28.4288158416748,-26.0011501312256,1648.5            28.4288291931152,-26.0011596679688,1648.4            28.4288425445557,-26.0011692047119,1648.2            28.4288558959961,-26.0011787414551,1647.7            28.4288692474365,-26.0011920928955,1647.7            28.4288787841797,-26.0012035369873,1648            28.4288864135742,-26.0012168884277,1648.1            28.428897857666,-26.0012264251709,1648.2            28.4289112091064,-26.0012378692627,1648.1            28.4289283752441,-26.0012493133545,1648.1            28.4289398193359,-26.0012626647949,1648            28.4289493560791,-26.0012798309326,1647.6            28.4289588928223,-26.0012969970703,1647.5            28.4289703369141,-26.0013103485107,1647.5            28.4289798736572,-26.0013179779053,1647.1            28.428991317749,-26.0013275146484,1646.7            28.4290008544922,-26.0013408660889,1646.8            28.4290103912354,-26.0013523101807,1646.9            28.4290180206299,-26.0013618469238,1647            28.4290313720703,-26.0013732910156,1647            28.4290409088135,-26.0013866424561,1647.3            28.4290409088135,-26.0013961791992,1647.4            28.4290351867676,-26.0014095306396,1647.7            28.4290294647217,-26.0014228820801,1648            28.4290218353271,-26.0014324188232,1648.3            28.4290142059326,-26.0014419555664,1648.5            28.4290065765381,-26.0014495849609,1648.7            28.4289932250977,-26.0014591217041,1648.7            28.4289817810059,-26.0014724731445,1648.7            28.4289665222168,-26.001485824585,1648.7            28.4289512634277,-26.0014972686768,1648.8            28.4289360046387,-26.0015087127686,1648.6            28.4289207458496,-26.0015163421631,1648            28.4289073944092,-26.0015182495117,1647.5            28.4288959503174,-26.0015258789063,1647.4            28.4288883209229,-26.0015277862549,1647.1            28.4288787841797,-26.001537322998,1647.1            28.4288692474365,-26.0015468597412,1647            28.4288635253906,-26.001558303833,1647            28.4288578033447,-26.0015716552734,1647            28.4288501739502,-26.0015850067139,1646.7            28.4288444519043,-26.0015964508057,1646.4            28.4288387298584,-26.0016059875488,1646.2            28.4288311004639,-26.001615524292,1646.2            28.4288291931152,-26.0016269683838,1646.5            28.4288234710693,-26.0016345977783,1646.3            28.4288158416748,-26.0016422271729,1646            28.4288024902344,-26.0016536712646,1645.8            28.4287872314453,-26.0016670227051,1645.8            28.4287738800049,-26.0016822814941,1645.9            28.4287586212158,-26.00168800354,1645.9            28.4287490844727,-26.0016975402832,1645.9            28.4287414550781,-26.0017032623291,1645.9            28.4287357330322,-26.0017108917236,1645.7            28.4287300109863,-26.0017166137695,1645.5            28.4287261962891,-26.0017242431641,1645.4            28.4287185668945,-26.0017337799072,1645.3            28.4287071228027,-26.0017395019531,1645.3            28.4286975860596,-26.0017471313477,1645.1            28.4286861419678,-26.0017566680908,1645            28.4286708831787,-26.0017681121826,1644.7            28.428653717041,-26.0017776489258,1644.5            28.4286403656006,-26.0017929077148,1644.2            28.4286231994629,-26.001802444458,1643.8            28.4286060333252,-26.0018157958984,1643.5            28.428596496582,-26.0018253326416,1643.3            28.4285850524902,-26.001838684082,1643.1            28.428581237793,-26.0018482208252,1643.4            28.428581237793,-26.001859664917,1643.6            28.4285831451416,-26.0018692016602,1644.2            28.4285888671875,-26.001880645752,1644.8            28.4285907745361,-26.0018920898438,1645            28.4286003112793,-26.0019016265869,1645            28.4286060333252,-26.0019130706787,1644.7            28.4286060333252,-26.0019283294678,1644.8            28.4286003112793,-26.0019416809082,1644.9            28.4285945892334,-26.0019569396973,1644.8            28.4285888671875,-26.001974105835,1644.8            28.4285831451416,-26.001989364624,1644.6            28.4285774230957,-26.0020141601563,1644.7            28.4285755157471,-26.0020332336426,1644.7            28.4285793304443,-26.0020446777344,1644.3            28.4285793304443,-26.0020542144775,1644            28.4285793304443,-26.0020599365234,1643.9            28.4285755157471,-26.002067565918,1644.2            28.4285678863525,-26.0020732879639,1644.5            28.4285621643066,-26.0020809173584,1644.7            28.4285583496094,-26.0020885467529,1644.8            28.4285564422607,-26.0020999908447,1644.7            28.4285507202148,-26.0021133422852,1644.9            28.4285411834717,-26.0021305084229,1644.9            28.4285316467285,-26.0021438598633,1644.9            28.4285221099854,-26.0021591186523,1644.8            28.4285163879395,-26.00217628479,1644.7            28.4285125732422,-26.0021896362305,1644.6            28.4285125732422,-26.0022010803223,1644.8            28.4285163879395,-26.0022125244141,1644.8            28.4285182952881,-26.0022220611572,1644.9            28.4285182952881,-26.002233505249,1644.8            28.4285221099854,-26.0022430419922,1644.7            28.4285221099854,-26.0022583007813,1644.8            28.4285202026367,-26.0022735595703,1644.6            28.4285144805908,-26.002290725708,1644.5            28.4285087585449,-26.0023078918457,1644.5            28.4284973144531,-26.0023212432861,1644.3            28.4284915924072,-26.0023326873779,1644.2            28.4284896850586,-26.0023441314697,1644.1            28.42848777771,-26.0023517608643,1644.1            28.4284858703613,-26.0023593902588,1644.1            28.4284801483154,-26.0023708343506,1643.8            28.4284725189209,-26.002384185791,1643.8            28.4284610748291,-26.0024013519287,1644            28.42844581604,-26.0024185180664,1643.9            28.4284381866455,-26.0024356842041,1643.7            28.4284324645996,-26.0024509429932,1643.6            28.4284229278564,-26.002462387085,1643.5            28.4284114837646,-26.0024642944336,1643.2            28.4284000396729,-26.002462387085,1642.9            28.4283924102783,-26.002462387085,1642.7            28.4283809661865,-26.0024604797363,1642.6            28.4283714294434,-26.0024585723877,1642.5            28.4283599853516,-26.0024528503418,1642.4            28.4283447265625,-26.0024490356445,1642.2            28.4283275604248,-26.0024452209473,1642.3            28.4283084869385,-26.0024433135986,1642.3            28.4282875061035,-26.0024394989014,1642.1            28.4282684326172,-26.0024375915527,1642.4            28.4282474517822,-26.0024337768555,1642.7            28.4282321929932,-26.0024337768555,1642.7            28.4282188415527,-26.0024318695068,1642.5            28.4282073974609,-26.0024299621582,1642.1            28.4281997680664,-26.0024242401123,1642.2            28.4281921386719,-26.0024242401123,1642.3            28.4281826019287,-26.0024223327637,1642.3            28.428165435791,-26.0024223327637,1642.3            28.4281482696533,-26.0024185180664,1642.7            28.4281253814697,-26.0024127960205,1643            28.4281024932861,-26.0024070739746,1643            28.4280834197998,-26.0023975372314,1642.9            28.4280643463135,-26.0023899078369,1642.7            28.4280414581299,-26.0023860931396,1642.6            28.4280204772949,-26.0023784637451,1642.6            28.428014755249,-26.0023765563965,1642.1            28.4280109405518,-26.0023765563965,1641.8            28.4280033111572,-26.0023784637451,1641.4            28.4279937744141,-26.002384185791,1641.5            28.4279804229736,-26.002384185791,1641.4            28.4279651641846,-26.0023822784424,1641.6            28.4279518127441,-26.0023822784424,1641.6            28.4279346466064,-26.0023784637451,1641.6            28.4278964996338,-26.002368927002,1641.9            28.4278812408447,-26.0023593902588,1642.1            28.4278678894043,-26.0023498535156,1642.3            28.4278545379639,-26.0023422241211,1642.4            28.4278430938721,-26.0023326873779,1642.3            28.4278259277344,-26.002326965332,1642.4            28.4278163909912,-26.0023174285889,1642.9            28.4278106689453,-26.0023155212402,1643.2            28.4278087615967,-26.0023174285889,1643.5            28.4278106689453,-26.0023174285889,1643.6            28.4278049468994,-26.0023155212402,1643.2            28.4277954101562,-26.0023097991943,1643.2            28.4277801513672,-26.0023021697998,1642.8            28.4277667999268,-26.0022926330566,1642.5            28.4277515411377,-26.0022869110107,1642.6            28.4277381896973,-26.0022792816162,1642.6            28.4277267456055,-26.002269744873,1642.6            28.427713394165,-26.0022659301758,1642.6            28.4277038574219,-26.0022583007813,1642.7            28.4276924133301,-26.0022525787354,1642.9            28.4276809692383,-26.0022449493408,1642.8            28.4276714324951,-26.0022392272949,1642.7            28.427661895752,-26.0022354125977,1642.6            28.4276542663574,-26.0022315979004,1642.5            28.4276447296143,-26.0022277832031,1642.9            28.4276275634766,-26.0022220611572,1643.1            28.4276142120361,-26.0022144317627,1643.1            28.4276027679443,-26.0022048950195,1643.1            28.4275932312012,-26.0021953582764,1643            28.427583694458,-26.0021858215332,1642.7            28.4275703430176,-26.0021800994873,1642.6            28.4275588989258,-26.0021724700928,1642.7            28.427547454834,-26.0021648406982,1642.9            28.4275341033936,-26.0021553039551,1643.1            28.4275207519531,-26.0021457672119,1643.1            28.42751121521,-26.0021324157715,1642.8            28.4275035858154,-26.0021209716797,1642.7            28.4274940490723,-26.0021095275879,1642.6            28.4274883270264,-26.0020942687988,1642.5            28.4274826049805,-26.0020809173584,1642.6            28.4274806976318,-26.002067565918,1642.6            28.4274749755859,-26.0020542144775,1642.9            28.42746925354,-26.0020408630371,1643.1            28.4274673461914,-26.0020294189453,1643.1            28.4274616241455,-26.0020179748535,1643.3            28.427453994751,-26.0020084381104,1643.5            28.4274482727051,-26.0019989013672,1643.6            28.4274425506592,-26.0019950866699,1643.2            28.4274349212646,-26.0019874572754,1642.8            28.4274291992188,-26.0019836425781,1642.8            28.4274291992188,-26.0019760131836,1642.5            28.4274272918701,-26.0019760131836,1642.3            28.4274253845215,-26.0019760131836,1642            28.4274234771729,-26.0019760131836,1642            28.4274215698242,-26.0019760131836,1642.1            28.4274215698242,-26.001974105835,1642.2            28.4274196624756,-26.001974105835,1642            28.427417755127,-26.001974105835,1642            28.4273586273193,-26.0019359588623,1640.6            28.4273567199707,-26.0019340515137,1640.7            28.4273548126221,-26.0019340515137,1641.1            28.4273529052734,-26.001932144165,1641.3            28.4273509979248,-26.001932144165,1641.6            28.4273490905762,-26.0019302368164,1641.8            28.4273490905762,-26.0019283294678,1641.9            28.4274368286133,-26.0018615722656,1643.8            28.4274387359619,-26.0018482208252,1643.9            28.4274406433105,-26.0018310546875,1643.9            28.4274425506592,-26.0018177032471,1643.6            28.4274444580078,-26.0018062591553,1643.7            28.4274482727051,-26.0017929077148,1643.6            28.4274482727051,-26.0017833709717,1643.5            28.4274444580078,-26.0017738342285,1643.5            28.4274425506592,-26.0017623901367,1643.5            28.4274406433105,-26.0017490386963,1643.4            28.4274349212646,-26.0017375946045,1643.7            28.4274349212646,-26.0017242431641,1643.8            28.4274368286133,-26.0017108917236,1643.7            28.4274368286133,-26.0016994476318,1644            28.4274463653564,-26.00168800354,1644.2            28.4274578094482,-26.0016784667969,1644.5            28.4274673461914,-26.0016689300537,1644.3            28.4274768829346,-26.0016593933105,1644.2            28.4274845123291,-26.0016498565674,1644.1            28.4274940490723,-26.0016384124756,1644.3            28.4275074005127,-26.0016288757324,1644.5            28.4275245666504,-26.0016174316406,1644.5            28.4275398254395,-26.0016098022461,1644.8            28.4275550842285,-26.0016040802002,1644.6            28.4275665283203,-26.0015983581543,1644.5            28.4275779724121,-26.0015907287598,1644.4            28.4275932312012,-26.0015869140625,1644.2            28.4276123046875,-26.0015830993652,1644.2            28.4276237487793,-26.0015754699707,1644.3            28.4276332855225,-26.0015697479248,1644.2            28.4276447296143,-26.0015659332275,1643.9            28.4276542663574,-26.0015544891357,1643.5            28.4276676177979,-26.0015487670898,1643.1            28.4276809692383,-26.0015449523926,1643            28.4276962280273,-26.0015392303467,1643            28.4277172088623,-26.0015163421631,1643.4            28.4277267456055,-26.0015106201172,1643.4            28.4277362823486,-26.001501083374,1643.1            28.4277515411377,-26.0014915466309,1643            28.4277648925781,-26.0014820098877,1642.7            28.4277801513672,-26.0014743804932,1642.5            28.4277954101562,-26.0014686584473,1642.2            28.4278106689453,-26.0014591217041,1642            28.4278240203857,-26.0014533996582,1642            28.4278392791748,-26.0014457702637,1641.8            28.4278564453125,-26.0014381408691,1641.8            28.4278736114502,-26.0014324188232,1641.9            28.4278888702393,-26.001428604126,1642            28.4279041290283,-26.0014190673828,1642.3            28.4279155731201,-26.0014095306396,1642.9            28.4279232025146,-26.0013999938965,1643.5            28.4279346466064,-26.0013904571533,1643.8            28.4279499053955,-26.0013809204102,1644.1            28.4279613494873,-26.0013694763184,1644.2            28.4279727935791,-26.0013599395752,1643.9            28.4279823303223,-26.0013523101807,1643.8            28.4279937744141,-26.0013465881348,1644.1            28.4280052185059,-26.0013408660889,1644.4            28.4280185699463,-26.0013332366943,1644.7            28.428035736084,-26.0013236999512,1644.9            28.4280490875244,-26.0013179779053,1644.7            28.4280586242676,-26.0013103485107,1644.7            28.4280643463135,-26.0013008117676,1644.7            28.4280700683594,-26.0012874603271,1644.4            28.4280776977539,-26.0012741088867,1644.4            28.4280891418457,-26.0012645721436,1644            28.4280986785889,-26.0012512207031,1643.9            28.428108215332,-26.0012397766113,1643.9            28.4281158447266,-26.0012283325195,1643.6            28.4281234741211,-26.0012130737305,1643.8            28.428129196167,-26.00119972229,1643.7            28.4281349182129,-26.001184463501,1643.8            28.4281425476074,-26.0011692047119,1643.6            28.4281444549561,-26.0011558532715,1643.6            28.4281463623047,-26.0011405944824,1643.8            28.4281425476074,-26.0011253356934,1643.5            28.4281406402588,-26.0011100769043,1643.8            28.4281349182129,-26.0010986328125,1644            28.4281272888184,-26.0010852813721,1644.2            28.4281215667725,-26.0010719299316,1644.2            28.4281158447266,-26.0010566711426,1644.1            28.4281120300293,-26.0010395050049,1644.1            28.4281063079834,-26.0010242462158,1643.7            28.4280986785889,-26.0010089874268,1643.4            28.428092956543,-26.0009918212891,1643.5            28.4280891418457,-26.0009746551514,1643.2            28.4280815124512,-26.0009613037109,1643.1            28.4280738830566,-26.0009460449219,1643.3            28.4280643463135,-26.0009346008301,1643.3            28.4280395507812,-26.0009155273438,1643            28.4280281066895,-26.000904083252,1643.2            28.428014755249,-26.0008945465088,1643.4            28.4280052185059,-26.0008850097656,1643.7            28.4279937744141,-26.0008754730225,1643.6            28.4279842376709,-26.0008659362793,1643.5            28.4279747009277,-26.0008563995361,1643.5            28.4279670715332,-26.000846862793,1643.4            28.42795753479,-26.0008392333984,1643.3            28.4279460906982,-26.0008296966553,1643.3            28.4279365539551,-26.0008220672607,1643.4            28.4279251098633,-26.0008125305176,1643.5            28.4279117584229,-26.0008029937744,1643.7            28.4279022216797,-26.000789642334,1643.8            28.4278907775879,-26.0007839202881,1643.7            28.4278774261475,-26.0007801055908,1643.4            28.427864074707,-26.0007762908936,1643.2            28.4278469085693,-26.0007781982422,1642.9            28.427827835083,-26.0007820129395,1642.5            28.4278125762939,-26.0007858276367,1642.5            28.4277973175049,-26.0007877349854,1642.4            28.4277820587158,-26.0007915496826,1642.4            28.4277667999268,-26.0007953643799,1642.3            28.4277534484863,-26.0007991790771,1642.5            28.4277362823486,-26.0008068084717,1642.5            28.4277191162109,-26.0008125305176,1642.4            28.4277057647705,-26.0008163452148,1642.3            28.4276905059814,-26.0008201599121,1642.3            28.4276733398438,-26.0008220672607,1642.2            28.4276561737061,-26.0008220672607,1642.1            28.427640914917,-26.0008239746094,1641.8            28.4276275634766,-26.000825881958,1641.6            28.4276142120361,-26.0008296966553,1641.4            28.4275989532471,-26.0008373260498,1641.4            28.427583694458,-26.0008449554443,1641.5            28.4275722503662,-26.0008525848389,1641.6            28.4275608062744,-26.0008583068848,1641.7            28.4275455474854,-26.0008659362793,1641.8            28.4275341033936,-26.0008716583252,1641.7            28.4275207519531,-26.0008773803711,1641.5            28.4275054931641,-26.0008869171143,1641.8            28.4274921417236,-26.0008945465088,1642            28.4274749755859,-26.000904083252,1642            28.4274559020996,-26.0009174346924,1641.9            28.4274444580078,-26.0009288787842,1641.7            28.4274291992188,-26.0009384155273,1641.5            28.4274158477783,-26.0009441375732,1641.7            28.4274005889893,-26.0009536743164,1642            28.4273872375488,-26.0009613037109,1642.2            28.4273738861084,-26.0009670257568,1642.2            28.4273624420166,-26.0009727478027,1641.9            28.4273490905762,-26.0009765625,1641.7            28.4273376464844,-26.0009841918945,1641.3            28.4273242950439,-26.0009918212891,1641.2            28.4273109436035,-26.0010070800781,1641.3            28.4272937774658,-26.0010223388672,1641.2            28.4272708892822,-26.0010395050049,1641            28.4272518157959,-26.0010623931885,1640.8            28.4272289276123,-26.0010833740234,1640.4            28.4272060394287,-26.0011043548584,1640.2            28.4271869659424,-26.0011215209961,1640            28.4271678924561,-26.0011425018311,1639.6            28.4271469116211,-26.0011672973633,1639.6            28.4271297454834,-26.001184463501,1638.8            28.4271125793457,-26.0012092590332,1637.9            28.4270973205566,-26.0012340545654,1637.4            28.4270839691162,-26.0012607574463,1637.1            28.4270687103271,-26.0012874603271,1636.8            28.4270496368408,-26.001314163208,1637.4            28.4270324707031,-26.001335144043,1637            28.4270076751709,-26.0013561248779,1636.6            28.4269771575928,-26.0013809204102,1636.9            28.4269485473633,-26.0013999938965,1636.9            28.4269199371338,-26.0014057159424,1636.9            28.4268894195557,-26.0014057159424,1636.6            28.4268550872803,-26.0013961791992,1636.5            28.4268283843994,-26.0013866424561,1637            28.4267959594727,-26.001371383667,1637.2            28.4267635345459,-26.0013484954834,1636.8            28.4267406463623,-26.0013256072998,1637.6            28.4267177581787,-26.0013084411621,1637.2            28.4266967773438,-26.0012950897217,1636.6            28.4266757965088,-26.0012741088867,1636.7            28.4266510009766,-26.0012607574463,1637.1            28.4266242980957,-26.00124168396,1637.4            28.4266052246094,-26.0012245178223,1637.5            28.4265804290771,-26.0012073516846,1636.9            28.426549911499,-26.0011940002441,1637.2            28.4265251159668,-26.0011787414551,1637.4            28.42649269104,-26.0011577606201,1636.7            28.4264621734619,-26.0011444091797,1636.7            28.4264297485352,-26.0011386871338,1636.5            28.426399230957,-26.0011348724365,1636.3            28.4263591766357,-26.0011444091797,1635.6            28.4263229370117,-26.0011577606201,1635            28.4262924194336,-26.0011749267578,1634.9            28.4262638092041,-26.0011959075928,1634.6            28.4262390136719,-26.0012187957764,1634.1            28.4262104034424,-26.00124168396,1633.8            28.4261875152588,-26.0012683868408,1633.4            28.4261741638184,-26.0012912750244,1632.8            28.4261608123779,-26.0013179779053,1632.4            28.426155090332,-26.0013408660889,1631.8            28.4261531829834,-26.0013694763184,1631.3            28.4261512756348,-26.0014038085938,1630.7            28.426155090332,-26.0014362335205,1630.4            28.4261569976807,-26.0014724731445,1630            28.4261627197266,-26.001501083374,1630            28.426176071167,-26.0015258789063,1630            28.426197052002,-26.0015525817871,1630.4            28.4262199401855,-26.001579284668,1630.8            28.4262447357178,-26.0016021728516,1631.2            28.42626953125,-26.0016231536865,1632.3            28.4262924194336,-26.0016441345215,1632.7            28.4263134002686,-26.0016632080078,1633.3            28.4263324737549,-26.0016956329346,1633.8            28.4263725280762,-26.0017509460449,1636            28.4263877868652,-26.0017776489258,1637.5            28.426399230957,-26.001802444458,1638.8            28.4263954162598,-26.0018272399902,1638.9            28.4264011383057,-26.0018672943115,1640            28.4264049530029,-26.0018920898438,1640.5            28.4264144897461,-26.0019187927246,1640.1            28.4264221191406,-26.0019416809082,1639.6            28.4264163970947,-26.0019626617432,1638.8            28.4264049530029,-26.0019874572754,1638.4            28.4263858795166,-26.0020065307617,1637.4            28.4263572692871,-26.0020275115967,1636.3            28.4263210296631,-26.0020484924316,1635.3            28.4262943267822,-26.002067565918,1635            28.4262657165527,-26.0020847320557,1634.6            28.4262351989746,-26.002103805542,1634            28.4262046813965,-26.0021133422852,1633.5            28.4261779785156,-26.0021228790283,1632.9            28.4261531829834,-26.0021381378174,1632.5            28.4261245727539,-26.0021514892578,1632            28.4260921478271,-26.0021591186523,1632.7            28.4260597229004,-26.0021724700928,1632.3            28.4260330200195,-26.0021858215332,1632.2            28.42600440979,-26.002197265625,1632            28.4259757995605,-26.0022125244141,1631.5            28.4259490966797,-26.0022296905518,1631.4            28.4259185791016,-26.0022449493408,1631.3            28.4258842468262,-26.0022583007813,1631.1            28.4258499145508,-26.0022716522217,1631.3            28.4258213043213,-26.0022830963135,1631.1            28.4257907867432,-26.0023002624512,1630.9            28.4257583618164,-26.0023155212402,1630.4            28.4257259368896,-26.0023288726807,1629.8            28.4256992340088,-26.0023460388184,1630.2            28.4256439208984,-26.0023765563965,1629.9            28.4256153106689,-26.0023918151855,1629.8            28.4255886077881,-26.0024070739746,1629.9            28.4255542755127,-26.002420425415,1629.9            28.4255237579346,-26.0024337768555,1629.9            28.4254894256592,-26.0024509429932,1629.9            28.4254302978516,-26.0024757385254,1630            28.4253997802734,-26.0024871826172,1629.9            28.4253692626953,-26.0025005340576,1630.9            28.4253025054932,-26.0025367736816,1630.3            28.4252758026123,-26.0025501251221,1630.2            28.4252433776855,-26.0025596618652,1630            28.4252147674561,-26.0025691986084,1629.8            28.4251518249512,-26.0025882720947,1629.3            28.4251213073731,-26.002592086792,1630.1            28.4250907897949,-26.0025997161865,1629.5            28.4250640869141,-26.0026092529297,1629.2            28.4250373840332,-26.0026149749756,1629.5            28.4250068664551,-26.0026264190674,1630.2            28.4249744415283,-26.0026359558105,1630.2            28.4249401092529,-26.0026473999023,1630            28.4249076843262,-26.0026607513428,1630.4            28.4248752593994,-26.0026741027832,1630.7            28.4248123168945,-26.0026969909668,1629.9            28.4247817993164,-26.0027046203613,1630.2            28.424747467041,-26.0027141571045,1630.5            28.4247207641602,-26.0027256011963,1631.1            28.4246883392334,-26.0027351379395,1631            28.4246578216553,-26.0027465820313,1631.1            28.4246273040771,-26.0027523040771,1631.2            28.4245929718018,-26.0027561187744,1631.3            28.4245624542236,-26.0027561187744,1631.1            28.4245338439941,-26.0027542114258,1631            28.4244976043701,-26.0027542114258,1631            28.4244651794434,-26.0027523040771,1631            28.4244327545166,-26.002758026123,1630.9            28.4244041442871,-26.0027732849121,1630.8            28.4243774414062,-26.0027847290039,1631.1            28.424352645874,-26.0028018951416,1630.9            28.4243354797363,-26.0028209686279,1630.7            28.4243183135986,-26.0028457641602,1630.4            28.4242935180664,-26.0028629302979,1630.3            28.4242725372314,-26.0028915405273,1630.5            28.4242515563965,-26.0029125213623,1630.6            28.4242286682129,-26.0029335021973,1630.6            28.4242000579834,-26.0029487609863,1630.6            28.4241714477539,-26.0029602050781,1630.8            28.4241409301758,-26.002965927124,1630.9            28.424108505249,-26.002965927124,1630.5            28.4240760803223,-26.0029582977295,1630.2            28.4240226745605,-26.0029239654541,1629.8            28.4240016937256,-26.0028972625732,1629.9            28.4239807128906,-26.0028686523438,1630.3            28.4239635467529,-26.0028457641602,1629.8            28.4239406585693,-26.0028190612793,1630.1            28.4239158630371,-26.0027942657471,1630.6            28.4238967895508,-26.0027770996094,1629.7            28.4238758087158,-26.0027523040771,1629.2            28.4238452911377,-26.0027332305908,1628.7            28.4238224029541,-26.0027141571045,1627.8            28.4237995147705,-26.0026931762695,1627            28.4237842559814,-26.0026702880859,1626.3            28.423770904541,-26.0026416778564,1627.3            28.4237518310547,-26.0026149749756,1627            28.4237232208252,-26.0025882720947,1626.3            28.4236965179443,-26.0025653839111,1626.2            28.423677444458,-26.0025424957275,1626.7            28.423656463623,-26.0025157928467,1626.5            28.4236373901367,-26.0024929046631,1626.2            28.4236240386963,-26.0024700164795,1626.4            28.4236106872559,-26.0024471282959,1626.5            28.4236011505127,-26.002420425415,1626.2            28.4235935211182,-26.0023937225342,1626.3            28.4235916137695,-26.002368927002,1627.8            28.423583984375,-26.0023441314697,1627.4            28.4235782623291,-26.0023174285889,1627.6            28.4235801696777,-26.0022888183594,1628.4            28.4235782623291,-26.0022659301758,1628.1            28.4235858917236,-26.0022449493408,1628.1            28.4235992431641,-26.0022163391113,1628.7            28.4236183166504,-26.002197265625,1629.1            28.4236488342285,-26.0021724700928,1629.7            28.4236698150635,-26.0021495819092,1630.6            28.4236907958984,-26.0021305084229,1630.8            28.4237155914307,-26.0021095275879,1631            28.4237365722656,-26.0020923614502,1630.7            28.4237594604492,-26.0020771026611,1630.7            28.4237842559814,-26.0020656585693,1631.1            28.4237957000732,-26.0020542144775,1631.2            28.4238224029541,-26.0020389556885,1631.9            28.4238414764404,-26.0020179748535,1632.2            28.423864364624,-26.0020027160645,1632.3            28.4238891601563,-26.0019836425781,1632.2            28.4239120483398,-26.0019626617432,1632.5            28.4239349365234,-26.0019454956055,1632.1            28.4239559173584,-26.0019226074219,1632.1            28.4239654541016,-26.0018997192383,1632            28.423978805542,-26.0018730163574,1631.5            28.4239864349365,-26.0018520355225,1631.3            28.4239940643311,-26.0018291473389,1631.4            28.4240055084229,-26.0018081665039,1631.6            28.4240188598633,-26.0017871856689,1631.9            28.4240283966064,-26.0017604827881,1632.5            28.4240417480469,-26.0017356872559,1633.3            28.4240474700928,-26.0017147064209,1633.5            28.4240474700928,-26.0016937255859,1633.7            28.4240455627441,-26.0016651153564,1633.6            28.4240379333496,-26.001636505127,1633.5            28.4240264892578,-26.0016117095947,1633.8            28.4240245819092,-26.0015888214111,1633.4            28.4240169525146,-26.0015621185303,1632.9            28.4240131378174,-26.0015335083008,1632.3            28.4240188598633,-26.0015125274658,1632            28.4240303039551,-26.0014915466309,1632.1            28.4240398406982,-26.0014724731445,1632.1            28.4240608215332,-26.0014514923096,1632            28.4240875244141,-26.0014343261719,1632.3            28.424108505249,-26.0014209747314,1632.3            28.4241313934326,-26.0014133453369,1632.2            28.4241580963135,-26.0014038085938,1631.9            28.424186706543,-26.0013942718506,1631.9            28.4242115020752,-26.0013885498047,1631.9            28.4242401123047,-26.0013828277588,1631.6            28.4242877960205,-26.0013637542725,1632.3            28.42431640625,-26.0013675689697,1632.5            28.4243431091309,-26.0013599395752,1633.4            28.4243659973145,-26.0013542175293,1634.1            28.4244155883789,-26.0013408660889,1633.2            28.4244384765625,-26.0013313293457,1632.7            28.4244632720947,-26.0013313293457,1632.4            28.4244937896729,-26.0013275146484,1632.5            28.4245147705078,-26.0013198852539,1631.9            28.4245357513428,-26.001314163208,1632.3            28.4245567321777,-26.0013084411621,1632.4            28.4245777130127,-26.0012969970703,1632.6            28.424596786499,-26.0012836456299,1632.3            28.4246120452881,-26.0012722015381,1632.8            28.4246292114258,-26.0012588500977,1632.6            28.4246482849121,-26.0012435913086,1632.4            28.4246692657471,-26.0012226104736,1632            28.4246883392334,-26.0012035369873,1631.9            28.4247074127197,-26.001184463501,1631.9            28.4247131347656,-26.0011577606201,1632.1            28.4247283935547,-26.0011367797852,1631.9            28.4247493743896,-26.0011196136475,1631.9            28.4247627258301,-26.0011005401611,1632.1            28.4247817993164,-26.0010852813721,1632.1            28.4248065948486,-26.0010681152344,1631.6            28.424825668335,-26.0010509490967,1631.8            28.424840927124,-26.0010375976563,1632            28.4248600006104,-26.0010280609131,1631.7            28.4248790740967,-26.0010242462158,1631.9            28.4248962402344,-26.0010166168213,1631.9            28.4249114990234,-26.0010089874268,1632.2            28.4249248504639,-26.0010032653809,1632.3            28.4249401092529,-26.0010032653809,1632.4            28.4249534606934,-26.0009994506836,1632.1            28.4249629974365,-26.000997543335,1632.4            28.4249725341797,-26.0009956359863,1632.5            28.4249801635742,-26.0009937286377,1632.5            28.4249877929688,-26.0009918212891,1632.7            28.4249992370605,-26.0009880065918,1632.5            28.425012588501,-26.0009841918945,1632.1            28.4250297546387,-26.0009803771973,1631.8            28.425048828125,-26.0009746551514,1631.7            28.4250717163086,-26.0009708404541,1631.6            28.4250965118408,-26.0009613037109,1632            28.4251213073731,-26.0009460449219,1632.4            28.4251441955566,-26.0009365081787,1632.4            28.4251842498779,-26.0009212493896,1633.4            28.4251976013184,-26.0009098052979,1634            28.4252109527588,-26.0008983612061,1634.6            28.4252223968506,-26.0008888244629,1635            28.4252376556396,-26.0008773803711,1635.9            28.4252510070801,-26.0008659362793,1636.2            28.4252738952637,-26.0008525848389,1636.3            28.4252910614014,-26.0008411407471,1636.2            28.4253101348877,-26.0008296966553,1636            28.4253196716309,-26.0008163452148,1635.5            28.4253158569336,-26.0008068084717,1634.2            28.4253215789795,-26.0007915496826,1633.8            28.4253349304199,-26.0007724761963,1633.8            28.4253425598145,-26.00075340271,1633.4            28.425350189209,-26.000732421875,1633.3            28.4253578186035,-26.0007171630859,1633            28.425365447998,-26.0007019042969,1633.2            28.4253692626953,-26.0006904602051,1633.1            28.4253692626953,-26.0006828308105,1633.9            28.4253711700439,-26.0006809234619,1634.2            28.4253787994385,-26.0006732940674,1634.6            28.4253883361816,-26.0006637573242,1635.2            28.4254055023193,-26.0006561279297,1635.4            28.4254188537598,-26.0006446838379,1635.8            28.4254302978516,-26.0006313323975,1636.2            28.425443649292,-26.0006237030029,1635.5            28.4254589080811,-26.0006141662598,1635.6            28.4254741668701,-26.0006008148193,1635.7            28.4254856109619,-26.0005912780762,1635.9            28.4254951477051,-26.0005798339844,1635.8            28.4255104064941,-26.0005664825439,1635.7            28.4255237579346,-26.0005569458008,1635.5            28.4255352020264,-26.0005493164063,1635.5            28.4255466461182,-26.0005397796631,1635.2            28.4255561828613,-26.0005340576172,1634.6            28.4255657196045,-26.000524520874,1634.3            28.425573348999,-26.0005207061768,1634            28.4255809783936,-26.0005130767822,1634.2            28.4255924224854,-26.000509262085,1634.1            28.4256019592285,-26.0005035400391,1633.8            28.4256134033203,-26.0004959106445,1633.6            28.4256229400635,-26.0004863739014,1633.4            28.4256362915039,-26.0004768371582,1633.5            28.4256496429443,-26.0004692077637,1633.5            28.4256610870361,-26.0004577636719,1633.4            28.4256782531738,-26.000452041626,1633.6            28.4256992340088,-26.0004425048828,1633.7            28.4257125854492,-26.000431060791,1633.9            28.4257354736328,-26.0004196166992,1634            28.4257507324219,-26.0004100799561,1634.3            28.4257621765137,-26.0004005432129,1634.5            28.4257774353027,-26.000394821167,1634.8            28.4257926940918,-26.0003871917725,1635.2            28.4258098602295,-26.0003757476807,1635.4            28.4258289337158,-26.0003643035889,1635.6            28.4258441925049,-26.0003528594971,1635.9            28.4258575439453,-26.0003433227539,1636.2            28.4258728027344,-26.000337600708,1636.6            28.4258880615234,-26.0003299713135,1636.8            28.4259014129639,-26.0003204345703,1637.1            28.4259166717529,-26.0003108978271,1637.3            28.425931930542,-26.000301361084,1637.7            28.4259490966797,-26.0002937316895,1638.3            28.4259624481201,-26.0002822875977,1638.3            28.4259777069092,-26.0002727508545,1638.4            28.4259929656982,-26.0002689361572,1638.5            28.4260063171387,-26.0002613067627,1638.7            28.4260177612305,-26.0002536773682,1639            28.4260330200195,-26.000244140625,1639.3            28.4260482788086,-26.0002346038818,1639.7            28.426061630249,-26.0002212524414,1640.1            28.4260845184326,-26.000207901001,1640.2            28.4261054992676,-26.0001983642578,1640.5            28.4261264801025,-26.000186920166,1641            28.4261417388916,-26.0001773834229,1641.2            28.4261569976807,-26.0001659393311,1641.7            28.4261684417725,-26.0001544952393,1641.9            28.4261817932129,-26.0001392364502,1642.9            28.4261894226074,-26.0001258850098,1643.2            28.4262027740479,-26.0001125335693,1643.4            28.4262142181396,-26.0000991821289,1643.5            28.4262275695801,-26.0000858306885,1643.4            28.4262428283691,-26.000072479248,1643.7            28.4262542724609,-26.0000591278076,1643.6            28.4262676239014,-26.0000495910645,1643.6            28.4262809753418,-26.0000419616699,1643.2            28.4262790679932,-26.0000381469727,1640.9            28.4263000488281,-26.0000286102295,1641            28.4263191223145,-26.0000247955322,1641.1            28.4263191223145,-26.000020980835,1640.4            28.4263362884521,-26.0000190734863,1640.3            28.4263515472412,-26.0000133514404,1640.4            28.4263763427734,-26.0000114440918,1640.6            28.4263858795166,-26.0000057220459,1640.4            28.4264125823975,-26.0000019073486,1640.9            28.426420211792,-25.9999980926514,1640.6            28.4264297485352,-26.0000038146973,1640.8            28.4264545440674,-26,1642            28.4264698028564,-25.9999942779541,1641.9            28.4264850616455,-25.9999809265137,1640.9            28.4264945983887,-25.9999694824219,1640.2            28.4265041351318,-25.9999561309814,1640.1            28.426513671875,-25.9999446868896,1639.5            28.4265308380127,-25.9999217987061,1639.5            28.4265365600586,-25.9999103546143,1639.5            28.4265480041504,-25.9998970031738,1639.2            28.4265632629395,-25.9998836517334,1638.9            28.4265785217285,-25.9998722076416,1639.3            28.4265899658203,-25.9998626708984,1639.4            28.4266014099121,-25.9998512268066,1639.5            28.4266128540039,-25.9998397827148,1639.4            28.4266262054443,-25.999828338623,1640.1            28.4266395568848,-25.9998226165771,1640            28.4266586303711,-25.9998149871826,1640.1            28.4266757965088,-25.9998111724854,1640            28.4266891479492,-25.9998054504395,1639.9            28.4267063140869,-25.9997997283936,1639.8            28.426721572876,-25.9997940063477,1639.8            28.426736831665,-25.9997863769531,1639.6            28.4267539978027,-25.9997844696045,1639.4            28.4267692565918,-25.9997863769531,1639.7            28.4267826080322,-25.9997825622559,1640.1            28.4268035888672,-25.9997806549072,1640.3            28.4268207550049,-25.9997749328613,1640.6            28.4268360137939,-25.9997692108154,1640.7            28.4268550872803,-25.9997653961182,1640.8            28.4268741607666,-25.9997577667236,1641.1            28.4268913269043,-25.9997520446777,1641.4            28.4269142150879,-25.9997463226318,1641.7            28.4269332885742,-25.9997386932373,1642.4            28.4269485473633,-25.9997291564941,1642.7            28.4269618988037,-25.9997215270996,1642.9            28.4269790649414,-25.9997158050537,1642.8            28.4269924163818,-25.9997062683105,1642.7            28.4270057678223,-25.9996967315674,1642.6            28.4270191192627,-25.9996891021729,1642.5            28.4270324707031,-25.9996795654297,1642.4            28.4270420074463,-25.9996662139893,1642.5            28.4270553588867,-25.9996490478516,1642.7            28.4270629882813,-25.9996376037598,1642.8            28.4270725250244,-25.9996242523193,1643.1            28.4270801544189,-25.9996128082275,1642.7            28.4270877838135,-25.9995994567871,1642.4            28.4270973205566,-25.9995880126953,1642            28.4271049499512,-25.9995727539063,1641.9            28.427116394043,-25.9995574951172,1642            28.4271278381348,-25.999547958374,1641.9            28.4271392822266,-25.9995346069336,1642.1            28.427152633667,-25.9995212554932,1642.5            28.4271678924561,-25.9995079040527,1642.8            28.4271831512451,-25.9994964599609,1643            28.4272003173828,-25.9994850158691,1643.2            28.4272117614746,-25.999475479126,1643.5            28.4272232055664,-25.9994659423828,1643.5            28.4272365570068,-25.9994602203369,1643.6            28.4272499084473,-25.9994506835938,1643.7            28.4272708892822,-25.9994411468506,1643.6            28.427282333374,-25.9994373321533,1643.6            28.4272899627686,-25.9994316101074,1643.6            28.4273014068604,-25.9994220733643,1643.6            28.4273147583008,-25.9994125366211,1643.6            28.4273300170898,-25.9994087219238,1643.6            28.4273471832275,-25.9994029998779,1643.7            28.4273624420166,-25.999397277832,1643.9            28.4273777008057,-25.9993877410889,1644.2            28.427396774292,-25.999382019043,1644.5            28.4274158477783,-25.9993724822998,1644.6            28.4274425506592,-25.9993686676025,1644.8            28.4274635314941,-25.9993591308594,1645.1            28.4274826049805,-25.9993495941162,1645.2            28.4275054931641,-25.9993457794189,1645.5            28.4275207519531,-25.9993457794189,1646            28.4275417327881,-25.999340057373,1646.3            28.4275569915771,-25.9993286132813,1646.1            28.4275817871094,-25.9993190765381,1646.6            28.427604675293,-25.9993076324463,1646.8            28.427619934082,-25.9993000030518,1646.4            28.4276218414307,-25.9992923736572,1645.1            28.4276351928711,-25.9992847442627,1644.8            28.4276485443115,-25.9992847442627,1643.8            28.4276599884033,-25.99928855896,1643            28.4276733398438,-25.9992980957031,1642.6            28.4276847839355,-25.9993057250977,1642            28.4276962280273,-25.9993190765381,1641.6            28.4277057647705,-25.9993324279785,1641.4            28.4277191162109,-25.9993419647217,1641.5            28.4277286529541,-25.9993515014648,1641.4            28.4277362823486,-25.9993591308594,1641.4            28.4277458190918,-25.9993667602539,1641.7            28.4277572631836,-25.9993743896484,1641.9            28.4277648925781,-25.9993839263916,1642.1            28.427770614624,-25.9993915557861,1642.2            28.4277725219727,-25.9993991851807,1642.3            28.4277820587158,-25.9994106292725,1642.6            28.4277877807617,-25.9994201660156,1642.8            28.4277973175049,-25.9994316101074,1643            28.4278030395508,-25.9994430541992,1642.9            28.4278125762939,-25.9994564056396,1642.8            28.4278221130371,-25.9994697570801,1642.6            28.4278297424316,-25.9994812011719,1642.4            28.4278411865234,-25.9994926452637,1642.3            28.427848815918,-25.9995079040527,1642.3            28.4278564453125,-25.9995212554932,1642.1            28.4278659820557,-25.9995365142822,1642.1            28.4278736114502,-25.9995536804199,1642.4            28.4278812408447,-25.999568939209,1642.7            28.4278907775879,-25.999584197998,1643            28.4279003143311,-25.9995975494385,1643.3            28.4279098510742,-25.9996109008789,1643.5            28.4279174804688,-25.999626159668,1643.4            28.4279251098633,-25.999641418457,1643.2            28.4279327392578,-25.9996528625488,1643.1            28.4279441833496,-25.9996681213379,1643            28.4279537200928,-25.9996814727783,1642.8            28.4279651641846,-25.9996948242188,1642.5            28.4279766082764,-25.9997081756592,1642.5            28.4279861450195,-25.9997234344482,1642.3            28.4279975891113,-25.9997406005859,1642.1            28.4280090332031,-25.999755859375,1642.1            28.4280204772949,-25.9997730255127,1642.2            28.428035736084,-25.9997940063477,1642.3            28.4280490875244,-25.9998092651367,1642            28.4280643463135,-25.9998245239258,1641.9            28.4280757904053,-25.9998416900635,1641.7            28.4280891418457,-25.9998569488525,1641.8            28.4281005859375,-25.9998645782471,1641.6            28.4281101226807,-25.9998760223389,1641.5            28.4281215667725,-25.9998893737793,1641.3            28.428129196167,-25.9999027252197,1641.1            28.4281425476074,-25.9999179840088,1641            28.4281539916992,-25.9999351501465,1641.5            28.4281635284424,-25.9999485015869,1641.9            28.4281749725342,-25.9999675750732,1642.1            28.4281787872314,-25.9999771118164,1643.1            28.4281826019287,-25.9999885559082,1643.7            28.4281845092773,-26.0000019073486,1644.2            28.4281921386719,-26.0000171661377,1644.9            28.4281978607178,-26.0000286102295,1645.8            28.4282073974609,-26.0000400543213,1646.3            28.4282169342041,-26.0000553131104,1646.4            28.4282264709473,-26.0000686645508,1646.3            28.4282531738281,-26.0000991821289,1646.2            28.4282684326172,-26.0001087188721,1646.5            28.4282817840576,-26.0001220703125,1646.6            28.4282989501953,-26.0001258850098,1646.7            28.4283142089844,-26.0001335144043,1646.7            28.4283275604248,-26.0001373291016,1646.7            28.4283447265625,-26.0001411437988,1646.4            28.4283599853516,-26.0001487731934,1646.1            28.4283714294434,-26.0001525878906,1645.9            28.4283828735352,-26.0001525878906,1645.8            28.428394317627,-26.0001544952393,1645.8            28.4284076690674,-26.0001602172852,1645.9            28.4284191131592,-26.0001659393311,1645.9            28.4284343719482,-26.0001697540283,1645.8            28.42844581604,-26.0001773834229,1645.7            28.4284591674805,-26.000186920166,1645.3            28.4284725189209,-26.0001983642578,1644.9            28.4284839630127,-26.0002117156982,1644.5            28.4284954071045,-26.0002212524414,1644.1            28.4285106658936,-26.0002365112305,1644.1            28.4285259246826,-26.0002536773682,1644            28.428539276123,-26.0002670288086,1644            28.4285507202148,-26.000280380249,1644.1            28.4285621643066,-26.0002937316895,1644.2            28.4285717010498,-26.0003070831299,1644.3            28.4285793304443,-26.0003223419189,1644.3            28.4285907745361,-26.0003337860107,1644.1            28.428596496582,-26.0003490447998,1644.1            28.4286041259766,-26.0003623962402,1644.3            28.4286136627197,-26.0003776550293,1644.5            28.4286212921143,-26.0003967285156,1644.7            28.4286308288574,-26.0004119873047,1644.9            28.428638458252,-26.0004367828369,1645.3            28.4286479949951,-26.0004596710205,1645.5            28.4286632537842,-26.0004806518555,1645.8            28.428674697876,-26.0004978179932,1646            28.4286861419678,-26.0005149841309,1646.4            28.4287052154541,-26.000545501709,1646.7            28.4287128448486,-26.0005588531494,1647            28.4287166595459,-26.0005512237549,1647.4            28.4287242889404,-26.000560760498,1647.6            28.428731918335,-26.0005722045898,1647.4            28.4287376403809,-26.0005874633789,1647            28.4287452697754,-26.0005989074707,1647.2            28.4287528991699,-26.0006122589111,1647.5            28.4287605285645,-26.0006237030029,1647.5            28.4287662506104,-26.0006351470947,1647.8            28.4287757873535,-26.0006465911865,1647.8            28.4287853240967,-26.000659942627,1647.5            28.4287929534912,-26.0006732940674,1647.4            28.4288005828857,-26.0006828308105,1647.6            28.4288024902344,-26.0006923675537,1647.7            28.4288082122803,-26.0007019042969,1647.8            28.4288158416748,-26.0007152557373,1648            28.4288234710693,-26.0007286071777,1648.3            28.4288330078125,-26.0007438659668,1648.2            28.4288425445557,-26.0007572174072,1648            28.4288501739502,-26.0007705688477,1648            28.4288597106934,-26.0007858276367,1648            28.4288673400879,-26.0007991790771,1648.1            28.4288711547852,-26.0008125305176,1648.2            28.4288768768311,-26.000825881958,1648.3            28.4288787841797,-26.0008373260498,1648.1            28.428882598877,-26.0008487701416,1648.1            28.4288883209229,-26.000862121582,1648            28.4288959503174,-26.0008773803711,1647.9            28.4289016723633,-26.0008926391602,1647.7            28.4289093017578,-26.0009136199951,1647.6            28.428918838501,-26.0009365081787,1647.3            28.4289283752441,-26.0009613037109,1647.2            28.4289398193359,-26.0009822845459,1647.3            28.4289531707764,-26.0009994506836,1647            28.4289684295654,-26.0010147094727,1647.1            28.4289836883545,-26.0010299682617,1647            28.4289989471436,-26.0010433197021,1646.9            28.4290103912354,-26.0010585784912,1646.7            28.4290256500244,-26.0010795593262,1646.8            28.4290390014648,-26.0010967254639,1647            28.4290523529053,-26.0011157989502,1647.2            28.4290637969971,-26.0011329650879,1647.5            28.4290714263916,-26.0011463165283,1647.6            28.4290771484375,-26.001163482666,1647.8            28.4290771484375,-26.0011787414551,1648            28.4290771484375,-26.0011901855469,1648            28.4290771484375,-26.0012168884277,1648.4            28.4290790557861,-26.0012302398682,1648.8            28.4290828704834,-26.0012359619141,1649.3            28.4290885925293,-26.0012474060059,1649.2            28.4290962219238,-26.0012607574463,1648.9            28.4291019439697,-26.0012722015381,1648.9            28.4291076660156,-26.0012836456299,1648.8            28.4291133880615,-26.001293182373,1648.7            28.4291229248047,-26.0013027191162,1648.4            28.4291305541992,-26.001314163208,1648.2            28.4291381835938,-26.0013236999512,1647.9            28.4291458129883,-26.0013313293457,1648            28.4291534423828,-26.0013408660889,1647.9            28.4291591644287,-26.0013523101807,1647.9            28.4291648864746,-26.0013656616211,1648.1            28.4291744232178,-26.0013809204102,1648.2            28.4291858673096,-26.0013961791992,1648.3            28.4291973114014,-26.0014114379883,1648.2            28.4292068481445,-26.0014247894287,1648.2            28.4292144775391,-26.0014400482178,1648.1            28.4292221069336,-26.0014514923096,1648            28.4292297363281,-26.0014686584473,1647.9            28.4292392730713,-26.001485824585,1647.8            28.4292507171631,-26.0015087127686,1647.7            28.4292602539062,-26.0015296936035,1647.3            28.429271697998,-26.0015487670898,1647.1            28.4292831420898,-26.0015678405762,1646.9            28.4292945861816,-26.0015850067139,1646.7            28.4293060302734,-26.0016002655029,1646.5            28.4293193817139,-26.0016174316406,1646.4            28.4293327331543,-26.0016384124756,1646.4            28.4293441772461,-26.0016479492188,1646.5            28.4293632507324,-26.0016670227051,1646.6            28.4293785095215,-26.0016841888428,1646.9            28.4293937683105,-26.0016994476318,1646.9            28.429407119751,-26.0017166137695,1647            28.4294166564941,-26.00172996521,1647.3            28.4294281005859,-26.0017414093018,1647.2            28.4294338226318,-26.0017414093018,1647.4            28.4294452667236,-26.0017490386963,1647.7            28.4294548034668,-26.0017585754395,1647.7            28.4294681549072,-26.0017681121826,1648            28.4294776916504,-26.0017795562744,1648.5            28.4294891357422,-26.0017910003662,1648.5            28.4294986724854,-26.001802444458,1648.1            28.4295063018799,-26.0018157958984,1648.1            28.4295139312744,-26.0018291473389,1648.1            28.4295196533203,-26.0018424987793,1648.2            28.4295272827148,-26.0018520355225,1648.1            28.4295330047607,-26.0018653869629,1648            28.4295406341553,-26.0018749237061,1647.8            28.4295425415039,-26.0018882751465,1647.8            28.4295482635498,-26.0018997192383,1647.6            28.4295558929443,-26.0019130706787,1647.6            28.429557800293,-26.0019245147705,1647.7            28.4295654296875,-26.0019340515137,1647.8            28.4295711517334,-26.0019454956055,1647.9            28.4295787811279,-26.0019569396973,1648            28.4295864105225,-26.0019664764404,1648            28.4295921325684,-26.0019798278809,1647.9            28.4295959472656,-26.0019874572754,1647.6            28.4295997619629,-26.0019989013672,1647.5            28.4296035766602,-26.002010345459,1647.5            28.4296073913574,-26.0020179748535,1647.3            28.4296112060547,-26.0020313262939,1647.2            28.429615020752,-26.0020446777344,1647            28.4296207427979,-26.0020580291748,1646.9            28.4296283721924,-26.0020732879639,1646.9            28.4296340942383,-26.0020885467529,1646.7            28.4296398162842,-26.002103805542,1646.7            28.4296417236328,-26.0021190643311,1646.5            28.4296436309814,-26.0021381378174,1646.2            28.4296436309814,-26.0021553039551,1646.1            28.4296398162842,-26.0021724700928,1646            28.4296340942383,-26.0021858215332,1645.9            28.4296245574951,-26.0021991729736,1645.9            28.429615020752,-26.0022125244141,1645.9            28.4296054840088,-26.0022258758545,1645.9            28.429594039917,-26.0022373199463,1645.8            28.4295825958252,-26.0022487640381,1645.6            28.4295673370361,-26.0022563934326,1645.5            28.4295539855957,-26.0022640228271,1645.5            28.4295387268066,-26.0022735595703,1645.4            28.4295234680176,-26.0022850036621,1645.3            28.4295101165771,-26.0022945404053,1645.1            28.4294929504395,-26.0023040771484,1645.2            28.4294757843018,-26.0023136138916,1645.3            28.4294605255127,-26.0023212432861,1645.4            28.4294414520264,-26.0023326873779,1645.4            28.42942237854,-26.0023403167725,1645.2            28.4294052124023,-26.002347946167,1644.9            28.4293880462646,-26.0023555755615,1644.7            28.429370880127,-26.0023612976074,1644.4            28.4293594360352,-26.0023670196533,1644.3            28.4293460845947,-26.0023746490479,1644.4            28.4293308258057,-26.0023803710938,1644.2            28.4293174743652,-26.0023860931396,1644.1            28.4293003082275,-26.0023899078369,1644            28.4292831420898,-26.0023937225342,1644            28.4292659759521,-26.0023975372314,1643.9            28.4292488098145,-26.0024013519287,1643.8            28.4292297363281,-26.002405166626,1643.9            28.4292125701904,-26.0024108886719,1643.9            28.4291954040527,-26.0024147033691,1643.7            28.429178237915,-26.002420425415,1643.8            28.4291496276855,-26.0024242401123,1643.5            28.4291229248047,-26.0024280548096,1643.4            28.4291019439697,-26.0024337768555,1643.3            28.4290809631348,-26.0024375915527,1643.1            28.4290657043457,-26.0024433135986,1643.2            28.429048538208,-26.0024509429932,1643.4            28.4290332794189,-26.0024547576904,1643.7            28.4290142059326,-26.0024604797363,1643.9            28.4289970397949,-26.0024662017822,1644.5            28.4289817810059,-26.0024738311768,1644.8            28.4289684295654,-26.002477645874,1645.1            28.4289531707764,-26.0024852752686,1645.4            28.4289398193359,-26.0024890899658,1645.3            28.4289264678955,-26.0024967193604,1645.6            28.4289131164551,-26.0025062561035,1646.4            28.4289169311523,-26.0025157928467,1646.2            28.4288959503174,-26.0025291442871,1646.7            28.4288806915283,-26.0025444030762,1647            28.4288654327393,-26.0025596618652,1647.3            28.4288539886475,-26.0025749206543,1647.4            28.4288425445557,-26.0025882720947,1647.5            28.4288444519043,-26.0025959014893,1646.7            28.428840637207,-26.0026111602783,1646.5            28.4288291931152,-26.0026226043701,1646.2            28.4288177490234,-26.0026340484619,1645.9            28.4288082122803,-26.0026454925537,1645.7            28.4288005828857,-26.0026607513428,1646.4            28.4287929534912,-26.0026741027832,1646.3            28.4287853240967,-26.0026836395264,1646.4            28.4287738800049,-26.0026912689209,1646.3            28.4287624359131,-26.0027008056641,1646.3            28.4287490844727,-26.0027122497559,1646.3            28.4287357330322,-26.002721786499,1646.3            28.4287223815918,-26.0027313232422,1646.4            28.4287109375,-26.0027408599854,1646.5            28.4286994934082,-26.0027503967285,1646.7            28.4286880493164,-26.002758026123,1646.9            28.4286766052246,-26.0027656555176,1646.9            28.4286613464355,-26.0027694702148,1646.9            28.4286460876465,-26.0027770996094,1646.5            28.4286346435547,-26.0027828216553,1646.1            28.4286231994629,-26.0027885437012,1645.9            28.4286098480225,-26.0027961730957,1645.6            28.428596496582,-26.0028057098389,1645.3            28.4285869598389,-26.0028114318848,1645            28.4285755157471,-26.0028190612793,1644.8            28.4285621643066,-26.0028285980225,1644.9            28.4285488128662,-26.0028343200684,1645            28.4285335540771,-26.0028400421143,1645.3            28.4285182952881,-26.0028457641602,1645.5            28.4285011291504,-26.0028533935547,1645.7            28.4284858703613,-26.002857208252,1645.9            28.4284706115723,-26.0028610229492,1645.8            28.4284553527832,-26.0028667449951,1645.6            28.4284400939941,-26.0028743743896,1645.3            28.4284248352051,-26.0028820037842,1645.1            28.4284114837646,-26.0028877258301,1645            28.4283962249756,-26.002893447876,1644.9            28.4283809661865,-26.0028991699219,1644.8            28.4283676147461,-26.002908706665,1644.8            28.4283542633057,-26.0029163360596,1644.8            28.4283409118652,-26.0029277801514,1644.8            28.4283275604248,-26.0029392242432,1644.6            28.4283142089844,-26.0029525756836,1644.4            28.4283046722412,-26.0029640197754,1644            28.4282932281494,-26.0029773712158,1643.8            28.4282817840576,-26.0029907226563,1643.4            28.4282684326172,-26.0030078887939,1643.1            28.4282531738281,-26.0030250549316,1642.8            28.4282417297363,-26.0030384063721,1642.5            28.4282321929932,-26.0030498504639,1642.3            28.42822265625,-26.0030651092529,1642            28.4282150268555,-26.003080368042,1641.8            28.4282073974609,-26.0030956268311,1641.8            28.4281978607178,-26.0031127929688,1641.8            28.4281883239746,-26.0031299591064,1641.9            28.4281826019287,-26.0031490325928,1642            28.4281730651855,-26.0031661987305,1641.9            28.4281692504883,-26.0031871795654,1641.9            28.4281673431396,-26.0032043457031,1642.2            28.428165435791,-26.0032253265381,1642.6            28.4281616210938,-26.0032424926758,1642.8            28.4281616210938,-26.0032653808594,1643.2            28.4281635284424,-26.003288269043,1643.7            28.4281616210938,-26.0033073425293,1644.1            28.4281635284424,-26.0033264160156,1644.6            28.4281597137451,-26.0033493041992,1644.8            28.4281635284424,-26.003360748291,1644.5            28.4281520843506,-26.0033855438232,1644.7            28.4281425476074,-26.0034046173096,1644.7            28.428129196167,-26.0034217834473,1644.5            28.4281158447266,-26.0034351348877,1644.8            28.4281044006348,-26.0034484863281,1644.8            28.428092956543,-26.0034618377686,1645.1            28.4280796051025,-26.0034713745117,1645.3            28.4280662536621,-26.0034809112549,1645.3            28.428050994873,-26.0034923553467,1646            28.4280376434326,-26.0035037994385,1646.5            28.4280261993408,-26.0035133361816,1646.4            28.4280166625977,-26.0035228729248,1646.5            28.4280052185059,-26.0035343170166,1646.7            28.4279937744141,-26.0035457611084,1646.7            28.4279823303223,-26.0035591125488,1646.8            28.4279708862305,-26.003568649292,1646.5            28.42795753479,-26.0035781860352,1646.5            28.4279460906982,-26.003589630127,1646.5            28.4279384613037,-26.0035991668701,1646.4            28.4279441833496,-26.0036010742188,1645.1            28.4279346466064,-26.0036087036133,1644.6            28.4279232025146,-26.0036182403564,1643.9            28.4279117584229,-26.0036296844482,1643.5            28.4279003143311,-26.00364112854,1643.7            28.4278907775879,-26.0036525726318,1643.7            28.4278793334961,-26.0036659240723,1643.9            28.4278697967529,-26.0036754608154,1644.2            28.427864074707,-26.0036811828613,1644.4            28.4278545379639,-26.0036907196045,1644.5            28.4278411865234,-26.0037021636963,1644.5            28.4278297424316,-26.0037136077881,1644.3            28.4278163909912,-26.0037250518799,1643.8            28.4278030395508,-26.0037364959717,1643.4            28.4277877807617,-26.0037479400635,1643.1            28.4277763366699,-26.0037593841553,1642.9            28.4277648925781,-26.0037708282471,1642.8            28.4277515411377,-26.0037803649902,1642.4            28.4277381896973,-26.0037899017334,1642.4            28.4277248382568,-26.0038013458252,1642.3            28.4277095794678,-26.0038108825684,1642.5            28.427698135376,-26.0038223266602,1642.7            28.4276866912842,-26.0038299560547,1642.8            28.427677154541,-26.0038394927979,1642.9            28.4276676177979,-26.0038509368896,1643            28.4276580810547,-26.0038623809814,1642.6            28.4276466369629,-26.0038719177246,1642.6            28.4276332855225,-26.0038776397705,1642.7            28.427619934082,-26.0038833618164,1642.7            28.4276065826416,-26.0038909912109,1642.5            28.4275894165039,-26.0038986206055,1642.4            28.4275741577148,-26.00390625,1642.3            28.4275608062744,-26.0039157867432,1642.2            28.4275512695312,-26.0039215087891,1641.9            28.4275493621826,-26.0039234161377,1641.9            28.427547454834,-26.0039176940918,1642            28.4275512695312,-26.0039196014404,1642.1          </coordinates></LineString></Placemark></Folder></Document></kml>