<?xml version="1.0" encoding="UTF-8"?><kml xmlns="http://www.opengis.net/kml/2.2"><Document><name>Benguela Cove parkrun (from Feb 2025)</name><description/><Style id="icon-1899-0F9D58-nodesc-normal"><IconStyle><color>ff589d0f</color><scale>1</scale><Icon><href>https://www.gstatic.com/mapspro/images/stock/503-wht-blank_maps.png</href></Icon><hotSpot x="32" xunits="pixels" y="64" yunits="insetPixels"/></IconStyle><LabelStyle><scale>0</scale></LabelStyle><BalloonStyle><text><![CDATA[<h3>$[name]</h3>]]></text></BalloonStyle></Style><Style id="icon-1899-0F9D58-nodesc-highlight"><IconStyle><color>ff589d0f</color><scale>1</scale><Icon><href>https://www.gstatic.com/mapspro/images/stock/503-wht-blank_maps.png</href></Icon><hotSpot x="32" xunits="pixels" y="64" yunits="insetPixels"/></IconStyle><LabelStyle><scale>1</scale></LabelStyle><BalloonStyle><text><![CDATA[<h3>$[name]</h3>]]></text></BalloonStyle></Style><StyleMap id="icon-1899-0F9D58-nodesc"><Pair><key>normal</key><styleUrl>#icon-1899-0F9D58-nodesc-normal</styleUrl></Pair><Pair><key>highlight</key><styleUrl>#icon-1899-0F9D58-nodesc-highlight</styleUrl></Pair></StyleMap><Style id="icon-1899-FF5252-nodesc-normal"><IconStyle><color>ff5252ff</color><scale>1</scale><Icon><href>https://www.gstatic.com/mapspro/images/stock/503-wht-blank_maps.png</href></Icon><hotSpot x="32" xunits="pixels" y="64" yunits="insetPixels"/></IconStyle><LabelStyle><scale>0</scale></LabelStyle><BalloonStyle><text><![CDATA[<h3>$[name]</h3>]]></text></BalloonStyle></Style><Style id="icon-1899-FF5252-nodesc-highlight"><IconStyle><color>ff5252ff</color><scale>1</scale><Icon><href>https://www.gstatic.com/mapspro/images/stock/503-wht-blank_maps.png</href></Icon><hotSpot x="32" xunits="pixels" y="64" yunits="insetPixels"/></IconStyle><LabelStyle><scale>1</scale></LabelStyle><BalloonStyle><text><![CDATA[<h3>$[name]</h3>]]></text></BalloonStyle></Style><StyleMap id="icon-1899-FF5252-nodesc"><Pair><key>normal</key><styleUrl>#icon-1899-FF5252-nodesc-normal</styleUrl></Pair><Pair><key>highlight</key><styleUrl>#icon-1899-FF5252-nodesc-highlight</styleUrl></Pair></StyleMap><Style id="line-0288D1-5000-nodesc-normal"><LineStyle><color>ffd18802</color><width>5</width></LineStyle><BalloonStyle><text><![CDATA[<h3>$[name]</h3>]]></text></BalloonStyle></Style><Style id="line-0288D1-5000-nodesc-highlight"><LineStyle><color>ffd18802</color><width>7.5</width></LineStyle><BalloonStyle><text><![CDATA[<h3>$[name]</h3>]]></text></BalloonStyle></Style><StyleMap id="line-0288D1-5000-nodesc"><Pair><key>normal</key><styleUrl>#line-0288D1-5000-nodesc-normal</styleUrl></Pair><Pair><key>highlight</key><styleUrl>#line-0288D1-5000-nodesc-highlight</styleUrl></Pair></StyleMap><Folder><name>Untitled layer</name><Placemark><name>Course</name><styleUrl>#line-0288D1-5000-nodesc</styleUrl><LineString><tessellate>1</tessellate><coordinates>            19.1339,-34.345536,26.9            19.133912,-34.34553,26.9            19.133924,-34.345525,26.6            19.133934,-34.34552,26.6            19.133943,-34.345515,26.9            19.133954,-34.345507,26.9            19.133964,-34.3455,26.9            19.133977,-34.345493,26.9            19.133985,-34.345488,26.9            19.133994,-34.345482,26.9            19.134003,-34.345476,26.9            19.134024,-34.345458,27.2            19.134036,-34.345441,27.1            19.134044,-34.345431,27.1            19.134055,-34.345422,27.1            19.134067,-34.345409,27.1            19.134076,-34.3454,27.1            19.134083,-34.345392,27.1            19.134091,-34.345386,27.1            19.134107,-34.345371,27            19.134115,-34.345365,27            19.134123,-34.345358,27            19.134134,-34.34535,27            19.134144,-34.345342,26.8            19.134163,-34.345324,26.9            19.13417,-34.345317,26.9            19.134179,-34.345307,26.9            19.134188,-34.345297,26.9            19.134195,-34.345288,27.2            19.134204,-34.345279,27.2            19.134212,-34.345269,27.2            19.134219,-34.345261,27.2            19.134228,-34.345252,27.2            19.134232,-34.345245,27.2            19.134241,-34.345235,27.4            19.134249,-34.345227,27.4            19.134259,-34.345219,27.4            19.134269,-34.34521,27.4            19.134278,-34.345203,27.4            19.134289,-34.345194,27.7            19.134296,-34.345188,27.7            19.134306,-34.345178,27.7            19.134323,-34.345163,27.9            19.134331,-34.345157,27.9            19.134338,-34.345151,27.9            19.134341,-34.345151,27.9            19.134348,-34.345144,27.9            19.134359,-34.345134,27.9            19.13437,-34.345125,28.2            19.134381,-34.345119,28.2            19.134392,-34.345113,28.2            19.1344,-34.345105,28.2            19.134409,-34.345097,28.4            19.13442,-34.34509,28.4            19.134428,-34.345085,28.4            19.134436,-34.345081,28.4            19.134447,-34.345075,28.4            19.134457,-34.345069,28.7            19.134466,-34.345063,28.7            19.134475,-34.345055,28.7            19.134483,-34.345048,28.7            19.134493,-34.345041,28.9            19.134502,-34.345034,28.9            19.134511,-34.345027,28.9            19.134523,-34.345019,28.9            19.13453,-34.345013,28.9            19.13454,-34.345005,29.2            19.134551,-34.344998,29.2            19.134557,-34.34499,29.2            19.134574,-34.344974,29.2            19.134585,-34.344967,29.4            19.134595,-34.344961,29.4            19.134605,-34.344955,29.4            19.134617,-34.344947,29.4            19.134624,-34.344942,29.7            19.134635,-34.344934,29.7            19.134646,-34.344926,29.7            19.134656,-34.34492,29.7            19.134671,-34.344911,29.9            19.134685,-34.344901,29.9            19.134706,-34.344886,30            19.134713,-34.344882,30.3            19.13472,-34.344877,30.3            19.134728,-34.344872,30.3            19.134742,-34.344866,30.3            19.134755,-34.344863,30.6            19.134769,-34.34486,30.6            19.134783,-34.344856,30.6            19.134794,-34.344854,31            19.134806,-34.344849,31.2            19.13482,-34.344845,31.2            19.134832,-34.344841,31.2            19.134841,-34.344836,31.5            19.134866,-34.344828,31.5            19.134878,-34.344824,31.5            19.134889,-34.344823,31.8            19.134905,-34.34482,31.8            19.134916,-34.344818,31.8            19.134931,-34.344817,32.3            19.134947,-34.344815,32.3            19.134962,-34.344812,32.3            19.134975,-34.344811,32.5            19.134988,-34.344807,32.5            19.135014,-34.344801,32.8            19.135023,-34.344798,32.8            19.135033,-34.344796,32.8            19.135052,-34.344794,33.3            19.135062,-34.344792,33.3            19.135073,-34.34479,33.3            19.1351,-34.344783,33.7            19.135112,-34.344778,34.1            19.135123,-34.344774,34.1            19.135133,-34.344769,34.1            19.135147,-34.344764,34.6            19.135161,-34.344758,34.6            19.135177,-34.344752,34.6            19.135195,-34.344741,35.2            19.135196,-34.344733,35.2            19.135197,-34.34473,35.2            19.135219,-34.344719,35.2            19.13523,-34.344709,35.7            19.13524,-34.344689,35.7            19.135237,-34.344676,36            19.135238,-34.344668,36            19.135241,-34.344658,36            19.135243,-34.344637,36.3            19.135244,-34.344627,36.3            19.135244,-34.344618,36.3            19.135243,-34.344606,36.3            19.135241,-34.344596,36.6            19.135234,-34.344573,36.6            19.135232,-34.344563,36.9            19.135231,-34.344552,36.9            19.13523,-34.344541,36.9            19.135231,-34.344533,37.3            19.135231,-34.344523,37.3            19.135231,-34.344517,37.3            19.135236,-34.344506,37.3            19.135243,-34.344495,37.5            19.135247,-34.344489,37.5            19.135254,-34.344484,37.5            19.135264,-34.34448,37.5            19.135275,-34.344473,38            19.135298,-34.344468,38            19.135309,-34.344465,38.5            19.135319,-34.344463,38.5            19.135343,-34.344457,38.5            19.135353,-34.344456,38.9            19.135362,-34.344454,38.9            19.135389,-34.344452,38.9            19.135401,-34.344452,39.2            19.135412,-34.344452,39.2            19.135427,-34.344451,39.2            19.135441,-34.344452,39.4            19.135454,-34.344452,39.4            19.135472,-34.344453,39.4            19.135493,-34.344451,39.7            19.135509,-34.344449,39.7            19.135521,-34.344448,39.7            19.13553,-34.344446,39.9            19.135553,-34.34444,39.9            19.135564,-34.344437,39.9            19.135575,-34.344434,39.9            19.135591,-34.344426,40            19.135605,-34.344417,40            19.135613,-34.344412,40.2            19.135623,-34.344406,40.2            19.135628,-34.344397,40.2            19.135632,-34.344375,40.3            19.135634,-34.344367,40.3            19.135636,-34.344358,40.3            19.135635,-34.344348,40.5            19.135633,-34.344339,40.5            19.13563,-34.344328,40.5            19.135621,-34.344308,40.9            19.135619,-34.3443,40.9            19.135616,-34.344293,40.9            19.135614,-34.344285,41.3            19.13561,-34.344274,41.3            19.135607,-34.344264,40.9            19.135595,-34.344244,41.3            19.13559,-34.344238,41.3            19.135586,-34.344231,41.3            19.13558,-34.344221,41.3            19.135574,-34.344211,41.6            19.135566,-34.3442,41.6            19.135558,-34.344195,41.1            19.135553,-34.344184,41.1            19.135548,-34.344173,41.6            19.135539,-34.344158,41.6            19.135535,-34.344152,41.6            19.135532,-34.344147,41.6            19.135528,-34.344141,42.1            19.135518,-34.344131,41.7            19.135509,-34.344123,41.7            19.135501,-34.344115,41.7            19.135491,-34.34411,41.7            19.135482,-34.3441,42.2            19.135475,-34.344089,41.7            19.135466,-34.344077,41.7            19.135458,-34.344064,42.1            19.135455,-34.344058,42.1            19.135453,-34.344048,42.1            19.135449,-34.344038,42.5            19.135447,-34.344023,42.5            19.135446,-34.344009,42.5            19.135444,-34.343997,42.8            19.135442,-34.343986,42.8            19.13544,-34.343978,42.8            19.135439,-34.34397,42.8            19.13544,-34.343959,43.2            19.135442,-34.343945,43.2            19.135446,-34.343934,43.2            19.135449,-34.343922,43.5            19.135456,-34.343911,43.5            19.135465,-34.343906,43.5            19.135477,-34.343903,43.5            19.135488,-34.343904,43.7            19.135498,-34.343902,43.7            19.135508,-34.343901,43.7            19.135519,-34.3439,43.7            19.135526,-34.343897,44            19.135532,-34.343892,44.2            19.135535,-34.343889,44.2            19.135538,-34.343887,44.2            19.135544,-34.343886,44.2            19.135552,-34.343889,44.2            19.135562,-34.343891,44.2            19.135571,-34.343895,44.5            19.135581,-34.343899,44.2            19.135595,-34.343903,44.2            19.135611,-34.343906,44.5            19.135627,-34.343907,44.5            19.135647,-34.343902,44.5            19.135659,-34.343894,44.6            19.135666,-34.34388,44.6            19.135669,-34.343867,44.7            19.13567,-34.343837,44.9            19.135662,-34.343819,45.1            19.135653,-34.343793,45.3            19.13565,-34.343784,45.3            19.135649,-34.343773,45.4            19.135647,-34.343761,45.5            19.135642,-34.343745,45.7            19.135637,-34.343729,45.8            19.135631,-34.343718,45.9            19.135626,-34.343706,46            19.135624,-34.343699,46            19.135623,-34.343689,46.1            19.13562,-34.343675,46.2            19.135621,-34.343662,46.2            19.135622,-34.34365,46.3            19.135624,-34.343635,46.4            19.135624,-34.343629,46.4            19.135623,-34.343617,46.5            19.135621,-34.343603,46.6            19.135619,-34.343588,46.6            19.135619,-34.343574,46.7            19.135622,-34.343563,46.7            19.135626,-34.343542,46.8            19.135625,-34.343528,46.9            19.135622,-34.343515,46.9            19.135621,-34.343505,47            19.135623,-34.343494,47            19.135631,-34.343473,47.1            19.135632,-34.343459,47.2            19.135628,-34.343449,47.2            19.135625,-34.34344,47.2            19.135623,-34.343432,47.3            19.135614,-34.343411,47.4            19.135606,-34.343398,47.4            19.135602,-34.343384,47.5            19.135601,-34.343373,47.5            19.135602,-34.343366,47.5            19.135601,-34.343357,47.6            19.135598,-34.343347,47.6            19.135595,-34.343332,47.7            19.135595,-34.343322,47.7            19.135595,-34.343311,47.8            19.135597,-34.3433,47.8            19.135599,-34.34328,47.9            19.1356,-34.343272,48            19.135601,-34.343263,48            19.135601,-34.343252,48.1            19.135601,-34.343242,48.1            19.135601,-34.34323,48.2            19.135602,-34.343217,48.2            19.135602,-34.343191,48.3            19.135605,-34.343167,48.4            19.135605,-34.343156,48.5            19.135606,-34.343142,48.5            19.135605,-34.343132,48.6            19.135605,-34.343114,48.6            19.135605,-34.343103,48.6            19.135603,-34.343095,48.7            19.135594,-34.343075,48.7            19.135589,-34.343064,48.7            19.13558,-34.34305,48.8            19.135573,-34.343039,48.8            19.135566,-34.343029,48.8            19.135562,-34.343013,48.8            19.135562,-34.343002,48.9            19.135561,-34.342988,48.9            19.135563,-34.342975,48.9            19.135567,-34.342964,48.9            19.13557,-34.342954,49            19.135568,-34.342924,49            19.135567,-34.342918,49            19.135568,-34.342906,49.1            19.13557,-34.342897,49.1            19.13557,-34.342875,49.1            19.135568,-34.342862,49.2            19.135566,-34.342852,49.2            19.135564,-34.342842,49.2            19.135562,-34.342832,49.3            19.13556,-34.342821,49.3            19.135558,-34.342806,49.4            19.135556,-34.34278,49.4            19.135557,-34.342771,49.5            19.135557,-34.342761,49.5            19.135554,-34.342734,49.6            19.135552,-34.342712,49.6            19.135553,-34.342705,49.6            19.135553,-34.342698,49.7            19.135551,-34.342687,49.7            19.135548,-34.342677,49.7            19.135545,-34.342664,49.8            19.135539,-34.342636,49.8            19.135536,-34.342625,49.8            19.135537,-34.342608,49.9            19.135536,-34.342592,49.9            19.135536,-34.342571,49.9            19.135537,-34.342557,49.8            19.135538,-34.342547,49.8            19.135538,-34.342528,49.8            19.135535,-34.342508,49.7            19.135532,-34.342497,49.7            19.13553,-34.342484,49.7            19.135528,-34.342467,49.6            19.135526,-34.342444,49.6            19.135523,-34.34242,49.5            19.135522,-34.342393,49.4            19.135521,-34.342378,49.4            19.135517,-34.34235,49.3            19.135515,-34.342339,49.3            19.135514,-34.342328,49.3            19.135512,-34.342317,49.3            19.13551,-34.342306,49.2            19.135509,-34.342295,49.2            19.135508,-34.342284,49.2            19.135508,-34.342273,49.2            19.135509,-34.342254,49.1            19.135509,-34.342245,49.1            19.135509,-34.342236,49.1            19.135508,-34.342206,49.1            19.135508,-34.342193,49.1            19.135508,-34.342169,49            19.135504,-34.342155,49            19.135498,-34.342131,49            19.135496,-34.342117,49            19.135494,-34.34211,49            19.13549,-34.342086,49            19.135488,-34.342063,49            19.135488,-34.342052,49            19.135489,-34.342042,49            19.135489,-34.34202,49            19.135487,-34.342008,49            19.135485,-34.341998,49            19.135485,-34.341988,48.9            19.135485,-34.341982,48.9            19.135484,-34.341974,48.9            19.135482,-34.341959,48.9            19.135476,-34.341934,48.9            19.135475,-34.341922,48.9            19.135475,-34.341909,48.9            19.135474,-34.341879,48.9            19.135473,-34.341866,48.9            19.135473,-34.341854,48.9            19.135476,-34.341843,48.9            19.135476,-34.341822,48.9            19.135475,-34.341814,48.9            19.135474,-34.341805,48.9            19.135474,-34.341792,48.9            19.135476,-34.341782,48.9            19.135477,-34.341774,48.9            19.135477,-34.341765,48.9            19.135477,-34.341753,48.9            19.135477,-34.341727,48.9            19.135478,-34.341718,48.9            19.135478,-34.341709,48.9            19.135479,-34.341683,48.8            19.135475,-34.341654,48.8            19.135475,-34.341645,48.8            19.135475,-34.341635,48.8            19.135472,-34.341611,48.8            19.135468,-34.341597,48.8            19.135465,-34.341584,48.8            19.135466,-34.341576,48.8            19.135467,-34.341568,48.8            19.135464,-34.341547,48.8            19.135463,-34.34153,48.8            19.135462,-34.341525,48.8            19.135462,-34.341521,48.8            19.135457,-34.341497,48.8            19.135454,-34.341485,48.8            19.135451,-34.341469,48.8            19.135448,-34.341457,48.8            19.135447,-34.341447,48.8            19.135449,-34.341425,48.8            19.13545,-34.341398,48.8            19.135449,-34.341386,48.8            19.135443,-34.341368,48.9            19.135438,-34.341347,48.9            19.135436,-34.341339,48.9            19.135434,-34.341331,48.9            19.135429,-34.341299,48.9            19.135427,-34.341285,48.9            19.135426,-34.341272,48.9            19.135424,-34.341258,48.9            19.135423,-34.341245,48.9            19.135425,-34.341223,49            19.135425,-34.341207,49            19.135431,-34.341176,49.2            19.135427,-34.341171,49.2            19.13542,-34.341161,49.2            19.135416,-34.341141,49.3            19.135417,-34.341127,49.4            19.135417,-34.341099,49.5            19.135417,-34.341089,49.5            19.135416,-34.34108,49.6            19.135416,-34.34107,49.6            19.135416,-34.34106,49.7            19.135412,-34.341037,49.8            19.13541,-34.341025,49.9            19.13541,-34.341017,49.9            19.135407,-34.340994,50            19.135404,-34.340979,50.1            19.135404,-34.340966,50.1            19.135404,-34.340946,50.2            19.135403,-34.340936,50.3            19.1354,-34.340923,50.3            19.135396,-34.340897,50.5            19.135395,-34.340885,50.5            19.135392,-34.340862,50.6            19.135392,-34.340846,50.7            19.135389,-34.340818,50.8            19.135391,-34.340811,50.8            19.135394,-34.34079,50.9            19.135395,-34.340763,51            19.135395,-34.340752,51.1            19.135389,-34.34073,51.2            19.135384,-34.340699,51.3            19.135383,-34.34069,51.4            19.135382,-34.340681,51.4            19.135381,-34.340658,51.5            19.135379,-34.340631,51.6            19.135377,-34.340619,51.7            19.135371,-34.340601,51.8            19.135369,-34.340586,51.8            19.135369,-34.340576,51.9            19.13537,-34.340566,51.9            19.135372,-34.340556,52            19.135372,-34.340531,52.1            19.135373,-34.340513,52.2            19.135374,-34.340506,52.2            19.135376,-34.340495,52.3            19.135379,-34.340472,52.4            19.135378,-34.340458,52.5            19.135376,-34.340433,52.6            19.135375,-34.340424,52.7            19.135374,-34.340413,52.7            19.135371,-34.340386,52.8            19.135367,-34.340359,53            19.135363,-34.340347,53.1            19.13536,-34.34034,53.1            19.135355,-34.340319,53.2            19.13535,-34.340289,53.4            19.135351,-34.34028,53.4            19.135353,-34.340268,53.5            19.135354,-34.340243,53.6            19.13535,-34.340226,53.7            19.135346,-34.340205,53.8            19.135348,-34.340196,53.8            19.135348,-34.340177,53.9            19.135346,-34.340167,53.9            19.135345,-34.340158,54            19.135345,-34.340146,54            19.135345,-34.340135,54.1            19.135345,-34.340126,54.1            19.135346,-34.340104,54.2            19.135346,-34.340094,54.3            19.135346,-34.340084,54.3            19.13534,-34.340056,54.4            19.13534,-34.340047,54.5            19.135337,-34.34004,54.5            19.135334,-34.340029,54.6            19.135327,-34.340003,54.7            19.135326,-34.339978,54.8            19.135327,-34.339968,54.8            19.135326,-34.339956,54.9            19.135327,-34.339928,55            19.135326,-34.339919,55            19.135328,-34.339909,55.1            19.135329,-34.339884,55.1            19.135328,-34.339867,55.2            19.135329,-34.339855,55.2            19.135329,-34.339845,55.2            19.13533,-34.339835,55.3            19.135329,-34.339814,55.3            19.135324,-34.33979,55.3            19.135321,-34.339779,55.4            19.135319,-34.339769,55.4            19.135318,-34.339755,55.4            19.135317,-34.339744,55.4            19.135312,-34.339719,55.5            19.135312,-34.339708,55.5            19.135316,-34.339689,55.5            19.135321,-34.339662,55.6            19.135322,-34.339652,55.6            19.135321,-34.339639,55.6            19.135317,-34.339617,55.7            19.135313,-34.339606,55.7            19.135308,-34.339595,55.7            19.135304,-34.339585,55.8            19.135302,-34.339577,55.8            19.1353,-34.339565,55.8            19.135295,-34.339538,55.9            19.135294,-34.339524,55.9            19.135294,-34.339517,55.9            19.135294,-34.339506,55.9            19.135293,-34.339493,56            19.135289,-34.339461,56            19.135288,-34.339455,56            19.135288,-34.339446,56            19.135291,-34.339433,56.1            19.135294,-34.33942,56.1            19.135296,-34.339403,56.2            19.135294,-34.339391,56.2            19.1353,-34.339385,56.2            19.135302,-34.339375,56.3            19.135299,-34.339348,56.4            19.135294,-34.339323,56.5            19.135292,-34.339313,56.5            19.135294,-34.339294,56.6            19.135293,-34.339281,56.7            19.135292,-34.339267,56.7            19.13529,-34.339255,56.8            19.135289,-34.339246,56.8            19.135287,-34.339236,56.8            19.135285,-34.339222,56.9            19.135281,-34.339209,56.9            19.135284,-34.339186,57            19.135285,-34.339178,57.1            19.135286,-34.339169,57.1            19.135284,-34.339158,57.1            19.135281,-34.339146,57.2            19.135278,-34.339137,57.2            19.135271,-34.339117,57.3            19.135269,-34.339105,57.3            19.135268,-34.339082,57.4            19.135269,-34.339071,57.4            19.13527,-34.339061,57.5            19.13527,-34.339051,57.5            19.135271,-34.33904,57.5            19.135272,-34.33903,57.6            19.135267,-34.338998,57.7            19.135266,-34.338989,57.7            19.135264,-34.33898,57.8            19.135263,-34.338971,57.8            19.135262,-34.338962,57.8            19.135259,-34.338948,57.9            19.135257,-34.338938,57.9            19.135256,-34.338928,57.9            19.135254,-34.338903,58            19.135253,-34.338888,58.1            19.135251,-34.338872,58.1            19.135252,-34.338858,58.2            19.135252,-34.338846,58.2            19.135252,-34.338838,58.3            19.13525,-34.338815,58.4            19.135248,-34.338787,58.4            19.135246,-34.338778,58.5            19.135245,-34.338769,58.5            19.135242,-34.338746,58.5            19.135239,-34.338716,58.6            19.135237,-34.338699,58.7            19.135237,-34.338684,58.7            19.135237,-34.338665,58.7            19.135236,-34.338658,58.8            19.135235,-34.33865,58.8            19.135234,-34.338642,58.8            19.135232,-34.33862,58.8            19.135233,-34.33861,58.9            19.135233,-34.338598,58.9            19.135231,-34.33857,58.9            19.135231,-34.338542,59            19.13523,-34.338531,59            19.135228,-34.338526,59            19.135225,-34.338496,59.1            19.135224,-34.338487,59.2            19.135222,-34.338471,59.2            19.135222,-34.338458,59.2            19.135222,-34.338448,59.3            19.13522,-34.338438,59.3            19.135213,-34.338415,59.4            19.135208,-34.338401,59.4            19.135202,-34.338378,59.5            19.135203,-34.338371,59.5            19.135204,-34.338352,59.5            19.135203,-34.338343,59.6            19.135203,-34.338333,59.6            19.135202,-34.338316,59.6            19.135204,-34.338289,59.7            19.135204,-34.338281,59.7            19.135207,-34.338258,59.8            19.135209,-34.338241,59.8            19.135211,-34.338224,59.8            19.13521,-34.3382,59.9            19.13521,-34.338191,59.9            19.135204,-34.338167,59.9            19.1352,-34.338148,60            19.135192,-34.338131,60            19.13519,-34.338122,60            19.135188,-34.338113,60            19.135185,-34.338099,60            19.135182,-34.338086,60            19.135183,-34.338053,60            19.135184,-34.338047,60            19.135189,-34.338034,60            19.135192,-34.338027,60            19.135195,-34.338013,60            19.135206,-34.337983,60            19.135208,-34.337978,59.9            19.135214,-34.337963,59.9            19.135215,-34.337955,59.9            19.135227,-34.337936,59.9            19.135233,-34.337928,59.9            19.13524,-34.337919,59.8            19.135246,-34.337912,59.8            19.135253,-34.337903,59.8            19.13526,-34.337896,59.7            19.135277,-34.337883,59.7            19.135286,-34.337875,59.6            19.135295,-34.337868,59.6            19.13531,-34.337859,59.5            19.135325,-34.337853,59.5            19.135337,-34.337848,59.4            19.135349,-34.337843,59.4            19.135359,-34.337835,59.3            19.13537,-34.337826,59.2            19.135384,-34.337816,59.2            19.135415,-34.337803,59            19.135429,-34.337794,58.9            19.135437,-34.337789,58.9            19.135444,-34.337783,58.8            19.135451,-34.337778,58.8            19.135467,-34.337763,58.6            19.135477,-34.33776,58.6            19.135489,-34.337755,58.5            19.135496,-34.33775,58.4            19.135501,-34.337745,58.4            19.135509,-34.337738,58.3            19.135522,-34.337728,58.2            19.135537,-34.337718,58.1            19.135549,-34.337708,58            19.135558,-34.337702,58            19.135563,-34.337701,58            19.135577,-34.337697,57.9            19.135586,-34.337691,57.8            19.135595,-34.337682,57.7            19.135614,-34.337664,57.6            19.135624,-34.337656,57.5            19.135635,-34.337649,57.4            19.135646,-34.337644,57.3            19.135659,-34.337637,57.2            19.135672,-34.337631,57.1            19.135697,-34.337614,56.9            19.135707,-34.337603,56.8            19.135713,-34.337593,56.7            19.135716,-34.337588,56.7            19.135734,-34.337571,56.5            19.135741,-34.337566,56.4            19.135747,-34.337561,56.4            19.135761,-34.337553,56.2            19.135775,-34.337543,56.1            19.135787,-34.337534,56            19.135796,-34.337526,55.9            19.135803,-34.337521,55.8            19.135807,-34.337517,55.8            19.135811,-34.337513,55.7            19.135823,-34.337506,55.6            19.135834,-34.337501,55.6            19.135847,-34.337494,55.4            19.135869,-34.33748,55.2            19.135885,-34.337471,55.1            19.135893,-34.337467,55            19.135901,-34.337464,55            19.135909,-34.33746,54.9            19.135934,-34.33744,54.7            19.135949,-34.337431,54.6            19.135962,-34.337423,54.4            19.135972,-34.337417,54.4            19.135981,-34.337411,54.3            19.13599,-34.337403,54.2            19.135999,-34.337396,54.1            19.136023,-34.337382,53.9            19.136038,-34.337373,53.8            19.136051,-34.337363,53.7            19.136068,-34.337356,53.6            19.136076,-34.337352,53.5            19.136084,-34.337349,53.4            19.136092,-34.337345,53.4            19.136105,-34.33734,53.3            19.136114,-34.337332,53.2            19.136126,-34.337327,53.1            19.13614,-34.337319,53            19.136157,-34.337308,52.8            19.136183,-34.337295,52.6            19.136192,-34.33729,52.5            19.136217,-34.33728,52.3            19.136222,-34.337274,52.3            19.136228,-34.337269,52.2            19.136237,-34.337258,52.1            19.136247,-34.337248,52            19.136255,-34.337242,51.9            19.136264,-34.337237,51.8            19.136271,-34.337234,51.8            19.136285,-34.337226,51.7            19.136297,-34.33722,51.6            19.136318,-34.337204,51.4            19.136331,-34.337193,51.2            19.136347,-34.337181,51.1            19.136379,-34.337157,50.8            19.136381,-34.337151,50.7            19.13639,-34.337145,50.6            19.13641,-34.337135,50.5            19.136423,-34.337127,50.4            19.13643,-34.337121,50.3            19.136451,-34.337104,50.1            19.136465,-34.337096,50            19.136482,-34.337088,49.8            19.136495,-34.337085,49.7            19.136504,-34.337082,49.7            19.136522,-34.33707,49.5            19.136548,-34.337051,49.3            19.136563,-34.337044,49.1            19.136589,-34.337032,48.9            19.1366,-34.337025,48.8            19.136602,-34.337021,48.8            19.136624,-34.33701,48.6            19.136639,-34.337002,48.5            19.136654,-34.336994,48.4            19.13667,-34.336987,48.2            19.13669,-34.336978,48.1            19.136723,-34.336965,47.8            19.136728,-34.336955,47.7            19.136728,-34.336944,47.6            19.136735,-34.336943,47.6            19.136744,-34.336936,47.5            19.136767,-34.336927,47.3            19.136778,-34.336918,47.2            19.136798,-34.336905,47            19.136808,-34.3369,47            19.136817,-34.336894,46.9            19.136833,-34.336885,46.7            19.136857,-34.336882,46.6            19.136865,-34.336879,46.5            19.136873,-34.336877,46.4            19.13688,-34.336875,46.4            19.136889,-34.336869,46.3            19.136898,-34.336854,46.2            19.136902,-34.336847,46.1            19.136907,-34.336838,46            19.136916,-34.336818,46            19.136922,-34.336807,46            19.136926,-34.336793,46            19.13693,-34.336764,46            19.13693,-34.336756,46            19.136933,-34.336747,46            19.13694,-34.336727,46            19.136942,-34.336716,46            19.136945,-34.336706,46            19.136949,-34.336695,46            19.136954,-34.33668,46            19.136962,-34.336658,45.9            19.136963,-34.336651,45.8            19.136965,-34.336643,45.8            19.136965,-34.336639,45.8            19.136967,-34.336628,45.7            19.136972,-34.336602,45.5            19.136974,-34.336585,45.4            19.136975,-34.336573,45.3            19.136974,-34.336562,45.3            19.136973,-34.336552,45.2            19.136973,-34.336545,45.2            19.136974,-34.336535,45.1            19.136976,-34.336521,45            19.136979,-34.336507,44.9            19.136983,-34.336493,44.8            19.13699,-34.33648,44.7            19.136996,-34.336465,44.6            19.136998,-34.336451,44.4            19.136999,-34.336443,44.4            19.136999,-34.336436,44.3            19.137,-34.336428,44.2            19.137002,-34.336413,44.1            19.137003,-34.336399,43.9            19.137004,-34.336386,43.7            19.137006,-34.336377,43.6            19.137008,-34.336356,43.4            19.137008,-34.336348,43.3            19.13701,-34.336335,43.1            19.137017,-34.336308,42.8            19.137021,-34.336293,42.6            19.137023,-34.336288,42.5            19.137027,-34.336278,42.4            19.137033,-34.336265,42.2            19.137041,-34.336252,42.1            19.137047,-34.336237,41.9            19.137052,-34.336221,41.8            19.137056,-34.33621,41.7            19.137058,-34.336203,41.6            19.137059,-34.336194,41.5            19.137062,-34.336171,41.3            19.137064,-34.336163,41.3            19.137066,-34.336156,41.2            19.137068,-34.33614,41.1            19.137069,-34.336125,40.9            19.137075,-34.336104,40.8            19.137077,-34.336096,40.7            19.137079,-34.336088,40.6            19.137081,-34.336073,40.6            19.137081,-34.336054,40.4            19.137077,-34.336045,40.4            19.137074,-34.336037,40.4            19.137072,-34.336028,40.3            19.137073,-34.33602,40.3            19.137075,-34.336006,40.2            19.137077,-34.335998,40.2            19.137077,-34.335984,40.2            19.137082,-34.335968,40.1            19.137103,-34.335943,40            19.13711,-34.335935,40            19.137121,-34.335918,39.9            19.137124,-34.335912,39.9            19.137126,-34.335905,39.9            19.137128,-34.335899,39.8            19.137127,-34.335864,39.7            19.137128,-34.335849,39.6            19.137133,-34.33584,39.5            19.137134,-34.335841,39.5            19.137125,-34.335841,39.5            19.137121,-34.335836,39.4            19.137126,-34.335819,39.3            19.137135,-34.335791,39.2            19.137137,-34.335772,39.1            19.13714,-34.335758,39.1            19.137142,-34.335738,39            19.137142,-34.335718,39            19.137147,-34.335689,38.9            19.137151,-34.335675,38.9            19.137155,-34.335651,38.8            19.137161,-34.335652,38.8            19.137163,-34.335649,38.8            19.13717,-34.335631,38.8            19.137163,-34.3356,38.7            19.137165,-34.335583,38.7            19.137168,-34.335569,38.7            19.13718,-34.335543,38.7            19.137181,-34.335531,38.6            19.137185,-34.335519,38.6            19.137189,-34.335491,38.6            19.137192,-34.33548,38.5            19.137196,-34.335464,38.5            19.137218,-34.335427,38.4            19.13722,-34.335412,38.4            19.137223,-34.335397,38.3            19.137225,-34.335382,38.2            19.137226,-34.335368,38.2            19.137223,-34.335345,38.1            19.137222,-34.33534,38.1            19.137224,-34.335316,38            19.137225,-34.3353,37.9            19.137227,-34.335285,37.8            19.137232,-34.33527,37.8            19.137245,-34.335245,37.6            19.137249,-34.335235,37.6            19.137253,-34.335225,37.5            19.137257,-34.335215,37.5            19.137261,-34.335205,37.4            19.137265,-34.335195,37.3            19.137267,-34.33518,37.3            19.137271,-34.335156,37.1            19.137273,-34.33515,37.1            19.137278,-34.335128,37            19.137279,-34.335113,36.9            19.13728,-34.335098,36.8            19.13728,-34.335082,36.7            19.137284,-34.335066,36.6            19.137288,-34.335055,36.5            19.137291,-34.335041,36.4            19.137292,-34.335037,36.3            19.137294,-34.335026,36.2            19.137297,-34.335006,36            19.137298,-34.334998,35.9            19.137298,-34.33499,35.8            19.137303,-34.334967,35.6            19.137306,-34.334955,35.4            19.137308,-34.33495,35.4            19.13731,-34.334942,35.3            19.137315,-34.334931,35.1            19.13732,-34.334923,35            19.13733,-34.334903,35            19.137333,-34.33489,35            19.137338,-34.334875,35            19.137342,-34.334863,35            19.137345,-34.334851,35            19.137354,-34.334829,35            19.137355,-34.334823,35            19.137357,-34.334816,35            19.13736,-34.33481,35            19.137362,-34.334801,35            19.137365,-34.334792,35            19.137371,-34.334767,34.9            19.137373,-34.334752,34.9            19.137376,-34.334737,34.9            19.137377,-34.334714,34.8            19.137378,-34.334704,34.8            19.137379,-34.334695,34.8            19.137382,-34.334687,34.7            19.137387,-34.334676,34.7            19.137395,-34.334656,34.6            19.137398,-34.334647,34.6            19.137402,-34.334639,34.5            19.137405,-34.334628,34.5            19.137406,-34.334615,34.5            19.137405,-34.334606,34.4            19.137405,-34.334584,34.4            19.137403,-34.334571,34.3            19.1374,-34.334549,34.2            19.137399,-34.334538,34.2            19.137395,-34.334524,34.1            19.137396,-34.334516,34.1            19.137396,-34.334509,34.1            19.137397,-34.334501,34            19.137397,-34.334494,34            19.137395,-34.334479,33.9            19.137382,-34.334444,33.8            19.137361,-34.33442,33.7            19.13735,-34.334413,33.6            19.13734,-34.334408,33.6            19.137332,-34.3344,33.5            19.137323,-34.33438,33.4            19.137316,-34.334369,33.3            19.137308,-34.334355,33.3            19.137299,-34.334341,33.1            19.137291,-34.334331,33.1            19.137274,-34.334315,32.9            19.137267,-34.334308,32.8            19.13726,-34.334301,32.8            19.137254,-34.334293,32.7            19.137246,-34.33428,32.6            19.137232,-34.33425,32.3            19.137229,-34.334244,32.3            19.137227,-34.334239,32.2            19.137213,-34.334212,32.1            19.137208,-34.334203,32            19.137208,-34.334195,32            19.137204,-34.334171,31.9            19.137196,-34.334138,32            19.137193,-34.334121,32            19.137185,-34.334107,32            19.137175,-34.334104,32.1            19.137178,-34.334092,32.1            19.137183,-34.33406,32.2            19.137165,-34.334032,32.3            19.137157,-34.334014,32.3            19.137146,-34.334003,32.3            19.137148,-34.334001,32.3            19.137151,-34.333992,32.3            19.13715,-34.333972,32.3            19.137144,-34.333944,32.2            19.137138,-34.333928,32.2            19.137128,-34.333899,32            19.137126,-34.333892,32            19.137124,-34.333884,32            19.13712,-34.333859,31.8            19.137118,-34.333843,31.7            19.137114,-34.333831,31.5            19.137106,-34.333811,31.4            19.137107,-34.333802,31.3            19.137113,-34.333791,31.2            19.13712,-34.333767,30.9            19.137125,-34.333751,30.8            19.137139,-34.33372,30.5            19.137141,-34.333714,30.4            19.137144,-34.333709,30.4            19.137147,-34.333704,30.3            19.13715,-34.333699,30.3            19.137152,-34.333693,30.2            19.137155,-34.333688,30.2            19.137163,-34.333659,29.9            19.137167,-34.333643,29.8            19.13717,-34.333628,29.7            19.137174,-34.333604,29.5            19.137175,-34.333593,29.4            19.137174,-34.333569,29.2            19.137174,-34.333555,29.1            19.137173,-34.333541,29            19.137173,-34.333525,28.8            19.137174,-34.333515,28.8            19.137175,-34.333505,28.7            19.137176,-34.333495,28.6            19.137177,-34.333485,28.5            19.137178,-34.33348,28.5            19.137183,-34.333471,28.4            19.137196,-34.333444,28.1            19.137196,-34.333414,27.8            19.137202,-34.333405,27.7            19.137211,-34.3334,27.6            19.137217,-34.333389,27.5            19.137223,-34.333378,27.4            19.137229,-34.333366,27.2            19.137235,-34.333355,27.1            19.137237,-34.333345,27            19.137237,-34.333321,26.8            19.137249,-34.333293,26.5            19.137256,-34.333282,26.4            19.137264,-34.33327,26.3            19.137266,-34.333265,26.2            19.137269,-34.333259,26.2            19.137274,-34.33325,26.1            19.137279,-34.333239,26            19.137292,-34.333211,25.7            19.1373,-34.333197,25.6            19.137313,-34.333173,25.4            19.13732,-34.333158,25.3            19.137322,-34.333153,25.2            19.13733,-34.333143,25.1            19.13734,-34.333133,25            19.137354,-34.333121,24.9            19.137363,-34.333109,24.8            19.137373,-34.333088,24.6            19.137385,-34.333072,24.4            19.137394,-34.333057,24.2            19.137398,-34.333047,24.1            19.137413,-34.333021,23.9            19.137422,-34.333009,23.8            19.137439,-34.332992,23.6            19.137446,-34.332976,23.4            19.137449,-34.332969,23.4            19.137451,-34.332961,23.3            19.137457,-34.332949,23.2            19.137473,-34.332921,22.9            19.137488,-34.332898,22.7            19.137494,-34.332885,22.6            19.137495,-34.332879,22.5            19.137502,-34.332859,22.3            19.137507,-34.33285,22.2            19.137511,-34.332841,22.2            19.137518,-34.33282,22            19.137521,-34.33281,21.9            19.137535,-34.332811,21.8            19.137545,-34.332808,21.7            19.137555,-34.332778,21.5            19.137554,-34.332762,21.4            19.137555,-34.33273,21.1            19.137559,-34.332708,21            19.137566,-34.332691,20.8            19.137573,-34.332676,20.7            19.137577,-34.332667,20.6            19.137581,-34.332659,20.6            19.137585,-34.332648,20.5            19.137591,-34.332635,20.4            19.137599,-34.33261,20.2            19.137603,-34.332601,20.1            19.137608,-34.332593,20            19.137614,-34.332586,20            19.137622,-34.332575,19.9            19.13763,-34.332556,19.7            19.137631,-34.332545,19.6            19.137634,-34.332531,19.5            19.137639,-34.332516,19.4            19.137639,-34.332505,19.3            19.13764,-34.332495,19.2            19.137642,-34.332486,19.1            19.137645,-34.332478,19.1            19.137648,-34.332466,19            19.137657,-34.332439,18.7            19.137661,-34.332417,18.6            19.137667,-34.332399,18.4            19.137671,-34.332392,18.4            19.137674,-34.332386,18.3            19.137677,-34.332379,18.2            19.137685,-34.332365,18.1            19.137687,-34.332348,18            19.137691,-34.33233,17.8            19.137698,-34.332301,17.6            19.1377,-34.332296,17.5            19.137701,-34.332288,17.5            19.137703,-34.332279,17.4            19.137705,-34.332247,17.1            19.137714,-34.332224,16.8            19.137717,-34.332216,16.7            19.137717,-34.332209,16.7            19.137717,-34.332197,16.6            19.137718,-34.332184,16.4            19.137723,-34.332168,16.3            19.13773,-34.33215,16.1            19.13774,-34.332133,15.9            19.137753,-34.332123,15.8            19.137761,-34.332101,15.6            19.137764,-34.332084,15.5            19.137768,-34.332067,15.3            19.137785,-34.332041,15.1            19.137797,-34.332027,15            19.1378,-34.33202,14.9            19.137803,-34.332013,14.9            19.137806,-34.332005,14.8            19.137809,-34.331998,14.8            19.137812,-34.331991,14.7            19.137809,-34.331977,14.6            19.137801,-34.331975,14.6            19.137796,-34.331974,14.6            19.137799,-34.331971,14.5            19.137809,-34.331966,14.5            19.137819,-34.331947,14.4            19.137824,-34.331924,14.2            19.137825,-34.331916,14.2            19.137826,-34.331909,14.1            19.137823,-34.331887,14            19.137822,-34.331877,13.9            19.137822,-34.331868,13.8            19.137821,-34.331858,13.8            19.13782,-34.331849,13.7            19.137814,-34.331832,13.6            19.137807,-34.331819,13.5            19.137802,-34.331797,13.4            19.137805,-34.331786,13.3            19.137806,-34.331777,13.3            19.137806,-34.331766,13.2            19.137806,-34.331756,13.2            19.137808,-34.331723,13            19.137785,-34.331697,12.9            19.13778,-34.331686,12.9            19.137774,-34.331676,12.9            19.137769,-34.331665,12.8            19.137761,-34.331649,12.8            19.137744,-34.331636,12.8            19.137728,-34.331641,12.8            19.137724,-34.331635,12.8            19.137719,-34.331624,12.8            19.137712,-34.331612,12.8            19.1377,-34.3316,12.8            19.13769,-34.331588,12.9            19.137676,-34.331583,12.9            19.137657,-34.33158,12.9            19.137649,-34.331576,12.9            19.137641,-34.33157,12.9            19.137626,-34.331547,12.9            19.137615,-34.331532,12.8            19.137606,-34.331519,12.8            19.137583,-34.331499,12.7            19.137576,-34.331492,12.7            19.13757,-34.331482,12.7            19.137552,-34.331457,12.5            19.137537,-34.331438,12.4            19.137521,-34.331421,12.3            19.137514,-34.331412,12.3            19.137507,-34.331403,12.2            19.137483,-34.331376,12            19.137478,-34.331368,11.9            19.137471,-34.33136,11.8            19.137465,-34.331352,11.8            19.137458,-34.331344,11.7            19.137452,-34.331336,11.6            19.137446,-34.33133,11.6            19.137421,-34.331313,11.4            19.137407,-34.331301,11.3            19.137391,-34.331287,11.1            19.137385,-34.331283,11.1            19.13738,-34.331274,11            19.137371,-34.331263,10.9            19.137362,-34.33125,10.8            19.137352,-34.331236,10.7            19.137341,-34.331229,10.6            19.137332,-34.331225,10.6            19.137324,-34.33122,10.5            19.137315,-34.331216,10.5            19.137303,-34.331212,10.4            19.137277,-34.331206,10.2            19.137241,-34.331202,10.2            19.137224,-34.331205,10.3            19.1372,-34.331221,10.4            19.137191,-34.331227,10.5            19.137181,-34.331236,10.6            19.13717,-34.331249,10.8            19.137162,-34.331261,10.9            19.137152,-34.331272,11            19.137145,-34.331279,11.1            19.137125,-34.331301,11.4            19.1371,-34.33133,11.7            19.137095,-34.331337,11.8            19.137089,-34.331345,11.9            19.137071,-34.331369,12.2            19.13705,-34.331395,12.6            19.137033,-34.33141,12.8            19.137023,-34.331416,12.9            19.137,-34.331431,13.1            19.136992,-34.331437,13.2            19.136983,-34.331442,13.3            19.136969,-34.331447,13.4            19.136961,-34.331439,13.5            19.136974,-34.331425,13.7            19.136985,-34.33142,13.8            19.13699,-34.331416,13.9            19.13699,-34.331413,13.9            19.136997,-34.331417,14            19.137001,-34.331419,14            19.137003,-34.331421,14.1            19.137004,-34.331423,14.1            19.137005,-34.331424,14.1            19.137006,-34.331424,14.1            19.137007,-34.331424,14.1            19.137006,-34.331424,14.1            19.137007,-34.331425,14.1            19.137007,-34.331424,14.2            19.137007,-34.331425,14.2            19.136997,-34.331435,14.3            19.136987,-34.331444,14.5            19.136987,-34.331448,14.6            19.136987,-34.331451,14.6            19.136988,-34.331454,14.6            19.136986,-34.331453,14.7            19.136974,-34.331459,14.8            19.13696,-34.331467,15            19.136936,-34.331485,15.5            19.136925,-34.331495,15.7            19.136914,-34.331511,16            19.136888,-34.331527,16.5            19.136875,-34.331531,16.7            19.136858,-34.331547,17.1            19.136852,-34.331557,17.3            19.136842,-34.331568,17.5            19.136826,-34.331583,17.9            19.136819,-34.33159,18.1            19.136811,-34.331598,18.2            19.136798,-34.331607,18.5            19.136787,-34.331613,18.7            19.136779,-34.331619,18.8            19.136766,-34.331638,19.2            19.136753,-34.331651,19.4            19.136747,-34.331657,19.5            19.136737,-34.331667,19.7            19.136728,-34.331677,19.9            19.136715,-34.331689,20.1            19.136703,-34.3317,20.3            19.136696,-34.331705,20.4            19.13669,-34.33171,20.5            19.136683,-34.331715,20.6            19.136673,-34.331723,20.8            19.136665,-34.331728,20.9            19.136643,-34.331739,21.2            19.136622,-34.331761,21.6            19.136607,-34.33178,21.9            19.136598,-34.33179,22.1            19.136588,-34.331799,22.3            19.136578,-34.331808,22.5            19.136567,-34.331816,22.7            19.136557,-34.331823,22.8            19.136547,-34.331838,23.1            19.13654,-34.331846,23.3            19.136531,-34.331853,23.4            19.136522,-34.33186,23.6            19.136514,-34.331868,23.7            19.136496,-34.331887,24.1            19.136472,-34.33191,24.6            19.136464,-34.331918,24.7            19.136451,-34.331926,24.9            19.136424,-34.331934,25            19.136405,-34.331938,25            19.136387,-34.331942,25            19.136371,-34.331944,25            19.136358,-34.331942,25            19.136345,-34.33194,25            19.136311,-34.331934,25            19.136286,-34.331926,25.1            19.136276,-34.331925,25.1            19.136267,-34.331924,25.1            19.136257,-34.331923,25.2            19.136248,-34.331922,25.2            19.136238,-34.331921,25.2            19.136221,-34.331919,25.3            19.136209,-34.331917,25.3            19.136199,-34.331915,25.4            19.136189,-34.331914,25.4            19.136178,-34.331913,25.5            19.136158,-34.331911,25.5            19.136141,-34.33191,25.6            19.136126,-34.331907,25.6            19.136116,-34.331904,25.7            19.136109,-34.331902,25.7            19.136089,-34.331902,25.8            19.136075,-34.331901,25.8            19.136047,-34.331894,25.9            19.136037,-34.331891,26            19.136026,-34.33189,26            19.135993,-34.331888,26.1            19.135959,-34.331881,26.3            19.135944,-34.331877,26.3            19.135934,-34.331873,26.3            19.135903,-34.33187,26.5            19.135883,-34.331869,26.5            19.135866,-34.331867,26.6            19.135849,-34.331866,26.7            19.135837,-34.331864,26.7            19.135806,-34.331862,26.8            19.135788,-34.33186,26.9            19.135759,-34.331855,27            19.135737,-34.331852,27.1            19.135726,-34.33185,27.1            19.135714,-34.331849,27.1            19.135703,-34.331847,27.2            19.135691,-34.331846,27.2            19.135678,-34.331842,27.3            19.135669,-34.33184,27.3            19.135658,-34.331836,27.3            19.135623,-34.331827,27.5            19.135619,-34.331826,27.5            19.135614,-34.331825,27.5            19.135602,-34.331822,27.6            19.135594,-34.33182,27.6            19.135585,-34.33182,27.6            19.135554,-34.331812,27.7            19.135535,-34.331806,27.8            19.135523,-34.331802,27.9            19.135515,-34.331799,27.9            19.135491,-34.331794,28            19.135467,-34.331788,28.1            19.135461,-34.331786,28.1            19.135437,-34.331779,28.2            19.135424,-34.331775,28.2            19.135412,-34.331771,28.3            19.135399,-34.331767,28.3            19.135367,-34.331758,28.4            19.135342,-34.33175,28.5            19.135328,-34.331745,28.6            19.135315,-34.331741,28.6            19.135302,-34.331736,28.7            19.135291,-34.33173,28.7            19.135282,-34.331724,28.8            19.13526,-34.331709,28.9            19.135247,-34.3317,28.9            19.135236,-34.331693,29            19.135215,-34.331682,29.1            19.135202,-34.331677,29.1            19.135187,-34.33167,29.2            19.135158,-34.331662,29.3            19.135142,-34.331652,29.4            19.135134,-34.331644,29.4            19.135124,-34.331635,29.5            19.13511,-34.331636,29.5            19.135123,-34.331652,29.6            19.135121,-34.331652,29.6            19.135117,-34.331642,29.7            19.135124,-34.331633,29.7            19.135125,-34.331633,29.7            19.135126,-34.331635,29.7            19.135125,-34.331638,29.7            19.135117,-34.331637,29.8            19.13511,-34.331636,29.8            19.135095,-34.33163,29.8            19.135078,-34.33162,29.9            19.135066,-34.331613,30            19.135051,-34.331605,30            19.135038,-34.3316,30.1            19.135027,-34.331595,30.1            19.135,-34.331587,30.2            19.134972,-34.331584,30.3            19.134961,-34.331582,30.4            19.134951,-34.331583,30.4            19.134927,-34.331584,30.5            19.134909,-34.331584,30.6            19.134896,-34.331583,30.6            19.134881,-34.331579,30.7            19.134873,-34.331577,30.7            19.134862,-34.331576,30.7            19.134826,-34.331571,30.9            19.134791,-34.331567,31            19.134776,-34.331569,31            19.134764,-34.331572,31.1            19.134734,-34.331574,31.2            19.134715,-34.331573,31.3            19.134699,-34.331574,31.3            19.134682,-34.331576,31.4            19.134663,-34.331577,31.4            19.134648,-34.33158,31.5            19.134626,-34.331586,31.6            19.134597,-34.331594,31.7            19.134576,-34.331593,31.8            19.134563,-34.331592,31.8            19.134529,-34.331596,31.9            19.134513,-34.331598,32            19.134498,-34.3316,32            19.134482,-34.331602,32.1            19.134454,-34.331611,32.2            19.134441,-34.331615,32.3            19.134428,-34.331619,32.3            19.134417,-34.331622,32.3            19.134406,-34.331622,32.4            19.134383,-34.331623,32.5            19.134367,-34.331624,32.5            19.134345,-34.331623,32.6            19.134333,-34.331623,32.6            19.134326,-34.331627,32.7            19.134318,-34.331628,32.7            19.134286,-34.331632,32.8            19.13427,-34.331633,32.9            19.134242,-34.331638,33            19.13423,-34.331638,33            19.134217,-34.331639,33.1            19.134202,-34.33164,33.1            19.134188,-34.331642,33.2            19.13417,-34.331644,33.2            19.134148,-34.331646,33.3            19.134114,-34.331655,33.4            19.134104,-34.331661,33.5            19.134084,-34.331679,33.6            19.13406,-34.33171,33.7            19.134053,-34.331717,33.8            19.134045,-34.331723,33.8            19.134038,-34.33173,33.9            19.134031,-34.331737,33.9            19.134008,-34.331737,33.4            19.133994,-34.331737,33.2            19.13398,-34.331736,33            19.133966,-34.331736,32.8            19.133952,-34.331735,32.6            19.133942,-34.331734,32.3            19.133933,-34.331735,32            19.133913,-34.331734,31.9            19.133892,-34.331733,31.7            19.133882,-34.331733,31.5            19.133872,-34.331732,31.3            19.133862,-34.331731,31.2            19.133852,-34.331731,31            19.133842,-34.33173,30.8            19.133833,-34.331731,30.6            19.133823,-34.33173,30.5            19.133805,-34.331732,30.3            19.133792,-34.331735,30.1            19.133781,-34.331736,30            19.133774,-34.331735,29.6            19.133755,-34.331732,29.5            19.133719,-34.331729,29.3            19.133704,-34.331727,29.1            19.13369,-34.331724,29            19.133675,-34.331722,28.8            19.133658,-34.331718,28.6            19.133641,-34.331715,28.5            19.133627,-34.331714,28.3            19.133615,-34.33171,28.1            19.133606,-34.331698,27.5            19.133603,-34.331694,27.3            19.133598,-34.331699,27.1            19.133589,-34.331708,27.5            19.133575,-34.331709,27.3            19.133557,-34.331709,27.1            19.133524,-34.331711,27            19.133511,-34.33171,26.8            19.133483,-34.331708,26.5            19.13345,-34.331706,25.6            19.133435,-34.331705,25.5            19.133419,-34.331703,25.3            19.133414,-34.331703,25.2            19.133383,-34.331706,25            19.133367,-34.331705,24.8            19.133352,-34.331703,24.7            19.133342,-34.331703,24.5            19.133332,-34.331705,24.3            19.133307,-34.331705,24.2            19.133288,-34.331703,23.9            19.133274,-34.331701,23.7            19.13326,-34.331699,23.5            19.133235,-34.331696,23.1            19.133219,-34.331695,22.9            19.133199,-34.331694,22.5            19.133166,-34.331693,22.2            19.133158,-34.331693,21.8            19.133125,-34.33169,21.6            19.133093,-34.331694,21.3            19.133075,-34.331699,20.9            19.133063,-34.331705,20.8            19.133047,-34.331727,21            19.133014,-34.33176,21            19.133005,-34.331768,20.9            19.132995,-34.331777,20.7            19.132985,-34.331786,20.8            19.132976,-34.331794,20.6            19.132966,-34.331803,20.5            19.132955,-34.331813,20.8            19.132949,-34.33182,20.9            19.132938,-34.331839,21.1            19.132927,-34.331858,21.3            19.132924,-34.331864,21.3            19.132926,-34.331868,21.4            19.132917,-34.331877,21.4            19.132907,-34.331885,21.5            19.132898,-34.331893,21.6            19.13289,-34.331904,21.7            19.132886,-34.33191,21.8            19.132881,-34.331916,21.8            19.132862,-34.33193,22            19.13284,-34.33195,22.2            19.132831,-34.331959,22.3            19.132821,-34.331966,22.4            19.132798,-34.331986,22.6            19.132787,-34.331996,22.7            19.132776,-34.332004,22.8            19.132766,-34.33201,22.8            19.132752,-34.332023,23            19.132739,-34.332044,23.1            19.132735,-34.332054,23.2            19.132731,-34.332063,23.3            19.13272,-34.332081,23.4            19.132715,-34.332088,23.5            19.13271,-34.332096,23.5            19.132705,-34.332103,23.6            19.132696,-34.332112,23.7            19.132689,-34.332122,23.8            19.132673,-34.332143,24            19.132666,-34.332154,24.1            19.13266,-34.332163,24.1            19.132648,-34.332176,24.2            19.13264,-34.332187,24.3            19.132631,-34.332196,24.4            19.132622,-34.3322,24.5            19.132603,-34.332207,24.6            19.132589,-34.332216,24.7            19.13256,-34.33224,24.9            19.132552,-34.332246,24.9            19.132535,-34.332256,25            19.132515,-34.332273,25.1            19.132508,-34.332279,25.1            19.1325,-34.332286,25.2            19.132489,-34.332293,25.2            19.13248,-34.332296,25.3            19.132468,-34.3323,25.3            19.132451,-34.332305,25.4            19.132437,-34.332307,25.4            19.132425,-34.332309,25.4            19.132414,-34.332313,25.5            19.1324,-34.332318,25.5            19.132377,-34.332331,25.6            19.13237,-34.332334,25.6            19.132346,-34.332342,25.6            19.132321,-34.332352,25.7            19.13231,-34.332358,25.7            19.132285,-34.332367,25.7            19.132265,-34.332375,25.8            19.132257,-34.332377,25.8            19.132244,-34.33238,25.8            19.132232,-34.332383,25.8            19.132225,-34.332385,25.8            19.132206,-34.332393,25.8            19.132174,-34.332404,25.9            19.132159,-34.332408,25.9            19.132134,-34.332413,25.9            19.132123,-34.332417,25.9            19.132111,-34.33242,25.9            19.132074,-34.332421,25.9            19.132058,-34.332418,25.9            19.13205,-34.332411,25.9            19.132045,-34.332405,25.9            19.132039,-34.332396,25.9            19.132027,-34.332383,25.9            19.132019,-34.332379,25.9            19.131999,-34.332361,25.9            19.13199,-34.332357,26            19.131981,-34.332352,26            19.131972,-34.332348,26            19.13195,-34.33234,26            19.131939,-34.332339,26            19.131913,-34.33234,26            19.131898,-34.33234,26            19.131881,-34.332342,26            19.131863,-34.332345,25.9            19.131836,-34.332351,25.9            19.131826,-34.332351,25.9            19.131796,-34.332355,25.9            19.131778,-34.332356,25.9            19.131761,-34.332358,25.9            19.131745,-34.332358,25.9            19.131735,-34.332359,25.8            19.131721,-34.332361,25.8            19.131683,-34.332366,25.8            19.131649,-34.332373,25.7            19.131638,-34.332376,25.7            19.131616,-34.33238,25.6            19.131599,-34.332382,25.6            19.131571,-34.332384,25.5            19.131559,-34.332384,25.5            19.131546,-34.332384,25.4            19.131534,-34.332387,25.4            19.131523,-34.33239,25.4            19.131511,-34.332392,25.3            19.131499,-34.332395,25.3            19.131463,-34.332398,25.2            19.13145,-34.332398,25.1            19.131437,-34.332399,25.1            19.131424,-34.332399,25            19.131411,-34.332399,25            19.131377,-34.332399,24.9            19.131367,-34.332399,24.8            19.131354,-34.3324,24.8            19.13132,-34.332405,24.7            19.131289,-34.332408,24.6            19.131277,-34.332408,24.5            19.131254,-34.332408,24.5            19.131225,-34.332415,24.4            19.131214,-34.332417,24.4            19.131192,-34.33242,24.3            19.131161,-34.332423,24.3            19.131147,-34.332424,24.2            19.131135,-34.332423,24.2            19.1311,-34.332427,24.2            19.131085,-34.332433,24.1            19.131073,-34.332443,24.1            19.13106,-34.332443,24.1            19.13103,-34.332443,24            19.131008,-34.332443,24            19.130971,-34.332441,24            19.130957,-34.33244,23.9            19.130946,-34.332438,23.9            19.130906,-34.33245,23.9            19.130896,-34.332453,23.9            19.130851,-34.332471,23.8            19.130843,-34.332474,23.8            19.130834,-34.332476,23.8            19.130826,-34.332479,23.8            19.130817,-34.332482,23.8            19.130803,-34.332491,23.7            19.130775,-34.332511,23.7            19.130761,-34.33252,23.7            19.130753,-34.332527,23.7            19.130741,-34.332534,23.7            19.130709,-34.332553,23.7            19.130695,-34.332564,23.7            19.130676,-34.332577,23.7            19.130671,-34.332579,23.7            19.130661,-34.33258,23.7            19.130652,-34.332582,23.8            19.130621,-34.332588,23.8            19.130602,-34.332584,23.8            19.13059,-34.332581,23.8            19.130578,-34.332577,23.8            19.130571,-34.332574,23.8            19.130566,-34.332571,23.8            19.130548,-34.332566,23.8            19.130542,-34.332562,23.8            19.130541,-34.332553,23.8            19.130534,-34.33255,23.8            19.130522,-34.332547,23.8            19.130499,-34.332532,23.9            19.130479,-34.332523,23.9            19.130473,-34.332521,23.9            19.130468,-34.332519,23.9            19.130443,-34.332512,23.9            19.130435,-34.332508,23.9            19.130424,-34.332502,23.9            19.130402,-34.332485,23.9            19.130389,-34.332476,23.9            19.130375,-34.332467,23.9            19.13035,-34.332452,23.9            19.130343,-34.33245,23.9            19.130335,-34.332448,23.9            19.130308,-34.332428,23.9            19.130293,-34.332422,24            19.130273,-34.332415,24            19.130229,-34.332404,24            19.130213,-34.332402,24            19.130196,-34.3324,23.8            19.13018,-34.332398,23.8            19.130164,-34.332396,23.8            19.130147,-34.332397,23.3            19.130132,-34.332398,23.3            19.130115,-34.332397,22.8            19.13011,-34.332396,22.8            19.130073,-34.332389,22.8            19.130065,-34.332387,22.4            19.130046,-34.332385,22.4            19.130031,-34.332384,22.4            19.130019,-34.332383,22            19.130008,-34.332382,22            19.129998,-34.33238,22            19.129959,-34.332376,21.7            19.129949,-34.332376,21.7            19.12993,-34.332375,21.5            19.129898,-34.332377,21.3            19.129875,-34.332382,21.3            19.12986,-34.332384,21.3            19.129846,-34.332385,20.9            19.129831,-34.332387,21            19.129817,-34.332389,21            19.129801,-34.332393,20.5            19.129764,-34.332396,20            19.129749,-34.332393,20            19.129735,-34.332389,20            19.129721,-34.332386,19.5            19.129702,-34.332383,19.5            19.129669,-34.332379,19            19.129659,-34.332377,19            19.129651,-34.332374,19            19.129642,-34.332371,18.4            19.129609,-34.332367,18.4            19.129579,-34.332353,17.9            19.129564,-34.33233,18            19.129561,-34.33232,18            19.129558,-34.332311,18            19.129553,-34.332301,17.6            19.129544,-34.332291,17.6            19.129527,-34.332269,17.7            19.129511,-34.332252,17.1            19.129508,-34.332245,17.1            19.129505,-34.332235,17.1            19.129503,-34.332227,17.1            19.129496,-34.332202,17.1            19.129492,-34.332187,17.1            19.129487,-34.332172,17.2            19.129486,-34.332149,17            19.129486,-34.332141,17            19.129486,-34.332132,17            19.129483,-34.332121,16.8            19.129481,-34.332116,16.8            19.129477,-34.332104,16.8            19.129469,-34.33208,16            19.129465,-34.332067,16            19.12946,-34.332055,15.8            19.129455,-34.332044,15.8            19.12945,-34.332032,15.8            19.129445,-34.33202,15.6            19.129441,-34.332009,15.6            19.129438,-34.332002,15.6            19.129431,-34.331993,15.6            19.129418,-34.331986,15.1            19.129392,-34.331971,15.1            19.129371,-34.331966,14.7            19.129363,-34.331965,14.7            19.129327,-34.33197,14.3            19.129309,-34.331976,14.3            19.129295,-34.331989,13.7            19.129285,-34.331996,13.8            19.129271,-34.331996,13.8            19.129265,-34.332002,13.8            19.12926,-34.332011,13.8            19.12925,-34.332017,13.3            19.129241,-34.332028,13.4            19.129229,-34.33204,13.4            19.129203,-34.332061,12.9            19.129187,-34.332071,12.9            19.129168,-34.332085,12.4            19.129156,-34.332092,12.4            19.129152,-34.332096,12.4            19.129144,-34.332099,12.4            19.129131,-34.332105,12.4            19.129118,-34.332109,11.9            19.129104,-34.332112,11.9            19.129093,-34.332114,11.9            19.12907,-34.332116,11.4            19.129055,-34.332115,11.5            19.129042,-34.332112,11            19.12903,-34.332109,11            19.12902,-34.332104,11            19.129014,-34.3321,11            19.129,-34.33209,11            19.128995,-34.332087,10.5            19.128989,-34.332083,10.5            19.128982,-34.332078,10.5            19.128976,-34.332073,10.5            19.128965,-34.332063,10.5            19.128958,-34.332057,10.5            19.128947,-34.332047,10            19.128917,-34.332032,10            19.128898,-34.332027,9.6            19.128864,-34.332022,8.9            19.128852,-34.332023,8.9            19.12884,-34.332028,9.1            19.128832,-34.332036,9.1            19.128824,-34.332042,8.6            19.128811,-34.33205,8.6            19.128798,-34.332059,8.6            19.128787,-34.332069,8.6            19.128761,-34.332093,8.2            19.128745,-34.332106,8.3            19.128733,-34.33211,8            19.128718,-34.332114,8            19.128704,-34.332117,8            19.128689,-34.332119,7.6            19.128671,-34.332119,7.6            19.128656,-34.332118,7.4            19.128638,-34.332115,7.4            19.128618,-34.332114,7.4            19.128609,-34.332116,7.4            19.128601,-34.332117,7.4            19.128592,-34.332118,7.4            19.128582,-34.332146,7.7            19.128584,-34.332155,7.7            19.128585,-34.332166,7.7            19.128584,-34.332179,7.9            19.12858,-34.33221,7.9            19.128578,-34.332224,7.9            19.128574,-34.332241,7.9            19.12857,-34.332257,7.9            19.128565,-34.332269,7.9            19.128557,-34.332282,7.9            19.128549,-34.332306,7.9            19.128544,-34.332319,7.9            19.128539,-34.332339,7.9            19.128541,-34.332351,7.8            19.128536,-34.332381,7.6            19.128535,-34.332392,7.6            19.128533,-34.332404,7.6            19.128531,-34.332415,7.6            19.128529,-34.332433,7.5            19.128523,-34.33245,7.3            19.128517,-34.332473,7.3            19.128519,-34.332482,7.3            19.128516,-34.33249,7.5            19.128512,-34.3325,7.5            19.128513,-34.332513,7.5            19.128518,-34.332544,7.8            19.128512,-34.332587,8.1            19.128506,-34.332607,8.2            19.128511,-34.332621,8.2            19.128524,-34.332632,8.2            19.128531,-34.332645,8.5            19.12854,-34.332658,8.5            19.128557,-34.332677,8.5            19.128564,-34.332694,8.5            19.12857,-34.332711,8.5            19.128578,-34.332719,8.8            19.128589,-34.332734,8.8            19.128594,-34.33274,8.8            19.128598,-34.332745,8.8            19.128603,-34.33275,8.8            19.12861,-34.332779,8.9            19.128617,-34.332789,9.1            19.128626,-34.332792,9.1            19.128629,-34.332797,9.1            19.128629,-34.332802,9.1            19.128629,-34.332805,9.1            19.128623,-34.332801,9.1            19.12862,-34.332802,9.2            19.128618,-34.332802,9.2            19.128618,-34.332803,9.2            19.128617,-34.332804,9.2            19.128616,-34.332803,9.2            19.128621,-34.332815,9.2            19.128644,-34.33285,9.3            19.128651,-34.332864,9.3            19.128657,-34.332877,9.4            19.128678,-34.332907,9.4            19.128687,-34.33292,9.2            19.128696,-34.332933,9.2            19.128711,-34.33296,9.2            19.12872,-34.332973,9.2            19.128725,-34.332977,9.2            19.128737,-34.332998,9            19.12874,-34.333014,9            19.128742,-34.333029,8.7            19.128743,-34.333057,8.7            19.128744,-34.333069,8.7            19.128745,-34.33308,8.7            19.128749,-34.333104,8.5            19.128749,-34.333121,8.5            19.128751,-34.333154,8.3            19.128751,-34.333166,8.1            19.12875,-34.333178,8.1            19.128748,-34.3332,8            19.128747,-34.333215,8            19.128743,-34.333236,7.9            19.128726,-34.33325,7.5            19.128717,-34.333259,7.6            19.128708,-34.333269,7.4            19.1287,-34.333283,7.4            19.128696,-34.333314,6.8            19.128698,-34.333329,6.8            19.128698,-34.333349,6.8            19.128696,-34.333356,6.8            19.128694,-34.333375,6.8            19.128695,-34.333402,6.8            19.128703,-34.333424,7            19.128706,-34.333433,7            19.128712,-34.333444,6.9            19.128725,-34.333464,6.9            19.12873,-34.333471,7            19.128734,-34.33348,6.9            19.128739,-34.333489,6.9            19.128744,-34.333501,7            19.128752,-34.333517,6.9            19.128765,-34.333546,6.9            19.128769,-34.333555,6.7            19.128775,-34.333569,6.7            19.12878,-34.333582,6.7            19.128786,-34.333598,6.6            19.128791,-34.333616,6.6            19.128796,-34.333633,6.3            19.12881,-34.333666,6.1            19.128815,-34.333677,6.1            19.12882,-34.333688,6.1            19.128825,-34.333694,5.9            19.128831,-34.333705,6            19.12885,-34.333731,5.8            19.128868,-34.333763,5.8            19.128875,-34.333778,6            19.128879,-34.333789,6            19.128884,-34.333799,5.9            19.128902,-34.33383,5.9            19.128907,-34.333837,5.8            19.128919,-34.333866,5.9            19.128922,-34.333875,5.7            19.128925,-34.333885,5.7            19.128932,-34.333892,5.7            19.128937,-34.3339,5.7            19.128941,-34.333911,5.8            19.128947,-34.333923,5.8            19.12896,-34.333955,5.8            19.128959,-34.333968,5.8            19.128955,-34.333994,5.8            19.12895,-34.334005,5.8            19.128946,-34.334016,5.9            19.128943,-34.334023,5.9            19.128937,-34.334053,6.1            19.128933,-34.334073,6.1            19.128929,-34.334089,6.4            19.128922,-34.334118,6.7            19.128924,-34.334132,6.7            19.128929,-34.33414,6.7            19.128944,-34.334168,6.9            19.12895,-34.334195,7.2            19.128948,-34.334206,7.2            19.128951,-34.334234,7.4            19.128952,-34.334244,7.4            19.128958,-34.334257,7.5            19.128958,-34.334267,7.7            19.12897,-34.334269,7.7            19.128983,-34.334294,8            19.128987,-34.334308,8            19.128995,-34.334326,8            19.129006,-34.334331,8.9            19.129021,-34.334348,8.9            19.129026,-34.334357,8.9            19.129031,-34.334365,9.7            19.129027,-34.334379,9.7            19.129024,-34.334393,9.7            19.12902,-34.334407,10.2            19.129013,-34.334435,10.2            19.129011,-34.334444,10.6            19.129007,-34.334464,10.6            19.129006,-34.334473,10.8            19.129004,-34.334481,10.8            19.129004,-34.334495,10.8            19.129014,-34.334529,11.1            19.12902,-34.334547,11.3            19.129027,-34.334567,11.3            19.12903,-34.334567,11.4            19.129034,-34.334573,11.4            19.129028,-34.334594,11.6            19.129021,-34.334614,11.8            19.129015,-34.33463,11.8            19.129012,-34.334647,11.8            19.129003,-34.33468,12            19.128991,-34.334696,11.9            19.128986,-34.334708,11.9            19.128983,-34.334735,11.8            19.128986,-34.334751,11.8            19.128994,-34.334782,11.6            19.128997,-34.334793,11.3            19.129001,-34.334803,11.8            19.129007,-34.334811,11.8            19.129016,-34.334821,11.8            19.129036,-34.334839,11.6            19.129058,-34.334847,12.1            19.129068,-34.33485,12.1            19.129081,-34.334853,12.1            19.129095,-34.334861,12.4            19.129104,-34.334876,12.4            19.129113,-34.334888,12.4            19.129125,-34.334929,12.1            19.129125,-34.334938,11.9            19.129126,-34.334948,11.9            19.129126,-34.334957,11.9            19.129119,-34.334978,11.7            19.129117,-34.334992,11.7            19.129115,-34.335027,11.4            19.129109,-34.335054,11.2            19.129107,-34.335065,11.2            19.129105,-34.335073,11.2            19.129105,-34.335084,11            19.129111,-34.335101,11            19.129114,-34.335111,10.7            19.129118,-34.33512,10.7            19.129132,-34.335147,11            19.129137,-34.335157,11            19.129143,-34.335165,11            19.129153,-34.335176,11            19.129163,-34.335186,10.8            19.129175,-34.335195,11.3            19.129202,-34.335216,11            19.129225,-34.335212,11.8            19.129234,-34.335215,11.6            19.129244,-34.335218,11.6            19.129257,-34.335226,11.6            19.129273,-34.335244,12.1            19.129278,-34.335251,11.8            19.129283,-34.335258,11.8            19.129292,-34.33527,11.8            19.129297,-34.335284,11.8            19.129298,-34.335301,11.6            19.1293,-34.335312,11.6            19.129312,-34.335339,11.9            19.129316,-34.335356,11.9            19.129317,-34.335374,11.6            19.129318,-34.335389,11.6            19.129317,-34.335402,11.4            19.129311,-34.335421,11.4            19.129308,-34.33543,11.3            19.129304,-34.335438,11.3            19.129296,-34.335451,10.9            19.129289,-34.335466,10.9            19.129284,-34.335482,10.9            19.129285,-34.335493,10.9            19.12928,-34.335514,10.9            19.129269,-34.335522,10.9            19.129257,-34.335529,10.4            19.12925,-34.335557,10.4            19.129248,-34.335567,10.4            19.129257,-34.33559,10.3            19.12926,-34.335602,10.8            19.129253,-34.335608,10.2            19.129249,-34.335621,10.3            19.129244,-34.335629,10.3            19.129238,-34.335646,10.2            19.129236,-34.335657,10.2            19.129241,-34.335683,10.1            19.129245,-34.335693,10.1            19.129254,-34.335707,10.1            19.129255,-34.335712,10.1            19.129255,-34.335718,10.1            19.129256,-34.335723,10.1            19.129257,-34.335729,10.1            19.129264,-34.335741,10.3            19.12927,-34.335753,10.3            19.129277,-34.335765,10.3            19.129284,-34.335777,10.3            19.129288,-34.335789,10.4            19.129293,-34.335804,10.4            19.129295,-34.335811,10.4            19.129301,-34.335821,10.6            19.12931,-34.335832,10.6            19.129321,-34.335843,10.6            19.129337,-34.335868,10.5            19.129342,-34.335877,10.5            19.129361,-34.335893,10.7            19.129368,-34.3359,10.7            19.129375,-34.335908,10.7            19.129386,-34.335917,11.2            19.1294,-34.335947,10.9            19.129411,-34.335968,10.7            19.129419,-34.335979,10.7            19.12942,-34.335986,10.7            19.129422,-34.335992,10.7            19.129428,-34.336004,10.6            19.129428,-34.33602,10.7            19.129428,-34.336039,10.7            19.129432,-34.336056,11.2            19.129435,-34.336069,11.2            19.129438,-34.336084,11.2            19.12944,-34.33609,11.2            19.129442,-34.336095,11.2            19.129446,-34.336102,11.2            19.12945,-34.33611,11.2            19.129459,-34.336123,11.2            19.129468,-34.336135,11.2            19.129478,-34.336152,11.4            19.129488,-34.336166,11.4            19.129503,-34.336186,10.9            19.12951,-34.336193,10.9            19.129517,-34.336201,11.5            19.129529,-34.336212,11            19.12955,-34.336239,11            19.129561,-34.336248,11.3            19.129571,-34.336268,11.3            19.129575,-34.336275,11.3            19.12958,-34.336283,11            19.129591,-34.336295,11            19.129602,-34.336314,11.6            19.129603,-34.336327,11.6            19.129604,-34.336345,11.6            19.129609,-34.336357,11.3            19.129609,-34.336364,11.3            19.129611,-34.336373,11.3            19.129615,-34.33638,11.3            19.129621,-34.336392,11.1            19.129626,-34.336401,11.1            19.129629,-34.336423,10.8            19.129633,-34.336431,10.8            19.129636,-34.33644,10.8            19.129642,-34.336454,10.8            19.12965,-34.336468,11.4            19.129661,-34.336483,11.4            19.129669,-34.336498,11.1            19.129684,-34.3365,11.2            19.12969,-34.33651,11.2            19.129699,-34.336512,11.3            19.12971,-34.336516,11.3            19.129729,-34.336524,11.4            19.129749,-34.336536,11.6            19.129754,-34.336543,11.6            19.12976,-34.336549,11.7            19.129772,-34.336558,11.8            19.129783,-34.336568,11.8            19.129791,-34.336575,11.9            19.129799,-34.33658,12            19.129805,-34.336584,12            19.129815,-34.336592,12.1            19.129829,-34.336606,12.2            19.129837,-34.336614,12.3            19.129844,-34.336627,12.3            19.129851,-34.336639,12.4            19.129859,-34.336649,12.5            19.129866,-34.336658,12.6            19.129874,-34.336669,12.6            19.129883,-34.336679,12.7            19.129892,-34.336691,12.8            19.129898,-34.336697,12.8            19.129907,-34.336716,12.9            19.12991,-34.336724,13            19.129914,-34.336732,13            19.129919,-34.336742,13.1            19.129927,-34.336757,13.2            19.129932,-34.336764,13.2            19.129933,-34.336774,13.2            19.129936,-34.336787,13.3            19.129937,-34.336804,13.3            19.129938,-34.336819,13.4            19.12994,-34.336834,13.4            19.129941,-34.336847,13.5            19.129946,-34.336859,13.5            19.129947,-34.336879,13.5            19.129948,-34.336893,13.5            19.129952,-34.336908,13.5            19.129956,-34.336924,13.5            19.129962,-34.33694,13.5            19.129967,-34.336951,13.5            19.129969,-34.336963,13.5            19.129972,-34.336973,13.5            19.129975,-34.336992,13.5            19.129977,-34.337,13.5            19.129979,-34.337009,13.5            19.129983,-34.337021,13.4            19.12999,-34.337037,13.4            19.129994,-34.337052,13.4            19.129999,-34.337068,13.3            19.130003,-34.337078,13.3            19.130007,-34.337086,13.2            19.130012,-34.337094,13.2            19.130019,-34.337104,13.2            19.130028,-34.337114,13.1            19.130035,-34.337124,13.1            19.130043,-34.337137,13            19.130051,-34.337155,12.9            19.130058,-34.337169,12.8            19.13007,-34.337185,12.7            19.130076,-34.337193,12.6            19.130081,-34.337201,12.6            19.130089,-34.337212,12.5            19.130097,-34.337224,12.4            19.130104,-34.337237,12.4            19.13011,-34.337252,12.3            19.130114,-34.337269,12.2            19.130117,-34.337281,12.1            19.130119,-34.337293,12.1            19.130123,-34.337301,12            19.130129,-34.337321,11.9            19.130132,-34.33733,11.9            19.130134,-34.33734,11.8            19.13014,-34.337366,11.7            19.130143,-34.337377,11.7            19.130148,-34.337391,11.7            19.130153,-34.337403,11.6            19.130158,-34.337413,11.6            19.130163,-34.337422,11.6            19.130171,-34.337433,11.5            19.130188,-34.337449,11.5            19.130198,-34.337456,11.5            19.130208,-34.337464,11.5            19.130222,-34.337474,11.4            19.130239,-34.337485,11.4            19.13025,-34.337491,11.4            19.13026,-34.337499,11.4            19.130268,-34.337509,11.4            19.130279,-34.337519,11.4            19.130296,-34.337534,11.4            19.130303,-34.337544,11.4            19.13032,-34.337555,11.4            19.130334,-34.337568,11.4            19.130343,-34.337573,11.4            19.130346,-34.337573,11.5            19.130367,-34.337587,11.5            19.130377,-34.337592,11.5            19.130387,-34.337598,11.5            19.130403,-34.337607,11.5            19.130417,-34.337617,11.6            19.130429,-34.337628,11.6            19.130441,-34.337638,11.6            19.130451,-34.337649,11.6            19.130458,-34.337655,11.6            19.130469,-34.337661,11.7            19.130481,-34.337669,11.7            19.130494,-34.337679,11.7            19.130504,-34.33769,11.7            19.130515,-34.337706,11.7            19.130522,-34.33772,11.7            19.130527,-34.337732,11.6            19.130532,-34.337743,11.6            19.130535,-34.33775,11.6            19.130537,-34.337759,11.6            19.130542,-34.337772,11.5            19.13055,-34.337786,11.5            19.130556,-34.337802,11.4            19.130562,-34.337818,11.3            19.130564,-34.33783,11.3            19.130566,-34.337841,11.2            19.130568,-34.337849,11.2            19.130572,-34.337868,11.1            19.130575,-34.337878,11            19.130577,-34.337887,10.9            19.130584,-34.337909,10.8            19.130587,-34.337918,10.7            19.130589,-34.337927,10.6            19.130589,-34.337944,10.5            19.130591,-34.337958,10.4            19.130595,-34.337968,10.3            19.130602,-34.337979,10.2            19.130612,-34.337991,10.1            19.130616,-34.338006,10            19.130621,-34.33802,9.8            19.130626,-34.338033,9.7            19.130637,-34.338041,9.6            19.130647,-34.338048,9.6            19.130649,-34.338052,9.5            19.130667,-34.338074,9.3            19.130675,-34.338086,9.2            19.130684,-34.338097,9.1            19.130692,-34.338109,9            19.1307,-34.338125,8.9            19.130707,-34.338142,8.8            19.130714,-34.338156,8.7            19.130722,-34.338171,8.6            19.130728,-34.338183,8.5            19.130732,-34.338191,8.5            19.130737,-34.338201,8.5            19.130746,-34.338213,8.4            19.130766,-34.338237,8.3            19.130778,-34.33825,8.2            19.130791,-34.338265,8.2            19.130801,-34.338274,8.2            19.130813,-34.338284,8.2            19.130823,-34.338289,8.2            19.130834,-34.338295,8.2            19.130847,-34.338303,8.2            19.130863,-34.33831,8.2            19.130876,-34.338318,8.2            19.130893,-34.338328,8.2            19.130907,-34.338338,8.2            19.130917,-34.338343,8.2            19.130922,-34.338354,8.3            19.130942,-34.338366,8.3            19.130952,-34.33837,8.3            19.130962,-34.338375,8.4            19.130978,-34.338385,8.4            19.130993,-34.338395,8.5            19.131011,-34.338406,8.5            19.131026,-34.338412,8.6            19.131051,-34.338418,8.6            19.131058,-34.338423,8.6            19.131065,-34.338428,8.7            19.131072,-34.338433,8.7            19.131079,-34.338438,8.7            19.131097,-34.338452,8.8            19.131105,-34.338457,8.8            19.131116,-34.338467,8.8            19.131127,-34.338478,8.8            19.131135,-34.338489,8.9            19.131141,-34.338498,8.9            19.131146,-34.338508,8.9            19.13115,-34.338516,8.9            19.131154,-34.338527,9            19.13116,-34.338543,9            19.131167,-34.338559,9            19.131173,-34.338575,9            19.131179,-34.338591,9            19.131186,-34.338609,9            19.13119,-34.338631,9            19.131191,-34.338638,9.1            19.131191,-34.338646,9.1            19.131192,-34.33866,9.1            19.131193,-34.338672,9.1            19.131195,-34.338703,9.2            19.131197,-34.338723,9.2            19.131197,-34.33874,9.2            19.131197,-34.338754,9.2            19.131198,-34.338766,9.2            19.131198,-34.338774,9.2            19.1312,-34.338783,9.2            19.131208,-34.33881,9.2            19.131214,-34.338824,9.2            19.13122,-34.33884,9.2            19.131224,-34.338854,9.1            19.131227,-34.338867,9.1            19.131243,-34.338886,9.1            19.131254,-34.338895,9.1            19.131264,-34.338904,9.1            19.131275,-34.338913,9.1            19.131286,-34.338922,9.1            19.131306,-34.338944,9.1            19.131313,-34.338951,9.1            19.131327,-34.338964,9.1            19.131338,-34.338972,9.1            19.131357,-34.338986,9.1            19.131367,-34.338995,9.2            19.131376,-34.339003,9.2            19.131385,-34.339012,9.2            19.131398,-34.339024,9.2            19.131409,-34.339035,9.2            19.13142,-34.339041,9.2            19.13143,-34.339045,9.2            19.131441,-34.33905,9.2            19.131456,-34.339074,9.3            19.131464,-34.33909,9.3            19.131469,-34.339107,9.3            19.131475,-34.339131,9.3            19.131477,-34.339138,9.3            19.131478,-34.339144,9.3            19.131486,-34.339171,9.3            19.131488,-34.33919,9.3            19.131492,-34.339218,9.3            19.131498,-34.339234,9.3            19.131505,-34.339267,9.3            19.131506,-34.339283,9.3            19.131505,-34.33929,9.2            19.131503,-34.339296,9.2            19.131497,-34.339331,9.1            19.131495,-34.33934,9.1            19.13149,-34.339356,9.1            19.131487,-34.339369,9            19.131481,-34.339389,9            19.131479,-34.339394,8.9            19.131476,-34.3394,8.9            19.131473,-34.339405,8.9            19.131469,-34.339417,8.9            19.131467,-34.339432,8.8            19.131464,-34.339462,8.7            19.131464,-34.339479,8.6            19.131465,-34.339491,8.6            19.131467,-34.339505,8.5            19.131468,-34.339516,8.5            19.131468,-34.339526,8.5            19.13147,-34.339538,8.4            19.131471,-34.33955,8.4            19.131473,-34.339562,8.3            19.131476,-34.339578,8.3            19.131487,-34.339614,8.2            19.131494,-34.339627,8.1            19.131501,-34.339639,8.1            19.131514,-34.339653,8.1            19.131531,-34.339671,8.1            19.131537,-34.33968,8            19.131544,-34.339688,8            19.131555,-34.339701,8            19.131565,-34.339711,8            19.131582,-34.339719,8            19.131589,-34.339723,8            19.131597,-34.339726,8            19.131604,-34.33973,8.1            19.131637,-34.339753,8.1            19.13165,-34.339764,8.2            19.131661,-34.339774,8.2            19.131674,-34.33979,8.3            19.131698,-34.339804,8.4            19.131713,-34.339814,8.4            19.131736,-34.339831,8.5            19.13175,-34.339847,8.6            19.131756,-34.339854,8.7            19.131772,-34.339872,8.8            19.131783,-34.339886,8.9            19.131794,-34.3399,9            19.131805,-34.339917,9.2            19.131816,-34.339932,9.3            19.131836,-34.339953,9.5            19.131844,-34.339959,9.5            19.131851,-34.339966,9.6            19.131861,-34.339976,9.7            19.131888,-34.340006,10            19.131893,-34.340019,10.1            19.1319,-34.340032,10.2            19.131905,-34.340042,10.2            19.131911,-34.340051,10.3            19.131926,-34.340072,10.5            19.131934,-34.340084,10.6            19.131942,-34.340096,10.7            19.131952,-34.340111,10.8            19.131959,-34.340123,10.9            19.131967,-34.340137,11            19.131978,-34.340157,11.2            19.131982,-34.340164,11.2            19.131991,-34.340184,11.4            19.131997,-34.340195,11.4            19.132008,-34.340209,11.5            19.132014,-34.340223,11.6            19.132019,-34.340237,11.7            19.132024,-34.340249,11.8            19.132029,-34.34026,11.9            19.132039,-34.340283,12            19.132045,-34.340304,12.1            19.13205,-34.340318,12.2            19.132055,-34.340349,12.3            19.132059,-34.340374,12.4            19.132064,-34.340389,12.5            19.13207,-34.340403,12.6            19.132076,-34.340417,12.6            19.132084,-34.340437,12.7            19.132085,-34.340444,12.7            19.132089,-34.340453,12.8            19.132092,-34.34046,12.8            19.132098,-34.340479,12.9            19.1321,-34.340495,12.9            19.132104,-34.340512,12.9            19.132108,-34.340529,13            19.132112,-34.340546,13            19.132116,-34.340563,13.1            19.132122,-34.340578,13.1            19.132128,-34.340599,13.1            19.132136,-34.340622,13.1            19.132142,-34.340643,13.1            19.132143,-34.34065,13.2            19.132144,-34.340666,13.2            19.13214,-34.340694,13.2            19.132137,-34.340727,13.1            19.132138,-34.34074,13.1            19.132138,-34.340754,13.1            19.132137,-34.340772,13.1            19.132131,-34.340801,13            19.132125,-34.340818,13            19.132117,-34.340848,12.9            19.132116,-34.340866,12.8            19.132116,-34.340883,12.8            19.132113,-34.340902,12.7            19.132103,-34.340911,12.6            19.132091,-34.340919,12.6            19.132082,-34.340917,12.5            19.13209,-34.340898,12.4            19.132099,-34.34089,12.4            19.132106,-34.340884,12.3            19.132119,-34.340877,12.2            19.132123,-34.340872,12.2            19.132125,-34.340871,12.2            19.132125,-34.340872,12.2            19.132123,-34.340871,12.2            19.132121,-34.340872,12.2            19.13212,-34.340873,12.2            19.132115,-34.340878,12.1            19.13211,-34.340884,12.1            19.132097,-34.340907,11.9            19.132088,-34.340918,11.8            19.132076,-34.340929,11.7            19.132065,-34.34094,11.6            19.132053,-34.340953,11.5            19.132043,-34.340964,11.4            19.132022,-34.34099,11.2            19.131999,-34.341016,11            19.131992,-34.341021,11            19.131973,-34.341034,10.8            19.131958,-34.341043,10.7            19.131929,-34.341061,10.5            19.131912,-34.341075,10.4            19.131902,-34.341086,10.3            19.131885,-34.341107,10.1            19.131877,-34.341114,10            19.13187,-34.341122,10            19.131862,-34.341129,9.9            19.131854,-34.341137,9.8            19.131847,-34.341149,9.8            19.131837,-34.341166,9.6            19.131821,-34.341185,9.5            19.131815,-34.341196,9.4            19.131802,-34.341209,9.3            19.131798,-34.341223,9.2            19.131786,-34.341244,9.1            19.131779,-34.341253,9            19.131773,-34.341263,9            19.131749,-34.34129,8.8            19.131742,-34.3413,8.8            19.131735,-34.341309,8.7            19.131728,-34.341319,8.7            19.13172,-34.34133,8.6            19.131712,-34.341341,8.5            19.131704,-34.341352,8.5            19.131694,-34.341366,8.4            19.131688,-34.341383,8.4            19.131681,-34.341408,8.3            19.131678,-34.341416,8.3            19.131672,-34.341441,8.2            19.13167,-34.341456,8.2            19.131667,-34.34147,8.1            19.131658,-34.341493,8.1            19.131658,-34.341502,8.1            19.131658,-34.34151,8            19.131659,-34.341519,8            19.131659,-34.341527,8            19.131659,-34.341536,8            19.131663,-34.341554,8            19.13167,-34.341568,7.9            19.131681,-34.341599,7.9            19.131681,-34.341638,7.9            19.131683,-34.341662,7.8            19.131683,-34.341675,7.8            19.131684,-34.341688,7.8            19.131685,-34.3417,7.8            19.131685,-34.341713,7.8            19.131686,-34.341726,7.8            19.131683,-34.341747,7.8            19.131673,-34.34178,7.7            19.131667,-34.341794,7.7            19.13166,-34.341804,7.7            19.131652,-34.341812,7.6            19.131642,-34.341821,7.6            19.131615,-34.341843,7.5            19.131599,-34.341853,7.5            19.131577,-34.341872,7.4            19.131572,-34.341876,7.4            19.131543,-34.34189,7.3            19.131527,-34.341898,7.3            19.131512,-34.341905,7.2            19.131488,-34.341919,7.2            19.131465,-34.341933,7.1            19.131455,-34.341937,7.1            19.131446,-34.341942,7            19.131437,-34.341946,7            19.131427,-34.341951,7            19.131418,-34.341955,6.9            19.131402,-34.341964,6.9            19.131377,-34.341988,6.8            19.131363,-34.342,6.7            19.131351,-34.342016,6.7            19.131326,-34.342035,6.6            19.131315,-34.342029,6.6            19.131305,-34.342039,6.6            19.131282,-34.342061,6.5            19.131271,-34.342073,6.4            19.131259,-34.342084,6.4            19.131241,-34.342096,6.4            19.131227,-34.342106,6.3            19.131205,-34.342127,6.3            19.131196,-34.342136,6.3            19.131188,-34.34215,6.2            19.131172,-34.342161,6.2            19.131162,-34.342194,6.1            19.131156,-34.34221,6.1            19.131158,-34.342226,6.1            19.131157,-34.342251,6.1            19.131161,-34.342267,6            19.13116,-34.342275,6            19.13116,-34.342282,6            19.131159,-34.342299,6            19.131164,-34.342333,6            19.131164,-34.342345,6            19.131165,-34.342357,6            19.131167,-34.342377,6            19.13116,-34.342379,6            19.131161,-34.342391,6            19.131168,-34.342411,6            19.131169,-34.342421,6            19.131171,-34.342432,6            19.131177,-34.342466,6.1            19.131174,-34.342485,6.1            19.131178,-34.342511,6.1            19.131183,-34.342526,6.1            19.131186,-34.342537,6.1            19.131189,-34.342548,6.1            19.131193,-34.34256,6.1            19.131196,-34.342571,6.1            19.131199,-34.342582,6.1            19.131207,-34.342595,6.1            19.13121,-34.342613,6.1            19.131214,-34.342631,6.1            19.131219,-34.342645,6.1            19.131224,-34.342662,6.1            19.131222,-34.342672,6.1            19.13122,-34.342682,6.1            19.131218,-34.342692,6.1            19.131216,-34.342702,6.1            19.131209,-34.342721,6.1            19.1312,-34.342735,6.1            19.13118,-34.342753,6.1            19.13117,-34.342758,6.1            19.131148,-34.342765,6.1            19.131129,-34.342768,6.1            19.131105,-34.342771,6            19.131082,-34.342773,6            19.131048,-34.342778,6            19.131034,-34.34278,6            19.131022,-34.342784,5.9            19.130983,-34.342794,5.9            19.130967,-34.342802,5.9            19.130952,-34.342813,5.8            19.130935,-34.342823,5.8            19.130919,-34.342833,5.8            19.130896,-34.342852,5.7            19.130888,-34.342859,5.7            19.130857,-34.342878,5.6            19.130847,-34.342892,5.6            19.130834,-34.342906,5.5            19.130823,-34.342917,5.5            19.130815,-34.342924,5.4            19.130807,-34.34293,5.4            19.130798,-34.342937,5.4            19.13079,-34.342943,5.4            19.130754,-34.342957,5.3            19.130743,-34.342974,5.3            19.130732,-34.34299,5.2            19.130724,-34.343003,5.2            19.130727,-34.343012,5.2            19.130729,-34.343017,5.2            19.130735,-34.343038,5.2            19.13074,-34.343047,5.2            19.130744,-34.343056,5.2            19.130745,-34.343091,5.3            19.130747,-34.343106,5.3            19.130759,-34.343116,5.4            19.130764,-34.343125,5.4            19.130774,-34.343137,5.4            19.130781,-34.343147,5.5            19.130792,-34.343181,5.6            19.1308,-34.343197,5.7            19.130812,-34.343224,5.8            19.130819,-34.343235,5.9            19.130826,-34.343244,5.9            19.130833,-34.343249,6            19.130845,-34.343258,6            19.130858,-34.343269,6.1            19.130871,-34.343279,6.2            19.13089,-34.34329,6.3            19.130909,-34.343295,6.3            19.130929,-34.343301,6.4            19.130939,-34.343306,6.5            19.130962,-34.343317,6.6            19.130979,-34.34332,6.6            19.130997,-34.343325,6.7            19.13103,-34.343341,6.9            19.131056,-34.343353,7            19.131062,-34.34336,7            19.131089,-34.343369,7.1            19.131103,-34.343374,7.1            19.131122,-34.343378,7.2            19.131159,-34.343383,7.3            19.131165,-34.34338,7.3            19.131169,-34.343397,7.4            19.131179,-34.343405,7.4            19.131201,-34.343406,7.4            19.131243,-34.343403,7.5            19.131263,-34.343401,7.5            19.13128,-34.343399,7.6            19.131298,-34.343394,7.6            19.131319,-34.343389,7.6            19.131331,-34.343387,7.7            19.131343,-34.343384,7.7            19.131374,-34.343371,7.7            19.131383,-34.343366,7.7            19.131393,-34.343357,7.8            19.131403,-34.343362,7.8            19.131416,-34.34336,7.8            19.131431,-34.343356,7.8            19.131446,-34.343351,7.9            19.131461,-34.343347,7.9            19.131492,-34.343327,8            19.131502,-34.343322,8            19.131519,-34.343316,8            19.13154,-34.343313,8.1            19.131553,-34.343313,8.1            19.131573,-34.343316,8.2            19.131613,-34.343313,8.4            19.131636,-34.343315,8.4            19.131652,-34.343314,8.5            19.131678,-34.343309,8.6            19.131683,-34.343304,8.6            19.131705,-34.343296,8.8            19.131717,-34.343292,8.8            19.13173,-34.343289,8.9            19.131745,-34.343286,9            19.131762,-34.343284,9            19.131794,-34.343294,9.2            19.131801,-34.343298,9.3            19.131808,-34.343304,9.3            19.131819,-34.343311,9.4            19.131852,-34.343328,9.6            19.13186,-34.343332,9.7            19.131876,-34.34334,9.8            19.131891,-34.343347,9.9            19.131904,-34.343352,9.9            19.131919,-34.343356,10            19.131942,-34.343361,10.1            19.131957,-34.343368,10.2            19.131982,-34.343389,10.4            19.13199,-34.343399,10.5            19.131994,-34.343413,10.6            19.131989,-34.343414,10.6            19.131981,-34.343406,10.7            19.131979,-34.343408,10.7            19.131977,-34.343408,10.7            19.131976,-34.343404,10.7            19.131976,-34.343402,10.7            19.131976,-34.3434,10.8            19.131975,-34.343399,10.8            19.131976,-34.343399,10.8            19.131976,-34.343398,10.8            19.131978,-34.343397,10.8            19.131977,-34.343397,10.8            19.131988,-34.343416,10.9            19.131998,-34.343432,11            19.132007,-34.343442,11.1            19.132014,-34.343447,11.2            19.132021,-34.343456,11.2            19.132027,-34.343461,11.3            19.132029,-34.343463,11.3            19.132031,-34.343466,11.3            19.132043,-34.343484,11.4            19.132072,-34.343507,11.6            19.13208,-34.343511,11.7            19.132097,-34.343519,11.8            19.132118,-34.343525,11.9            19.132136,-34.343529,12            19.132152,-34.343534,12.1            19.132178,-34.343536,12.2            19.132188,-34.343536,12.3            19.132197,-34.343535,12.3            19.132219,-34.343529,12.4            19.132229,-34.343524,12.5            19.13224,-34.34352,12.6            19.132257,-34.343516,12.7            19.132275,-34.343511,12.8            19.132299,-34.343501,12.9            19.132307,-34.343497,13            19.132316,-34.343493,13            19.132328,-34.343491,13.1            19.132339,-34.34349,13.2            19.132356,-34.343487,13.3            19.132374,-34.343482,13.4            19.13239,-34.343475,13.5            19.132424,-34.343463,13.7            19.132439,-34.343456,13.8            19.132451,-34.343451,13.9            19.132473,-34.343446,14            19.132483,-34.343447,14            19.132498,-34.343447,14.1            19.132517,-34.343446,14.2            19.132535,-34.343447,14.3            19.132556,-34.343452,14.4            19.132572,-34.343455,14.5            19.132601,-34.343457,14.6            19.132613,-34.343459,14.7            19.132628,-34.343462,14.7            19.132643,-34.343465,14.8            19.132659,-34.343468,14.8            19.132674,-34.343471,14.9            19.132693,-34.343476,15            19.132711,-34.34348,15            19.132725,-34.343484,15            19.132738,-34.343489,15.1            19.132747,-34.343497,15.1            19.132755,-34.343504,15.1            19.132763,-34.343512,15.2            19.132772,-34.34352,15.2            19.132796,-34.343536,15.3            19.13281,-34.343552,15.3            19.132825,-34.343569,15.3            19.132833,-34.343579,15.4            19.13284,-34.34359,15.4            19.132848,-34.3436,15.4            19.132856,-34.34361,15.5            19.132868,-34.343623,15.5            19.132888,-34.343644,15.6            19.132896,-34.343651,15.6            19.132904,-34.343657,15.6            19.132916,-34.343665,15.7            19.132942,-34.343683,15.8            19.132957,-34.343692,15.8            19.132974,-34.343698,15.9            19.132985,-34.343705,15.9            19.132993,-34.34371,16            19.133003,-34.343716,16            19.133029,-34.343723,16.1            19.133065,-34.343733,16.3            19.133091,-34.343738,16.5            19.133102,-34.343741,16.5            19.133109,-34.343743,16.6            19.133122,-34.343746,16.6            19.133155,-34.343751,16.8            19.133177,-34.343755,17            19.133205,-34.343762,17.2            19.133214,-34.343763,17.3            19.133237,-34.343765,17.4            19.133253,-34.343764,17.6            19.133275,-34.343762,17.7            19.133286,-34.343759,17.8            19.1333,-34.343757,17.9            19.133313,-34.343754,18            19.133323,-34.343752,18.1            19.133334,-34.343749,18.2            19.133346,-34.343746,18.3            19.133379,-34.343738,18.6            19.133395,-34.343734,18.8            19.133411,-34.34373,19            19.133426,-34.343727,19.1            19.133442,-34.343723,19.2            19.133462,-34.343719,19.4            19.133492,-34.343709,19.7            19.133504,-34.343706,19.8            19.133531,-34.343697,20.1            19.13353,-34.343683,20.2            19.133538,-34.343687,20.3            19.13356,-34.343681,20.5            19.133588,-34.343681,20.8            19.133601,-34.343687,20.9            19.133619,-34.343694,21.1            19.133633,-34.343701,21.2            19.133656,-34.343717,21.5            19.133675,-34.343727,21.6            19.133688,-34.343735,21.7            19.133718,-34.343748,22            19.133734,-34.343754,22.1            19.133758,-34.343763,22.3            19.133768,-34.343769,22.4            19.133788,-34.34378,22.5            19.1338,-34.343785,22.6            19.133821,-34.343799,22.7            19.133832,-34.34381,22.8            19.133841,-34.343819,22.9            19.133853,-34.343834,23            19.13386,-34.34384,23.1            19.133868,-34.343847,23.1            19.133879,-34.343857,23.2            19.133903,-34.343885,23.4            19.133909,-34.343891,23.5            19.133914,-34.343898,23.5            19.133923,-34.343907,23.6            19.13393,-34.343914,23.6            19.133953,-34.34394,23.8            19.133958,-34.343945,23.8            19.13397,-34.343957,23.9            19.133982,-34.343972,24            19.133991,-34.34398,24            19.133999,-34.34399,24.1            19.134003,-34.343999,24.1            19.134011,-34.344019,24.2            19.13402,-34.34403,24.3            19.134031,-34.344039,24.3            19.134037,-34.344044,24.4            19.134045,-34.344051,24.4            19.134052,-34.344058,24.5            19.134069,-34.344078,24.6            19.134082,-34.344093,24.6            19.134104,-34.344114,24.7            19.13411,-34.344121,24.8            19.134117,-34.344127,24.8            19.13414,-34.344146,24.9            19.134154,-34.344156,25            19.134165,-34.344168,25            19.134175,-34.34418,25.1            19.134183,-34.344188,25.1            19.134188,-34.344194,25.1            19.134201,-34.344212,25.2            19.134219,-34.344235,25.3            19.134228,-34.344246,25.3            19.134234,-34.344254,25.3            19.134239,-34.344261,25.3            19.13426,-34.344283,25.4            19.134263,-34.344287,25.4            19.134267,-34.344291,25.4            19.134291,-34.344308,25.5            19.134303,-34.344317,25.7            19.134322,-34.344326,25.9            19.134333,-34.344329,26            19.134343,-34.344333,26.1            19.134355,-34.344338,26.2            19.134382,-34.344347,26.5            19.134407,-34.344343,26.8            19.134424,-34.344339,27            19.134439,-34.344334,27.2            19.134464,-34.344328,27.5            19.134476,-34.344327,27.6            19.134489,-34.344325,27.7            19.134501,-34.344324,27.9            19.134514,-34.344322,28            19.134526,-34.344321,28.2            19.134555,-34.344318,28.5            19.134566,-34.344317,28.6            19.134575,-34.344313,28.7            19.134598,-34.344306,29            19.134609,-34.344304,29.1            19.134621,-34.344302,29.3            19.134629,-34.3443,29.4            19.134636,-34.344297,29.5            19.134645,-34.344292,29.6            19.134679,-34.344285,30            19.134685,-34.344284,30.1            19.134692,-34.344282,30.2            19.134708,-34.344277,30.4            19.134723,-34.344277,30.5            19.134731,-34.344279,30.6            19.134755,-34.344283,30.9            19.134766,-34.344286,31            19.134778,-34.344289,31.2            19.134805,-34.344291,31.5            19.134818,-34.344291,31.6            19.134827,-34.344292,31.8            19.13484,-34.34429,31.9            19.134868,-34.344295,32.2            19.134895,-34.3443,32.6            19.134906,-34.344303,32.7            19.134918,-34.344305,32.8            19.134923,-34.344308,32.9            19.13493,-34.344311,33            19.134958,-34.344318,33.3            19.134976,-34.344321,33.5            19.134989,-34.344324,33.6            19.13501,-34.344334,33.9            19.135019,-34.34434,34            19.135028,-34.344346,34.1            19.135037,-34.344351,34.2            19.135046,-34.344357,34.4            19.135055,-34.344363,34.5            19.135081,-34.344375,34.8            19.135095,-34.344381,34.9            19.135105,-34.344388,35.1            19.135112,-34.344393,35.2            19.13512,-34.344399,35.3            19.135132,-34.344405,35.4            19.135141,-34.34441,35.5            19.135163,-34.344423,35.8            19.135177,-34.34443,35.9            19.135206,-34.344435,36.2            19.135215,-34.34444,36.3            19.135224,-34.344447,36.4            19.135235,-34.344452,36.5            19.135245,-34.344457,36.6            19.135255,-34.344474,36.6            19.135259,-34.344484,36.6            19.13526,-34.344492,36.6            19.13526,-34.344502,36.4            19.135257,-34.344511,36.4            19.135254,-34.344518,36.4            19.135246,-34.344522,36.4            19.135239,-34.34453,36.4            19.135229,-34.344551,36.1            19.135226,-34.344563,36.1            19.135224,-34.344574,35.7            19.135221,-34.344586,35.4            19.13522,-34.344594,35.4            19.135219,-34.344604,35.4            19.13522,-34.34462,35.1            19.135219,-34.344631,35.1            19.135219,-34.344642,34.9            19.135217,-34.344668,34.9            19.135214,-34.344679,34.6            19.13521,-34.344687,34.6            19.135202,-34.344695,34.6            19.135192,-34.344703,34.6            19.135187,-34.344708,34.6            19.135181,-34.344713,34.4            19.135174,-34.344716,33.9            19.135162,-34.344723,33.9            19.135155,-34.344727,33.9            19.135143,-34.344736,33.9            19.135127,-34.344743,33.3            19.135094,-34.344752,33.2            19.135079,-34.344753,32.7            19.135069,-34.344757,32.7            19.135057,-34.344761,32.7            19.135026,-34.344764,32.2            19.135009,-34.344765,32.2            19.134993,-34.344767,31.8            19.134984,-34.344774,31.8            19.134974,-34.344781,31.8          </coordinates></LineString></Placemark><Placemark><name>Finish</name><styleUrl>#icon-1899-FF5252-nodesc</styleUrl><Point><coordinates>            19.134974,-34.344781,31.8          </coordinates></Point></Placemark><Placemark><name>Start</name><styleUrl>#icon-1899-0F9D58-nodesc</styleUrl><Point><coordinates>            19.1339,-34.345536,26.9          </coordinates></Point></Placemark></Folder></Document></kml>