<?xml version="1.0" encoding="UTF-8"?><kml xmlns="http://www.opengis.net/kml/2.2"><Document><name>Delta parkrun</name><description>Delta parkrun</description><Style id="icon-1899-FFEA00-nodesc-normal"><IconStyle><color>ff00eaff</color><scale>1</scale><Icon><href>https://www.gstatic.com/mapspro/images/stock/503-wht-blank_maps.png</href></Icon><hotSpot x="32" xunits="pixels" y="64" yunits="insetPixels"/></IconStyle><LabelStyle><scale>0</scale></LabelStyle><BalloonStyle><text><![CDATA[<h3>$[name]</h3>]]></text></BalloonStyle></Style><Style id="icon-1899-FFEA00-nodesc-highlight"><IconStyle><color>ff00eaff</color><scale>1</scale><Icon><href>https://www.gstatic.com/mapspro/images/stock/503-wht-blank_maps.png</href></Icon><hotSpot x="32" xunits="pixels" y="64" yunits="insetPixels"/></IconStyle><LabelStyle><scale>1</scale></LabelStyle><BalloonStyle><text><![CDATA[<h3>$[name]</h3>]]></text></BalloonStyle></Style><StyleMap id="icon-1899-FFEA00-nodesc"><Pair><key>normal</key><styleUrl>#icon-1899-FFEA00-nodesc-normal</styleUrl></Pair><Pair><key>highlight</key><styleUrl>#icon-1899-FFEA00-nodesc-highlight</styleUrl></Pair></StyleMap><Style id="line-0288D1-5000-nodesc-normal"><LineStyle><color>ffd18802</color><width>5</width></LineStyle><BalloonStyle><text><![CDATA[<h3>$[name]</h3>]]></text></BalloonStyle></Style><Style id="line-0288D1-5000-nodesc-highlight"><LineStyle><color>ffd18802</color><width>7.5</width></LineStyle><BalloonStyle><text><![CDATA[<h3>$[name]</h3>]]></text></BalloonStyle></Style><StyleMap id="line-0288D1-5000-nodesc"><Pair><key>normal</key><styleUrl>#line-0288D1-5000-nodesc-normal</styleUrl></Pair><Pair><key>highlight</key><styleUrl>#line-0288D1-5000-nodesc-highlight</styleUrl></Pair></StyleMap><Folder><name>Fathers_Day_run.gpx</name><Placemark><name>Start/Finish</name><styleUrl>#icon-1899-FFEA00-nodesc</styleUrl><Point><coordinates>            28.0095714,-26.1257981,0          </coordinates></Point></Placemark><Placemark><name>Course</name><styleUrl>#line-0288D1-5000-nodesc</styleUrl><LineString><tessellate>1</tessellate><coordinates>            28.009625,-26.125355,1576.5            28.00962,-26.125342,1576.5            28.00962,-26.125337,1576.5            28.00962,-26.125323,1576.5            28.009625,-26.12531,1576.5            28.009627,-26.1253,1576.5            28.009635,-26.125292,1576.5            28.009643,-26.125295,1576.5            28.009643,-26.125292,1576.5            28.009648,-26.125288,1576.5            28.009652,-26.125287,1576.5            28.009662,-26.12526,1576.4            28.009672,-26.12524,1576.4            28.009675,-26.125222,1576.4            28.00968,-26.125195,1576.4            28.009685,-26.125172,1576.4            28.00969,-26.125153,1576.4            28.00969,-26.125138,1576.4            28.00969,-26.125122,1576.4            28.00969,-26.125103,1576.4            28.00969,-26.12508,1576.4            28.009693,-26.12506,1576.4            28.009695,-26.125035,1576.4            28.009695,-26.125015,1576.4            28.009693,-26.124992,1576.4            28.009695,-26.124973,1576.4            28.009695,-26.12496,1576.5            28.009693,-26.124945,1576.5            28.00969,-26.124928,1576.5            28.00969,-26.12491,1576.5            28.00969,-26.124885,1576.6            28.009693,-26.124868,1576.6            28.00969,-26.124848,1576.6            28.00969,-26.124822,1576.7            28.009687,-26.1248,1576.7            28.009682,-26.124775,1576.8            28.00968,-26.124753,1576.8            28.009685,-26.124733,1576.8            28.00969,-26.124712,1576.9            28.009695,-26.124693,1576.9            28.00969,-26.124675,1576.9            28.009682,-26.124655,1576.9            28.009677,-26.124638,1576.9            28.00968,-26.124623,1576.9            28.00968,-26.124608,1576.9            28.00968,-26.124592,1576.9            28.009682,-26.124573,1576.9            28.009685,-26.124555,1576.9            28.009685,-26.124537,1576.9            28.009685,-26.124518,1576.9            28.009685,-26.124503,1576.8            28.009663,-26.124508,1576.8            28.009653,-26.124495,1576.8            28.009648,-26.124482,1576.8            28.009648,-26.12447,1576.8            28.009645,-26.124458,1576.8            28.009648,-26.124445,1576.7            28.009653,-26.124433,1576.7            28.009653,-26.12442,1576.7            28.009662,-26.124407,1576.7            28.009667,-26.124393,1576.7            28.009677,-26.12438,1576.6            28.009685,-26.124365,1576.6            28.009693,-26.124352,1576.6            28.009698,-26.124337,1576.6            28.009708,-26.12432,1576.5            28.009717,-26.124297,1576.5            28.009727,-26.124277,1576.5            28.009732,-26.124255,1576.4            28.009737,-26.124235,1576.4            28.009745,-26.124218,1576.4            28.009755,-26.124198,1576.4            28.009763,-26.124177,1576.3            28.009768,-26.124158,1576.3            28.009773,-26.12414,1576.3            28.009778,-26.124122,1576.3            28.009783,-26.124102,1576.2            28.009787,-26.124083,1576.2            28.00979,-26.124065,1576.2            28.0098,-26.124048,1576.2            28.009808,-26.124028,1576.2            28.00981,-26.124005,1576.2            28.009805,-26.12397,1576.2            28.00981,-26.12395,1576.3            28.009813,-26.123927,1576.3            28.00981,-26.123903,1576.3            28.009808,-26.123882,1576.3            28.009802,-26.123858,1576.4            28.009802,-26.123837,1576.4            28.009805,-26.123817,1576.4            28.0098,-26.123788,1576.5            28.009802,-26.123765,1576.5            28.009802,-26.123738,1576.5            28.009805,-26.123715,1576.5            28.009808,-26.123688,1576.5            28.009825,-26.123668,1576.5            28.009837,-26.123647,1576.5            28.009855,-26.123628,1576.5            28.00987,-26.123613,1576.5            28.009892,-26.123592,1576.5            28.009907,-26.123573,1576.5            28.009922,-26.123553,1576.5            28.009935,-26.12353,1576.5            28.009953,-26.123508,1576.5            28.009967,-26.12349,1576.5            28.009982,-26.123472,1576.5            28.009998,-26.123452,1576.5            28.010013,-26.123433,1576.5            28.010027,-26.123415,1576.5            28.01004,-26.123397,1576.5            28.010058,-26.123378,1576.5            28.010072,-26.123365,1576.5            28.010087,-26.123352,1576.6            28.0101,-26.123342,1576.6            28.010118,-26.123325,1576.6            28.010132,-26.123313,1576.6            28.010147,-26.123297,1576.6            28.01016,-26.123282,1576.6            28.01017,-26.123268,1576.6            28.010182,-26.123255,1576.6            28.010193,-26.12324,1576.6            28.010207,-26.123227,1576.6            28.01022,-26.123213,1576.6            28.010233,-26.1232,1576.6            28.010242,-26.123182,1576.6            28.010248,-26.123163,1576.6            28.01026,-26.123143,1576.6            28.01027,-26.123125,1576.6            28.010285,-26.123107,1576.5            28.010302,-26.123088,1576.5            28.010317,-26.12307,1576.5            28.010335,-26.123055,1576.5            28.01035,-26.123037,1576.4            28.010367,-26.123015,1576.4            28.01038,-26.122997,1576.3            28.01039,-26.122978,1576.3            28.010405,-26.122965,1576.3            28.010413,-26.122945,1576.2            28.010427,-26.122927,1576.2            28.010442,-26.122905,1576.2            28.010452,-26.122882,1576.1            28.010465,-26.122862,1576.1            28.010478,-26.12284,1576            28.010493,-26.122817,1576            28.010507,-26.122795,1575.9            28.010518,-26.122777,1575.9            28.010528,-26.122757,1575.9            28.010538,-26.122738,1575.9            28.010548,-26.122723,1575.8            28.01056,-26.122702,1575.8            28.010562,-26.122697,1575.8            28.010567,-26.122682,1575.8            28.010575,-26.122665,1575.8            28.010588,-26.122642,1575.7            28.010602,-26.122623,1575.7            28.010612,-26.1226,1575.7            28.010617,-26.122577,1575.7            28.010617,-26.122553,1575.7            28.010625,-26.122532,1575.7            28.01063,-26.122508,1575.6            28.010635,-26.122488,1575.6            28.010645,-26.12247,1575.6            28.010657,-26.122457,1575.6            28.010667,-26.122438,1575.6            28.010675,-26.12242,1575.6            28.010682,-26.122402,1575.5            28.010687,-26.122383,1575.5            28.010693,-26.122368,1575.5            28.010703,-26.122347,1575.5            28.010712,-26.122333,1575.5            28.010722,-26.122313,1575.5            28.010727,-26.122292,1575.4            28.010732,-26.122272,1575.4            28.010737,-26.12225,1575.4            28.010742,-26.12223,1575.4            28.010755,-26.122205,1575.4            28.010765,-26.122185,1575.4            28.010777,-26.122163,1575.4            28.010787,-26.122145,1575.4            28.0108,-26.12213,1575.4            28.010805,-26.122112,1575.3            28.01081,-26.122093,1575.3            28.010815,-26.122073,1575.3            28.01082,-26.122055,1575.3            28.010828,-26.122033,1575.3            28.010842,-26.122015,1575.3            28.010852,-26.121997,1575.3            28.010865,-26.121973,1575.3            28.010878,-26.12195,1575.3            28.010888,-26.121932,1575.3            28.010897,-26.121908,1575.3            28.010907,-26.121887,1575.3            28.01091,-26.121867,1575.3            28.010917,-26.121848,1575.3            28.010917,-26.121835,1575.3            28.010922,-26.121822,1575.3            28.010928,-26.121807,1575.3            28.010933,-26.121788,1575.3            28.010938,-26.121775,1575.2            28.010945,-26.121767,1575.2            28.010948,-26.121757,1575.2            28.010953,-26.121738,1575.2            28.010958,-26.121718,1575.2            28.010967,-26.121702,1575.2            28.010972,-26.121683,1575.2            28.01098,-26.121665,1575.2            28.01099,-26.121645,1575.2            28.011003,-26.121623,1575.2            28.011013,-26.121605,1575.2            28.011022,-26.12159,1575.2            28.011032,-26.121572,1575.2            28.011045,-26.121555,1575.1            28.011058,-26.12154,1575.1            28.011072,-26.121532,1574.7            28.011087,-26.12153,1574.6            28.0111,-26.121532,1574.5            28.011118,-26.121543,1574.4            28.011137,-26.12155,1574.2            28.011152,-26.121553,1574.1            28.011165,-26.121558,1574            28.011187,-26.121563,1573.9            28.011207,-26.121567,1573.7            28.011228,-26.121568,1573.6            28.011248,-26.121563,1573.4            28.01127,-26.121558,1573.2            28.011293,-26.121553,1573            28.011312,-26.121553,1572.9            28.011332,-26.121558,1572.7            28.01135,-26.121563,1572.6            28.011373,-26.121573,1572.4            28.011395,-26.121585,1572.2            28.011415,-26.121592,1572            28.011442,-26.1216,1571.8            28.01146,-26.12161,1571.7            28.011482,-26.121615,1571.5            28.011502,-26.121623,1571.3            28.011525,-26.121628,1571.2            28.011547,-26.121637,1571            28.011567,-26.12165,1570.8            28.011588,-26.12166,1570.7            28.011608,-26.121668,1570.5            28.011632,-26.121673,1570.3            28.011657,-26.121678,1570.1            28.011677,-26.121683,1570            28.011695,-26.121697,1569.8            28.011713,-26.121702,1569.6            28.011732,-26.121707,1569.5            28.01175,-26.121712,1569.3            28.011768,-26.121715,1569.2            28.011792,-26.12172,1569            28.011815,-26.121725,1568.8            28.011842,-26.121728,1568.6            28.011865,-26.12173,1568.4            28.011893,-26.121733,1568.2            28.011917,-26.121738,1568            28.011943,-26.121742,1567.8            28.011967,-26.121743,1567.6            28.01199,-26.121747,1567.4            28.012018,-26.121748,1567.2            28.012042,-26.121753,1567            28.012068,-26.121757,1566.8            28.012092,-26.121767,1566.6            28.01211,-26.121775,1566.4            28.012133,-26.12178,1566.2            28.012152,-26.12179,1566.1            28.012175,-26.121798,1565.9            28.012197,-26.121803,1565.7            28.012215,-26.121812,1565.5            28.012235,-26.121822,1565.3            28.012257,-26.121832,1565.1            28.01228,-26.12184,1564.9            28.012303,-26.121848,1564.7            28.01233,-26.12185,1564.5            28.01236,-26.121853,1564.2            28.012385,-26.121857,1564            28.0124,-26.121858,1563.9            28.012415,-26.121862,1563.8            28.012438,-26.121872,1563.6            28.01246,-26.12188,1563.4            28.012487,-26.12189,1563.2            28.012507,-26.121898,1563.1            28.012528,-26.121905,1562.9            28.012552,-26.12191,1562.7            28.01257,-26.121918,1562.6            28.01259,-26.121927,1562.4            28.012612,-26.121937,1562.2            28.012638,-26.121942,1562            28.012663,-26.121947,1561.8            28.012692,-26.121955,1561.6            28.012722,-26.12196,1561.4            28.01275,-26.121968,1561.1            28.012778,-26.121977,1560.9            28.012802,-26.121982,1560.7            28.012828,-26.121983,1560.5            28.012855,-26.121988,1560.3            28.012878,-26.121995,1560.2            28.012898,-26.122,1560            28.012922,-26.122,1559.8            28.012945,-26.122005,1559.7            28.012968,-26.122007,1559.5            28.012993,-26.122013,1559.3            28.013018,-26.122015,1559.1            28.013045,-26.122018,1558.9            28.013068,-26.12202,1558.7            28.013092,-26.12202,1558.5            28.013118,-26.122028,1558.3            28.013143,-26.122028,1558.1            28.013168,-26.122028,1557.9            28.013188,-26.122028,1557.8            28.01321,-26.122028,1557.6            28.013235,-26.122028,1557.4            28.013257,-26.122028,1557.2            28.013282,-26.122033,1557            28.013303,-26.122033,1556.9            28.013323,-26.122037,1556.7            28.013345,-26.122038,1556.5            28.013368,-26.122038,1556.4            28.013392,-26.122038,1556.2            28.013418,-26.122042,1555.8            28.013442,-26.122047,1555.6            28.013468,-26.122055,1555.3            28.013492,-26.122062,1555.1            28.013515,-26.12207,1554.9            28.013538,-26.122078,1554.7            28.013562,-26.122083,1554.5            28.013585,-26.122088,1554.3            28.013608,-26.122093,1554.1            28.013635,-26.122107,1553.8            28.013663,-26.122117,1553.6            28.013687,-26.122125,1553.4            28.01371,-26.122135,1553.2            28.013733,-26.122143,1553            28.013758,-26.122153,1552.8            28.013782,-26.122162,1552.6            28.013805,-26.12217,1552.4            28.013828,-26.12218,1552.3            28.013847,-26.12219,1552.1            28.013865,-26.122198,1552            28.01388,-26.122203,1551.9            28.013903,-26.122208,1551.7            28.013925,-26.122213,1551.6            28.013948,-26.122218,1551.5            28.013975,-26.122222,1551.3            28.013995,-26.122232,1551.2            28.014023,-26.12224,1551.1            28.01405,-26.122245,1550.9            28.014078,-26.122255,1550.8            28.014102,-26.122263,1550.7            28.014123,-26.122268,1550.6            28.014148,-26.122273,1550.4            28.014173,-26.122282,1550.3            28.014197,-26.122297,1550.2            28.014222,-26.122305,1550.1            28.014245,-26.122318,1550.1            28.014267,-26.122328,1550            28.01429,-26.122342,1549.9            28.014313,-26.122352,1549.9            28.014332,-26.12236,1549.8            28.01435,-26.12237,1549.8            28.014373,-26.12238,1549.7            28.014395,-26.122393,1549.6            28.014415,-26.122398,1549.6            28.014433,-26.122402,1549.5            28.014447,-26.122403,1549.5            28.014462,-26.122402,1549.4            28.014478,-26.122407,1549.4            28.014493,-26.122407,1549.3            28.014515,-26.12241,1549.3            28.014535,-26.122403,1549.2            28.014562,-26.122397,1549.1            28.014585,-26.122393,1549.1            28.014612,-26.122383,1549            28.014632,-26.122375,1548.9            28.014655,-26.12237,1548.8            28.014678,-26.122362,1548.8            28.014703,-26.122355,1548.7            28.014723,-26.122352,1548.7            28.014747,-26.122343,1548.6            28.01477,-26.122337,1548.6            28.014792,-26.122328,1548.5            28.01482,-26.122323,1548.4            28.014838,-26.12232,1548.4            28.01486,-26.122315,1548.3            28.01488,-26.12231,1548.3            28.014902,-26.12231,1548.2            28.014925,-26.122315,1548.2            28.014945,-26.122318,1548.1            28.014962,-26.122325,1548.1            28.01498,-26.122333,1548.1            28.014995,-26.122347,1548            28.01501,-26.122365,1548            28.015022,-26.122383,1547.9            28.015037,-26.122397,1547.9            28.015055,-26.122407,1547.7            28.015068,-26.12242,1547.7            28.015077,-26.12243,1547.7            28.015082,-26.122448,1547.7            28.015083,-26.122462,1547.7            28.015082,-26.12247,1547.7            28.015078,-26.12247,1547.7            28.015078,-26.122475,1547.7            28.015083,-26.12248,1547.7            28.015083,-26.122485,1547.7            28.015083,-26.122495,1547.7            28.015095,-26.122512,1547.7            28.015105,-26.122527,1547.7            28.015118,-26.122545,1547.7            28.015128,-26.122563,1547.6            28.015138,-26.122582,1547.6            28.015147,-26.1226,1547.6            28.015157,-26.122618,1547.6            28.015175,-26.122637,1547.6            28.01519,-26.122655,1547.6            28.015207,-26.12267,1547.6            28.015222,-26.122692,1547.6            28.01523,-26.122712,1547.6            28.015243,-26.122738,1547.6            28.015258,-26.122757,1547.6            28.015268,-26.122777,1547.6            28.015285,-26.122798,1547.6            28.0153,-26.122817,1547.6            28.015308,-26.12284,1547.6            28.015317,-26.122862,1547.6            28.015322,-26.12288,1547.6            28.015323,-26.122898,1547.6            28.015332,-26.122918,1547.6            28.015337,-26.12294,1547.6            28.015342,-26.12296,1547.6            28.015345,-26.122977,1547.6            28.015353,-26.122997,1547.6            28.015355,-26.123018,1547.6            28.015363,-26.123033,1547.6            28.015372,-26.123055,1547.6            28.015378,-26.123075,1547.6            28.01539,-26.123097,1547.7            28.015397,-26.123117,1547.7            28.015407,-26.123135,1547.7            28.015415,-26.123157,1547.8            28.015418,-26.123175,1547.8            28.015418,-26.12319,1547.8            28.015418,-26.123208,1547.8            28.015418,-26.123222,1547.8            28.015418,-26.12324,1547.9            28.015418,-26.12326,1547.9            28.015423,-26.123278,1547.9            28.015425,-26.1233,1547.9            28.015423,-26.123323,1548            28.015423,-26.123343,1548            28.015423,-26.123365,1548            28.015418,-26.123388,1548.1            28.015405,-26.12341,1548.1            28.015397,-26.123425,1548.1            28.015394,-26.123431,1548.2            28.015392,-26.12344,1548.2            28.015382,-26.123453,1548.3            28.015377,-26.12347,1548.4            28.015368,-26.12348,1548.4            28.015363,-26.12349,1548.5            28.015358,-26.123498,1548.5            28.015355,-26.123495,1548.5            28.015353,-26.123503,1548.6            28.015355,-26.123508,1548.6            28.015355,-26.123513,1548.6            28.015355,-26.123507,1548.6            28.015355,-26.123503,1548.6            28.015353,-26.123503,1548.7            28.01535,-26.123507,1548.7            28.015355,-26.123513,1548.7            28.015365,-26.123522,1548.8            28.015372,-26.123527,1548.8            28.015377,-26.123532,1548.8            28.015378,-26.123532,1548.8            28.015378,-26.123535,1548.8            28.015378,-26.123532,1548.8            28.015378,-26.123535,1548.8            28.015377,-26.12354,1548.9            28.015377,-26.123542,1548.9            28.015373,-26.12355,1548.9            28.015373,-26.123553,1548.9            28.015378,-26.12355,1548.9            28.015382,-26.123545,1548.9            28.015387,-26.123542,1548.9            28.015387,-26.12354,1549            28.01539,-26.12354,1549            28.015392,-26.12354,1549            28.015395,-26.12354,1549            28.0154,-26.12354,1549            28.015397,-26.12354,1549            28.0154,-26.12354,1549            28.015397,-26.12354,1549            28.0154,-26.123537,1549            28.015402,-26.123537,1549            28.015405,-26.123537,1549            28.015407,-26.12354,1549            28.015405,-26.12354,1549            28.0154,-26.12354,1549.1            28.015402,-26.12354,1549.1            28.0154,-26.123542,1549.1            28.0154,-26.12354,1549.1            28.015397,-26.123542,1549.1            28.015397,-26.123545,1549.1            28.0154,-26.123542,1549.1            28.015405,-26.123542,1549.1            28.015407,-26.12354,1549.1            28.015413,-26.12354,1549.1            28.015415,-26.123535,1549.1            28.01542,-26.12353,1549.1            28.015418,-26.123532,1549.1            28.01542,-26.12353,1549.2            28.015418,-26.12353,1549.2            28.015418,-26.123532,1549.2            28.01542,-26.123535,1549.2            28.015418,-26.123537,1549.2            28.01541,-26.12354,1549.2            28.0154,-26.123548,1549.2            28.01539,-26.123558,1549.2            28.015378,-26.123573,1549.3            28.015372,-26.123582,1549.3            28.015363,-26.123595,1549.3            28.01535,-26.123613,1549.3            28.015335,-26.123628,1549.3            28.015322,-26.123652,1549.4            28.015313,-26.123673,1549.4            28.015303,-26.123693,1549.4            28.015293,-26.12371,1549.5            28.015285,-26.123723,1549.5            28.015277,-26.123738,1549.5            28.015272,-26.123753,1549.6            28.015263,-26.12377,1549.6            28.015257,-26.123785,1549.6            28.015248,-26.123795,1549.7            28.015235,-26.123808,1549.7            28.015225,-26.123822,1549.7            28.015217,-26.123835,1549.8            28.015212,-26.123853,1549.8            28.015207,-26.123872,1549.8            28.015198,-26.123887,1549.9            28.015193,-26.123903,1549.9            28.015185,-26.123918,1550            28.01518,-26.123937,1550            28.01517,-26.123955,1550.1            28.015162,-26.123973,1550.1            28.015157,-26.123992,1550.2            28.015147,-26.124007,1550.2            28.015138,-26.124028,1550.3            28.015128,-26.124047,1550.3            28.015123,-26.124065,1550.4            28.01512,-26.124085,1550.4            28.01511,-26.124103,1550.5            28.015102,-26.124122,1550.5            28.015092,-26.12414,1550.6            28.015082,-26.124158,1550.7            28.01507,-26.124177,1550.7            28.01506,-26.124192,1550.8            28.01505,-26.12421,1550.8            28.015042,-26.124228,1550.9            28.015033,-26.124245,1550.9            28.015027,-26.124265,1551            28.015017,-26.124287,1551.1            28.015008,-26.124305,1551.1            28.015,-26.124323,1551.2            28.014992,-26.124338,1551.2            28.014982,-26.124357,1551.3            28.014977,-26.124373,1551.4            28.014967,-26.124393,1551.5            28.014958,-26.124412,1551.5            28.014948,-26.124433,1551.6            28.01494,-26.124453,1551.7            28.014932,-26.124472,1551.8            28.014922,-26.12449,1551.9            28.014912,-26.124508,1552            28.014903,-26.124523,1552.1            28.014898,-26.124542,1552.2            28.014888,-26.12456,1552.3            28.014883,-26.124582,1552.4            28.014872,-26.1246,1552.5            28.014862,-26.124618,1552.5            28.014852,-26.124637,1552.6            28.014843,-26.124657,1552.7            28.014835,-26.124678,1552.8            28.014825,-26.124698,1552.9            28.01482,-26.12472,1553.1            28.01481,-26.124738,1553.2            28.014802,-26.124758,1553.3            28.014797,-26.12478,1553.4            28.014788,-26.124798,1553.5            28.014778,-26.124817,1553.6            28.014768,-26.124832,1553.7            28.014757,-26.12485,1553.8            28.01475,-26.124868,1553.9            28.014745,-26.124887,1553.9            28.014737,-26.124905,1554            28.014732,-26.124927,1554.1            28.014723,-26.124945,1554.2            28.014713,-26.124963,1554.3            28.014703,-26.124978,1554.4            28.014695,-26.124997,1554.5            28.014685,-26.125012,1554.5            28.014673,-26.125028,1554.6            28.014663,-26.125047,1554.7            28.014653,-26.125062,1554.7            28.014648,-26.12508,1554.8            28.01464,-26.125098,1554.9            28.014635,-26.125117,1554.9            28.014632,-26.125135,1555            28.014627,-26.125155,1555            28.014617,-26.125173,1555.1            28.014608,-26.125192,1555.2            28.0146,-26.12521,1555.2            28.014593,-26.125228,1555.3            28.014585,-26.125245,1555.3            28.01458,-26.125263,1555.4            28.014575,-26.125278,1555.4            28.014567,-26.125297,1555.5            28.014562,-26.125318,1555.6            28.014557,-26.125337,1555.6            28.014548,-26.125355,1555.7            28.01454,-26.125372,1555.7            28.014533,-26.125388,1555.8            28.014525,-26.125407,1555.8            28.01452,-26.125422,1555.9            28.014512,-26.125435,1555.9            28.014507,-26.12545,1556            28.014502,-26.125467,1556            28.014493,-26.12548,1556.1            28.01448,-26.12549,1556.1            28.01447,-26.125503,1556.3            28.014455,-26.125513,1556.4            28.014437,-26.125518,1556.5            28.01442,-26.125522,1556.6            28.014405,-26.125518,1556.7            28.014387,-26.125517,1556.9            28.014373,-26.125512,1557            28.014358,-26.125508,1557.1            28.014337,-26.125503,1557.2            28.014317,-26.1255,1557.4            28.014295,-26.125495,1557.5            28.014277,-26.125493,1557.6            28.014258,-26.12549,1557.8            28.014243,-26.125485,1557.9            28.014225,-26.125482,1558            28.014207,-26.125477,1558.2            28.014188,-26.125472,1558.3            28.014173,-26.125463,1558.4            28.014157,-26.125457,1558.5            28.014138,-26.125453,1558.7            28.014118,-26.125448,1558.8            28.014097,-26.125443,1559            28.014078,-26.12544,1559.1            28.014058,-26.125435,1559.3            28.014042,-26.125435,1559.4            28.014027,-26.12543,1559.5            28.01401,-26.125427,1559.6            28.013992,-26.125422,1559.7            28.013975,-26.125417,1559.8            28.013958,-26.125412,1560            28.01394,-26.125407,1560.1            28.013922,-26.125408,1560.2            28.013907,-26.125408,1560.3            28.013893,-26.125407,1560.3            28.013875,-26.125402,1560.4            28.01386,-26.125398,1560.5            28.013842,-26.125393,1560.6            28.01382,-26.125383,1560.7            28.013805,-26.125375,1560.8            28.013787,-26.12537,1560.9            28.013768,-26.125362,1561            28.01375,-26.125357,1561.1            28.013737,-26.125355,1561.2            28.013722,-26.125347,1561.2            28.013705,-26.125342,1561.3            28.013685,-26.125333,1561.4            28.013667,-26.125325,1561.5            28.013645,-26.12532,1561.6            28.013622,-26.125312,1561.7            28.013603,-26.125302,1561.8            28.013585,-26.125297,1561.8            28.013565,-26.125288,1561.9            28.013543,-26.125283,1562            28.013525,-26.125282,1562.1            28.013507,-26.125273,1562.1            28.013487,-26.125268,1562.2            28.01347,-26.125265,1562.3            28.013452,-26.12526,1562.3            28.013433,-26.125263,1562.4            28.013423,-26.12526,1562.4            28.013415,-26.125255,1562.5            28.013405,-26.125252,1562.5            28.013392,-26.125255,1562.6            28.013378,-26.125258,1562.6            28.013368,-26.125265,1562.7            28.013358,-26.125277,1562.7            28.013345,-26.125287,1562.8            28.013335,-26.1253,1562.8            28.013323,-26.125318,1562.9            28.013312,-26.12533,1563            28.013298,-26.125347,1563.1            28.01328,-26.125367,1563.2            28.01327,-26.125383,1564.3            28.013248,-26.125385,1564.3            28.01324,-26.125407,1564.4            28.013235,-26.125425,1564.5            28.013228,-26.125448,1564.6            28.01322,-26.125467,1564.7            28.013217,-26.125487,1564.8            28.013212,-26.125508,1564.9            28.013203,-26.125528,1565            28.013197,-26.12555,1565.1            28.013193,-26.125577,1565.2            28.013192,-26.125597,1565.3            28.013183,-26.125615,1565.4            28.013175,-26.125632,1565.5            28.013173,-26.125647,1565.6            28.01317,-26.125668,1565.7            28.01317,-26.125688,1565.8            28.013168,-26.125703,1565.9            28.013165,-26.12572,1566            28.013165,-26.12574,1566.1            28.013165,-26.125757,1566.2            28.013162,-26.125775,1566.3            28.01316,-26.12579,1566.4            28.013152,-26.125808,1566.5            28.013147,-26.125822,1566.6            28.013143,-26.125832,1566.7            28.013142,-26.12585,1566.8            28.013142,-26.125863,1566.8            28.013143,-26.125882,1566.9            28.013142,-26.125905,1567.1            28.013138,-26.125928,1567.2            28.013133,-26.125947,1567.3            28.013128,-26.12597,1567.5            28.013123,-26.125992,1567.6            28.013118,-26.126015,1567.7            28.013115,-26.126038,1567.8            28.013113,-26.126065,1568            28.01311,-26.126088,1568.1            28.013107,-26.126112,1568.2            28.013102,-26.126127,1568.3            28.013097,-26.126143,1568.4            28.01309,-26.126155,1568.4            28.013082,-26.126168,1568.5            28.013077,-26.126182,1568.6            28.013073,-26.126197,1568.7            28.013068,-26.126213,1568.8            28.013065,-26.126223,1568.8            28.013063,-26.126242,1568.9            28.01306,-26.12626,1569            28.01306,-26.126283,1569.1            28.013055,-26.126292,1569.2            28.01304,-26.12631,1569.3            28.013028,-26.12633,1569.4            28.013023,-26.126342,1569.5            28.013022,-26.12636,1569.6            28.013022,-26.12638,1569.7            28.013018,-26.12639,1569.7            28.013013,-26.126408,1569.8            28.013003,-26.126425,1569.9            28.013,-26.126443,1570            28.012995,-26.126453,1570.1            28.012987,-26.126472,1570.2            28.012982,-26.126482,1570.2            28.012975,-26.126495,1570.3            28.012962,-26.126505,1570.4            28.012957,-26.126523,1570.5            28.01295,-26.126542,1570.6            28.012943,-26.126555,1570.6            28.01294,-26.126577,1570.7            28.012933,-26.126597,1570.9            28.012925,-26.126615,1570.9            28.012922,-26.126638,1571.1            28.012912,-26.126652,1571.1            28.012903,-26.12666,1571.2            28.012898,-26.126675,1571.3            28.012898,-26.126692,1571.3            28.012893,-26.126703,1571.4            28.012888,-26.126725,1571.5            28.01288,-26.126743,1571.6            28.01287,-26.126762,1571.7            28.012862,-26.126782,1571.8            28.012855,-26.126798,1571.9            28.012852,-26.126818,1572            28.012848,-26.12685,1572.1            28.012838,-26.126865,1572.2            28.01283,-26.126887,1572.3            28.012825,-26.126908,1572.4            28.012818,-26.126928,1572.5            28.012815,-26.126952,1572.6            28.012807,-26.12697,1572.7            28.0128,-26.126987,1572.8            28.012792,-26.127005,1572.8            28.012787,-26.127025,1572.9            28.012783,-26.127043,1573            28.012778,-26.127057,1573.1            28.012773,-26.127072,1573.1            28.012763,-26.127093,1573.2            28.012755,-26.127112,1573.3            28.012745,-26.127132,1573.4            28.012737,-26.127145,1573.4            28.012732,-26.127158,1573.5            28.012732,-26.127168,1573.5            28.012732,-26.127172,1573.5            28.012723,-26.127177,1573.6            28.012723,-26.127187,1573.6            28.012717,-26.12719,1573.6            28.01271,-26.1272,1573.7            28.012687,-26.127197,1573.7            28.012677,-26.127197,1573.8            28.012663,-26.127195,1573.8            28.012643,-26.127187,1574.2            28.012627,-26.127178,1574.3            28.012603,-26.127172,1574.3            28.012583,-26.127158,1574.4            28.012562,-26.127148,1574.4            28.012538,-26.127132,1574.4            28.01252,-26.127117,1574.5            28.0125,-26.127103,1574.5            28.012473,-26.127088,1574.6            28.012452,-26.127072,1574.6            28.012432,-26.127057,1574.6            28.012408,-26.127043,1574.7            28.012385,-26.127028,1574.7            28.012358,-26.127015,1574.7            28.01234,-26.127002,1574.7            28.012317,-26.126992,1574.7            28.012298,-26.126983,1574.7            28.012277,-26.12697,1574.8            28.012262,-26.126962,1574.8            28.012238,-26.126955,1574.8            28.012215,-26.126947,1574.8            28.012193,-26.126937,1574.8            28.012168,-26.126932,1574.8            28.012143,-26.126923,1574.8            28.012123,-26.126918,1574.9            28.0121,-26.12691,1574.9            28.012077,-26.126902,1574.9            28.012055,-26.126895,1574.9            28.012035,-26.126887,1574.9            28.012017,-26.126882,1574.9            28.011995,-26.126877,1575            28.01197,-26.126872,1575            28.011948,-26.126863,1575            28.011925,-26.126858,1575            28.011907,-26.126855,1575            28.011883,-26.126853,1575            28.011857,-26.12685,1575.1            28.011833,-26.12685,1575.1            28.01181,-26.126848,1575.1            28.011787,-26.126848,1575.1            28.011763,-26.126845,1575.1            28.01174,-26.126845,1575.2            28.011713,-26.126842,1575.2            28.011692,-26.126837,1575.2            28.011667,-26.126837,1575.3            28.011643,-26.126832,1575.3            28.011622,-26.126827,1575.3            28.011602,-26.126823,1575.3            28.011583,-26.126822,1575.4            28.011562,-26.126818,1575.4            28.011543,-26.126817,1575.4            28.01152,-26.126813,1575.4            28.0115,-26.126813,1575.5            28.011478,-26.126813,1575.5            28.011455,-26.126813,1575.5            28.011432,-26.126812,1575.5            28.011408,-26.126812,1575.5            28.011387,-26.126808,1575.6            28.011362,-26.126812,1575.6            28.011335,-26.126813,1575.6            28.011313,-26.126812,1575.6            28.011293,-26.126808,1575.6            28.01127,-26.126805,1575.6            28.011243,-26.126808,1575.7            28.01122,-26.126808,1575.7            28.011197,-26.126808,1575.7            28.011178,-26.126812,1575.7            28.011157,-26.126808,1575.7            28.011137,-26.126808,1575.8            28.011113,-26.126808,1575.8            28.011087,-26.126808,1575.8            28.011067,-26.126808,1575.8            28.011045,-26.126808,1575.8            28.011023,-26.126805,1575.9            28.011003,-26.126808,1575.9            28.010982,-26.126805,1575.9            28.010963,-26.126808,1575.9            28.01094,-26.126808,1575.9            28.01092,-26.126808,1576            28.010897,-26.126808,1576            28.010878,-26.126805,1576            28.010857,-26.126805,1576            28.010837,-26.126803,1576            28.010815,-26.126803,1576            28.010795,-26.126803,1576.1            28.010773,-26.126803,1576.1            28.01075,-26.126805,1576.1            28.010732,-26.126808,1576.1            28.010708,-26.126808,1576.1            28.010685,-26.126808,1576.2            28.010662,-26.126808,1576.2            28.010638,-26.126808,1576.2            28.010615,-26.126808,1576.2            28.010593,-26.126808,1576.2            28.010567,-26.126808,1576.3            28.010547,-26.126808,1576.3            28.010528,-26.126813,1576.3            28.010507,-26.126818,1576.3            28.010487,-26.126822,1576.3            28.010463,-26.126823,1576.3            28.010442,-26.126823,1576.4            28.010417,-26.126823,1576.4            28.010395,-26.126823,1576.3            28.010372,-26.126823,1576.3            28.01035,-26.126827,1576.3            28.010327,-26.126823,1576.4            28.010303,-26.126822,1576.4            28.010285,-26.126822,1576.4            28.010262,-26.126822,1576.4            28.010242,-26.126818,1576.7            28.01022,-26.126822,1576.7            28.010197,-26.126823,1577.2            28.01017,-26.126832,1577.1            28.010142,-26.126832,1577.6            28.010118,-26.126837,1577.6            28.010095,-26.12684,1578.1            28.010072,-26.126842,1578.6            28.010045,-26.126855,1578.2            28.010022,-26.126863,1578.7            28.010008,-26.126873,1578.7            28.00999,-26.126877,1578.7            28.009975,-26.126882,1579.2            28.009962,-26.126882,1579.2            28.009943,-26.126883,1579.7            28.009922,-26.126887,1579.7            28.009902,-26.126887,1579.7            28.009878,-26.126892,1579.7            28.009852,-26.126895,1579.8            28.009832,-26.1269,1579.8            28.00981,-26.126905,1579.9            28.00979,-26.12691,1579.9            28.009772,-26.126918,1580            28.00975,-26.126923,1580            28.009735,-26.126932,1579.9            28.009723,-26.126937,1580            28.009713,-26.126942,1580            28.009703,-26.126942,1580            28.009695,-26.126947,1580            28.0097,-26.126942,1580            28.009703,-26.126937,1580            28.009698,-26.126928,1580            28.00969,-26.126923,1580            28.009682,-26.12691,1580.1            28.009675,-26.1269,1580.1            28.009663,-26.12691,1580.1            28.009658,-26.126918,1580.1            28.009662,-26.126927,1580.1            28.009672,-26.126928,1580.1            28.009677,-26.126932,1580            28.009675,-26.126933,1579.9            28.009675,-26.126937,1579.9            28.009677,-26.126938,1579.9            28.009675,-26.126942,1579.8            28.009677,-26.126938,1579.8            28.009677,-26.126942,1579.8            28.009677,-26.126943,1579.7            28.009677,-26.126942,1579.7            28.009675,-26.126942,1579.7            28.009677,-26.126942,1579.7            28.00968,-26.126942,1579.6            28.009677,-26.126942,1579.6            28.009675,-26.126942,1579.6            28.009672,-26.126942,1579.6            28.009672,-26.126938,1579.6            28.00967,-26.126942,1579.5            28.009667,-26.126943,1579.5            28.009662,-26.126947,1579.4            28.009653,-26.12696,1579.4            28.009653,-26.126965,1579.4            28.009653,-26.126962,1579.4            28.009657,-26.126962,1579.4            28.009657,-26.126965,1579.4            28.009658,-26.12697,1579.3            28.009662,-26.12697,1579.3            28.009658,-26.126973,1579.3            28.009662,-26.126973,1579.2            28.009662,-26.126975,1579.2            28.009663,-26.126975,1579.2            28.009667,-26.126978,1579.2            28.009672,-26.126973,1579.2            28.009672,-26.126968,1579.2            28.009677,-26.12696,1579.3            28.009675,-26.126965,1579.2            28.009677,-26.126962,1579.2            28.009677,-26.126965,1579.2            28.009677,-26.126962,1579.2            28.009677,-26.126965,1579.2            28.009675,-26.126965,1579.2            28.009675,-26.12696,1579.2            28.009672,-26.126962,1579.1            28.009672,-26.12696,1579.1            28.009672,-26.126957,1579.1            28.009667,-26.126955,1579.1            28.009667,-26.12696,1579.1            28.00967,-26.126962,1579.1            28.009675,-26.126962,1579.1            28.009677,-26.126965,1579.1            28.009685,-26.126965,1579            28.00969,-26.126965,1579            28.009695,-26.126965,1578.9            28.009695,-26.12697,1578.9            28.009695,-26.126965,1578.9            28.009693,-26.126965,1578.9            28.009695,-26.12696,1578.9            28.00969,-26.126957,1578.9            28.009687,-26.126957,1578.8            28.00969,-26.126957,1578.8            28.00969,-26.126955,1578.8            28.00969,-26.126952,1578.8            28.009687,-26.12695,1578.8            28.009685,-26.126947,1578.9            28.009685,-26.126942,1578.8            28.00968,-26.126942,1578.8            28.00968,-26.126947,1578.8            28.009677,-26.126955,1578.8            28.009672,-26.12696,1578.7            28.009663,-26.126965,1578.7            28.009662,-26.126968,1578.6            28.009648,-26.126983,1578.6            28.00964,-26.126997,1578.6            28.009627,-26.127007,1578.8            28.009612,-26.127015,1578.7            28.009597,-26.127025,1578.7            28.009578,-26.12704,1578.7            28.009562,-26.127053,1579            28.009542,-26.127075,1578.8            28.00952,-26.127085,1579            28.009502,-26.127095,1578.5            28.009483,-26.127103,1578.5            28.009468,-26.127112,1578.1            28.009447,-26.127118,1578.1            28.009427,-26.127127,1578.1            28.009413,-26.127132,1578.2            28.0094,-26.12714,1578.2            28.00939,-26.127148,1578.2            28.009382,-26.127155,1578.2            28.009367,-26.127167,1578.3            28.009353,-26.127172,1578.3            28.009345,-26.127178,1578.3            28.009332,-26.127187,1578.3            28.009322,-26.127195,1578.3            28.009308,-26.1272,1578.4            28.009297,-26.127205,1578.4            28.009285,-26.127213,1578.4            28.009267,-26.127218,1578.4            28.009247,-26.127233,1578.5            28.009225,-26.127238,1578.5            28.009207,-26.127238,1578.6            28.009187,-26.127237,1578.6            28.009165,-26.127233,1578.6            28.009145,-26.127232,1578.6            28.009123,-26.127232,1578.7            28.009097,-26.127228,1578.7            28.009072,-26.127228,1578.7            28.009048,-26.127227,1578.8            28.009022,-26.127223,1578.8            28.008998,-26.127228,1578.8            28.008977,-26.127232,1578.9            28.008952,-26.127237,1578.9            28.008942,-26.127236,1578.9            28.008931,-26.127234,1578.9            28.008921,-26.127233,1578.9            28.008911,-26.127232,1579            28.008901,-26.127231,1579            28.00889,-26.12723,1579            28.00888,-26.127228,1579            28.00887,-26.127227,1579            28.00886,-26.127226,1579            28.00885,-26.127225,1579            28.008839,-26.127223,1579            28.008829,-26.127222,1579            28.008819,-26.127221,1579.1            28.008809,-26.12722,1579.1            28.008799,-26.127219,1579.1            28.008788,-26.127217,1579.1            28.008778,-26.127216,1579.1            28.008768,-26.127215,1579.1            28.008758,-26.127214,1579.1            28.008747,-26.127213,1579.1            28.008737,-26.127211,1579.1            28.008727,-26.12721,1579.1            28.008717,-26.127209,1579.1            28.008707,-26.127208,1579.1            28.008696,-26.127206,1579.2            28.008686,-26.127205,1579.2            28.008676,-26.127204,1579.2            28.008658,-26.127206,1579.2            28.008645,-26.127208,1579.2            28.008633,-26.127211,1579.2            28.00862,-26.127214,1579.2            28.008608,-26.127216,1579.2            28.008595,-26.127219,1579.2            28.008583,-26.127221,1579.3            28.00857,-26.127224,1579.3            28.008558,-26.127227,1579.3            28.008545,-26.127229,1579.3            28.008533,-26.127232,1579.3            28.00852,-26.127242,1579.3            28.008507,-26.127252,1579.4            28.008497,-26.127263,1579.4            28.008482,-26.127275,1579.4            28.008468,-26.127292,1579.5            28.00846,-26.127307,1579.5            28.008447,-26.12732,1579.6            28.00844,-26.127328,1579.6            28.008432,-26.127343,1579.6            28.008418,-26.12736,1579.7            28.008403,-26.127375,1579.8            28.008395,-26.127388,1579.8            28.008382,-26.127407,1579.9            28.008368,-26.12742,1579.9            28.008357,-26.127432,1580            28.008335,-26.127448,1580            28.00832,-26.127463,1580.1            28.008303,-26.127477,1580.2            28.008288,-26.127487,1580.2            28.008275,-26.127498,1580.3            28.008262,-26.127508,1580.3            28.008247,-26.127518,1580.4            28.00823,-26.127537,1580.5            28.008215,-26.12755,1580.5            28.0082,-26.127563,1580.6            28.008183,-26.127573,1580.7            28.008168,-26.127587,1580.8            28.00816,-26.127597,1580.8            28.00815,-26.127612,1580.9            28.008137,-26.12763,1581            28.008123,-26.127647,1581.1            28.008113,-26.12766,1581.2            28.0081,-26.127675,1581.3            28.008087,-26.12769,1581.5            28.008077,-26.127707,1581.6            28.008067,-26.127722,1581.7            28.008058,-26.127735,1581.8            28.008048,-26.127752,1581.9            28.00804,-26.127767,1582            28.00803,-26.127777,1582.1            28.008022,-26.1278,1582.3            28.008008,-26.127818,1582.4            28.007998,-26.127837,1582.6            28.007988,-26.127855,1582.8            28.007975,-26.127873,1582.9            28.007965,-26.12789,1583.1            28.007948,-26.127905,1583.3            28.007933,-26.127923,1583.4            28.00792,-26.127942,1583.6            28.00791,-26.12796,1583.8            28.007905,-26.127975,1583.9            28.007897,-26.127988,1584.1            28.007883,-26.127997,1584.2            28.007873,-26.128007,1584.3            28.007865,-26.12802,1584.5            28.00786,-26.128028,1584.6            28.007852,-26.128043,1584.7            28.007852,-26.128063,1584.9            28.007852,-26.128085,1585.1            28.007847,-26.128108,1585.3            28.007837,-26.128127,1585.5            28.007827,-26.128142,1585.6            28.007813,-26.128163,1585.8            28.007805,-26.128182,1586            28.007792,-26.128197,1586.2            28.007782,-26.128213,1586.3            28.007772,-26.128228,1586.5            28.007763,-26.128247,1586.7            28.00775,-26.128265,1586.8            28.007737,-26.128283,1587            28.00773,-26.128302,1587.2            28.007713,-26.128315,1587.4            28.007703,-26.12833,1587.5            28.00769,-26.128342,1587.7            28.007672,-26.128348,1587.8            28.007662,-26.128358,1587.9            28.007648,-26.128375,1588.1            28.007638,-26.128385,1588.2            28.00763,-26.128395,1588.3            28.00762,-26.128408,1588.4            28.007612,-26.128422,1588.5            28.007602,-26.128435,1588.6            28.007593,-26.128445,1588.7            28.007588,-26.128458,1588.9            28.007578,-26.128472,1589            28.00757,-26.12849,1589.1            28.007565,-26.128505,1589.3            28.007555,-26.128518,1589.4            28.007547,-26.128537,1589.5            28.007537,-26.128547,1589.6            28.007523,-26.12856,1589.8            28.007515,-26.128573,1589.9            28.007508,-26.128587,1590            28.0075,-26.1286,1590.1            28.007487,-26.12861,1590.3            28.007477,-26.128625,1590.4            28.007463,-26.128638,1590.5            28.007453,-26.128652,1590.7            28.007442,-26.128665,1590.8            28.007435,-26.128683,1591            28.007427,-26.128698,1591.1            28.007418,-26.128712,1591.3            28.007413,-26.128725,1591.4            28.007403,-26.128738,1591.5            28.007398,-26.12875,1591.6            28.00739,-26.128767,1591.8            28.007385,-26.128777,1591.9            28.00738,-26.12879,1592            28.007375,-26.128805,1592.1            28.007367,-26.128818,1592.2            28.007358,-26.128828,1592.3            28.007348,-26.128837,1592.4            28.00734,-26.128847,1592.5            28.00733,-26.12886,1592.6            28.007322,-26.128868,1592.7            28.007312,-26.128882,1592.9            28.007302,-26.128897,1593            28.007293,-26.128913,1593.1            28.007283,-26.128928,1593.3            28.007275,-26.128942,1593.4            28.007265,-26.128955,1593.5            28.007255,-26.128965,1593.6            28.007242,-26.128975,1593.8            28.00723,-26.128993,1593.9            28.00722,-26.12901,1594.1            28.007213,-26.129027,1594.2            28.007202,-26.129043,1594.4            28.007197,-26.129062,1594.5            28.007187,-26.129077,1594.7            28.007178,-26.129095,1594.8            28.007173,-26.129113,1595            28.007163,-26.12913,1595.1            28.007158,-26.12914,1595.2            28.00715,-26.129155,1595.3            28.00714,-26.129163,1595.4            28.007132,-26.129173,1595.5            28.007123,-26.12919,1595.7            28.00711,-26.129197,1595.8            28.0071,-26.129205,1595.9            28.007085,-26.129215,1596            28.007077,-26.129223,1596.1            28.007063,-26.129237,1596.3            28.007053,-26.129252,1596.4            28.007045,-26.12926,1596.5            28.007035,-26.129273,1596.6            28.007025,-26.129287,1596.8            28.007013,-26.129298,1596.9            28.007002,-26.129312,1597            28.006988,-26.129325,1597.2            28.006975,-26.129338,1597.3            28.006967,-26.129357,1597.5            28.006957,-26.129375,1597.7            28.006952,-26.129393,1597.8            28.006942,-26.129412,1598            28.00693,-26.12943,1598.2            28.006918,-26.129445,1598.3            28.006905,-26.129458,1598.5            28.006893,-26.129472,1598.6            28.006883,-26.129482,1598.7            28.00687,-26.12949,1598.8            28.006857,-26.1295,1599            28.006845,-26.129508,1599.1            28.006833,-26.129523,1599.2            28.006823,-26.129537,1599.3            28.006813,-26.129547,1599.5            28.006803,-26.12956,1599.6            28.006792,-26.129573,1599.7            28.006782,-26.129583,1599.8            28.006772,-26.129597,1599.9            28.006763,-26.129607,1600            28.006753,-26.12962,1600.2            28.006748,-26.129635,1600.3            28.006743,-26.129648,1600.4            28.006735,-26.12966,1600.5            28.00673,-26.129672,1600.6            28.006717,-26.129685,1600.7            28.006708,-26.129698,1600.9            28.0067,-26.129712,1601            28.00669,-26.129727,1601.1            28.00668,-26.12974,1601.3            28.00667,-26.129753,1601.4            28.006662,-26.129767,1601.5            28.006652,-26.129777,1601.6            28.00664,-26.129785,1601.7            28.00663,-26.1298,1601.9            28.00662,-26.129818,1602            28.006607,-26.129832,1602.2            28.006597,-26.129845,1602.3            28.006583,-26.12986,1602.4            28.00657,-26.129878,1602.5            28.006557,-26.129892,1602.6            28.006542,-26.129915,1602.8            28.006523,-26.129928,1602.9            28.006505,-26.129947,1603            28.00649,-26.129965,1603.1            28.006473,-26.129983,1603.2            28.00646,-26.129998,1603.3            28.006442,-26.130012,1603.4            28.006427,-26.13002,1603.5            28.006417,-26.130033,1603.6            28.006412,-26.130043,1603.6            28.006395,-26.130062,1603.7            28.006385,-26.130077,1603.8            28.006372,-26.130095,1603.9            28.006353,-26.130108,1604            28.006338,-26.130117,1604.1            28.006322,-26.130122,1604.2            28.006307,-26.130132,1604.2            28.006292,-26.130137,1604.3            28.006275,-26.130145,1604.4            28.006255,-26.130147,1604.5            28.006238,-26.13015,1604.5            28.006225,-26.130155,1604.6            28.006215,-26.13016,1604.6            28.0062,-26.130168,1604.7            28.006183,-26.130173,1604.8            28.006168,-26.130182,1604.9            28.006153,-26.130192,1604.9            28.006137,-26.130205,1605            28.006123,-26.130218,1605.1            28.006108,-26.130228,1605.2            28.006095,-26.130237,1605.2            28.00609,-26.130247,1605.3            28.00609,-26.130262,1605.4            28.006093,-26.13027,1605.4            28.00609,-26.130275,1605.4            28.006082,-26.13028,1605.5            28.006077,-26.130283,1605.5            28.006072,-26.130278,1605.5            28.006067,-26.130278,1605.5            28.006072,-26.130275,1605.5            28.006062,-26.130275,1605.6            28.006058,-26.13027,1605.6            28.006062,-26.130275,1605.6            28.006063,-26.130275,1605.6            28.006067,-26.130275,1605.7            28.006062,-26.130275,1605.7            28.006062,-26.130273,1605.7            28.006058,-26.13027,1605.7            28.006057,-26.13027,1605.7            28.006053,-26.130268,1605.7            28.006048,-26.130265,1605.7            28.006045,-26.130265,1605.7            28.006082,-26.130283,1605.9            28.006093,-26.130293,1605.9            28.00609,-26.130297,1606            28.006082,-26.130302,1606            28.006085,-26.130298,1606            28.006082,-26.130297,1606            28.00608,-26.130297,1606            28.006077,-26.130297,1606            28.006075,-26.130293,1606            28.006077,-26.130297,1606.1            28.006077,-26.130293,1606.1            28.00608,-26.130297,1606.1            28.006077,-26.130302,1606.1            28.006082,-26.13031,1606.1            28.00608,-26.130315,1606.2            28.006082,-26.130315,1606.2            28.006085,-26.130315,1606.2            28.006087,-26.130317,1606.2            28.00609,-26.130312,1606.2            28.006093,-26.13031,1606.2            28.006095,-26.130303,1606.2            28.006095,-26.130298,1606.3            28.006103,-26.130293,1606.3            28.006108,-26.130292,1606.3            28.006108,-26.130288,1606.3            28.006098,-26.130283,1606.4            28.006098,-26.130278,1606.4            28.006095,-26.130275,1606.4            28.006093,-26.130273,1606.4            28.006095,-26.130275,1606.4            28.006093,-26.130273,1606.4            28.006093,-26.130275,1606.4            28.00609,-26.130275,1606.4            28.00609,-26.130273,1606.4            28.006085,-26.130273,1606.4            28.006082,-26.130273,1606.4            28.006085,-26.13027,1606.5            28.006082,-26.13027,1606.5            28.00608,-26.13027,1606.5            28.006077,-26.13027,1606.5            28.006075,-26.13027,1606.5            28.006077,-26.13027,1606.5            28.006072,-26.130268,1606.5            28.006075,-26.13027,1606.5            28.006072,-26.13027,1606.5            28.006075,-26.13027,1606.5            28.006072,-26.130268,1606.5            28.006072,-26.13027,1606.6            28.006067,-26.13027,1606.6            28.006063,-26.13027,1606.6            28.006062,-26.130273,1606.6            28.006062,-26.130275,1606.6            28.006067,-26.130275,1606.6            28.006072,-26.130278,1606.6            28.006068,-26.130278,1606.6            28.006067,-26.130278,1606.6            28.006072,-26.130278,1606.7            28.006068,-26.130278,1606.7            28.006068,-26.130283,1606.7            28.006072,-26.130278,1606.7            28.006077,-26.130275,1606.7            28.00608,-26.130273,1606.7            28.006085,-26.13027,1606.7            28.006082,-26.130265,1606.8            28.006085,-26.130262,1606.8            28.006082,-26.130262,1606.8            28.006072,-26.13026,1606.8            28.006053,-26.130257,1606.9            28.006035,-26.130257,1606.9            28.006017,-26.130257,1606.9            28.005998,-26.130257,1607            28.005983,-26.13026,1607            28.00597,-26.130265,1607.1            28.005957,-26.130278,1607.1            28.005938,-26.130288,1607.2            28.005925,-26.130297,1607.2            28.00591,-26.130302,1607.2            28.005893,-26.130302,1607.3            28.005878,-26.130312,1607.3            28.005863,-26.130315,1607.3            28.00585,-26.13032,1607.4            28.005837,-26.130325,1607.4            28.005818,-26.130333,1607.5            28.005803,-26.130335,1607.5            28.00579,-26.130338,1607.5            28.00578,-26.13034,1607.5            28.005763,-26.130343,1607.6            28.005748,-26.130352,1607.6            28.005735,-26.130353,1607.6            28.005708,-26.130358,1607.7            28.00569,-26.130362,1607.8            28.00568,-26.130367,1607.8            28.005662,-26.130367,1607.9            28.005643,-26.13037,1607.9            28.005625,-26.130372,1608            28.00561,-26.130377,1608            28.005597,-26.130377,1608.1            28.00558,-26.130375,1608.1            28.005563,-26.130375,1608.2            28.005545,-26.130372,1608.2            28.005523,-26.130362,1608.3            28.005505,-26.130367,1608.3            28.005492,-26.13037,1608.4            28.005477,-26.130372,1608.4            28.005458,-26.130372,1608.5            28.005442,-26.130375,1608.5            28.005425,-26.130377,1608.5            28.005403,-26.130375,1608.6            28.005385,-26.130375,1608.6            28.005367,-26.130377,1608.7            28.005348,-26.13038,1608.7            28.005333,-26.130385,1608.7            28.005315,-26.13039,1608.8            28.005297,-26.130393,1608.8            28.00528,-26.130395,1608.8            28.005265,-26.130395,1608.8            28.005247,-26.130393,1608.9            28.005228,-26.130393,1608.9            28.00521,-26.13039,1608.9            28.005197,-26.130395,1608.9            28.005182,-26.130395,1608.9            28.005168,-26.1304,1608.9            28.005155,-26.130398,1608.9            28.005137,-26.130398,1608.9            28.005122,-26.13039,1608.9            28.005108,-26.130388,1608.9            28.005095,-26.13038,1608.9            28.005077,-26.130372,1608.9            28.005067,-26.130362,1608.8            28.005057,-26.130352,1608.8            28.005043,-26.13034,1608.8            28.00503,-26.130333,1608.8            28.005015,-26.13032,1608.8            28.004998,-26.13031,1608.7            28.004983,-26.130297,1608.7            28.004967,-26.130288,1608.7            28.004948,-26.130283,1608.6            28.004933,-26.130278,1608.6            28.004915,-26.13027,1608.6            28.004897,-26.130265,1608.5            28.004878,-26.13026,1608.5            28.004858,-26.130257,1608.4            28.004837,-26.130252,1608.4            28.004818,-26.130242,1608.3            28.004795,-26.130237,1608.3            28.004772,-26.130233,1608.2            28.004753,-26.130228,1608.1            28.004735,-26.130225,1608.1            28.004713,-26.130223,1608            28.004693,-26.130218,1608            28.004675,-26.130218,1608            28.004662,-26.13022,1607.9            28.004642,-26.130218,1607.9            28.00462,-26.13021,1607.8            28.0046,-26.130202,1607.8            28.004573,-26.130197,1607.7            28.00455,-26.130192,1607.7            28.004528,-26.130187,1607.7            28.00451,-26.130182,1607.6            28.00449,-26.130178,1607.6            28.004468,-26.130172,1607.5            28.004445,-26.130163,1607.5            28.004422,-26.130155,1607.5            28.004398,-26.130145,1607.4            28.004375,-26.13014,1607.4            28.004348,-26.130132,1607.3            28.004322,-26.130123,1607.3            28.004302,-26.130118,1607.3            28.004283,-26.130108,1607.2            28.004265,-26.130103,1607.2            28.004247,-26.130095,1607.2            28.004223,-26.13009,1607.1            28.004197,-26.130082,1607.1            28.004173,-26.13008,1607.1            28.004153,-26.130077,1607.1            28.004132,-26.13008,1607.1            28.004113,-26.130085,1607            28.004095,-26.130087,1607            28.004077,-26.130095,1607            28.004058,-26.130095,1607            28.004038,-26.13009,1607            28.004017,-26.13009,1607            28.003997,-26.130087,1607            28.003975,-26.130087,1606.9            28.003955,-26.130085,1606.9            28.003933,-26.130087,1606.9            28.003918,-26.13009,1606.9            28.0039,-26.130095,1606.9            28.003882,-26.130098,1606.9            28.00386,-26.130098,1606.9            28.003837,-26.1301,1606.9            28.003813,-26.1301,1606.9            28.00379,-26.1301,1606.9            28.003772,-26.130103,1606.9            28.003748,-26.130108,1606.8            28.003727,-26.130112,1606.8            28.003703,-26.130112,1606.8            28.00368,-26.130112,1606.8            28.003653,-26.130105,1606.8            28.003628,-26.130105,1606.8            28.003602,-26.130108,1606.7            28.003575,-26.130112,1606.7            28.003547,-26.130113,1606.7            28.003518,-26.130118,1606.7            28.003495,-26.130122,1606.7            28.003468,-26.130122,1606.7            28.00344,-26.130122,1606.7            28.00342,-26.130127,1606.8            28.003393,-26.130127,1606.8            28.00337,-26.130127,1606.8            28.003347,-26.130127,1606.8            28.00332,-26.13013,1606.9            28.003298,-26.13013,1606.9            28.003283,-26.130132,1606.9            28.003268,-26.130137,1607            28.003252,-26.130145,1607            28.003238,-26.13015,1607            28.003223,-26.130163,1607.1            28.003205,-26.130168,1607.1            28.003182,-26.130178,1607.2            28.00316,-26.130183,1607.2            28.003137,-26.130187,1607.3            28.003117,-26.130197,1607.3            28.003098,-26.130205,1607.4            28.00308,-26.130218,1607.4            28.003062,-26.130223,1607.5            28.003047,-26.130237,1607.5            28.00303,-26.130247,1607.6            28.00301,-26.130257,1607.6            28.002988,-26.130265,1607.7            28.002962,-26.13027,1607.7            28.002938,-26.13027,1607.8            28.002915,-26.130265,1607.9            28.002892,-26.130265,1607.9            28.002873,-26.130265,1608            28.002845,-26.13026,1608            28.002822,-26.130252,1608.1            28.002795,-26.130247,1608.2            28.002777,-26.13025,1608.2            28.002757,-26.130242,1608.3            28.002735,-26.130228,1608.3            28.00272,-26.130223,1608.4            28.002703,-26.130213,1608.4            28.00269,-26.130197,1608.5            28.00268,-26.130182,1608.5            28.002675,-26.130168,1608.6            28.00267,-26.130155,1608.6            28.002665,-26.130142,1608.6            28.002657,-26.13013,1608.7            28.002652,-26.130117,1608.7            28.002643,-26.130098,1608.8            28.002642,-26.13008,1608.8            28.002642,-26.130058,1608.9            28.002637,-26.130052,1608.9            28.002628,-26.130043,1608.9            28.00262,-26.130035,1609            28.002615,-26.130035,1609            28.002615,-26.130033,1609            28.002612,-26.13003,1609            28.002615,-26.130025,1609            28.002615,-26.130027,1609            28.00261,-26.13003,1609            28.002615,-26.130038,1609.1            28.00262,-26.13004,1609.1            28.00262,-26.130043,1609.1            28.002623,-26.13004,1609.1            28.002623,-26.130038,1609.1            28.002628,-26.130035,1609.1            28.002623,-26.130035,1609.1            28.002628,-26.130035,1609.1            28.002633,-26.130038,1609.1            28.002633,-26.13004,1609.2            28.002637,-26.130043,1609.2            28.002638,-26.130045,1609.2            28.002643,-26.130048,1609.2            28.002643,-26.130053,1609.2            28.002643,-26.130052,1609.2            28.002647,-26.130048,1609.2            28.002647,-26.130052,1609.2            28.002647,-26.130048,1609.2            28.002647,-26.13004,1609.3            28.002652,-26.130038,1609.3            28.002648,-26.130033,1609.3            28.002652,-26.13002,1609.3            28.002655,-26.130002,1609.4            28.002657,-26.12999,1609.4            28.002665,-26.129973,1609.5            28.00267,-26.129957,1609.5            28.002678,-26.129942,1609.6            28.002685,-26.12992,1609.6            28.002697,-26.129902,1609.7            28.002707,-26.129878,1609.8            28.002722,-26.129863,1609.8            28.00273,-26.129845,1609.9            28.002738,-26.129823,1609.9            28.002745,-26.1298,1610            28.002753,-26.129773,1610.1            28.002758,-26.129748,1610.2            28.002762,-26.129725,1610.3            28.002758,-26.129698,1610.3            28.002762,-26.129672,1610.4            28.002767,-26.129648,1610.5            28.002772,-26.129628,1610.6            28.002782,-26.129607,1610.6            28.002793,-26.129587,1610.7            28.0028,-26.129565,1610.8            28.002805,-26.129547,1610.8            28.002817,-26.129527,1610.9            28.002823,-26.129505,1611            28.002828,-26.12949,1611            28.002832,-26.129472,1611.1            28.002835,-26.129458,1611.1            28.002832,-26.12945,1611.1            28.002823,-26.129445,1611.2            28.002822,-26.129435,1611.2            28.002822,-26.129422,1611.2            28.002822,-26.129408,1611.3            28.002822,-26.129393,1611.3            28.002827,-26.12938,1611.4            28.002835,-26.129362,1611.4            28.002842,-26.12934,1611.5            28.002853,-26.12932,1611.5            28.002858,-26.129297,1611.6            28.002863,-26.129273,1611.7            28.002868,-26.129252,1611.7            28.002873,-26.129228,1611.8            28.002882,-26.129208,1611.9            28.002887,-26.129192,1611.9            28.002895,-26.129168,1612            28.002902,-26.129153,1612            28.00291,-26.129137,1612.1            28.002915,-26.129117,1612.2            28.002923,-26.1291,1612.2            28.002933,-26.129082,1612.3            28.002938,-26.129067,1612.3            28.002952,-26.129048,1612.4            28.002962,-26.12903,1612.5            28.00297,-26.129012,1612.5            28.002978,-26.128992,1612.6            28.002983,-26.12897,1612.7            28.002988,-26.128952,1612.7            28.002992,-26.128932,1612.8            28.002997,-26.12891,1612.9            28.003007,-26.128888,1613            28.003017,-26.128868,1613.1            28.003028,-26.12885,1613.1            28.003038,-26.128832,1613.2            28.003048,-26.128813,1613.3            28.003058,-26.1288,1613.3            28.00307,-26.128782,1613.4            28.003075,-26.128763,1613.5            28.00308,-26.128748,1613.6            28.003082,-26.12874,1613.6            28.003085,-26.12873,1613.6            28.003088,-26.128717,1613.7            28.00309,-26.128693,1613.7            28.003085,-26.128667,1613.7            28.003082,-26.128648,1613.7            28.00308,-26.12863,1613.8            28.003075,-26.12862,1613.8            28.00307,-26.128602,1613.8            28.003067,-26.128587,1613.8            28.003063,-26.128568,1613.8            28.003067,-26.12855,1613.9            28.003085,-26.128532,1613.9            28.003093,-26.128513,1613.9            28.003098,-26.128492,1613.9            28.003103,-26.128468,1614            28.003108,-26.128443,1614            28.003117,-26.12842,1614            28.003117,-26.128393,1614.1            28.003117,-26.128367,1614.1            28.003125,-26.128347,1614.1            28.003132,-26.128325,1614.2            28.003135,-26.128307,1614.2            28.00314,-26.128292,1614.2            28.003145,-26.12827,1614.2            28.003146,-26.128267,1614.2            28.00315,-26.128252,1614.3            28.00316,-26.128233,1614.3            28.003173,-26.128218,1614.4            28.003182,-26.128195,1614.4            28.003192,-26.128178,1614.4            28.0032,-26.128163,1614.5            28.00321,-26.128145,1614.5            28.003218,-26.12813,1614.6            28.003227,-26.128107,1614.6            28.003232,-26.12809,1614.7            28.003237,-26.128075,1614.7            28.003242,-26.128057,1614.7            28.003242,-26.12804,1614.8            28.003245,-26.128028,1614.8            28.003252,-26.128015,1614.8            28.00326,-26.127997,1614.9            28.003268,-26.12798,1614.9            28.003278,-26.12796,1615            28.003283,-26.127942,1615            28.003292,-26.127923,1615            28.003305,-26.127902,1615.1            28.003312,-26.127883,1615.1            28.003323,-26.127863,1615.1            28.00333,-26.127842,1615.2            28.003342,-26.127818,1615.2            28.003353,-26.1278,1615.3            28.003367,-26.127777,1615.3            28.00338,-26.127758,1615.3            28.003393,-26.12774,1615.4            28.003403,-26.127722,1615.4            28.003417,-26.127703,1615.5            28.003427,-26.127683,1615.5            28.003435,-26.127665,1615.5            28.003445,-26.127647,1615.6            28.003453,-26.127628,1615.6            28.003458,-26.127607,1615.6            28.003468,-26.127587,1615.7            28.003477,-26.127563,1615.7            28.003482,-26.127542,1615.7            28.00349,-26.127523,1615.8            28.003497,-26.1275,1615.8            28.003503,-26.127482,1615.8            28.003508,-26.127458,1615.8            28.003513,-26.127438,1615.9            28.003523,-26.127412,1615.9            28.003533,-26.12739,1615.9            28.003545,-26.12737,1616            28.00355,-26.127352,1616            28.00356,-26.127335,1616            28.003568,-26.127317,1616            28.003578,-26.127302,1616            28.003592,-26.127278,1616.1            28.003597,-26.127257,1616.1            28.003605,-26.127242,1616.1            28.003615,-26.127222,1616.1            28.003625,-26.1272,1616.1            28.003633,-26.127182,1616.2            28.003638,-26.127163,1616.2            28.003643,-26.12714,1616.2            28.003643,-26.127117,1616.2            28.003648,-26.127095,1616.2            28.003657,-26.127075,1616.3            28.003662,-26.127057,1616.3            28.003665,-26.127033,1616.3            28.00367,-26.127012,1616.3            28.003683,-26.126988,1616.4            28.003688,-26.126965,1616.4            28.003702,-26.126942,1616.4            28.003708,-26.126923,1616.4            28.00372,-26.126897,1616.5            28.003725,-26.126877,1616.5            28.003732,-26.126858,1616.5            28.003743,-26.126842,1616.5            28.003753,-26.126827,1616.5            28.003763,-26.126812,1616.6            28.003762,-26.126795,1616.6            28.003763,-26.126777,1616.6            28.003772,-26.126757,1616.6            28.003777,-26.126735,1616.6            28.003782,-26.126717,1616.6            28.003793,-26.126697,1616.6            28.0038,-26.126673,1616.6            28.00381,-26.126652,1616.6            28.003827,-26.126628,1616.5            28.00385,-26.12661,1616.5            28.00386,-26.126587,1616.5            28.003878,-26.126563,1616.5            28.003892,-26.126542,1616.5            28.003902,-26.126522,1616.5            28.003913,-26.126498,1616.5            28.003925,-26.126475,1616.4            28.003938,-26.126453,1616.4            28.003952,-26.126427,1616.4            28.003962,-26.126407,1616.4            28.003975,-26.126385,1616.4            28.003985,-26.126362,1616.4            28.003992,-26.126338,1616.4            28.004002,-26.12632,1616.4            28.004015,-26.126297,1616.4            28.00402,-26.126275,1616.4            28.004022,-26.126258,1616.4            28.004033,-26.126237,1616.4            28.004043,-26.126218,1616.4            28.004048,-26.126205,1616.4            28.004058,-26.126187,1616.4            28.004067,-26.126168,1616.4            28.004072,-26.126145,1616.4            28.00408,-26.126125,1616.4            28.004085,-26.126103,1616.4            28.00409,-26.12608,1616.3            28.004098,-26.126057,1616.3            28.004108,-26.126035,1616.3            28.004113,-26.126012,1616.3            28.004123,-26.125988,1616.3            28.004132,-26.125965,1616.3            28.004142,-26.125945,1616.3            28.00415,-26.125923,1616.3            28.004158,-26.125905,1616.3            28.004163,-26.125882,1616.3            28.004168,-26.12586,1616.3            28.004173,-26.12584,1616.3            28.004177,-26.125822,1616.2            28.004182,-26.1258,1616.2            28.004187,-26.12578,1616.2            28.004195,-26.125767,1616.2            28.004205,-26.125752,1616.2            28.00421,-26.12573,1616.2            28.004215,-26.125707,1616.2            28.00422,-26.12568,1616.2            28.004223,-26.125657,1616.2            28.004223,-26.125638,1616.2            28.00422,-26.125615,1616.2            28.004218,-26.125592,1616.2            28.004213,-26.125573,1616.2            28.00421,-26.125553,1616.2            28.00421,-26.125528,1616.2            28.004202,-26.125503,1616.2            28.004197,-26.12548,1616.2            28.00419,-26.125458,1616.2            28.004182,-26.12544,1616.2            28.004173,-26.12543,1616.2            28.004192,-26.12544,1616.2            28.004197,-26.125443,1616.2            28.0042,-26.125448,1616.2            28.004202,-26.12545,1616.2            28.004205,-26.12545,1616.2            28.004208,-26.125453,1616.2            28.004205,-26.125458,1616.2            28.004205,-26.125457,1616.2            28.004202,-26.125457,1616.2            28.0042,-26.125453,1616.2            28.0042,-26.125448,1616.2            28.0042,-26.125445,1616.2            28.0042,-26.125443,1616.2            28.004202,-26.125445,1616.2            28.0042,-26.125448,1616.2            28.004202,-26.125448,1616.2            28.0042,-26.125448,1616.2            28.0042,-26.125445,1616.2            28.0042,-26.125448,1616.2            28.0042,-26.125453,1616.2            28.0042,-26.12545,1616.2            28.0042,-26.125453,1616.2            28.0042,-26.12545,1616.2            28.0042,-26.125448,1616.2            28.004202,-26.125448,1616.2            28.004202,-26.12545,1616.2            28.0042,-26.125448,1616.2            28.0042,-26.12545,1616.2            28.0042,-26.125448,1616.2            28.0042,-26.125445,1616.2            28.004195,-26.125443,1616.2            28.004192,-26.125443,1616.2            28.004195,-26.125445,1616.2            28.004197,-26.125445,1616.2            28.004195,-26.125443,1616.2            28.004195,-26.125445,1616.2            28.004195,-26.125443,1616.2            28.004195,-26.125445,1616.2            28.004195,-26.125443,1616.2            28.004195,-26.125445,1616.2            28.004195,-26.12544,1616.2            28.0042,-26.125427,1616.2            28.004195,-26.125407,1616.2            28.004195,-26.125385,1616.2            28.004192,-26.125367,1616.2            28.004187,-26.125347,1616.3            28.004182,-26.125325,1616.3            28.004182,-26.125302,1616.4            28.004178,-26.125278,1616.4            28.004177,-26.125255,1616.5            28.004173,-26.125232,1616.6            28.004173,-26.12521,1616.6            28.004173,-26.125187,1616.7            28.004163,-26.125168,1616.8            28.004153,-26.12515,1616.8            28.004145,-26.125135,1616.9            28.00414,-26.125117,1616.9            28.004132,-26.125103,1617            28.004123,-26.125085,1617            28.004122,-26.12507,1617.1            28.004117,-26.125052,1617.2            28.004117,-26.125033,1617.2            28.004113,-26.125015,1617.3            28.004112,-26.124993,1617.4            28.004108,-26.124978,1617.5            28.004105,-26.124963,1617.5            28.004103,-26.124947,1617.6            28.004103,-26.124932,1617.7            28.004098,-26.124913,1617.7            28.004095,-26.124895,1617.8            28.004088,-26.124872,1617.9            28.00408,-26.12485,1618            28.004072,-26.124832,1618.1            28.004062,-26.124813,1618.2            28.004057,-26.124803,1618.3            28.004048,-26.124785,1618.3            28.00404,-26.124767,1618.4            28.004038,-26.124743,1618.5            28.004035,-26.12472,1618.6            28.004038,-26.124698,1618.7            28.004035,-26.124678,1618.8            28.004035,-26.12466,1618.9            28.004038,-26.124633,1619            28.004038,-26.12461,1619.1            28.004035,-26.124587,1619.2            28.004035,-26.124565,1619.3            28.00403,-26.12454,1619.4            28.004025,-26.124518,1619.5            28.004017,-26.124495,1619.6            28.004007,-26.124477,1619.6            28.003998,-26.124458,1619.7            28.003988,-26.124443,1619.8            28.00398,-26.124427,1619.8            28.003975,-26.124408,1619.9            28.003975,-26.124392,1619.9            28.003978,-26.124367,1620            28.003983,-26.124343,1620            28.003988,-26.124323,1620.1            28.003992,-26.124302,1620.1            28.003993,-26.124278,1620.2            28.003997,-26.124255,1620.2            28.003998,-26.124235,1620.2            28.003998,-26.124213,1620.3            28.003997,-26.124195,1620.3            28.003993,-26.12418,1620.3            28.003993,-26.124163,1620.3            28.003988,-26.124145,1620.4            28.003983,-26.12412,1620.4            28.003983,-26.124093,1620.4            28.003978,-26.12407,1620.5            28.003975,-26.124043,1620.5            28.003965,-26.12402,1620.6            28.003955,-26.124002,1620.6            28.003947,-26.123983,1620.6            28.003942,-26.123965,1620.7            28.003933,-26.123942,1620.7            28.003928,-26.123923,1620.8            28.003928,-26.1239,1620.8            28.003923,-26.123887,1620.8            28.003923,-26.123872,1620.9            28.003915,-26.123853,1620.9            28.003915,-26.12384,1620.9            28.003913,-26.123827,1621            28.00391,-26.123808,1621            28.003907,-26.12379,1621.1            28.003905,-26.12377,1621.1            28.0039,-26.123752,1621.2            28.003895,-26.123735,1621.2            28.003883,-26.123725,1621.2            28.00387,-26.123698,1621.3            28.00386,-26.123678,1621.3            28.00385,-26.123652,1621.4            28.003845,-26.123633,1621.5            28.00384,-26.123613,1621.5            28.003832,-26.123595,1621.5            28.003827,-26.123577,1621.6            28.003818,-26.123555,1621.6            28.00381,-26.123535,1621.7            28.0038,-26.123517,1621.7            28.0038,-26.123503,1621.7            28.003793,-26.123495,1621.6            28.003795,-26.123485,1621.7            28.003785,-26.123472,1621.7            28.00379,-26.123462,1621.7            28.003793,-26.123457,1621.5            28.003785,-26.123448,1621.5            28.003777,-26.123445,1621.5            28.003772,-26.123443,1621.6            28.003767,-26.123443,1621.6            28.003772,-26.123443,1621.6            28.003767,-26.123443,1621.6            28.003763,-26.123445,1622.4            28.003763,-26.123448,1622.4            28.003767,-26.123448,1621.7            28.003768,-26.123448,1621.7            28.003767,-26.123453,1621.8            28.003768,-26.123457,1621.8            28.003772,-26.123458,1621.8            28.003775,-26.123462,1622            28.003777,-26.123462,1622            28.003782,-26.123458,1621.9            28.00379,-26.123458,1621.9            28.003787,-26.123457,1621.9            28.003787,-26.123453,1621.9            28.003787,-26.123457,1621.9            28.00379,-26.123453,1621.9            28.003787,-26.123457,1622            28.00379,-26.123453,1622            28.00379,-26.123452,1622            28.003793,-26.123452,1622            28.003793,-26.123453,1622.1            28.003798,-26.123452,1622.1            28.003803,-26.123452,1622.1            28.003822,-26.123457,1621.4            28.003832,-26.123462,1621.6            28.003855,-26.123462,1620.9            28.003873,-26.123463,1620.9            28.003892,-26.123472,1620.9            28.003913,-26.123477,1620.2            28.003933,-26.123485,1620.2            28.003947,-26.123498,1619.7            28.003962,-26.123507,1619.9            28.003973,-26.123513,1619.9            28.003988,-26.123522,1619.4            28.00401,-26.123527,1619.4            28.00403,-26.123532,1618.8            28.004048,-26.123535,1618.8            28.00407,-26.12354,1618.3            28.004088,-26.123548,1618.3            28.004098,-26.123555,1618.3            28.004108,-26.123563,1617.8            28.004127,-26.123572,1617.9            28.004145,-26.123577,1617.9            28.004158,-26.123587,1617.1            28.004168,-26.123595,1617.1            28.004182,-26.1236,1617.1            28.004195,-26.12361,1616.6            28.004208,-26.123618,1616.7            28.004223,-26.123627,1616.7            28.004242,-26.123633,1616.2            28.00426,-26.123645,1616.3            28.004278,-26.123655,1616.5            28.004298,-26.123665,1615.9            28.004325,-26.123673,1615.3            28.004348,-26.123678,1615.4            28.004372,-26.123688,1614.8            28.004393,-26.123697,1614.8            28.004417,-26.123705,1614.4            28.004435,-26.123712,1614.4            28.004458,-26.12372,1614            28.004482,-26.12373,1614            28.004505,-26.123738,1613.5            28.004528,-26.123743,1613.5            28.004547,-26.123752,1613.1            28.00457,-26.123758,1613.1            28.004592,-26.12377,1612.4            28.004615,-26.12378,1612.5            28.004638,-26.123793,1612            28.004662,-26.123808,1612            28.004688,-26.123825,1611.5            28.004717,-26.12384,1611            28.00474,-26.12385,1611            28.004763,-26.123858,1610.6            28.004782,-26.123868,1610.6            28.0048,-26.123877,1610.1            28.004817,-26.12389,1610.1            28.004837,-26.1239,1610.1            28.004855,-26.123913,1609.6            28.004868,-26.123927,1609.6            28.004887,-26.123932,1609.1            28.004902,-26.123942,1609.1            28.004923,-26.12395,1608.6            28.004943,-26.12396,1608.6            28.004965,-26.123973,1608.4            28.004988,-26.123987,1607.9            28.005017,-26.124,1607.4            28.005043,-26.12401,1607.2            28.005072,-26.124025,1606.7            28.0051,-26.124038,1606.5            28.005127,-26.124057,1606.3            28.005147,-26.124065,1606.3            28.005168,-26.124075,1606.3            28.005187,-26.124085,1606.2            28.00521,-26.124098,1606.3            28.005233,-26.124112,1606.3            28.005257,-26.124127,1606.3            28.005283,-26.12414,1606.3            28.005307,-26.124153,1606.3            28.005333,-26.124168,1606.3            28.005353,-26.124185,1606.3            28.005372,-26.124198,1606.4            28.005393,-26.124205,1606.4            28.005413,-26.124218,1606.4            28.005432,-26.124232,1606.4            28.005455,-26.124245,1606.4            28.005487,-26.124253,1606.4            28.005508,-26.124255,1606.5            28.005532,-26.124255,1606.5            28.00557,-26.124247,1606.3            28.005605,-26.124235,1606            28.00563,-26.124222,1605.9            28.005653,-26.124203,1605.7            28.005677,-26.12419,1605.6            28.005702,-26.124172,1605.4            28.00573,-26.124158,1605.2            28.005755,-26.124138,1605            28.005782,-26.124122,1604.9            28.005805,-26.124107,1604.7            28.005823,-26.124093,1604.7            28.005845,-26.124075,1604.6            28.005865,-26.124057,1604.5            28.005887,-26.124038,1604.4            28.005905,-26.124012,1604.3            28.005928,-26.123983,1604.2            28.005948,-26.123952,1604.2            28.005965,-26.123932,1604.1            28.005983,-26.123905,1604            28.005998,-26.123887,1604            28.006008,-26.123863,1604            28.006017,-26.123837,1603.9            28.006022,-26.123813,1603.9            28.006025,-26.12379,1603.8            28.006035,-26.123762,1603.8            28.006038,-26.123735,1603.8            28.006043,-26.123707,1603.7            28.006045,-26.12368,1603.7            28.006045,-26.123652,1603.6            28.006048,-26.123623,1603.6            28.006048,-26.1236,1603.6            28.006045,-26.123573,1603.5            28.006053,-26.123545,1603.5            28.006057,-26.123518,1603.4            28.006062,-26.123495,1603.4            28.006063,-26.123472,1603.4            28.006067,-26.123448,1603.3            28.006075,-26.12343,1603.3            28.006082,-26.123407,1603.3            28.006095,-26.123383,1603.2            28.006108,-26.123362,1603.2            28.006118,-26.123337,1603.2            28.006128,-26.123313,1603.1            28.006142,-26.123287,1603.1            28.006155,-26.123258,1603            28.006165,-26.123235,1603            28.006177,-26.123213,1602.9            28.006187,-26.123195,1602.9            28.006197,-26.123168,1602.9            28.006207,-26.123148,1602.8            28.006223,-26.12313,1602.8            28.006233,-26.123107,1602.7            28.006252,-26.123085,1602.6            28.00626,-26.123062,1602.6            28.00627,-26.123038,1602.5            28.00628,-26.123015,1602.5            28.006293,-26.122997,1602.4            28.006298,-26.122977,1602.4            28.00631,-26.122952,1602.3            28.006312,-26.122927,1602.2            28.006325,-26.122905,1602.2            28.006335,-26.122882,1602.2            28.006348,-26.122858,1602.1            28.006362,-26.122838,1602.1            28.006377,-26.122812,1602            28.006385,-26.122793,1602            28.006403,-26.122767,1601.9            28.006412,-26.122747,1601.9            28.006427,-26.12272,1601.9            28.006437,-26.122692,1601.8            28.00645,-26.122668,1601.8            28.006463,-26.122647,1601.8            28.006477,-26.122623,1601.8            28.006487,-26.122605,1601.7            28.006502,-26.122582,1601.7            28.006518,-26.122567,1601.7            28.006528,-26.122545,1601.7            28.006537,-26.122525,1601.7            28.006547,-26.122508,1601.7            28.00656,-26.12249,1601.7            28.006573,-26.122465,1601.7            28.006588,-26.122438,1601.7            28.006597,-26.122417,1601.7            28.006612,-26.122397,1601.7            28.006625,-26.122375,1601.8            28.006638,-26.122355,1601.8            28.006647,-26.122333,1601.8            28.006657,-26.122318,1601.8            28.006665,-26.1223,1601.8            28.006673,-26.122286,1601.8            28.006675,-26.122282,1601.8            28.006683,-26.122258,1601.8            28.006693,-26.122237,1601.8            28.006698,-26.122217,1601.8            28.006717,-26.122185,1601.9            28.006727,-26.122162,1601.9            28.006737,-26.12214,1601.9            28.006753,-26.12212,1601.9            28.006763,-26.122098,1601.9            28.006772,-26.12208,1601.9            28.006773,-26.122062,1602            28.006782,-26.122042,1602            28.006785,-26.12202,1602            28.006787,-26.121997,1602            28.006777,-26.121973,1602            28.006782,-26.121955,1602.1            28.006787,-26.121935,1602.1            28.0068,-26.121917,1602.1            28.006805,-26.121892,1602.1            28.006813,-26.121867,1602.1            28.006822,-26.121835,1602.1            28.006832,-26.121803,1602.1            28.006837,-26.121775,1602.1            28.006842,-26.121747,1602.1            28.006852,-26.121718,1602.1            28.00686,-26.121692,1602.1            28.006865,-26.121668,1602.1            28.006873,-26.121647,1602.1            28.006888,-26.121623,1602.1            28.006897,-26.1216,1602.1            28.006907,-26.121577,1602.1            28.00691,-26.121553,1602.1            28.006923,-26.121535,1602            28.00693,-26.121518,1602            28.006947,-26.121503,1602            28.006962,-26.121483,1602            28.006975,-26.121465,1601.9            28.006993,-26.121443,1601.9            28.007007,-26.12142,1601.8            28.007017,-26.121398,1601.7            28.00703,-26.121378,1601.7            28.00704,-26.121355,1601.6            28.007053,-26.121333,1601.5            28.007063,-26.12131,1601.3            28.007077,-26.121287,1601.2            28.00709,-26.121263,1601.1            28.007105,-26.12124,1601            28.007118,-26.121213,1600.8            28.007132,-26.12119,1600.7            28.007142,-26.121167,1600.6            28.007155,-26.121148,1600.5            28.007178,-26.12113,1600.3            28.0072,-26.121115,1600.2            28.00722,-26.121098,1600.1            28.007242,-26.121083,1599.9            28.007265,-26.12107,1599.8            28.007283,-26.12106,1599.7            28.007303,-26.121052,1599.5            28.00733,-26.121042,1599.4            28.007348,-26.121033,1599.3            28.007368,-26.121028,1599.1            28.00739,-26.121028,1599            28.007418,-26.121023,1598.8            28.007442,-26.121023,1598.6            28.007468,-26.12102,1598.5            28.007492,-26.121015,1598.3            28.007518,-26.121005,1598.1            28.007543,-26.121,1597.9            28.00757,-26.120995,1597.8            28.007593,-26.120992,1597.6            28.00762,-26.120988,1597.4            28.007653,-26.120983,1597.2            28.007682,-26.120978,1597            28.007713,-26.120973,1596.8            28.007742,-26.120965,1596.6            28.007772,-26.120963,1596.4            28.007797,-26.120963,1596.2            28.007827,-26.12096,1596            28.007855,-26.12096,1595.8            28.007882,-26.12096,1595.6            28.00791,-26.12096,1595.4            28.007938,-26.12096,1595.2            28.007967,-26.120958,1595.1            28.007993,-26.120953,1594.9            28.00802,-26.12095,1594.7            28.008043,-26.12095,1594.5            28.008063,-26.12095,1594.4            28.008087,-26.120945,1594.2            28.008108,-26.120942,1594.1            28.008128,-26.12094,1594            28.00815,-26.120945,1593.8            28.00817,-26.120945,1593.7            28.008192,-26.120945,1593.6            28.008215,-26.12095,1593.4            28.008238,-26.120955,1593.3            28.008262,-26.12096,1593.1            28.008285,-26.120963,1593            28.008308,-26.120972,1592.8            28.008333,-26.120978,1592.7            28.008358,-26.120982,1592.5            28.008382,-26.120983,1592.4            28.0084,-26.120988,1592.2            28.008418,-26.120997,1592.1            28.00844,-26.121002,1592            28.00846,-26.121005,1591.8            28.008482,-26.12101,1591.7            28.008505,-26.121013,1591.5            28.00852,-26.12102,1591.4            28.008542,-26.121025,1591.3            28.008565,-26.121032,1591.1            28.008585,-26.121037,1591            28.00861,-26.121042,1590.9            28.008625,-26.121047,1590.7            28.008653,-26.121052,1590.6            28.008672,-26.121062,1590.4            28.008693,-26.12107,1590.3            28.008713,-26.121078,1590.2            28.008742,-26.121083,1590            28.008758,-26.121092,1589.9            28.008782,-26.121097,1589.7            28.0088,-26.121107,1589.6            28.008815,-26.121115,1589.5            28.008837,-26.121125,1589.3            28.008865,-26.121135,1589.1            28.008893,-26.121143,1588.9            28.008923,-26.121148,1588.8            28.008953,-26.121153,1588.6            28.008975,-26.121163,1588.4            28.009003,-26.121167,1588.3            28.009027,-26.12118,1588.1            28.00905,-26.121188,1588            28.009077,-26.12119,1587.8            28.0091,-26.121198,1587.6            28.009127,-26.121213,1587.5            28.00915,-26.121218,1587.3            28.009165,-26.121223,1587.2            28.009187,-26.121232,1587.1            28.009215,-26.12123,1586.9            28.009243,-26.121227,1586.7            28.00927,-26.121227,1586.6            28.009298,-26.12123,1586.4            28.009325,-26.121232,1586.3            28.009353,-26.121232,1586.1            28.009395,-26.121235,1585.9            28.009418,-26.121242,1585.7            28.00946,-26.121245,1585.5            28.009497,-26.121253,1585.3            28.009528,-26.12126,1585.1            28.009562,-26.121268,1584.9            28.009588,-26.121278,1584.6            28.009625,-26.121287,1584.5            28.009657,-26.12129,1584.3            28.009685,-26.121295,1584.2            28.009713,-26.121302,1584.1            28.00974,-26.121305,1584            28.009768,-26.12131,1583.9            28.0098,-26.121318,1583.8            28.009833,-26.121318,1583.7            28.009857,-26.12132,1583.6            28.009892,-26.121323,1583.5            28.009917,-26.121328,1583.4            28.009947,-26.121333,1583.3            28.009975,-26.121338,1583.2            28.010003,-26.121347,1581.8            28.010027,-26.121355,1581.6            28.01005,-26.121362,1581.5            28.010072,-26.121368,1581.3            28.010095,-26.12137,1581.2            28.010113,-26.121375,1581            28.010128,-26.121387,1580.9            28.010152,-26.121392,1580.8            28.010183,-26.121397,1580.5            28.010207,-26.121402,1580.4            28.010233,-26.121405,1580.2            28.010252,-26.121407,1580.1            28.01027,-26.121412,1580            28.010293,-26.12142,1579.8            28.010325,-26.121425,1579.6            28.01035,-26.121433,1579.4            28.010382,-26.121438,1579.2            28.010408,-26.121448,1579.1            28.010432,-26.121457,1578.9            28.010452,-26.121462,1578.8            28.010473,-26.121467,1578.6            28.010497,-26.121472,1578.4            28.010518,-26.121472,1578.3            28.010538,-26.121475,1578.2            28.01056,-26.121483,1578            28.010585,-26.121488,1577.8            28.01062,-26.121493,1577.6            28.010653,-26.121493,1577.4            28.01069,-26.121498,1577.2            28.010718,-26.121502,1577            28.010742,-26.121503,1576.8            28.010768,-26.121508,1576.7            28.010797,-26.121513,1576.5            28.010815,-26.121522,1576.4            28.010838,-26.121522,1576.2            28.01086,-26.121527,1576.1            28.010883,-26.121527,1575.9            28.010903,-26.12153,1575.8            28.010925,-26.121535,1575.7            28.010943,-26.12154,1575.6            28.010958,-26.121545,1575.5            28.010963,-26.121548,1575.2            28.010963,-26.121537,1575.2            28.010967,-26.12153,1575.2            28.010967,-26.121527,1575.2            28.01097,-26.121527,1575.2            28.010967,-26.121525,1575.2            28.010967,-26.121527,1575.2            28.01097,-26.121527,1575.2            28.010972,-26.121527,1575.2            28.010977,-26.12153,1575.2            28.01098,-26.121535,1575.2            28.01099,-26.12154,1575.2            28.010993,-26.12155,1575.2            28.010993,-26.121558,1575.2            28.01099,-26.121572,1575.2            28.010985,-26.12159,1575.2            28.01098,-26.121622,1575.2            28.010975,-26.12165,1575.2            28.010967,-26.121675,1575.2            28.010958,-26.121702,1575.2            28.010952,-26.121725,1575.3            28.010943,-26.121752,1575.3            28.010935,-26.121775,1575.3            28.01093,-26.121802,1575.3            28.010925,-26.121825,1575.3            28.010917,-26.121853,1575.3            28.010907,-26.121882,1575.3            28.010898,-26.121908,1575.3            28.010893,-26.121935,1575.3            28.010885,-26.121958,1575.3            28.010878,-26.121982,1575.3            28.010867,-26.122005,1575.3            28.01086,-26.122028,1575.3            28.010855,-26.122052,1575.3            28.01085,-26.122075,1575.3            28.010842,-26.122098,1575.3            28.010833,-26.12212,1575.4            28.01082,-26.122143,1575.4            28.01081,-26.122163,1575.4            28.0108,-26.122185,1575.4            28.010788,-26.122208,1575.4            28.010778,-26.122232,1575.4            28.010768,-26.12225,1575.4            28.010755,-26.122272,1575.4            28.010747,-26.122292,1575.5            28.010742,-26.122315,1575.5            28.010735,-26.122337,1575.5            28.010723,-26.122357,1575.5            28.010713,-26.122378,1575.5            28.010708,-26.122397,1575.6            28.0107,-26.122415,1575.6            28.01069,-26.122438,1575.6            28.010685,-26.122462,1575.6            28.010675,-26.122485,1575.6            28.010662,-26.122508,1575.6            28.01065,-26.122532,1575.7            28.01064,-26.122555,1575.7            28.01063,-26.122578,1575.7            28.010617,-26.1226,1575.7            28.010603,-26.12262,1575.7            28.01059,-26.122637,1575.7            28.01058,-26.122655,1575.8            28.01057,-26.122673,1575.8            28.01056,-26.122692,1575.8            28.010543,-26.12271,1575.8            28.010533,-26.122728,1575.8            28.01052,-26.122748,1575.9            28.01051,-26.122772,1575.9            28.010497,-26.122793,1576            28.010487,-26.122813,1576            28.010477,-26.122835,1576            28.010465,-26.122855,1576.1            28.010455,-26.122877,1576.1            28.01044,-26.122895,1576.1            28.010427,-26.122917,1576.2            28.010408,-26.122937,1576.2            28.010395,-26.122958,1576.3            28.010377,-26.122978,1576.3            28.010363,-26.122997,1576.4            28.010345,-26.123015,1576.4            28.01033,-26.123033,1576.4            28.010312,-26.123052,1576.5            28.010295,-26.12307,1576.5            28.01028,-26.12309,1576.5            28.010262,-26.123107,1576.6            28.010243,-26.123125,1576.6            28.01023,-26.123145,1576.6            28.010215,-26.123162,1576.6            28.010197,-26.123177,1576.6            28.010187,-26.123195,1576.6            28.01017,-26.123208,1576.6            28.010152,-26.123227,1576.6            28.010133,-26.123245,1576.6            28.010118,-26.12326,1576.6            28.010105,-26.123277,1576.6            28.01009,-26.123295,1576.6            28.010072,-26.123315,1576.6            28.010058,-26.123333,1576.6            28.010043,-26.123357,1576.5            28.010027,-26.123378,1576.5            28.010008,-26.123398,1576.5            28.009993,-26.123417,1576.5            28.009977,-26.123438,1576.5            28.009962,-26.123457,1576.5            28.009948,-26.12348,1576.5            28.009935,-26.1235,1576.5            28.00992,-26.123522,1576.5            28.009907,-26.123545,1576.5            28.009897,-26.123567,1576.5            28.009883,-26.123585,1576.5            28.00987,-26.1236,1576.5            28.009855,-26.123618,1576.5            28.009838,-26.123633,1576.5            28.009828,-26.123655,1576.5            28.009818,-26.123673,1576.5            28.009805,-26.123688,1576.5            28.009792,-26.12371,1576.5            28.009787,-26.123733,1576.5            28.009777,-26.123752,1576.5            28.009773,-26.12377,1576.5            28.009768,-26.12379,1576.4            28.009763,-26.123812,1576.4            28.009763,-26.123835,1576.4            28.009758,-26.12385,1576.4            28.009758,-26.123872,1576.3            28.009758,-26.123892,1576.3            28.009763,-26.123913,1576.3            28.009758,-26.123928,1576.3            28.009763,-26.123947,1576.3            28.00976,-26.123968,1576.2            28.009755,-26.123988,1576.2            28.009747,-26.12401,1576.2            28.009745,-26.124033,1576.2            28.009747,-26.124052,1576.2            28.00975,-26.124083,1576.2            28.009753,-26.124108,1576.2            28.009753,-26.124135,1576.3            28.009753,-26.124158,1576.3            28.00975,-26.124185,1576.3            28.009742,-26.1242,1576.4            28.009737,-26.124222,1576.4            28.009732,-26.12424,1576.4            28.009727,-26.12426,1576.5            28.009722,-26.124282,1576.5            28.009713,-26.124305,1576.5            28.009708,-26.12433,1576.6            28.009698,-26.124355,1576.6            28.00969,-26.12437,1576.6            28.009685,-26.124393,1576.7            28.00968,-26.124412,1576.7            28.009675,-26.124435,1576.7            28.00967,-26.124462,1576.8            28.009663,-26.12449,1576.8            28.009662,-26.124513,1576.8            28.009662,-26.12454,1576.9            28.009662,-26.124565,1576.9            28.009662,-26.124592,1576.9            28.009662,-26.124615,1576.9            28.009658,-26.124637,1576.9            28.009662,-26.124655,1576.9            28.009658,-26.124675,1576.9            28.009658,-26.124693,1576.9            28.009662,-26.124717,1576.9            28.009663,-26.124735,1576.8            28.00967,-26.124758,1576.8            28.00967,-26.12478,1576.8            28.009672,-26.124803,1576.7            28.009667,-26.124822,1576.7            28.00967,-26.12484,1576.7            28.009667,-26.12486,1576.6            28.009667,-26.124878,1576.6            28.009667,-26.124905,1576.5            28.00967,-26.124927,1576.5            28.009672,-26.12495,1576.5            28.009667,-26.124973,1576.4            28.009667,-26.125,1576.4            28.009667,-26.125023,1576.4            28.009667,-26.125048,1576.4            28.009667,-26.125077,1576.4            28.009663,-26.125107,1576.4            28.009672,-26.12513,1576.4            28.009667,-26.125143,1576.4            28.009662,-26.125167,1576.4            28.009662,-26.125195,1576.4            28.009662,-26.125218,1576.4            28.009658,-26.125237,1576.4            28.009652,-26.125255,1576.4            28.00964,-26.125273,1576.5            28.009643,-26.125292,1576.5            28.00964,-26.125315,1576.5            28.00964,-26.125337,1576.5            28.00964,-26.125357,1576.5            28.009635,-26.125372,1576.5            28.00963,-26.125388,1576.5            28.00962,-26.125412,1576.5            28.009612,-26.12543,1576.5            28.009608,-26.125448,1576.5            28.009602,-26.125462,1576.5            28.009592,-26.125477,1576.5            28.009591,-26.125479,1576.5            28.009583,-26.125495,1576.5            28.00958,-26.125517,1576.5            28.009575,-26.125537,1576.5            28.009575,-26.12556,1576.5            28.009575,-26.125583,1576.5            28.009575,-26.125605,1576.5            28.009575,-26.12562,1576.5            28.009573,-26.125637,1576.5            28.00957,-26.125647,1576.5            28.009565,-26.125662,1576.5            28.009556,-26.125675,1576.5            28.009555,-26.125677,1576.5            28.009554,-26.125679,1576.5            28.009553,-26.125681,1576.5            28.009553,-26.125683,1576.5            28.009552,-26.125685,1576.5            28.009551,-26.125687,1576.5            28.00955,-26.125689,1576.5            28.009549,-26.125691,1576.5            28.009548,-26.125693,1576.5          </coordinates></LineString></Placemark></Folder></Document></kml>