<?xml version="1.0" encoding="UTF-8"?><kml xmlns="http://www.opengis.net/kml/2.2"><Document><name>Heidedal parkrun</name><description/><Style id="icon-123-nodesc-normal"><IconStyle><scale>1.1</scale><Icon><href>https://www.gstatic.com/mapspro/images/stock/123-red-dot.png</href></Icon><hotSpot x="16" xunits="pixels" y="32" yunits="insetPixels"/></IconStyle><LabelStyle><scale>0</scale></LabelStyle><BalloonStyle><text><![CDATA[<h3>$[name]</h3>]]></text></BalloonStyle></Style><Style id="icon-123-nodesc-highlight"><IconStyle><scale>1.1</scale><Icon><href>https://www.gstatic.com/mapspro/images/stock/123-red-dot.png</href></Icon><hotSpot x="16" xunits="pixels" y="32" yunits="insetPixels"/></IconStyle><LabelStyle><scale>1.1</scale></LabelStyle><BalloonStyle><text><![CDATA[<h3>$[name]</h3>]]></text></BalloonStyle></Style><StyleMap id="icon-123-nodesc"><Pair><key>normal</key><styleUrl>#icon-123-nodesc-normal</styleUrl></Pair><Pair><key>highlight</key><styleUrl>#icon-123-nodesc-highlight</styleUrl></Pair></StyleMap><Style id="icon-61-nodesc-normal"><IconStyle><scale>1.1</scale><Icon><href>https://www.gstatic.com/mapspro/images/stock/61-green-dot.png</href></Icon><hotSpot x="16" xunits="pixels" y="32" yunits="insetPixels"/></IconStyle><LabelStyle><scale>0</scale></LabelStyle><BalloonStyle><text><![CDATA[<h3>$[name]</h3>]]></text></BalloonStyle></Style><Style id="icon-61-nodesc-highlight"><IconStyle><scale>1.1</scale><Icon><href>https://www.gstatic.com/mapspro/images/stock/61-green-dot.png</href></Icon><hotSpot x="16" xunits="pixels" y="32" yunits="insetPixels"/></IconStyle><LabelStyle><scale>1.1</scale></LabelStyle><BalloonStyle><text><![CDATA[<h3>$[name]</h3>]]></text></BalloonStyle></Style><StyleMap id="icon-61-nodesc"><Pair><key>normal</key><styleUrl>#icon-61-nodesc-normal</styleUrl></Pair><Pair><key>highlight</key><styleUrl>#icon-61-nodesc-highlight</styleUrl></Pair></StyleMap><Style id="line-0288D1-5000-nodesc-normal"><LineStyle><color>ffd18802</color><width>5</width></LineStyle><BalloonStyle><text><![CDATA[<h3>$[name]</h3>]]></text></BalloonStyle></Style><Style id="line-0288D1-5000-nodesc-highlight"><LineStyle><color>ffd18802</color><width>7.5</width></LineStyle><BalloonStyle><text><![CDATA[<h3>$[name]</h3>]]></text></BalloonStyle></Style><StyleMap id="line-0288D1-5000-nodesc"><Pair><key>normal</key><styleUrl>#line-0288D1-5000-nodesc-normal</styleUrl></Pair><Pair><key>highlight</key><styleUrl>#line-0288D1-5000-nodesc-highlight</styleUrl></Pair></StyleMap><Folder><name>Untitled layer</name><Placemark><name>Course</name><styleUrl>#line-0288D1-5000-nodesc</styleUrl><LineString><tessellate>1</tessellate><coordinates>            26.262329,-29.146682,0            26.262327,-29.146689,0            26.262325,-29.146699,0            26.262323,-29.146709,0            26.262322,-29.14672,0            26.262323,-29.14673,0            26.262325,-29.146741,0            26.262324,-29.146754,0            26.262324,-29.146768,0            26.262322,-29.146783,0            26.262317,-29.146799,0            26.262311,-29.146814,0            26.2623,-29.146827,0            26.262289,-29.146841,0            26.26228,-29.146851,0            26.262279,-29.14686,0            26.262277,-29.146872,0            26.262274,-29.146886,0            26.262267,-29.146899,0            26.262263,-29.146902,0            26.262262,-29.146904,0            26.262264,-29.146906,0            26.26226,-29.146906,0            26.262254,-29.146908,0            26.262248,-29.146912,0            26.262242,-29.146918,0            26.262237,-29.146926,0            26.262232,-29.146933,0            26.262227,-29.14694,0            26.262224,-29.146949,0            26.262219,-29.14696,0            26.262214,-29.146971,0            26.262208,-29.146979,0            26.262201,-29.146985,0            26.262194,-29.146991,0            26.262186,-29.146998,0            26.262178,-29.147006,0            26.262172,-29.147014,0            26.262167,-29.147023,0            26.26216,-29.147031,0            26.262155,-29.147039,0            26.262152,-29.147045,0            26.26215,-29.147056,0            26.262148,-29.147064,0            26.262143,-29.147069,0            26.262139,-29.147071,0            26.262134,-29.147073,0            26.262129,-29.147073,0            26.262125,-29.14707,0            26.262123,-29.147068,0            26.262123,-29.147072,0            26.262123,-29.147082,0            26.262124,-29.147088,0            26.262129,-29.147095,0            26.262132,-29.1471,0            26.262135,-29.147109,0            26.262135,-29.147121,0            26.262128,-29.147129,0            26.262123,-29.147133,0            26.262117,-29.147137,0            26.262112,-29.147144,0            26.262106,-29.14715,0            26.2621,-29.147156,0            26.262093,-29.147162,0            26.262087,-29.147167,0            26.262081,-29.147172,0            26.262074,-29.147176,0            26.262068,-29.147181,0            26.262064,-29.147189,0            26.26206,-29.147198,0            26.262057,-29.147208,0            26.262057,-29.147218,0            26.262056,-29.147227,0            26.262053,-29.147233,0            26.262048,-29.147238,0            26.262043,-29.147246,0            26.262037,-29.147249,0            26.26203,-29.147255,0            26.262024,-29.147261,0            26.262017,-29.147267,0            26.26201,-29.147274,0            26.262004,-29.14728,0            26.261998,-29.147285,0            26.261993,-29.14729,0            26.261987,-29.147296,0            26.26198,-29.1473,0            26.261971,-29.147307,0            26.261962,-29.147314,0            26.261956,-29.147325,0            26.261952,-29.147332,0            26.261948,-29.147338,0            26.261945,-29.147344,0            26.26194,-29.14735,0            26.261937,-29.147355,0            26.261932,-29.147362,0            26.261925,-29.147371,0            26.261917,-29.147377,0            26.261909,-29.147386,0            26.261902,-29.147393,0            26.261896,-29.147398,0            26.26189,-29.147405,0            26.261884,-29.147412,0            26.261877,-29.147417,0            26.26187,-29.147421,0            26.261863,-29.147424,0            26.261855,-29.147425,0            26.261847,-29.147429,0            26.261837,-29.147434,0            26.261826,-29.147437,0            26.261817,-29.147438,0            26.261805,-29.147438,0            26.261794,-29.14744,0            26.261785,-29.147446,0            26.261777,-29.147448,0            26.261765,-29.147447,0            26.261752,-29.147447,0            26.261738,-29.147447,0            26.261725,-29.147447,0            26.261713,-29.147448,0            26.261703,-29.147449,0            26.261693,-29.147452,0            26.261682,-29.147454,0            26.261669,-29.147456,0            26.261655,-29.147459,0            26.261641,-29.147462,0            26.261627,-29.147468,0            26.261612,-29.147473,0            26.261596,-29.14748,0            26.261579,-29.147485,0            26.261563,-29.147494,0            26.261549,-29.147505,0            26.261535,-29.147518,0            26.26152,-29.147529,0            26.261507,-29.147541,0            26.261496,-29.147556,0            26.261484,-29.147571,0            26.261471,-29.147586,0            26.261461,-29.1476,0            26.261451,-29.147615,0            26.261443,-29.147631,0            26.261432,-29.147646,0            26.261421,-29.147658,0            26.26141,-29.14767,0            26.261401,-29.147682,0            26.261392,-29.147695,0            26.261382,-29.147708,0            26.26137,-29.14772,0            26.261359,-29.147732,0            26.26135,-29.147743,0            26.261341,-29.147756,0            26.261334,-29.14777,0            26.261326,-29.147784,0            26.261318,-29.147798,0            26.261308,-29.147811,0            26.261297,-29.147823,0            26.261287,-29.147834,0            26.261278,-29.147844,0            26.261269,-29.147854,0            26.26126,-29.147866,0            26.261251,-29.147879,0            26.261243,-29.147891,0            26.261234,-29.147901,0            26.261225,-29.147911,0            26.261214,-29.147924,0            26.261207,-29.147932,0            26.261197,-29.147942,0            26.261188,-29.147955,0            26.261179,-29.147967,0            26.261169,-29.147978,0            26.261158,-29.14799,0            26.261148,-29.148003,0            26.261139,-29.148015,0            26.26113,-29.148028,0            26.261122,-29.148038,0            26.261114,-29.148048,0            26.261106,-29.148058,0            26.261098,-29.14807,0            26.26109,-29.14808,0            26.261082,-29.148092,0            26.261073,-29.148105,0            26.261065,-29.148118,0            26.261057,-29.14813,0            26.26105,-29.148144,0            26.261043,-29.148156,0            26.261038,-29.148169,0            26.261032,-29.148183,0            26.261027,-29.148194,0            26.261022,-29.148206,0            26.261018,-29.148219,0            26.261012,-29.148232,0            26.261006,-29.148247,0            26.261001,-29.148263,0            26.260993,-29.148277,0            26.260985,-29.148293,0            26.260976,-29.148308,0            26.260969,-29.148322,0            26.260963,-29.148336,0            26.260956,-29.148349,0            26.260947,-29.148361,0            26.260941,-29.148374,0            26.260935,-29.148388,0            26.260929,-29.148402,0            26.260925,-29.148415,0            26.260924,-29.148428,0            26.26093,-29.14844,0            26.260943,-29.148449,0            26.260958,-29.148459,0            26.260974,-29.148467,0            26.260991,-29.148473,0            26.261011,-29.148481,0            26.26103,-29.148489,0            26.261049,-29.148498,0            26.261065,-29.148505,0            26.261081,-29.148513,0            26.261098,-29.148521,0            26.261116,-29.148531,0            26.261135,-29.148539,0            26.261153,-29.148544,0            26.261168,-29.14855,0            26.261182,-29.148557,0            26.261195,-29.148564,0            26.261208,-29.148571,0            26.261221,-29.148578,0            26.261237,-29.148585,0            26.261254,-29.148594,0            26.261274,-29.148603,0            26.261292,-29.148612,0            26.26131,-29.148619,0            26.261326,-29.148626,0            26.261342,-29.148634,0            26.261358,-29.148643,0            26.261376,-29.148651,0            26.261394,-29.148658,0            26.261411,-29.148664,0            26.261427,-29.148672,0            26.261443,-29.148678,0            26.261459,-29.148683,0            26.261476,-29.148689,0            26.261491,-29.148697,0            26.261505,-29.148706,0            26.261519,-29.148714,0            26.261535,-29.148721,0            26.261553,-29.148727,0            26.261569,-29.148735,0            26.261584,-29.148742,0            26.261602,-29.14875,0            26.26162,-29.148759,0            26.261635,-29.148768,0            26.261645,-29.148778,0            26.261651,-29.148786,0            26.261665,-29.148796,0            26.261681,-29.148803,0            26.2617,-29.148814,0            26.261713,-29.148824,0            26.261729,-29.148831,0            26.261744,-29.148839,0            26.261758,-29.148847,0            26.261771,-29.148855,0            26.261781,-29.148864,0            26.261793,-29.148871,0            26.261806,-29.148878,0            26.261822,-29.148886,0            26.261837,-29.148894,0            26.261852,-29.148902,0            26.261867,-29.14891,0            26.261882,-29.148917,0            26.261893,-29.148924,0            26.261906,-29.148933,0            26.26192,-29.14894,0            26.261937,-29.148949,0            26.261952,-29.148959,0            26.261968,-29.148969,0            26.261987,-29.148978,0            26.262003,-29.148988,0            26.262021,-29.148996,0            26.262038,-29.149004,0            26.262052,-29.149009,0            26.262069,-29.149011,0            26.262088,-29.149012,0            26.262104,-29.149021,0            26.26212,-29.14903,0            26.262137,-29.149039,0            26.262154,-29.149048,0            26.262168,-29.149058,0            26.262183,-29.149066,0            26.262198,-29.149074,0            26.262215,-29.149082,0            26.262229,-29.14909,0            26.262244,-29.149099,0            26.262259,-29.14911,0            26.262271,-29.14912,0            26.262285,-29.14913,0            26.262301,-29.14914,0            26.262317,-29.14915,0            26.262328,-29.14916,0            26.262338,-29.149172,0            26.262352,-29.149178,0            26.262364,-29.149183,0            26.262378,-29.149187,0            26.262391,-29.149193,0            26.262404,-29.1492,0            26.262417,-29.149208,0            26.26243,-29.149213,0            26.262443,-29.149222,0            26.262456,-29.149229,0            26.26247,-29.149237,0            26.262483,-29.149245,0            26.262499,-29.149252,0            26.262518,-29.149261,0            26.262529,-29.149266,0            26.262544,-29.149273,0            26.262559,-29.149279,0            26.262573,-29.149282,0            26.262588,-29.149284,0            26.262604,-29.149284,0            26.26262,-29.149285,0            26.262635,-29.149285,0            26.262648,-29.149284,0            26.262663,-29.149284,0            26.262678,-29.14928,0            26.262693,-29.149276,0            26.262708,-29.149273,0            26.262722,-29.149268,0            26.262737,-29.149263,0            26.262751,-29.149258,0            26.262764,-29.149253,0            26.262777,-29.149247,0            26.262788,-29.149241,0            26.262799,-29.149237,0            26.262808,-29.14923,0            26.262817,-29.14922,0            26.262826,-29.149212,0            26.262835,-29.149203,0            26.262845,-29.149192,0            26.262854,-29.149181,0            26.262863,-29.149171,0            26.262878,-29.149158,0            26.262886,-29.14915,0            26.262897,-29.149141,0            26.262907,-29.14913,0            26.26292,-29.149115,0            26.262929,-29.149104,0            26.262938,-29.149091,0            26.262948,-29.149079,0            26.262958,-29.149066,0            26.262968,-29.149053,0            26.262983,-29.149038,0            26.262993,-29.149028,0            26.263005,-29.149016,0            26.263016,-29.149005,0            26.263025,-29.148991,0            26.263036,-29.148976,0            26.263048,-29.148965,0            26.26306,-29.148953,0            26.263071,-29.148938,0            26.263083,-29.148925,0            26.263096,-29.148911,0            26.263109,-29.148896,0            26.263121,-29.148884,0            26.263131,-29.14887,0            26.263142,-29.148855,0            26.263155,-29.148841,0            26.263165,-29.148827,0            26.263174,-29.148812,0            26.263184,-29.148796,0            26.263194,-29.148782,0            26.263207,-29.14877,0            26.263221,-29.148758,0            26.263233,-29.148746,0            26.263245,-29.148735,0            26.263256,-29.148725,0            26.263267,-29.148712,0            26.263278,-29.148702,0            26.263287,-29.148687,0            26.263296,-29.148675,0            26.263306,-29.148662,0            26.263315,-29.148651,0            26.263322,-29.148638,0            26.263329,-29.148627,0            26.263337,-29.148614,0            26.263347,-29.148604,0            26.263355,-29.148592,0            26.263366,-29.14858,0            26.263378,-29.148566,0            26.263388,-29.148553,0            26.263399,-29.148543,0            26.26341,-29.14853,0            26.263419,-29.148517,0            26.263428,-29.148505,0            26.263436,-29.148493,0            26.263445,-29.14848,0            26.263453,-29.148468,0            26.263462,-29.148454,0            26.263469,-29.14844,0            26.263476,-29.148426,0            26.263482,-29.148413,0            26.263488,-29.1484,0            26.263495,-29.148388,0            26.263502,-29.148374,0            26.263509,-29.148358,0            26.263518,-29.148344,0            26.263526,-29.148331,0            26.263533,-29.148319,0            26.263541,-29.148305,0            26.263549,-29.148291,0            26.263557,-29.148277,0            26.263564,-29.148263,0            26.263572,-29.148252,0            26.263579,-29.14824,0            26.263588,-29.148228,0            26.263597,-29.148216,0            26.263605,-29.148204,0            26.263611,-29.148191,0            26.263619,-29.148177,0            26.263627,-29.148164,0            26.263635,-29.148151,0            26.263642,-29.148138,0            26.263651,-29.148126,0            26.26366,-29.148112,0            26.263669,-29.1481,0            26.263677,-29.148087,0            26.263686,-29.148074,0            26.263695,-29.148062,0            26.263704,-29.14805,0            26.263713,-29.148038,0            26.263722,-29.148025,0            26.263731,-29.14801,0            26.263739,-29.147997,0            26.263746,-29.147984,0            26.263752,-29.147969,0            26.26376,-29.147955,0            26.263769,-29.147942,0            26.263778,-29.147928,0            26.263788,-29.147915,0            26.263799,-29.147902,0            26.263811,-29.14789,0            26.263821,-29.147878,0            26.26383,-29.147865,0            26.263842,-29.147853,0            26.263849,-29.147839,0            26.263856,-29.147828,0            26.263864,-29.147814,0            26.263872,-29.147799,0            26.263879,-29.147785,0            26.263889,-29.147773,0            26.263897,-29.14776,0            26.263906,-29.147746,0            26.263914,-29.147732,0            26.263922,-29.147719,0            26.263929,-29.147706,0            26.263937,-29.147694,0            26.263946,-29.147684,0            26.263957,-29.147673,0            26.263965,-29.147662,0            26.263972,-29.147651,0            26.26398,-29.147639,0            26.263985,-29.147627,0            26.263991,-29.147615,0            26.263996,-29.147602,0            26.264003,-29.147589,0            26.26401,-29.147577,0            26.264019,-29.147568,0            26.264024,-29.147558,0            26.264031,-29.147546,0            26.264038,-29.147531,0            26.264047,-29.147516,0            26.264055,-29.147502,0            26.264063,-29.147487,0            26.264072,-29.147474,0            26.26408,-29.14746,0            26.264087,-29.147445,0            26.264094,-29.147431,0            26.264102,-29.147414,0            26.264109,-29.147398,0            26.264116,-29.147384,0            26.264122,-29.147369,0            26.26413,-29.147355,0            26.26414,-29.147341,0            26.264147,-29.147326,0            26.264156,-29.147313,0            26.264166,-29.147297,0            26.264175,-29.147281,0            26.264185,-29.147265,0            26.264194,-29.147249,0            26.264204,-29.147233,0            26.264214,-29.147218,0            26.264225,-29.147204,0            26.264235,-29.147188,0            26.264243,-29.147172,0            26.264252,-29.147157,0            26.264261,-29.147142,0            26.26427,-29.147128,0            26.264279,-29.147114,0            26.264289,-29.147099,0            26.264299,-29.147084,0            26.264309,-29.14707,0            26.264318,-29.147056,0            26.264329,-29.147042,0            26.26434,-29.147029,0            26.264348,-29.147017,0            26.264358,-29.147003,0            26.264367,-29.146989,0            26.264375,-29.146974,0            26.264382,-29.146959,0            26.264388,-29.146942,0            26.264393,-29.146927,0            26.264395,-29.146912,0            26.264392,-29.146899,0            26.264383,-29.146888,0            26.264369,-29.146878,0            26.264353,-29.146871,0            26.264336,-29.146864,0            26.264319,-29.146858,0            26.264301,-29.146853,0            26.264284,-29.146846,0            26.264266,-29.146839,0            26.264249,-29.146833,0            26.264233,-29.146826,0            26.264217,-29.14682,0            26.264201,-29.146815,0            26.264184,-29.146809,0            26.264167,-29.146803,0            26.26415,-29.146796,0            26.264134,-29.14679,0            26.264118,-29.146784,0            26.2641,-29.146777,0            26.264084,-29.146772,0            26.264069,-29.146766,0            26.264052,-29.146758,0            26.264035,-29.146752,0            26.264018,-29.146748,0            26.264001,-29.146742,0            26.263986,-29.146737,0            26.26397,-29.146729,0            26.263953,-29.146721,0            26.263936,-29.146715,0            26.263921,-29.146708,0            26.263905,-29.146701,0            26.263888,-29.146696,0            26.26387,-29.14669,0            26.263855,-29.146686,0            26.263841,-29.14668,0            26.263827,-29.146675,0            26.263811,-29.146669,0            26.263795,-29.146664,0            26.263778,-29.146659,0            26.263761,-29.146654,0            26.263744,-29.146648,0            26.263727,-29.146641,0            26.26371,-29.146636,0            26.263693,-29.146632,0            26.263676,-29.146627,0            26.263658,-29.146623,0            26.26364,-29.146619,0            26.263623,-29.146615,0            26.263607,-29.146611,0            26.263592,-29.146606,0            26.263577,-29.146601,0            26.263563,-29.146597,0            26.263548,-29.146592,0            26.263534,-29.146587,0            26.26352,-29.146582,0            26.263507,-29.146576,0            26.263492,-29.146571,0            26.263478,-29.146566,0            26.263463,-29.146562,0            26.263448,-29.146557,0            26.263433,-29.146552,0            26.263417,-29.146546,0            26.2634,-29.146539,0            26.263386,-29.146531,0            26.26337,-29.146524,0            26.263353,-29.146518,0            26.263336,-29.146513,0            26.263319,-29.146505,0            26.263303,-29.1465,0            26.263286,-29.146496,0            26.26327,-29.14649,0            26.263253,-29.146485,0            26.263237,-29.146479,0            26.263221,-29.146471,0            26.263205,-29.146462,0            26.263189,-29.146456,0            26.263173,-29.146449,0            26.263157,-29.146443,0            26.26314,-29.146436,0            26.263122,-29.146429,0            26.263105,-29.146422,0            26.263088,-29.146416,0            26.263071,-29.146408,0            26.263055,-29.1464,0            26.263038,-29.146393,0            26.263021,-29.146385,0            26.263004,-29.146378,0            26.262986,-29.146369,0            26.262969,-29.146361,0            26.262952,-29.146353,0            26.262936,-29.146346,0            26.26292,-29.146338,0            26.262904,-29.146331,0            26.262887,-29.146325,0            26.26287,-29.146317,0            26.262853,-29.146312,0            26.262836,-29.146306,0            26.262819,-29.146299,0            26.262802,-29.146291,0            26.262784,-29.146284,0            26.262768,-29.146277,0            26.262751,-29.146271,0            26.262733,-29.146267,0            26.262716,-29.146263,0            26.2627,-29.146258,0            26.262684,-29.146254,0            26.262668,-29.146247,0            26.262653,-29.146241,0            26.262636,-29.146233,0            26.262619,-29.146226,0            26.262602,-29.146221,0            26.262585,-29.146214,0            26.262569,-29.146207,0            26.262554,-29.146201,0            26.262539,-29.146194,0            26.262525,-29.146187,0            26.262509,-29.146184,0            26.262491,-29.146181,0            26.262475,-29.146179,0            26.262458,-29.14618,0            26.262444,-29.146185,0            26.26243,-29.146194,0            26.262421,-29.146206,0            26.262414,-29.146221,0            26.262407,-29.146235,0            26.2624,-29.146251,0            26.262393,-29.146266,0            26.262386,-29.146283,0            26.262382,-29.146299,0            26.262377,-29.146315,0            26.262372,-29.146332,0            26.262368,-29.146349,0            26.262363,-29.146365,0            26.26236,-29.146381,0            26.262358,-29.146398,0            26.262354,-29.146416,0            26.26235,-29.146435,0            26.262347,-29.146454,0            26.262344,-29.146472,0            26.262343,-29.146488,0            26.262341,-29.146505,0            26.262339,-29.146522,0            26.262337,-29.14654,0            26.262333,-29.146556,0            26.26233,-29.146572,0            26.262326,-29.146587,0            26.262321,-29.146602,0            26.262317,-29.146616,0            26.26231,-29.146632,0            26.262303,-29.146648,0            26.262296,-29.146662,0            26.262288,-29.146677,0            26.262281,-29.146692,0            26.262273,-29.146707,0            26.262268,-29.146721,0            26.262262,-29.146736,0            26.262257,-29.14675,0            26.26225,-29.146765,0            26.262245,-29.14678,0            26.262239,-29.146794,0            26.262232,-29.146809,0            26.262222,-29.146822,0            26.262213,-29.146838,0            26.262204,-29.146852,0            26.262196,-29.146865,0            26.262187,-29.146879,0            26.262178,-29.146893,0            26.262172,-29.146908,0            26.262163,-29.146924,0            26.262154,-29.146938,0            26.262147,-29.146952,0            26.26214,-29.146965,0            26.262134,-29.14698,0            26.262128,-29.146992,0            26.262123,-29.147005,0            26.262119,-29.147018,0            26.262116,-29.147031,0            26.262114,-29.147044,0            26.262109,-29.147056,0            26.262102,-29.147068,0            26.262094,-29.147081,0            26.262087,-29.147094,0            26.26208,-29.147107,0            26.262076,-29.14712,0            26.262075,-29.147132,0            26.262071,-29.147144,0            26.262068,-29.147156,0            26.262062,-29.147168,0            26.262055,-29.147179,0            26.262047,-29.147192,0            26.262039,-29.147204,0            26.262028,-29.147216,0            26.262016,-29.147228,0            26.262004,-29.147239,0            26.261993,-29.147251,0            26.261981,-29.147263,0            26.261967,-29.147275,0            26.261954,-29.147287,0            26.26194,-29.147299,0            26.261926,-29.147311,0            26.261912,-29.147322,0            26.261897,-29.147333,0            26.261882,-29.147344,0            26.261867,-29.147356,0            26.261851,-29.147365,0            26.261836,-29.147375,0            26.261818,-29.147382,0            26.261802,-29.14739,0            26.261785,-29.147398,0            26.261768,-29.147404,0            26.261751,-29.14741,0            26.261735,-29.147417,0            26.261719,-29.147424,0            26.261702,-29.147434,0            26.261687,-29.147443,0            26.261671,-29.147449,0            26.261655,-29.147458,0            26.261639,-29.147466,0            26.261622,-29.147474,0            26.261605,-29.14748,0            26.261588,-29.147486,0            26.261572,-29.147492,0            26.261557,-29.147498,0            26.261542,-29.147505,0            26.261529,-29.147514,0            26.261516,-29.147524,0            26.261504,-29.147536,0            26.261491,-29.147547,0            26.261479,-29.147561,0            26.261469,-29.147575,0            26.261461,-29.147587,0            26.261451,-29.147601,0            26.26144,-29.147613,0            26.261431,-29.147626,0            26.261422,-29.147638,0            26.261414,-29.14765,0            26.261406,-29.147663,0            26.261399,-29.147677,0            26.26139,-29.14769,0            26.261379,-29.147702,0            26.26137,-29.147715,0            26.261361,-29.147729,0            26.261352,-29.147742,0            26.261342,-29.147755,0            26.261333,-29.147767,0            26.261323,-29.14778,0            26.261313,-29.147794,0            26.261306,-29.147807,0            26.261295,-29.147818,0            26.261284,-29.14783,0            26.261274,-29.147842,0            26.261262,-29.147856,0            26.261251,-29.14787,0            26.261242,-29.147883,0            26.261233,-29.147897,0            26.261224,-29.14791,0            26.261213,-29.147922,0            26.261205,-29.147935,0            26.2612,-29.147947,0            26.261194,-29.147957,0            26.261185,-29.147969,0            26.261177,-29.147982,0            26.261171,-29.147994,0            26.261161,-29.148007,0            26.261152,-29.148018,0            26.261143,-29.148029,0            26.261135,-29.14804,0            26.261125,-29.148051,0            26.261117,-29.148064,0            26.26111,-29.148077,0            26.261102,-29.14809,0            26.261092,-29.148103,0            26.261082,-29.148115,0            26.261073,-29.148129,0            26.261066,-29.148142,0            26.26106,-29.148157,0            26.261051,-29.148171,0            26.261043,-29.148185,0            26.261035,-29.148199,0            26.261029,-29.148214,0            26.261022,-29.148228,0            26.261015,-29.148243,0            26.261009,-29.148257,0            26.261004,-29.148272,0            26.260998,-29.148287,0            26.260992,-29.148302,0            26.260983,-29.148317,0            26.260977,-29.148331,0            26.26097,-29.148346,0            26.260962,-29.148359,0            26.260955,-29.148371,0            26.260947,-29.148384,0            26.260939,-29.148397,0            26.260931,-29.148411,0            26.260927,-29.148424,0            26.260928,-29.148436,0            26.260936,-29.148447,0            26.26095,-29.148456,0            26.260969,-29.148463,0            26.260985,-29.148472,0            26.261,-29.148481,0            26.261018,-29.148489,0            26.261036,-29.148496,0            26.261053,-29.148503,0            26.261072,-29.14851,0            26.261088,-29.148517,0            26.261106,-29.148522,0            26.261123,-29.148528,0            26.26114,-29.148535,0            26.261155,-29.148542,0            26.26117,-29.148549,0            26.261185,-29.148557,0            26.261202,-29.148566,0            26.261217,-29.148574,0            26.261231,-29.148585,0            26.261246,-29.148595,0            26.261262,-29.148603,0            26.261277,-29.14861,0            26.261293,-29.148617,0            26.261308,-29.148623,0            26.261324,-29.14863,0            26.26134,-29.148637,0            26.261355,-29.148646,0            26.261371,-29.148654,0            26.261387,-29.148662,0            26.261403,-29.148669,0            26.261419,-29.148675,0            26.261434,-29.148682,0            26.261447,-29.148689,0            26.261461,-29.148697,0            26.261476,-29.148706,0            26.261491,-29.148713,0            26.261506,-29.148719,0            26.261521,-29.148726,0            26.261537,-29.148733,0            26.261553,-29.148741,0            26.261568,-29.148748,0            26.261583,-29.148755,0            26.261597,-29.148762,0            26.26161,-29.14877,0            26.261625,-29.148779,0            26.26164,-29.148788,0            26.261655,-29.148797,0            26.261669,-29.148804,0            26.261683,-29.14881,0            26.261697,-29.148817,0            26.261711,-29.148824,0            26.261724,-29.14883,0            26.261739,-29.148837,0            26.261753,-29.148844,0            26.261768,-29.148852,0            26.261782,-29.148859,0            26.261796,-29.148867,0            26.26181,-29.148876,0            26.261824,-29.148885,0            26.261838,-29.148894,0            26.261853,-29.148902,0            26.261867,-29.148908,0            26.26188,-29.148915,0            26.261894,-29.148923,0            26.261908,-29.148934,0            26.261922,-29.148943,0            26.261936,-29.14895,0            26.261951,-29.148958,0            26.261963,-29.148967,0            26.261976,-29.148974,0            26.261989,-29.148979,0            26.262002,-29.148987,0            26.262016,-29.148995,0            26.262029,-29.149003,0            26.262042,-29.14901,0            26.262056,-29.149017,0            26.262069,-29.149022,0            26.262082,-29.149029,0            26.262094,-29.149035,0            26.262105,-29.149042,0            26.262117,-29.14905,0            26.26213,-29.149057,0            26.262143,-29.149064,0            26.262157,-29.149071,0            26.262171,-29.149078,0            26.262184,-29.149084,0            26.262197,-29.149092,0            26.262211,-29.149099,0            26.262224,-29.149106,0            26.262237,-29.149113,0            26.262251,-29.149119,0            26.262265,-29.149128,0            26.262279,-29.149135,0            26.26229,-29.149139,0            26.262303,-29.149147,0            26.262317,-29.149156,0            26.262329,-29.149163,0            26.262342,-29.14917,0            26.262356,-29.149177,0            26.262368,-29.149184,0            26.26238,-29.149193,0            26.262392,-29.1492,0            26.262404,-29.149207,0            26.262415,-29.149214,0            26.262425,-29.149221,0            26.262436,-29.149227,0            26.262449,-29.149233,0            26.262459,-29.149238,0            26.262471,-29.149245,0            26.262484,-29.149251,0            26.262497,-29.149258,0            26.26251,-29.149264,0            26.262523,-29.14927,0            26.262536,-29.149275,0            26.262552,-29.149277,0            26.262568,-29.149278,0            26.262582,-29.149279,0            26.262599,-29.149279,0            26.262615,-29.149277,0            26.262633,-29.149276,0            26.26265,-29.149274,0            26.262667,-29.149271,0            26.262685,-29.149267,0            26.262703,-29.14926,0            26.262721,-29.149256,0            26.262737,-29.149251,0            26.262755,-29.149246,0            26.262772,-29.149242,0            26.262788,-29.149239,0            26.262805,-29.149233,0            26.262821,-29.149224,0            26.262836,-29.149213,0            26.262849,-29.149199,0            26.262861,-29.149185,0            26.262876,-29.149174,0            26.26289,-29.149163,0            26.2629,-29.149151,0            26.26291,-29.149137,0            26.26292,-29.149121,0            26.262931,-29.149107,0            26.26294,-29.149094,0            26.262952,-29.149082,0            26.262964,-29.14907,0            26.262976,-29.149056,0            26.262989,-29.149044,0            26.263001,-29.149034,0            26.263012,-29.149021,0            26.263024,-29.14901,0            26.263034,-29.148996,0            26.263045,-29.148983,0            26.263055,-29.148971,0            26.263066,-29.14896,0            26.263075,-29.148949,0            26.263084,-29.148939,0            26.263093,-29.148927,0            26.263103,-29.148913,0            26.263112,-29.148901,0            26.26312,-29.148888,0            26.263129,-29.148879,0            26.263138,-29.148869,0            26.263147,-29.148858,0            26.263156,-29.148847,0            26.263164,-29.148835,0            26.263172,-29.148823,0            26.263179,-29.148812,0            26.263187,-29.1488,0            26.263194,-29.148788,0            26.263201,-29.148775,0            26.263211,-29.148763,0            26.26322,-29.148751,0            26.263229,-29.148739,0            26.263239,-29.148727,0            26.263248,-29.148715,0            26.263258,-29.148703,0            26.263266,-29.148692,0            26.263276,-29.14868,0            26.263285,-29.148666,0            26.263294,-29.148654,0            26.263302,-29.148641,0            26.26331,-29.148631,0            26.263319,-29.148619,0            26.26333,-29.148607,0            26.26334,-29.148595,0            26.263351,-29.148582,0            26.263362,-29.148568,0            26.263373,-29.148556,0            26.263383,-29.148544,0            26.263393,-29.148531,0            26.263402,-29.148517,0            26.263414,-29.148503,0            26.263424,-29.148488,0            26.263433,-29.148474,0            26.263444,-29.148461,0            26.263454,-29.148446,0            26.263464,-29.148433,0            26.263473,-29.14842,0            26.263483,-29.148409,0            26.263492,-29.148394,0            26.263501,-29.148379,0            26.263511,-29.148364,0            26.263521,-29.148351,0            26.263531,-29.148336,0            26.26354,-29.14832,0            26.26355,-29.148304,0            26.263559,-29.14829,0            26.263569,-29.148277,0            26.263578,-29.148263,0            26.263589,-29.148251,0            26.263598,-29.148237,0            26.263606,-29.148224,0            26.263613,-29.148208,0            26.263622,-29.148192,0            26.263632,-29.148179,0            26.263642,-29.148165,0            26.263652,-29.148152,0            26.26366,-29.148139,0            26.263667,-29.148125,0            26.263677,-29.148111,0            26.263687,-29.148096,0            26.263696,-29.148081,0            26.263704,-29.148066,0            26.263712,-29.148053,0            26.263721,-29.14804,0            26.26373,-29.148027,0            26.26374,-29.148013,0            26.26375,-29.148,0            26.263759,-29.147986,0            26.263767,-29.147973,0            26.263779,-29.147959,0            26.263791,-29.147946,0            26.263802,-29.147933,0            26.263811,-29.147919,0            26.263819,-29.147904,0            26.263827,-29.147888,0            26.263835,-29.147874,0            26.263843,-29.147861,0            26.263853,-29.147848,0            26.263862,-29.147834,0            26.263873,-29.147821,0            26.263882,-29.147808,0            26.263891,-29.147793,0            26.263902,-29.14778,0            26.263911,-29.147766,0            26.263917,-29.147752,0            26.263924,-29.147738,0            26.263933,-29.147724,0            26.263941,-29.147709,0            26.263951,-29.147695,0            26.263959,-29.147682,0            26.263966,-29.147669,0            26.263974,-29.147656,0            26.26398,-29.147642,0            26.263987,-29.147627,0            26.263993,-29.147612,0            26.264,-29.147599,0            26.264009,-29.147586,0            26.264017,-29.147572,0            26.264024,-29.147559,0            26.264031,-29.147545,0            26.26404,-29.147532,0            26.264048,-29.14752,0            26.264056,-29.147508,0            26.264065,-29.147496,0            26.264075,-29.147487,0            26.264084,-29.147474,0            26.264093,-29.147461,0            26.264102,-29.147448,0            26.264107,-29.147433,0            26.264112,-29.14742,0            26.264117,-29.147407,0            26.264122,-29.147395,0            26.264128,-29.147382,0            26.26413,-29.147369,0            26.264136,-29.147355,0            26.264137,-29.147342,0            26.264139,-29.147329,0            26.264145,-29.147316,0            26.264152,-29.147303,0            26.264158,-29.147289,0            26.264164,-29.147276,0            26.264172,-29.147263,0            26.26418,-29.147251,0            26.264187,-29.147238,0            26.264192,-29.147225,0            26.264199,-29.147215,0            26.264206,-29.147205,0            26.264214,-29.147193,0            26.264223,-29.147181,0            26.264232,-29.14717,0            26.26424,-29.14716,0            26.264249,-29.147148,0            26.264257,-29.147136,0            26.264265,-29.147123,0            26.264272,-29.147111,0            26.264281,-29.147098,0            26.264288,-29.147085,0            26.264297,-29.147071,0            26.264305,-29.147058,0            26.264312,-29.147047,0            26.26432,-29.147033,0            26.264326,-29.147019,0            26.264334,-29.147003,0            26.264341,-29.146989,0            26.264344,-29.146974,0            26.264346,-29.146959,0            26.264346,-29.146945,0            26.264341,-29.14693,0            26.264332,-29.146918,0            26.264321,-29.146907,0            26.264307,-29.1469,0            26.264292,-29.146893,0            26.264277,-29.146888,0            26.264261,-29.146879,0            26.264245,-29.146872,0            26.264229,-29.146866,0            26.264214,-29.146859,0            26.264199,-29.146852,0            26.264183,-29.146845,0            26.264168,-29.146837,0            26.264154,-29.14683,0            26.264139,-29.146824,0            26.264122,-29.146817,0            26.264105,-29.14681,0            26.264089,-29.146804,0            26.264072,-29.146798,0            26.264056,-29.146792,0            26.26404,-29.146786,0            26.264025,-29.146779,0            26.264009,-29.146771,0            26.263993,-29.146765,0            26.263975,-29.146761,0            26.263958,-29.146756,0            26.263942,-29.146749,0            26.263926,-29.146742,0            26.26391,-29.146735,0            26.263894,-29.146729,0            26.263879,-29.146721,0            26.263863,-29.146715,0            26.263847,-29.146709,0            26.263831,-29.146704,0            26.263817,-29.146701,0            26.263802,-29.146695,0            26.263785,-29.14669,0            26.263769,-29.146684,0            26.263754,-29.146679,0            26.263739,-29.146674,0            26.263723,-29.146669,0            26.263706,-29.146663,0            26.263691,-29.146657,0            26.263676,-29.146653,0            26.263662,-29.146646,0            26.263647,-29.146642,0            26.263631,-29.146637,0            26.263615,-29.146633,0            26.263601,-29.146627,0            26.263587,-29.146619,0            26.263571,-29.146614,0            26.263557,-29.146607,0            26.263541,-29.146602,0            26.263526,-29.146594,0            26.263512,-29.146589,0            26.263497,-29.146583,0            26.263482,-29.146577,0            26.263468,-29.146571,0            26.263453,-29.146564,0            26.263438,-29.146559,0            26.263423,-29.146555,0            26.263406,-29.14655,0            26.26339,-29.146545,0            26.263374,-29.14654,0            26.263358,-29.146534,0            26.263342,-29.146529,0            26.263328,-29.146525,0            26.263313,-29.146518,0            26.263298,-29.146511,0            26.263282,-29.146505,0            26.263266,-29.146498,0            26.26325,-29.146491,0            26.263233,-29.146484,0            26.263217,-29.146478,0            26.263201,-29.146472,0            26.263186,-29.146465,0            26.263169,-29.146457,0            26.263151,-29.146451,0            26.263134,-29.146445,0            26.263117,-29.146441,0            26.2631,-29.146435,0            26.263084,-29.146429,0            26.263068,-29.146421,0            26.263052,-29.146414,0            26.263036,-29.146406,0            26.26302,-29.1464,0            26.263003,-29.146393,0            26.26299,-29.146386,0            26.262976,-29.146379,0            26.262962,-29.146372,0            26.262947,-29.146365,0            26.262932,-29.146359,0            26.262917,-29.146352,0            26.262901,-29.146343,0            26.262884,-29.146336,0            26.262865,-29.14633,0            26.262847,-29.146324,0            26.262827,-29.146315,0            26.262807,-29.146308,0            26.262788,-29.1463,0            26.262769,-29.146292,0            26.262751,-29.146285,0            26.262734,-29.146277,0            26.262716,-29.146271,0            26.262699,-29.146263,0            26.262682,-29.146255,0            26.262665,-29.146248,0            26.262647,-29.146241,0            26.26263,-29.146235,0            26.262614,-29.146228,0            26.262597,-29.146221,0            26.26258,-29.146214,0            26.262563,-29.146208,0            26.262547,-29.146201,0            26.262531,-29.146196,0            26.262515,-29.146191,0            26.262499,-29.146186,0            26.262484,-29.146183,0            26.262468,-29.146187,0            26.262453,-29.146193,0            26.262438,-29.146203,0            26.262426,-29.146213,0            26.262419,-29.146223,0            26.262415,-29.146234,0            26.262416,-29.146246,0            26.262414,-29.146259,0            26.262413,-29.14627,0            26.262413,-29.14628,0            26.262411,-29.146293,0            26.262408,-29.146306,0            26.262404,-29.146318,0            26.2624,-29.146331,0            26.262396,-29.146345,0            26.262395,-29.146357,0            26.262393,-29.146367,0            26.26239,-29.146376,0            26.262387,-29.146386,0            26.262382,-29.146399,0            26.262378,-29.146414,0            26.262372,-29.146429,0            26.262369,-29.146445,0            26.262366,-29.146462,0            26.262366,-29.146479,0            26.262365,-29.146495,0            26.262365,-29.146511,0            26.262362,-29.146529,0            26.262356,-29.146546,0            26.26235,-29.146561,0            26.262342,-29.146577,0            26.262336,-29.146593,0            26.26233,-29.146611,0            26.262324,-29.146628,0            26.262316,-29.146644,0            26.262308,-29.146658,0            26.262301,-29.146672,0            26.262295,-29.146687,0            26.26229,-29.1467,0            26.262285,-29.146714,0            26.26228,-29.146729,0            26.262273,-29.146743,0            26.262265,-29.146758,0            26.262258,-29.146774,0            26.262253,-29.146791,0            26.262247,-29.146807,0            26.26224,-29.146825,0            26.262229,-29.146842,0            26.262218,-29.14686,0            26.26221,-29.146879,0            26.262202,-29.146898,0            26.262194,-29.146916,0            26.262184,-29.146933,0            26.262176,-29.146948,0            26.262168,-29.146963,0            26.262159,-29.146977,0            26.262151,-29.146991,0            26.262142,-29.147004,0            26.262135,-29.147017,0            26.262127,-29.14703,0            26.262118,-29.147043,0            26.262109,-29.147055,0            26.262099,-29.147069,0            26.262091,-29.147083,0            26.262084,-29.147096,0            26.262077,-29.147109,0            26.262067,-29.147123,0            26.262057,-29.147136,0            26.262046,-29.147149,0            26.262037,-29.147164,0            26.262027,-29.147177,0            26.262017,-29.14719,0            26.262006,-29.147202,0            26.261994,-29.147214,0            26.261981,-29.147225,0            26.261969,-29.147235,0            26.261955,-29.147246,0            26.261943,-29.147256,0            26.261932,-29.147268,0            26.261921,-29.147281,0            26.261911,-29.147292,0            26.261899,-29.147303,0            26.261886,-29.147313,0            26.261874,-29.147323,0            26.261861,-29.147333,0            26.261849,-29.147342,0            26.261836,-29.14735,0            26.261823,-29.147357,0            26.26181,-29.147365,0            26.261797,-29.147374,0            26.261785,-29.147379,0            26.261773,-29.147385,0            26.261759,-29.147393,0            26.261744,-29.147402,0            26.261731,-29.147413,0            26.261717,-29.147421,0            26.261704,-29.147429,0            26.261692,-29.147437,0            26.261678,-29.147442,0            26.261662,-29.147446,0            26.261646,-29.147451,0            26.261629,-29.147455,0            26.261612,-29.147462,0            26.261595,-29.147467,0            26.26158,-29.147475,0            26.261565,-29.147482,0            26.26155,-29.147491,0            26.261537,-29.147501,0            26.261526,-29.147513,0            26.261515,-29.147525,0            26.261501,-29.147537,0            26.261489,-29.147549,0            26.261478,-29.14756,0            26.261469,-29.147571,0            26.26146,-29.147584,0            26.261452,-29.147599,0            26.261443,-29.147611,0            26.261435,-29.147625,0            26.261426,-29.14764,0            26.261417,-29.147654,0            26.261411,-29.147667,0            26.261402,-29.14768,0            26.261394,-29.147693,0            26.261385,-29.147704,0            26.261379,-29.147716,0            26.261371,-29.147728,0            26.261364,-29.14774,0            26.261356,-29.14775,0            26.261348,-29.147762,0            26.261339,-29.147772,0            26.26133,-29.147783,0            26.261321,-29.147793,0            26.261314,-29.147802,0            26.261307,-29.147813,0            26.261302,-29.147824,0            26.261297,-29.147835,0            26.261289,-29.147846,0            26.261281,-29.147857,0            26.261275,-29.147867,0            26.261267,-29.147877,0            26.261256,-29.147889,0            26.261248,-29.147901,0            26.261238,-29.147912,0            26.261229,-29.147922,0            26.26122,-29.147934,0            26.26121,-29.147944,0            26.261198,-29.147955,0            26.261187,-29.147965,0            26.261176,-29.147977,0            26.261166,-29.147988,0            26.261158,-29.148,0            26.261149,-29.148013,0            26.261139,-29.148028,0            26.26113,-29.148041,0            26.261123,-29.148054,0            26.261115,-29.148064,0            26.261107,-29.148075,0            26.261098,-29.148085,0            26.261089,-29.148096,0            26.261084,-29.148107,0            26.261075,-29.148117,0            26.261067,-29.148127,0            26.261064,-29.148137,0            26.261059,-29.148147,0            26.261056,-29.148158,0            26.261052,-29.148169,0            26.261047,-29.14818,0            26.261042,-29.148192,0            26.261039,-29.148203,0            26.261036,-29.148216,0            26.261031,-29.148229,0            26.261025,-29.148243,0            26.261019,-29.148256,0            26.261013,-29.148269,0            26.261007,-29.148282,0            26.261001,-29.148297,0            26.260995,-29.14831,0            26.260988,-29.148323,0            26.26098,-29.148336,0            26.260971,-29.14835,0            26.260959,-29.148363,0            26.26095,-29.148377,0            26.260941,-29.148391,0            26.260933,-29.148405,0            26.260926,-29.14842,0            26.26092,-29.148434,0            26.260915,-29.148446,0            26.260912,-29.148459,0            26.260908,-29.148471,0            26.260903,-29.148482,0            26.260896,-29.148492,0            26.260892,-29.1485,0            26.260891,-29.148512,0            26.260895,-29.148522,0            26.260903,-29.148529,0            26.260909,-29.148535,0            26.260915,-29.148537,0            26.260924,-29.148542,0            26.260934,-29.14855,0            26.260943,-29.14856,0            26.260954,-29.148567,0            26.260967,-29.148572,0            26.260979,-29.14858,0            26.260992,-29.148587,0            26.261003,-29.148594,0            26.261016,-29.148602,0            26.261029,-29.148611,0            26.261044,-29.148619,0            26.261059,-29.148627,0            26.261075,-29.148636,0            26.261091,-29.148644,0            26.261108,-29.148651,0            26.261124,-29.148658,0            26.261139,-29.148667,0            26.261155,-29.148676,0            26.261169,-29.148684,0            26.261183,-29.148691,0            26.261197,-29.1487,0            26.261207,-29.148706,0            26.261216,-29.148711,0            26.261226,-29.148717,0            26.261237,-29.148723,0            26.261249,-29.14873,0            26.261262,-29.148737,0            26.261275,-29.148745,0            26.261288,-29.148752,0            26.261303,-29.148758,0            26.261319,-29.148765,0            26.261335,-29.148774,0            26.261352,-29.148783,0            26.261367,-29.148792,0            26.26138,-29.148799,0            26.261394,-29.148805,0            26.261407,-29.148811,0            26.261418,-29.148818,0            26.261429,-29.148825,0            26.261442,-29.148833,0            26.261452,-29.148841,0            26.261461,-29.148848,0            26.261471,-29.148856,0            26.261482,-29.148863,0            26.261495,-29.148869,0            26.261508,-29.148875,0            26.26152,-29.148883,0            26.261532,-29.14889,0            26.261546,-29.148898,0            26.261562,-29.148906,0            26.261579,-29.148914,0            26.261595,-29.148922,0            26.261612,-29.14893,0            26.261627,-29.148938,0            26.261643,-29.148948,0            26.261659,-29.148955,0            26.261673,-29.148962,0            26.261685,-29.148969,0            26.261694,-29.148975,0            26.261707,-29.148983,0            26.261718,-29.148991,0            26.261727,-29.148995,0            26.261739,-29.148999,0            26.261751,-29.149005,0            26.261763,-29.149013,0            26.261775,-29.14902,0            26.261788,-29.149026,0            26.261801,-29.149033,0            26.261815,-29.149041,0            26.261828,-29.149049,0            26.261842,-29.149058,0            26.261857,-29.149067,0            26.261872,-29.149076,0            26.261886,-29.149083,0            26.2619,-29.149091,0            26.261911,-29.149098,0            26.261923,-29.149107,0            26.261933,-29.149114,0            26.261944,-29.149121,0            26.261956,-29.149128,0            26.261968,-29.149135,0            26.26198,-29.149143,0            26.261992,-29.149151,0            26.262006,-29.149161,0            26.26202,-29.149171,0            26.262034,-29.149179,0            26.26205,-29.149186,0            26.262064,-29.149193,0            26.26208,-29.149201,0            26.262096,-29.149209,0            26.262111,-29.149217,0            26.262125,-29.149225,0            26.262139,-29.149232,0            26.262154,-29.149239,0            26.26217,-29.149247,0            26.262183,-29.149252,0            26.262196,-29.149259,0            26.262208,-29.149266,0            26.262219,-29.149272,0            26.262231,-29.149276,0            26.262242,-29.149282,0            26.262254,-29.149288,0            26.262266,-29.149296,0            26.262279,-29.149305,0            26.262296,-29.149314,0            26.262312,-29.149324,0            26.262328,-29.149333,0            26.262344,-29.149341,0            26.26236,-29.14935,0            26.262376,-29.149358,0            26.262391,-29.149364,0            26.262407,-29.149374,0            26.26242,-29.149382,0            26.262434,-29.14939,0            26.262447,-29.149399,0            26.262461,-29.149407,0            26.262475,-29.149413,0            26.262489,-29.149421,0            26.262502,-29.149428,0            26.262513,-29.149435,0            26.262526,-29.149442,0            26.262537,-29.149451,0            26.262548,-29.149458,0            26.262558,-29.149464,0            26.262572,-29.149469,0            26.262585,-29.149476,0            26.262597,-29.149485,0            26.262609,-29.149493,0            26.262622,-29.149501,0            26.262634,-29.149509,0            26.262647,-29.149518,0            26.262658,-29.149527,0            26.262667,-29.149537,0            26.262674,-29.149548,0            26.262674,-29.149562,0            26.262669,-29.149574,0            26.262662,-29.149583,0            26.262656,-29.149594,0            26.262647,-29.149605,0            26.262639,-29.149616,0            26.26263,-29.149629,0            26.262621,-29.149643,0            26.262611,-29.149654,0            26.262599,-29.149666,0            26.262589,-29.149679,0            26.262582,-29.149691,0            26.262572,-29.149704,0            26.262563,-29.149718,0            26.26255,-29.149731,0            26.262538,-29.149743,0            26.262526,-29.149755,0            26.262514,-29.149764,0            26.262502,-29.149773,0            26.262492,-29.149784,0            26.262481,-29.149797,0            26.262471,-29.149807,0            26.262462,-29.149817,0            26.262454,-29.149827,0            26.262447,-29.149835,0            26.262439,-29.149845,0            26.262432,-29.149854,0            26.262423,-29.149862,0            26.262416,-29.149871,0            26.262407,-29.149881,0            26.262397,-29.149891,0            26.262385,-29.1499,0            26.262376,-29.149911,0            26.262365,-29.149923,0            26.262354,-29.149937,0            26.262342,-29.149948,0            26.26233,-29.149959,0            26.262318,-29.14997,0            26.262306,-29.149981,0            26.262291,-29.149991,0            26.262277,-29.15,0            26.262264,-29.150012,0            26.262252,-29.150024,0            26.26224,-29.150033,0            26.262228,-29.150043,0            26.262216,-29.150052,0            26.262206,-29.150061,0            26.262196,-29.150071,0            26.262186,-29.150081,0            26.262174,-29.150088,0            26.262165,-29.150096,0            26.262158,-29.150105,0            26.262149,-29.150115,0            26.262138,-29.150126,0            26.262127,-29.150138,0            26.262115,-29.150149,0            26.262104,-29.150161,0            26.262095,-29.150174,0            26.262085,-29.150186,0            26.262075,-29.150198,0            26.262062,-29.150211,0            26.26205,-29.150223,0            26.262038,-29.150235,0            26.262025,-29.150246,0            26.262014,-29.150258,0            26.262005,-29.150268,0            26.261997,-29.150277,0            26.261989,-29.150287,0            26.261979,-29.150296,0            26.261967,-29.150305,0            26.261955,-29.150315,0            26.261944,-29.150323,0            26.261934,-29.150332,0            26.261923,-29.150341,0            26.261913,-29.150353,0            26.261903,-29.150361,0            26.261894,-29.150368,0            26.261889,-29.150373,0            26.261882,-29.150378,0            26.261873,-29.150384,0            26.261863,-29.150391,0            26.26185,-29.150397,0            26.261838,-29.150399,0            26.261831,-29.150401,0            26.261826,-29.150398,0            26.261825,-29.150394,0            26.261823,-29.150392,0            26.261817,-29.15039,0            26.261809,-29.150387,0            26.261797,-29.150385,0            26.261783,-29.150382,0            26.261769,-29.150381,0            26.261755,-29.150379,0            26.261744,-29.150378,0            26.261731,-29.150379,0            26.261716,-29.150378,0            26.261702,-29.150378,0            26.261686,-29.150377,0            26.26167,-29.150375,0            26.261653,-29.150372,0            26.261637,-29.15037,0            26.261621,-29.150369,0            26.261606,-29.150366,0            26.261589,-29.150364,0            26.261572,-29.150362,0            26.261554,-29.15036,0            26.261535,-29.150358,0            26.261518,-29.150356,0            26.2615,-29.150354,0            26.26148,-29.150352,0            26.261463,-29.150351,0            26.261445,-29.150349,0            26.261426,-29.150349,0            26.261407,-29.150348,0            26.261389,-29.150348,0            26.26137,-29.150348,0            26.261352,-29.15035,0            26.261333,-29.150351,0            26.261314,-29.150349,0            26.261294,-29.150349,0            26.261275,-29.150349,0            26.261257,-29.150348,0            26.261238,-29.150349,0            26.26122,-29.150349,0            26.261203,-29.150349,0            26.261182,-29.150349,0            26.261165,-29.150347,0            26.261148,-29.150346,0            26.261131,-29.150345,0            26.261114,-29.150341,0            26.261097,-29.150336,0            26.26108,-29.150331,0            26.261064,-29.150323,0            26.261048,-29.150315,0            26.261032,-29.150309,0            26.261017,-29.1503,0            26.261002,-29.150291,0            26.260988,-29.150282,0            26.260974,-29.150273,0            26.26096,-29.150263,0            26.260945,-29.150255,0            26.260929,-29.150247,0            26.260915,-29.15024,0            26.2609,-29.150234,0            26.260887,-29.150229,0            26.260873,-29.150223,0            26.260858,-29.150216,0            26.260843,-29.150211,0            26.26083,-29.150205,0            26.260818,-29.150198,0            26.260806,-29.150191,0            26.260793,-29.150184,0            26.260781,-29.150178,0            26.260769,-29.150171,0            26.260757,-29.150164,0            26.260745,-29.150156,0            26.260733,-29.150148,0            26.260721,-29.150141,0            26.26071,-29.150135,0            26.260697,-29.150126,0            26.260684,-29.150115,0            26.260671,-29.150104,0            26.26066,-29.150094,0            26.26065,-29.150082,0            26.260637,-29.150072,0            26.260624,-29.150063,0            26.260608,-29.150055,0            26.260593,-29.150047,0            26.260577,-29.150038,0            26.260562,-29.150028,0            26.260549,-29.150018,0            26.260536,-29.150006,0            26.260525,-29.149994,0            26.260512,-29.149981,0            26.260502,-29.149967,0            26.260491,-29.149953,0            26.260478,-29.14994,0            26.260465,-29.149929,0            26.26045,-29.149917,0            26.260435,-29.14991,0            26.260418,-29.149904,0            26.260401,-29.1499,0            26.260382,-29.149897,0            26.260365,-29.149894,0            26.260347,-29.149891,0            26.260329,-29.149888,0            26.260312,-29.149886,0            26.260295,-29.149884,0            26.260279,-29.149882,0            26.260263,-29.149879,0            26.260247,-29.149877,0            26.260232,-29.149876,0            26.260217,-29.149875,0            26.260203,-29.149873,0            26.26019,-29.149869,0            26.260176,-29.14987,0            26.260162,-29.14987,0            26.260147,-29.149869,0            26.260134,-29.149868,0            26.260121,-29.149867,0            26.260106,-29.149866,0            26.260093,-29.149864,0            26.260079,-29.149863,0            26.260065,-29.149861,0            26.260051,-29.149858,0            26.260036,-29.149855,0            26.260021,-29.149853,0            26.260007,-29.149853,0            26.259993,-29.149851,0            26.259978,-29.149847,0            26.259963,-29.149843,0            26.259947,-29.149839,0            26.259932,-29.149832,0            26.259919,-29.149826,0            26.259904,-29.149816,0            26.25989,-29.149806,0            26.259877,-29.149794,0            26.259863,-29.149783,0            26.25985,-29.149771,0            26.259839,-29.149756,0            26.25983,-29.149741,0            26.259821,-29.149727,0            26.259813,-29.149713,0            26.259809,-29.149698,0            26.259808,-29.149681,0            26.259805,-29.149665,0            26.259804,-29.149649,0            26.259805,-29.149633,0            26.259805,-29.149617,0            26.259806,-29.1496,0            26.259807,-29.149583,0            26.259809,-29.149566,0            26.259811,-29.149549,0            26.259814,-29.149533,0            26.259819,-29.149517,0            26.259821,-29.149501,0            26.259823,-29.149486,0            26.259825,-29.149472,0            26.259827,-29.149459,0            26.259829,-29.149446,0            26.259829,-29.149431,0            26.259826,-29.14942,0            26.25982,-29.149413,0            26.259808,-29.149409,0            26.259795,-29.149403,0            26.259781,-29.149399,0            26.259766,-29.149396,0            26.259752,-29.149394,0            26.259738,-29.149393,0            26.259724,-29.14939,0            26.259711,-29.149389,0            26.259696,-29.149389,0            26.259681,-29.14939,0            26.259667,-29.149389,0            26.259649,-29.149389,0            26.259632,-29.14939,0            26.259615,-29.149389,0            26.259599,-29.149388,0            26.259582,-29.149387,0            26.259563,-29.149389,0            26.259542,-29.149391,0            26.259522,-29.149392,0            26.259502,-29.149394,0            26.259482,-29.149397,0            26.259463,-29.1494,0            26.259443,-29.149399,0            26.259422,-29.149397,0            26.259403,-29.149394,0            26.259385,-29.149392,0            26.259366,-29.14939,0            26.259347,-29.149388,0            26.259327,-29.149385,0            26.259309,-29.149383,0            26.259292,-29.14938,0            26.259274,-29.149378,0            26.259258,-29.149375,0            26.259242,-29.149375,0            26.259225,-29.149372,0            26.25921,-29.149371,0            26.259194,-29.149369,0            26.25918,-29.149369,0            26.259167,-29.149368,0            26.259152,-29.149365,0            26.259139,-29.149363,0            26.259124,-29.149362,0            26.259108,-29.149361,0            26.259094,-29.149359,0            26.259079,-29.149357,0            26.259064,-29.149355,0            26.259049,-29.149355,0            26.259034,-29.149354,0            26.25902,-29.149353,0            26.259006,-29.149352,0            26.258992,-29.149352,0            26.258977,-29.14935,0            26.258962,-29.149348,0            26.258947,-29.149345,0            26.258932,-29.149341,0            26.258915,-29.149337,0            26.2589,-29.149332,0            26.258885,-29.149326,0            26.25887,-29.149322,0            26.258854,-29.149317,0            26.258838,-29.149312,0            26.258824,-29.149306,0            26.258808,-29.149301,0            26.258792,-29.149295,0            26.258775,-29.149289,0            26.25876,-29.149281,0            26.258745,-29.149273,0            26.258729,-29.149264,0            26.258713,-29.149256,0            26.258695,-29.149249,0            26.25868,-29.149243,0            26.258663,-29.149238,0            26.258646,-29.149231,0            26.258629,-29.149224,0            26.258612,-29.149219,0            26.258596,-29.149215,0            26.258579,-29.14921,0            26.25856,-29.149207,0            26.258541,-29.149203,0            26.258524,-29.149197,0            26.258508,-29.149191,0            26.258491,-29.149186,0            26.258473,-29.149179,0            26.258457,-29.149173,0            26.258441,-29.149165,0            26.258424,-29.14916,0            26.258407,-29.149153,0            26.25839,-29.149149,0            26.258373,-29.149144,0            26.258356,-29.14914,0            26.258338,-29.149134,0            26.258319,-29.149129,0            26.258302,-29.149124,0            26.258283,-29.149117,0            26.258265,-29.149112,0            26.258248,-29.14911,0            26.258229,-29.149108,0            26.258212,-29.149105,0            26.258192,-29.149104,0            26.258173,-29.149101,0            26.258158,-29.149095,0            26.258142,-29.14909,0            26.258126,-29.149082,0            26.258111,-29.149075,0            26.258098,-29.149069,0            26.258086,-29.149062,0            26.258073,-29.149056,0            26.258062,-29.149048,0            26.25805,-29.14904,0            26.258038,-29.149033,0            26.258026,-29.149026,0            26.258014,-29.14902,0            26.258002,-29.149013,0            26.25799,-29.149007,0            26.25798,-29.149002,0            26.257972,-29.148997,0            26.257969,-29.148996,0            26.257969,-29.148997,0            26.257968,-29.148996,0            26.25796,-29.148996,0            26.257953,-29.148995,0            26.257949,-29.148992,0            26.257948,-29.148989,0            26.257949,-29.148983,0            26.257945,-29.148974,0            26.25794,-29.148964,0            26.257934,-29.148951,0            26.25793,-29.148936,0            26.257928,-29.148921,0            26.257923,-29.148905,0            26.25792,-29.148888,0            26.25792,-29.148872,0            26.25792,-29.148857,0            26.257919,-29.148841,0            26.257917,-29.148823,0            26.257915,-29.148809,0            26.257913,-29.148794,0            26.257914,-29.148781,0            26.257915,-29.148769,0            26.257918,-29.148757,0            26.257923,-29.148745,0            26.257927,-29.148731,0            26.257932,-29.148721,0            26.257935,-29.148709,0            26.257939,-29.148697,0            26.257942,-29.148683,0            26.257946,-29.148672,0            26.257949,-29.148661,0            26.25795,-29.148649,0            26.257953,-29.148637,0            26.257955,-29.148625,0            26.257958,-29.148613,0            26.257962,-29.148599,0            26.257965,-29.148586,0            26.257965,-29.148572,0            26.257967,-29.148559,0            26.257965,-29.148545,0            26.257962,-29.14853,0            26.25796,-29.148516,0            26.257956,-29.148502,0            26.257952,-29.148488,0            26.257948,-29.148475,0            26.257946,-29.148459,0            26.257945,-29.148444,0            26.257942,-29.148427,0            26.257938,-29.148412,0            26.257933,-29.148396,0            26.257927,-29.148381,0            26.257923,-29.148369,0            26.257922,-29.148353,0            26.257923,-29.148339,0            26.257923,-29.148326,0            26.257922,-29.148315,0            26.25792,-29.148303,0            26.257914,-29.148291,0            26.257908,-29.148277,0            26.257903,-29.148264,0            26.257899,-29.148254,0            26.257895,-29.148246,0            26.257893,-29.148237,0            26.257895,-29.148226,0            26.2579,-29.148211,0            26.257907,-29.148195,0            26.257917,-29.148179,0            26.257927,-29.148163,0            26.257938,-29.148147,0            26.25795,-29.148132,0            26.25796,-29.148118,0            26.257971,-29.148103,0            26.257982,-29.148088,0            26.257994,-29.148073,0            26.258006,-29.148058,0            26.258016,-29.148043,0            26.258025,-29.148028,0            26.258034,-29.148013,0            26.258044,-29.147998,0            26.258053,-29.147985,0            26.258063,-29.147969,0            26.258075,-29.147956,0            26.258086,-29.14794,0            26.258096,-29.147925,0            26.258106,-29.14791,0            26.258116,-29.147897,0            26.258125,-29.147883,0            26.258135,-29.147869,0            26.258144,-29.147854,0            26.258153,-29.14784,0            26.258162,-29.147826,0            26.25817,-29.147812,0            26.258176,-29.147798,0            26.258184,-29.147785,0            26.258192,-29.147772,0            26.258201,-29.147758,0            26.258209,-29.147744,0            26.258218,-29.147733,0            26.258226,-29.147722,0            26.258233,-29.147709,0            26.258242,-29.147696,0            26.25825,-29.147684,0            26.258259,-29.147673,0            26.258267,-29.147662,0            26.258273,-29.147651,0            26.258279,-29.147641,0            26.258285,-29.147632,0            26.25829,-29.147622,0            26.258298,-29.147612,0            26.258305,-29.147601,0            26.25831,-29.14759,0            26.258314,-29.147578,0            26.258321,-29.147568,0            26.25833,-29.147558,0            26.258339,-29.147549,0            26.258348,-29.147538,0            26.258355,-29.147528,0            26.258363,-29.147517,0            26.258371,-29.147506,0            26.25838,-29.147495,0            26.258388,-29.147482,0            26.258395,-29.147469,0            26.258404,-29.147456,0            26.258414,-29.147444,0            26.258424,-29.147432,0            26.258434,-29.14742,0            26.258445,-29.147408,0            26.258455,-29.147394,0            26.258463,-29.147381,0            26.258473,-29.147366,0            26.258483,-29.147351,0            26.258495,-29.147338,0            26.258506,-29.147325,0            26.258519,-29.147312,0            26.258531,-29.147298,0            26.258545,-29.147286,0            26.258559,-29.147275,0            26.258576,-29.147265,0            26.258594,-29.147258,0            26.258615,-29.147259,0            26.258634,-29.147266,0            26.258651,-29.147275,0            26.258665,-29.147283,0            26.258678,-29.147293,0            26.258691,-29.147302,0            26.258704,-29.147311,0            26.258716,-29.147319,0            26.258728,-29.147328,0            26.25874,-29.147337,0            26.258754,-29.147345,0            26.258765,-29.147354,0            26.258777,-29.147362,0            26.258787,-29.147369,0            26.258797,-29.147376,0            26.25881,-29.147383,0            26.25882,-29.147391,0            26.258832,-29.147402,0            26.258845,-29.147412,0            26.258858,-29.147419,0            26.258871,-29.147424,0            26.258884,-29.147428,0            26.258898,-29.147432,0            26.258911,-29.147439,0            26.258925,-29.147449,0            26.258939,-29.147457,0            26.258953,-29.147466,0            26.258967,-29.147476,0            26.258982,-29.147486,0            26.258998,-29.147495,0            26.259015,-29.147504,0            26.259033,-29.147514,0            26.259049,-29.147523,0            26.259065,-29.147533,0            26.259081,-29.147542,0            26.259097,-29.147553,0            26.259112,-29.147564,0            26.259126,-29.147573,0            26.25914,-29.147583,0            26.259156,-29.147593,0            26.259172,-29.147601,0            26.259188,-29.147608,0            26.259204,-29.147618,0            26.25922,-29.147627,0            26.259235,-29.147636,0            26.25925,-29.147645,0            26.259264,-29.147652,0            26.25928,-29.14766,0            26.259295,-29.147669,0            26.259312,-29.14768,0            26.259329,-29.147689,0            26.259344,-29.147697,0            26.259359,-29.147705,0            26.259374,-29.147713,0            26.259391,-29.147721,0            26.259406,-29.147729,0            26.259424,-29.147737,0            26.25944,-29.147747,0            26.259458,-29.147755,0            26.259474,-29.147764,0            26.259493,-29.147773,0            26.259507,-29.147781,0            26.259518,-29.147789,0            26.259532,-29.147797,0            26.259545,-29.147805,0            26.259555,-29.147815,0            26.259564,-29.147822,0            26.259576,-29.147829,0            26.25959,-29.147835,0            26.259606,-29.147842,0            26.259621,-29.147848,0            26.259637,-29.147855,0            26.25965,-29.147865,0            26.259663,-29.147874,0            26.259679,-29.147883,0            26.259696,-29.14789,0            26.259712,-29.147897,0            26.259729,-29.147903,0            26.259745,-29.14791,0            26.25976,-29.147918,0            26.259774,-29.147926,0            26.259785,-29.147935,0            26.259799,-29.147945,0            26.259813,-29.147953,0            26.259827,-29.147961,0            26.25984,-29.147968,0            26.259855,-29.147974,0            26.259866,-29.147978,0            26.259876,-29.147984,0            26.259883,-29.147989,0            26.259893,-29.147995,0            26.259902,-29.148001,0            26.259912,-29.148008,0            26.259923,-29.148012,0            26.259935,-29.148017,0            26.259947,-29.148026,0            26.259961,-29.148034,0            26.259975,-29.148043,0            26.259992,-29.148051,0            26.260008,-29.148058,0            26.260025,-29.148066,0            26.260042,-29.148074,0            26.260057,-29.148082,0            26.260071,-29.14809,0            26.260086,-29.148098,0            26.260098,-29.148107,0            26.260109,-29.148114,0            26.260121,-29.148119,0            26.26013,-29.148125,0            26.260141,-29.148131,0            26.260152,-29.148139,0            26.260163,-29.148146,0            26.260177,-29.148152,0            26.260189,-29.148158,0            26.260202,-29.148164,0            26.260215,-29.14817,0            26.260229,-29.148177,0            26.260245,-29.148185,0            26.260261,-29.148193,0            26.260277,-29.1482,0            26.260292,-29.148209,0            26.260308,-29.148218,0            26.260325,-29.148228,0            26.26034,-29.148237,0            26.260357,-29.148246,0            26.260374,-29.148255,0            26.260389,-29.148263,0            26.260404,-29.148273,0            26.260419,-29.148282,0            26.260432,-29.148289,0            26.260442,-29.148295,0            26.260449,-29.148304,0            26.260452,-29.148313,0            26.260454,-29.148321,0            26.260456,-29.148332,0            26.260457,-29.148343,0            26.260458,-29.148354,0            26.260459,-29.148366,0            26.260455,-29.148378,0            26.260451,-29.14839,0            26.260447,-29.148402,0            26.260442,-29.148414,0            26.260435,-29.148426,0            26.260429,-29.148439,0            26.260424,-29.148454,0            26.260421,-29.148468,0            26.260418,-29.148483,0            26.260413,-29.148498,0            26.260407,-29.148514,0            26.260398,-29.14853,0            26.260392,-29.148546,0            26.260385,-29.148561,0            26.260379,-29.148578,0            26.260372,-29.148596,0            26.260368,-29.148613,0            26.260364,-29.148632,0            26.260358,-29.148651,0            26.260356,-29.148669,0            26.260353,-29.148685,0            26.260347,-29.148701,0            26.26034,-29.148717,0            26.260336,-29.148734,0            26.260332,-29.148751,0            26.260328,-29.148766,0            26.260324,-29.148783,0            26.260318,-29.148798,0            26.260315,-29.148812,0            26.260313,-29.148825,0            26.260312,-29.148839,0            26.260313,-29.148852,0            26.260314,-29.148864,0            26.260316,-29.148877,0            26.260317,-29.148891,0            26.260319,-29.148905,0            26.260321,-29.148917,0            26.260321,-29.14893,0            26.260321,-29.148942,0            26.260319,-29.148953,0            26.260318,-29.148964,0            26.260317,-29.148974,0            26.260316,-29.148984,0            26.260315,-29.148994,0            26.26031,-29.149005,0            26.260306,-29.149016,0            26.260302,-29.149029,0            26.260297,-29.149041,0            26.260292,-29.149054,0            26.260286,-29.149068,0            26.260281,-29.149083,0            26.260277,-29.149099,0            26.260271,-29.149115,0            26.260268,-29.149129,0            26.260266,-29.149143,0            26.260264,-29.14916,0            26.260264,-29.149178,0            26.260262,-29.149194,0            26.260259,-29.14921,0            26.260256,-29.149225,0            26.260252,-29.149242,0            26.26025,-29.149259,0            26.260248,-29.149275,0            26.260247,-29.14929,0            26.260244,-29.149306,0            26.260239,-29.149321,0            26.260235,-29.149336,0            26.260229,-29.149351,0            26.26022,-29.149363,0            26.26021,-29.149373,0            26.2602,-29.149381,0            26.260187,-29.149388,0            26.260172,-29.149394,0            26.260159,-29.149398,0            26.260144,-29.149399,0            26.260129,-29.149403,0            26.260113,-29.149405,0            26.260097,-29.149407,0            26.260082,-29.149408,0            26.260066,-29.149408,0            26.260053,-29.149409,0            26.26004,-29.14941,0            26.260024,-29.149412,0            26.260009,-29.149413,0            26.259991,-29.149412,0            26.259973,-29.149412,0            26.259958,-29.149413,0            26.259941,-29.149412,0            26.259922,-29.149411,0            26.259903,-29.14941,0            26.259885,-29.149412,0            26.259876,-29.149414,0            26.259868,-29.149415,0            26.259862,-29.149415,0            26.259861,-29.149417,0            26.259859,-29.149417,0            26.259857,-29.149416,0            26.259854,-29.149416,0            26.259851,-29.149414,0            26.259852,-29.149414,0            26.259855,-29.149415,0            26.259851,-29.149418,0            26.259848,-29.149426,0            26.259846,-29.149437,0            26.259842,-29.14945,0            26.259835,-29.149454,0            26.259833,-29.149454,0            26.259835,-29.149454,0            26.259836,-29.149451,0            26.259837,-29.14945,0            26.259837,-29.149445,0            26.259837,-29.149442,0            26.259837,-29.149441,0            26.259836,-29.149441,0            26.259835,-29.149441,0            26.259835,-29.149445,0            26.25983,-29.149461,0            26.259827,-29.149476,0            26.259824,-29.149493,0            26.259821,-29.149508,0            26.259817,-29.149526,0            26.259813,-29.14954,0            26.259815,-29.14956,0            26.259814,-29.14958,0            26.259815,-29.149599,0            26.259817,-29.149613,0            26.259814,-29.149631,0            26.259813,-29.149647,0            26.259813,-29.149664,0            26.259812,-29.149681,0            26.259812,-29.149698,0            26.259815,-29.149714,0            26.259819,-29.149731,0            26.259827,-29.149747,0            26.259835,-29.149762,0            26.259845,-29.149775,0            26.259857,-29.149787,0            26.259869,-29.1498,0            26.25988,-29.149811,0            26.259892,-29.149821,0            26.259905,-29.14983,0            26.259921,-29.149839,0            26.259936,-29.149846,0            26.259952,-29.149852,0            26.259967,-29.149856,0            26.259984,-29.14986,0            26.260002,-29.149863,0            26.260019,-29.149866,0            26.260035,-29.149866,0            26.260051,-29.149866,0            26.260067,-29.149868,0            26.260082,-29.149869,0            26.260098,-29.149872,0            26.260112,-29.149875,0            26.260128,-29.149878,0            26.260142,-29.149882,0            26.260155,-29.149887,0            26.260169,-29.149888,0            26.260183,-29.149887,0            26.260197,-29.149886,0            26.260211,-29.149886,0            26.260225,-29.149887,0            26.26024,-29.149889,0            26.260256,-29.14989,0            26.260273,-29.14989,0            26.260287,-29.149892,0            26.260302,-29.149895,0            26.260316,-29.149897,0            26.260332,-29.149899,0            26.260347,-29.149899,0            26.260363,-29.149902,0            26.260379,-29.149906,0            26.260395,-29.149911,0            26.260412,-29.149913,0            26.260427,-29.149915,0            26.260444,-29.14992,0            26.260459,-29.149927,0            26.260474,-29.149937,0            26.260488,-29.149946,0            26.260501,-29.149956,0            26.260511,-29.149968,0            26.26052,-29.149982,0            26.26053,-29.149995,0            26.260541,-29.150008,0            26.26055,-29.150022,0            26.26056,-29.150035,0            26.260569,-29.15005,0            26.260578,-29.150063,0            26.260585,-29.150077,0            26.260592,-29.150091,0            26.260602,-29.150101,0            26.260613,-29.15011,0            26.260626,-29.150116,0            26.260638,-29.150122,0            26.260651,-29.150128,0            26.260666,-29.150132,0            26.260682,-29.150136,0            26.260698,-29.150141,0            26.260714,-29.150147,0            26.260728,-29.150152,0            26.260742,-29.150156,0            26.260758,-29.150161,0            26.260772,-29.150169,0            26.260784,-29.150175,0            26.260798,-29.15018,0            26.260814,-29.150186,0            26.260831,-29.150191,0            26.260847,-29.150195,0            26.260863,-29.1502,0            26.260876,-29.150205,0            26.260889,-29.15021,0            26.260903,-29.150217,0            26.260918,-29.150224,0            26.260934,-29.150233,0            26.260949,-29.150242,0            26.260966,-29.150253,0            26.260982,-29.150264,0            26.260996,-29.150272,0            26.26101,-29.150282,0            26.261025,-29.150292,0            26.26104,-29.150302,0            26.261057,-29.15031,0            26.261074,-29.150318,0            26.261089,-29.150327,0            26.261105,-29.150334,0            26.261119,-29.150339,0            26.261134,-29.150345,0            26.261147,-29.150349,0            26.261161,-29.150352,0            26.261176,-29.150355,0            26.261192,-29.150359,0            26.261206,-29.150361,0            26.26122,-29.150361,0            26.261232,-29.150358,0            26.261245,-29.150356,0            26.26126,-29.150358,0            26.261273,-29.150356,0            26.261287,-29.150355,0            26.261301,-29.150356,0            26.261316,-29.150356,0            26.261331,-29.150355,0            26.261347,-29.150354,0            26.261363,-29.150353,0            26.261379,-29.150351,0            26.261394,-29.15035,0            26.261412,-29.150349,0            26.26143,-29.15035,0            26.261448,-29.15035,0            26.261468,-29.15035,0            26.261488,-29.150351,0            26.261508,-29.150351,0            26.261528,-29.150351,0            26.261546,-29.150351,0            26.261563,-29.150351,0            26.261578,-29.150351,0            26.261596,-29.150353,0            26.261612,-29.150354,0            26.261629,-29.150355,0            26.261644,-29.150357,0            26.261657,-29.150359,0            26.261669,-29.150363,0            26.261685,-29.150366,0            26.261701,-29.150369,0            26.261713,-29.15037,0            26.261724,-29.150369,0            26.261737,-29.150369,0            26.261752,-29.150369,0            26.261765,-29.150368,0            26.261779,-29.150368,0            26.261789,-29.150368,0            26.261793,-29.150367,0            26.261798,-29.150366,0            26.261806,-29.150366,0            26.261814,-29.150367,0            26.261822,-29.150369,0            26.261825,-29.150371,0            26.261831,-29.150374,0            26.261837,-29.150376,0            26.261845,-29.150376,0            26.261857,-29.150373,0            26.261865,-29.150368,0            26.261876,-29.150361,0            26.261886,-29.150353,0            26.261894,-29.150343,0            26.261901,-29.150334,0            26.261911,-29.150326,0            26.261923,-29.150318,0            26.261934,-29.150309,0            26.261945,-29.150299,0            26.261957,-29.150288,0            26.261969,-29.150275,0            26.261982,-29.150264,0            26.261995,-29.150252,0            26.262005,-29.150238,0            26.262017,-29.150225,0            26.26203,-29.150213,0            26.262041,-29.150201,0            26.262054,-29.15019,0            26.262066,-29.150178,0            26.262078,-29.150165,0            26.262091,-29.150151,0            26.262099,-29.150142,0            26.262111,-29.150131,0            26.262122,-29.150122,0            26.262133,-29.150111,0            26.26214,-29.150099,0            26.262147,-29.150088,0            26.262154,-29.150077,0            26.262161,-29.150067,0            26.262169,-29.150058,0            26.262178,-29.15005,0            26.262186,-29.150042,0            26.262194,-29.150035,0            26.262202,-29.150027,0            26.26221,-29.150018,0            26.262218,-29.150009,0            26.262227,-29.15,0            26.262235,-29.149989,0            26.262244,-29.149978,0            26.262256,-29.149968,0            26.262271,-29.149959,0            26.262284,-29.149949,0            26.262295,-29.149941,0            26.262305,-29.149932,0            26.262318,-29.149924,0            26.262331,-29.149914,0            26.262344,-29.149902,0            26.262356,-29.14989,0            26.262369,-29.149878,0            26.262383,-29.149867,0            26.262396,-29.149854,0            26.262407,-29.149841,0            26.262419,-29.149829,0            26.262431,-29.149817,0            26.262442,-29.149805,0            26.262455,-29.149793,0            26.262467,-29.14978,0            26.26248,-29.149768,0            26.262491,-29.149757,0            26.262502,-29.149745,0            26.262512,-29.149734,0            26.262525,-29.149724,0            26.262536,-29.149715,0            26.262547,-29.149705,0            26.262557,-29.149694,0            26.262564,-29.149683,0            26.262569,-29.149672,0            26.262576,-29.149661,0            26.262586,-29.149653,0            26.262595,-29.149646,0            26.262603,-29.149637,0            26.26261,-29.149627,0            26.262619,-29.149614,0            26.262624,-29.149603,0            26.26263,-29.149593,0            26.262635,-29.149583,0            26.262641,-29.149572,0            26.262644,-29.149562,0            26.262645,-29.149551,0            26.262642,-29.149542,0            26.262634,-29.149534,0            26.262622,-29.149526,0            26.262609,-29.149518,0            26.262597,-29.149509,0            26.262585,-29.149502,0            26.262572,-29.149494,0            26.262558,-29.149485,0            26.262542,-29.149476,0            26.262528,-29.149466,0            26.262514,-29.149455,0            26.262499,-29.149444,0            26.262484,-29.149434,0            26.262467,-29.149425,0            26.262451,-29.149416,0            26.262434,-29.149408,0            26.262418,-29.149402,0            26.262402,-29.149395,0            26.262387,-29.149387,0            26.262373,-29.149379,0            26.262358,-29.149371,0            26.262342,-29.149362,0            26.262329,-29.149354,0            26.262314,-29.149349,0            26.262299,-29.149344,0            26.262286,-29.149338,0            26.262274,-29.149329,0            26.262263,-29.149321,0            26.262252,-29.149313,0            26.262239,-29.149307,0            26.262227,-29.149301,0            26.262216,-29.149295,0            26.262205,-29.149287,0            26.262194,-29.149282,0            26.262183,-29.149277,0            26.262173,-29.14927,0            26.262162,-29.149264,0            26.262152,-29.149256,0            26.262142,-29.149248,0            26.262128,-29.149239,0            26.262113,-29.149232,0            26.262098,-29.149225,0            26.262083,-29.149218,0            26.262067,-29.149208,0            26.262052,-29.149199,0            26.262036,-29.14919,0            26.262019,-29.149181,0            26.262003,-29.149172,0            26.261988,-29.149162,0            26.26198,-29.149156,0            26.261978,-29.149153,0            26.261977,-29.14915,0            26.261977,-29.149151,0            26.261978,-29.149152,0            26.261979,-29.149151,0            26.261975,-29.14915,0            26.261964,-29.149146,0            26.261951,-29.149139,0            26.261938,-29.149133,0            26.261925,-29.149127,0            26.261916,-29.149122,0            26.261911,-29.149117,0            26.26191,-29.149115,0            26.261909,-29.149115,0            26.261908,-29.149116,0            26.261907,-29.149113,0            26.261902,-29.14911,0            26.261895,-29.149108,0            26.261885,-29.149103,0            26.261872,-29.149095,0            26.261861,-29.149086,0            26.261846,-29.149077,0            26.261831,-29.149069,0            26.261816,-29.14906,0            26.261801,-29.149049,0            26.261786,-29.14904,0            26.261772,-29.149033,0            26.261758,-29.149026,0            26.261743,-29.149018,0            26.261727,-29.149009,0            26.261711,-29.148999,0            26.261696,-29.14899,0            26.261682,-29.148983,0            26.261667,-29.148974,0            26.261653,-29.148967,0            26.261636,-29.148959,0            26.261622,-29.148954,0            26.261608,-29.148946,0            26.261593,-29.148936,0            26.261578,-29.148928,0            26.261562,-29.148921,0            26.261549,-29.148915,0            26.261534,-29.148908,0            26.26152,-29.148901,0            26.261507,-29.148895,0            26.261497,-29.148889,0            26.261484,-29.148883,0            26.261473,-29.148877,0            26.261459,-29.148872,0            26.261444,-29.148864,0            26.261432,-29.148857,0            26.261418,-29.148849,0            26.261403,-29.14884,0            26.261388,-29.14883,0            26.261373,-29.148824,0            26.261359,-29.148818,0            26.261347,-29.148811,0            26.261334,-29.148803,0            26.261322,-29.148794,0            26.26131,-29.148785,0            26.261296,-29.148777,0            26.261281,-29.14877,0            26.261265,-29.148763,0            26.261248,-29.148755,0            26.261229,-29.148745,0            26.261212,-29.148736,0            26.261195,-29.148725,0            26.261181,-29.148714,0            26.261168,-29.148704,0            26.261155,-29.148695,0            26.261143,-29.148688,0            26.261132,-29.148681,0            26.261119,-29.148673,0            26.261106,-29.148664,0            26.26109,-29.148657,0            26.261073,-29.148648,0            26.261057,-29.14864,0            26.26104,-29.148632,0            26.261024,-29.148623,0            26.261008,-29.148614,0            26.260993,-29.148605,0            26.26098,-29.148596,0            26.260966,-29.148587,0            26.26095,-29.148577,0            26.260936,-29.148568,0            26.26092,-29.148558,0            26.260905,-29.148547,0            26.260891,-29.148536,0            26.260878,-29.148526,0            26.260865,-29.148516,0            26.260853,-29.148507,0            26.260845,-29.148496,0            26.260845,-29.148488,0            26.260845,-29.148481,0            26.260847,-29.14847,0            26.260852,-29.148458,0            26.260859,-29.148446,0            26.260865,-29.148433,0            26.260872,-29.148421,0            26.260881,-29.14841,0            26.260895,-29.148399,0            26.260904,-29.148394,0            26.260916,-29.148399,0            26.260928,-29.148411,0            26.260939,-29.148423,0            26.26095,-29.148431,0            26.260962,-29.148437,0            26.260979,-29.148443,0            26.260997,-29.148448,0            26.261014,-29.148453,0            26.261032,-29.148459,0            26.261051,-29.148468,0            26.261067,-29.148477,0            26.261083,-29.148488,0            26.261098,-29.148497,0            26.261114,-29.148507,0            26.261129,-29.148516,0            26.261147,-29.148526,0            26.261166,-29.148536,0            26.261184,-29.148544,0            26.261201,-29.148551,0            26.26122,-29.148559,0            26.261238,-29.148567,0            26.261256,-29.148576,0            26.261274,-29.148583,0            26.26129,-29.148591,0            26.261305,-29.1486,0            26.261322,-29.14861,0            26.261339,-29.148619,0            26.261356,-29.148627,0            26.261372,-29.148635,0            26.261386,-29.148644,0            26.261398,-29.148652,0            26.261411,-29.148661,0            26.261425,-29.148669,0            26.26144,-29.148677,0            26.261454,-29.148686,0            26.26147,-29.148694,0            26.261486,-29.148703,0            26.261502,-29.148711,0            26.261519,-29.148719,0            26.261535,-29.148727,0            26.261551,-29.148734,0            26.261565,-29.148741,0            26.261579,-29.148748,0            26.261594,-29.148757,0            26.261609,-29.148766,0            26.261625,-29.148775,0            26.261641,-29.148784,0            26.261656,-29.148792,0            26.261674,-29.148799,0            26.26169,-29.148807,0            26.261706,-29.148814,0            26.261721,-29.148822,0            26.261737,-29.148829,0            26.261751,-29.148836,0            26.261765,-29.148845,0            26.261775,-29.148854,0            26.261784,-29.148863,0            26.261796,-29.148872,0            26.261811,-29.14888,0            26.261826,-29.148887,0            26.26184,-29.148894,0            26.261854,-29.148904,0            26.261864,-29.148913,0            26.261876,-29.148923,0            26.261892,-29.14893,0            26.261907,-29.148938,0            26.261922,-29.148946,0            26.261936,-29.148954,0            26.261951,-29.148962,0            26.261968,-29.148972,0            26.261985,-29.14898,0            26.262004,-29.14899,0            26.262019,-29.149,0            26.262032,-29.149008,0            26.262047,-29.149016,0            26.262062,-29.149023,0            26.262077,-29.14903,0            26.26209,-29.149038,0            26.262102,-29.149047,0            26.262116,-29.149055,0            26.262131,-29.149064,0            26.262145,-29.149071,0            26.26216,-29.149078,0            26.262174,-29.149085,0            26.262188,-29.149091,0            26.262203,-29.149097,0            26.262218,-29.149104,0            26.262234,-29.149111,0            26.262249,-29.149117,0            26.262263,-29.149125,0            26.262278,-29.149133,0            26.262291,-29.149142,0            26.262305,-29.149149,0            26.262318,-29.149157,0            26.262332,-29.149167,0            26.262346,-29.149176,0            26.262359,-29.149183,0            26.262373,-29.149192,0            26.262387,-29.1492,0            26.262402,-29.149208,0            26.262419,-29.149217,0            26.262435,-29.149224,0            26.262451,-29.149231,0            26.262463,-29.14924,0            26.262478,-29.149247,0            26.262494,-29.149255,0            26.262509,-29.149264,0            26.262524,-29.149271,0            26.262538,-29.149276,0            26.262557,-29.149281,0            26.262576,-29.149285,0            26.262594,-29.149288,0            26.262616,-29.14929,0            26.262634,-29.14929,0            26.262652,-29.149287,0            26.262671,-29.149284,0            26.262688,-29.14928,0            26.262705,-29.149277,0            26.262722,-29.149273,0            26.262739,-29.149269,0            26.262755,-29.149265,0            26.26277,-29.149261,0            26.262786,-29.149257,0            26.262801,-29.149253,0            26.262818,-29.149246,0            26.262833,-29.149237,0            26.262846,-29.149227,0            26.262857,-29.149215,0            26.262866,-29.149201,0            26.262878,-29.149189,0            26.26289,-29.149176,0            26.262901,-29.149164,0            26.262909,-29.14915,0            26.262919,-29.149136,0            26.262931,-29.149121,0            26.262941,-29.149109,0            26.262951,-29.149096,0            26.26296,-29.149084,0            26.262969,-29.149073,0            26.26298,-29.149062,0            26.262992,-29.149052,0            26.263002,-29.149043,0            26.263014,-29.149034,0            26.263023,-29.149025,0            26.263031,-29.149013,0            26.263038,-29.148999,0            26.263046,-29.148986,0            26.263054,-29.148974,0            26.263065,-29.148964,0            26.263072,-29.148951,0            26.263081,-29.148938,0            26.26309,-29.148925,0            26.263101,-29.148913,0            26.263109,-29.148903,0            26.263119,-29.148894,0            26.263131,-29.148883,0            26.263144,-29.148873,0            26.263155,-29.148862,0            26.263164,-29.14885,0            26.263172,-29.148838,0            26.263181,-29.148826,0            26.263191,-29.148817,0            26.263198,-29.148804,0            26.263204,-29.148791,0            26.263213,-29.14878,0            26.263223,-29.14877,0            26.263232,-29.14876,0            26.263241,-29.148748,0            26.263251,-29.148736,0            26.263262,-29.148723,0            26.263273,-29.148711,0            26.263284,-29.148698,0            26.263296,-29.148687,0            26.263307,-29.148675,0            26.263317,-29.148661,0            26.263325,-29.148648,0            26.263335,-29.148637,0            26.263344,-29.148625,0            26.263354,-29.148615,0            26.263364,-29.148603,0            26.263374,-29.148593,0            26.263385,-29.148583,0            26.263395,-29.148569,0            26.263406,-29.148555,0            26.263412,-29.148539,0            26.26342,-29.148526,0            26.263429,-29.148512,0            26.263439,-29.148498,0            26.263449,-29.148488,0            26.263458,-29.148476,0            26.263465,-29.148463,0            26.263472,-29.14845,0            26.263481,-29.148437,0            26.263489,-29.148425,0            26.263499,-29.148412,0            26.263508,-29.148399,0            26.263516,-29.148384,0            26.263523,-29.148369,0            26.263532,-29.148354,0            26.263541,-29.148338,0            26.263551,-29.148323,0            26.26356,-29.148308,0            26.26357,-29.148294,0            26.263581,-29.148283,0            26.263591,-29.148269,0            26.2636,-29.148257,0            26.263609,-29.148244,0            26.263619,-29.148232,0            26.263625,-29.14822,0            26.263633,-29.148209,0            26.26364,-29.148196,0            26.263647,-29.148185,0            26.263654,-29.148174,0            26.263659,-29.148161,0            26.263666,-29.148149,0            26.263674,-29.148137,0            26.263681,-29.148127,0            26.263689,-29.148115,0            26.263696,-29.148101,0            26.263703,-29.148089,0            26.263711,-29.148077,0            26.263718,-29.148066,0            26.263725,-29.148053,0            26.263732,-29.148041,0            26.263739,-29.148028,0            26.263747,-29.148015,0            26.263755,-29.148001,0            26.263763,-29.147987,0            26.263771,-29.147974,0            26.26378,-29.14796,0            26.263789,-29.147945,0            26.263799,-29.147931,0            26.263807,-29.147919,0            26.263813,-29.147906,0            26.263821,-29.147895,0            26.263827,-29.147882,0            26.263834,-29.147871,0            26.263839,-29.147858,0            26.263846,-29.147845,0            26.263853,-29.147833,0            26.263861,-29.147821,0            26.26387,-29.147809,0            26.263878,-29.147797,0            26.263886,-29.147785,0            26.263894,-29.147773,0            26.2639,-29.147761,0            26.263907,-29.147748,0            26.263915,-29.147735,0            26.263923,-29.147722,0            26.263932,-29.14771,0            26.263938,-29.147697,0            26.263946,-29.147685,0            26.263954,-29.147672,0            26.263963,-29.147661,0            26.263972,-29.14765,0            26.263978,-29.147639,0            26.263985,-29.147627,0            26.263991,-29.147614,0            26.263998,-29.147602,0            26.264005,-29.147591,0            26.264013,-29.147578,0            26.26402,-29.147565,0            26.264028,-29.147553,0            26.264035,-29.147542,0            26.264044,-29.14753,0            26.264051,-29.147518,0            26.264057,-29.147506,0            26.264064,-29.147493,0            26.264071,-29.14748,0            26.264078,-29.147468,0            26.264084,-29.147458,0            26.264089,-29.147445,0            26.264097,-29.147431,0            26.264104,-29.147417,0            26.264111,-29.147404,0            26.264117,-29.147391,0            26.264123,-29.147378,0            26.264131,-29.147366,0            26.264139,-29.147353,0            26.264145,-29.147339,0            26.264153,-29.147325,0            26.264158,-29.147313,0            26.264166,-29.147301,0            26.264172,-29.147287,0            26.264177,-29.147274,0            26.264183,-29.14726,0            26.264191,-29.147247,0            26.264199,-29.147235,0            26.264207,-29.147221,0            26.264214,-29.147209,0            26.264222,-29.147197,0            26.264231,-29.147184,0            26.264239,-29.147173,0            26.264246,-29.147161,0            26.264254,-29.147148,0            26.264263,-29.147136,0            26.264272,-29.147124,0            26.264281,-29.147111,0            26.264289,-29.147099,0            26.264298,-29.147088,0            26.264306,-29.147076,0            26.264316,-29.147063,0            26.264325,-29.14705,0            26.264333,-29.14704,0            26.26434,-29.147029,0            26.264348,-29.147017,0            26.264357,-29.147004,0            26.264364,-29.146993,0            26.264371,-29.146982,0            26.264377,-29.146968,0            26.264381,-29.146956,0            26.264384,-29.146941,0            26.264382,-29.146928,0            26.264376,-29.146916,0            26.264366,-29.146906,0            26.264355,-29.146896,0            26.264343,-29.146887,0            26.264328,-29.146881,0            26.264314,-29.146875,0            26.264299,-29.146869,0            26.264284,-29.146862,0            26.26427,-29.146857,0            26.264253,-29.14685,0            26.264237,-29.146844,0            26.264223,-29.146839,0            26.264208,-29.146832,0            26.264191,-29.146826,0            26.264176,-29.146818,0            26.26416,-29.146812,0            26.264144,-29.146805,0            26.264131,-29.146799,0            26.264116,-29.146794,0            26.2641,-29.146787,0            26.264084,-29.146781,0            26.264069,-29.146775,0            26.264053,-29.146769,0            26.264038,-29.146762,0            26.264023,-29.146757,0            26.264007,-29.146752,0            26.263992,-29.146747,0            26.263978,-29.146743,0            26.263964,-29.146737,0            26.263949,-29.146732,0            26.263934,-29.146727,0            26.263918,-29.14672,0            26.263901,-29.146712,0            26.263885,-29.146705,0            26.26387,-29.146698,0            26.263855,-29.146693,0            26.263839,-29.146687,0            26.263825,-29.146682,0            26.263811,-29.146678,0            26.263797,-29.146674,0            26.263782,-29.146668,0            26.263769,-29.146664,0            26.263755,-29.14666,0            26.263741,-29.146656,0            26.263729,-29.146652,0            26.263715,-29.146646,0            26.2637,-29.146641,0            26.263684,-29.146636,0            26.263669,-29.14663,0            26.263655,-29.146624,0            26.263641,-29.14662,0            26.263627,-29.146615,0            26.263611,-29.14661,0            26.263595,-29.146602,0            26.263579,-29.146595,0            26.263564,-29.146589,0            26.263549,-29.146583,0            26.263535,-29.146579,0            26.263521,-29.146574,0            26.263507,-29.146569,0            26.263492,-29.146563,0            26.26348,-29.146558,0            26.263465,-29.146553,0            26.263453,-29.146549,0            26.263438,-29.146543,0            26.263425,-29.146537,0            26.263411,-29.146532,0            26.263396,-29.146526,0            26.263382,-29.146519,0            26.263367,-29.146513,0            26.263353,-29.146507,0            26.263339,-29.146501,0            26.263322,-29.146495,0            26.263307,-29.146489,0            26.263293,-29.146483,0            26.263276,-29.146476,0            26.263262,-29.146471,0            26.263246,-29.146463,0            26.263232,-29.146458,0            26.263217,-29.146452,0            26.263203,-29.146446,0            26.263189,-29.14644,0            26.263174,-29.146434,0            26.263159,-29.14643,0            26.263145,-29.146425,0            26.26313,-29.14642,0            26.263115,-29.146416,0            26.2631,-29.146412,0            26.263086,-29.146407,0            26.26307,-29.146401,0            26.263054,-29.146395,0            26.26304,-29.14639,0            26.263026,-29.146383,0            26.26301,-29.146376,0            26.262996,-29.14637,0            26.262981,-29.146365,0            26.262966,-29.146358,0            26.262949,-29.146351,0            26.262934,-29.146344,0            26.26292,-29.146338,0            26.262904,-29.14633,0            26.26289,-29.146323,0            26.262875,-29.146317,0            26.262858,-29.14631,0            26.262842,-29.146303,0            26.262826,-29.146297,0            26.262811,-29.146292,0            26.262794,-29.146286,0            26.26278,-29.146281,0            26.262764,-29.146276,0            26.26275,-29.146271,0            26.262735,-29.146267,0            26.26272,-29.146261,0            26.262703,-29.146255,0            26.262687,-29.146251,0            26.262671,-29.146246,0            26.262655,-29.146242,0            26.262639,-29.146236,0            26.262624,-29.146229,0            26.262608,-29.146224,0            26.262593,-29.146219,0            26.262578,-29.146215,0            26.262562,-29.146209,0            26.262547,-29.146204,0            26.262532,-29.1462,0            26.262516,-29.146197,0            26.262501,-29.146197,0            26.262487,-29.146195,0            26.262476,-29.146195,0            26.262468,-29.146197,0            26.26246,-29.146202,0            26.262453,-29.146211,0            26.262444,-29.146224,0            26.262435,-29.146238,0            26.262426,-29.146251,0            26.262418,-29.146265,0            26.262411,-29.146277,0            26.262402,-29.146291,0            26.262395,-29.146306,0            26.262388,-29.14632,0            26.26238,-29.146335,0            26.262372,-29.146349,0            26.262363,-29.146364,0            26.262355,-29.146376,0            26.262346,-29.146389,0            26.26234,-29.146402,0            26.262333,-29.146417,0            26.262326,-29.14643,0            26.262319,-29.146442,0            26.262311,-29.146455,0            26.262306,-29.146469,0            26.262304,-29.146482,0            26.262298,-29.146495,0            26.262292,-29.146507,0            26.262287,-29.146519,0            26.262282,-29.14653,0            26.262277,-29.146539,0            26.262272,-29.146549,0            26.262264,-29.14656,0            26.262257,-29.14657,0            26.262254,-29.146582,0            26.26225,-29.146594,0            26.262246,-29.146607,0            26.26224,-29.146621,0            26.26223,-29.146634,0            26.262222,-29.146646,0            26.262214,-29.14666,0            26.262205,-29.146674,0            26.262197,-29.146688,0            26.26219,-29.146703,0            26.262184,-29.146718,0            26.262177,-29.146732,0            26.26217,-29.146746,0            26.262163,-29.146762,0            26.262158,-29.146776,0            26.262152,-29.14679,0            26.262146,-29.146804,0            26.26214,-29.146819,0            26.262134,-29.146833,0            26.262127,-29.146846,0            26.262123,-29.146858,0            26.262118,-29.146871,0            26.262112,-29.146883,0            26.262107,-29.146895,0            26.262102,-29.146905,0            26.262098,-29.146916,0            26.262094,-29.146927,0            26.262088,-29.146937,0            26.262086,-29.146947,0            26.262081,-29.146959,0            26.262072,-29.146971,0            26.262064,-29.146982,0            26.262057,-29.146994,0            26.262051,-29.147007,0            26.262046,-29.147018,0            26.262044,-29.147031,0            26.262041,-29.147043,0            26.262041,-29.147057,0            26.26204,-29.14707,0            26.262036,-29.147082,0            26.262031,-29.147093,0            26.26203,-29.147102,0            26.262028,-29.147106,0            26.262023,-29.147114,0            26.262017,-29.147123,0            26.26201,-29.147132,0            26.262003,-29.14714,0            26.261998,-29.147148,0            26.261991,-29.147158,0            26.261981,-29.147167,0            26.261972,-29.147178,0            26.261966,-29.147187,0            26.261961,-29.147191,0            26.261953,-29.147193,0            26.261949,-29.147194,0            26.261946,-29.147196,0            26.261947,-29.147196,0            26.261948,-29.147195,0            26.261948,-29.147194,0            26.261947,-29.147194,0            26.261945,-29.147194,0          </coordinates></LineString></Placemark><Placemark><name>Start</name><styleUrl>#icon-61-nodesc</styleUrl><Point><coordinates>            26.262329,-29.146682,1383.2          </coordinates></Point></Placemark><Placemark><name>Finish</name><styleUrl>#icon-123-nodesc</styleUrl><Point><coordinates>            26.261945,-29.147194,1382.2          </coordinates></Point></Placemark></Folder></Document></kml>