<?xml version="1.0" encoding="UTF-8"?><kml xmlns="http://www.opengis.net/kml/2.2"><Document><name>Komani parkrun (from Jul 2025))</name><description/><Style id="icon-1899-0F9D58-nodesc-normal"><IconStyle><color>ff589d0f</color><scale>1</scale><Icon><href>https://www.gstatic.com/mapspro/images/stock/503-wht-blank_maps.png</href></Icon><hotSpot x="32" xunits="pixels" y="64" yunits="insetPixels"/></IconStyle><LabelStyle><scale>0</scale></LabelStyle><BalloonStyle><text><![CDATA[<h3>$[name]</h3>]]></text></BalloonStyle></Style><Style id="icon-1899-0F9D58-nodesc-highlight"><IconStyle><color>ff589d0f</color><scale>1</scale><Icon><href>https://www.gstatic.com/mapspro/images/stock/503-wht-blank_maps.png</href></Icon><hotSpot x="32" xunits="pixels" y="64" yunits="insetPixels"/></IconStyle><LabelStyle><scale>1</scale></LabelStyle><BalloonStyle><text><![CDATA[<h3>$[name]</h3>]]></text></BalloonStyle></Style><StyleMap id="icon-1899-0F9D58-nodesc"><Pair><key>normal</key><styleUrl>#icon-1899-0F9D58-nodesc-normal</styleUrl></Pair><Pair><key>highlight</key><styleUrl>#icon-1899-0F9D58-nodesc-highlight</styleUrl></Pair></StyleMap><Style id="icon-1899-FF5252-nodesc-normal"><IconStyle><color>ff5252ff</color><scale>1</scale><Icon><href>https://www.gstatic.com/mapspro/images/stock/503-wht-blank_maps.png</href></Icon><hotSpot x="32" xunits="pixels" y="64" yunits="insetPixels"/></IconStyle><LabelStyle><scale>0</scale></LabelStyle><BalloonStyle><text><![CDATA[<h3>$[name]</h3>]]></text></BalloonStyle></Style><Style id="icon-1899-FF5252-nodesc-highlight"><IconStyle><color>ff5252ff</color><scale>1</scale><Icon><href>https://www.gstatic.com/mapspro/images/stock/503-wht-blank_maps.png</href></Icon><hotSpot x="32" xunits="pixels" y="64" yunits="insetPixels"/></IconStyle><LabelStyle><scale>1</scale></LabelStyle><BalloonStyle><text><![CDATA[<h3>$[name]</h3>]]></text></BalloonStyle></Style><StyleMap id="icon-1899-FF5252-nodesc"><Pair><key>normal</key><styleUrl>#icon-1899-FF5252-nodesc-normal</styleUrl></Pair><Pair><key>highlight</key><styleUrl>#icon-1899-FF5252-nodesc-highlight</styleUrl></Pair></StyleMap><Style id="line-0288D1-6231-nodesc-normal"><LineStyle><color>ffd18802</color><width>6.231</width></LineStyle><BalloonStyle><text><![CDATA[<h3>$[name]</h3>]]></text></BalloonStyle></Style><Style id="line-0288D1-6231-nodesc-highlight"><LineStyle><color>ffd18802</color><width>9.3465</width></LineStyle><BalloonStyle><text><![CDATA[<h3>$[name]</h3>]]></text></BalloonStyle></Style><StyleMap id="line-0288D1-6231-nodesc"><Pair><key>normal</key><styleUrl>#line-0288D1-6231-nodesc-normal</styleUrl></Pair><Pair><key>highlight</key><styleUrl>#line-0288D1-6231-nodesc-highlight</styleUrl></Pair></StyleMap><Folder><name>Untitled layer</name><Placemark><name>Course</name><styleUrl>#line-0288D1-6231-nodesc</styleUrl><LineString><tessellate>1</tessellate><coordinates>            26.89049490528,-31.8997327217666,1085.91270243935            26.8905197782673,-31.8997318825067,1085.78873042949            26.8905410368136,-31.8997246388692,1085.88267086446            26.890572843375,-31.8997152699345,1085.741560122            26.8905936958979,-31.8997115923152,1085.65335124638            26.890620021968,-31.8997046892003,1085.91941569            26.8906443721281,-31.8996951421422,1086.38335187081            26.8906712295506,-31.8996881738385,1085.68813008256            26.8906999349543,-31.8996815593455,1086.51577942818            26.8907277528509,-31.8996767802714,1086.33796414174            26.8907479081182,-31.8996666859167,1085.97680493258            26.8907696454467,-31.8996557537097,1086.27115007024            26.8907947383601,-31.899647717092,1085.99349808879            26.8908191832575,-31.8996421068797,1085.98595892265            26.8908472979522,-31.8996341324067,1086.69795474876            26.8908745878776,-31.8996282419844,1086.41455419734            26.8908947106264,-31.8996179724822,1086.38006766234            26.8909245262573,-31.899608078227,1086.74816751108            26.8909420255844,-31.8995935302334,1086.73579004407            26.8909603986265,-31.899575640737,1086.38534646574            26.8909755128207,-31.8995611669634,1086.45894287433            26.8909923744882,-31.8995442784004,1086.47296608146            26.891008987105,-31.8995232093785,1086.88649693597            26.8910237914031,-31.8995058046314,1086.72744817566            26.8910389147015,-31.8994860807554,1086.86390072014            26.8910508183906,-31.8994672474072,1086.72949829977            26.8910704701677,-31.8994513952819,1085.16852508206            26.8910942678761,-31.8994380000814,1087.20375050604            26.8911079264338,-31.8994239173404,1085.76362818759            26.8911277809749,-31.8994018085412,1086.67044757586            26.8911491845139,-31.899378754042,1086.19073181786            26.8911749195802,-31.8993626289148,1086.80876538344            26.8911986372052,-31.8993526224739,1087.15129906498            26.891225620276,-31.8993438408551,1086.9226703383            26.8912514719619,-31.8993390239188,1086.85492751561            26.8912763214375,-31.8993348428452,1086.91079764348            26.8913025187953,-31.8993281363561,1086.79540374596            26.8913302377158,-31.8993247935721,1087.40841514524            26.8913604981745,-31.899318948048,1086.9727888843            26.8913883191661,-31.8993131092843,1087.37421409413            26.8914121596817,-31.8993074495461,1086.82142900024            26.8914369723233,-31.8993031725759,1087.21980961412            26.8914637755784,-31.8992970906032,1087.12385611888            26.891487898477,-31.8992863047353,1087.46113219392            26.8915105952976,-31.8992802451922,1087.37613202538            26.8915358326577,-31.8992807479609,1086.53761266079            26.8915618995065,-31.8992740028039,1086.87290201802            26.8915892604046,-31.8992711969363,1086.8410762148            26.8916121662973,-31.8992668601852,1087.70027850568            26.8916441052024,-31.8992615776916,1087.01828192361            26.8916758562444,-31.8992518162438,1087.27652599383            26.8917085022198,-31.8992431396629,1086.92565934267            26.8917320228726,-31.8992366758285,1087.11036060657            26.8917570834996,-31.899230681121,1087.34519016091            26.8917901441281,-31.899221828664,1087.60181086604            26.891816951229,-31.8992183364632,1087.58120648842            26.8918436859285,-31.8992117635235,1088.08402802702            26.8918697163396,-31.8992086308126,1087.83916843683            26.8918989511057,-31.8992018367776,1087.8626459334            26.8919252738735,-31.8991931691087,1087.17871465907            26.8919607218385,-31.8991898162539,1088.30998302437            26.8919901156491,-31.8991810594102,1087.98275214713            26.892020552206,-31.8991740293368,1088.30563019309            26.8920458568582,-31.8991693958515,1087.37342086621            26.8920790092715,-31.8991541757015,1088.17551925965            26.8921016627887,-31.8991477994644,1087.98397722933            26.8921231230685,-31.8991358977325,1088.2470789887            26.8921376353328,-31.8991206147562,1087.67177038081            26.8921561907643,-31.8991115437521,1088.02066756412            26.8921835858268,-31.8991037667546,1087.89114851784            26.8922105389873,-31.8990939258257,1087.89369777031            26.8922351531455,-31.8990798896352,1087.9070688365            26.8922585535766,-31.8990688023296,1087.51664107572            26.8922817928753,-31.8990637666932,1087.20356424339            26.8923126175222,-31.8990571026037,1087.04815059435            26.8923347162919,-31.8990491812272,1086.79980198015            26.8923684094278,-31.8990455222967,1086.90017133858            26.8924028858837,-31.899041452058,1086.75343348086            26.8924333953913,-31.8990362638503,1087.21265422925            26.8924650460253,-31.8990318774788,1087.51479650568            26.8924926381985,-31.8990253504289,1087.44322373159            26.8925212810098,-31.8990214857519,1086.85638847109            26.8925529790856,-31.8990132382095,1086.74593543913            26.8925829975958,-31.8990143783875,1087.17832191754            26.8926117692782,-31.8990064333879,1086.8956713751            26.8926369769471,-31.8990031046805,1086.44948844798            26.8926695321397,-31.8989970173879,1086.82830604166            26.8926912371093,-31.8989933086041,1086.54163590632            26.8927160157568,-31.8989926558287,1085.96760614216            26.8927456146079,-31.8989889110684,1086.68756741378            26.8927710686068,-31.8989865861502,1085.71260017622            26.8927948561973,-31.8989825107569,1085.42214600835            26.8928225018092,-31.8989750157989,1085.64629004337            26.8928509737948,-31.8989708359759,1086.02400504891            26.8928781334214,-31.898962567907,1085.81492466666            26.8929087803556,-31.8989610350929,1085.91092056409            26.892939904853,-31.8989584476049,1086.15776709933            26.8929670467991,-31.8989533037915,1086.05758738983            26.8929943552851,-31.8989492514791,1085.20194455143            26.8930211058151,-31.8989386259315,1085.44034494832            26.8930491700689,-31.898934215277,1085.6354234349            26.8930730449715,-31.898929750129,1085.77720668633            26.8931024267502,-31.8989212942918,1085.6493892828            26.893129341945,-31.8989130457949,1085.78733584844            26.893160125004,-31.8989066222054,1085.78141048085            26.8931839766465,-31.8989021336123,1085.98958479054            26.8932102591112,-31.8989010536287,1086.00784650072            26.8932335203836,-31.898902385512,1085.97109314986            26.8932629250932,-31.8989032474889,1086.12740704603            26.8932905920533,-31.8989037380259,1086.37529495452            26.893315830948,-31.8989069970021,1086.39800604992            26.8933440739718,-31.8989111238063,1086.10859091673            26.8933671934898,-31.8989159611658,1085.75906792097            26.8933952240772,-31.8989273743777,1086.05156329367            26.8934237538916,-31.8989397953165,1085.64260530472            26.8934547109257,-31.8989445092815,1085.91903350595            26.893476037332,-31.8989509696982,1086.32690864988            26.8934974797799,-31.8989586392684,1086.5534393033            26.89351807644,-31.898969094649,1086.65711459797            26.8935443612879,-31.8989750384232,1086.70136095956            26.8935609805037,-31.898986902556,1086.5709554553            26.8935815263347,-31.8989956825452,1086.67106889188            26.8936039460407,-31.8990087227744,1086.23073231522            26.8936222069207,-31.8990249874518,1087.7176384069            26.8936476260033,-31.8990384527468,1086.45624640118            26.8936756485346,-31.8990562733711,1086.87794536073            26.8937026954211,-31.8990734012626,1086.917110404            26.8937217799739,-31.899095470915,1087.010667108            26.8937465109491,-31.8991139307,1087.44634753            26.8937681475547,-31.899128059655,1086.58169753198            26.89378873011,-31.8991391978625,1086.75607864466            26.8938163614256,-31.8991587115225,1087.24739931896            26.8938377738664,-31.8991654593402,1087.47318024002            26.8938718842939,-31.8991804742746,1086.96801587567            26.8939021012926,-31.8991940675279,1087.34722697455            26.8939286773597,-31.8992025420345,1087.33051076252            26.8939605492931,-31.8992097193976,1087.58882551454            26.8939808430666,-31.8992183136459,1087.34611347318            26.8940060980424,-31.8992233822724,1087.53073847573            26.8940313873659,-31.8992323001641,1087.11836766545            26.8940628140788,-31.8992389393694,1087.38763234857            26.8940890781209,-31.8992461914874,1087.07269672398            26.8941177064772,-31.8992548748035,1086.91056500934            26.8941477245928,-31.8992638618665,1086.44849475659            26.8941776847254,-31.899267328668,1086.35168782156            26.8942066980716,-31.8992694518947,1086.57590827718            26.8942278101319,-31.8992804312437,1086.6847710805            26.8942561093923,-31.8992922514863,1086.21936425287            26.8942840168634,-31.8992996562799,1086.51252562646            26.8943101732789,-31.8993097568892,1086.6321164621            26.8943371753821,-31.8993221746852,1086.94376322255            26.8943640602544,-31.8993306592034,1086.70433990192            26.89439091379,-31.8993461584345,1086.93735009898            26.894424772791,-31.8993565424731,1087.24477897119            26.8944483795911,-31.899372244345,1087.38108017761            26.8944797346935,-31.8993902164733,1086.84892968182            26.8945054539832,-31.8993960616306,1087.57047623582            26.8945352337724,-31.8994079470887,1087.22738215793            26.8945585591804,-31.899417421238,1086.88667292427            26.8945859413506,-31.8994303192565,1087.14579351433            26.894603922657,-31.8994419102735,1087.06351551414            26.8946271087344,-31.8994483673453,1087.57278844528            26.8946476375384,-31.8994543915579,1086.70340503007            26.8946802018445,-31.8994620245701,1087.41849543247            26.8947075899748,-31.8994723908181,1087.44928667601            26.894734337797,-31.899482963862,1087.29111627117            26.8947604936846,-31.8994926857916,1087.66818436421            26.8947871061409,-31.8995043884589,1087.73616839759            26.8948158979763,-31.8995162180856,1088.08576911502            26.8948401508401,-31.8995282630618,1088.40215083677            26.8948674201257,-31.8995375120382,1088.33030335605            26.8948918636385,-31.8995509045358,1088.37177410722            26.8949201557931,-31.8995633032091,1088.25376353133            26.8949436332653,-31.8995761256437,1088.45827289298            26.894969117678,-31.8995909064279,1088.40241137706            26.8949972992394,-31.8996027386471,1089.02254275139            26.8950239581443,-31.8996155889973,1089.36180288158            26.8950434385892,-31.8996235465372,1088.80236549769            26.8950673527085,-31.899640003739,1088.83968984801            26.8950919628365,-31.8996538099782,1088.87030518986            26.8951205393023,-31.8996643555843,1088.97236348689            26.8951467876201,-31.8996737443626,1089.13120836858            26.895175171507,-31.8996819611335,1088.84884941671            26.8952017109509,-31.8996951747857,1088.6209336305            26.8952321518523,-31.8997084261596,1088.34318552073            26.8952574661108,-31.8997209141133,1088.27726780716            26.8952845537735,-31.8997310174357,1088.38887458481            26.8953101102032,-31.8997426277189,1088.47649591696            26.8953313432965,-31.8997462883149,1088.46745987143            26.8953598017958,-31.8997526430351,1088.46692756098            26.8953893519535,-31.899759037233,1088.27480399422            26.8954130068874,-31.899765513896,1088.50664687064            26.8954459253965,-31.8997727539945,1089.11394065339            26.8954705025483,-31.899771810506,1089.10575685464            26.8955037025566,-31.8997709039155,1089.30271666683            26.8955304878505,-31.8997635593326,1089.59602818638            26.8955617979299,-31.8997548083666,1090.39377590735            26.8955836093781,-31.8997445305971,1090.60493067            26.8956172507904,-31.8997370817015,1092.00284014456            26.8956419061825,-31.8997230682049,1092.28274808917            26.8956753346607,-31.8997136872197,1091.44527663756            26.8957070316577,-31.8997027802825,1089.12334212102            26.8957365309881,-31.89969282926,1089.74738368858            26.8957653774643,-31.8996800940505,1089.83882781211            26.8957916653039,-31.8996717448536,1089.57807761803            26.8958135759603,-31.8996628930437,1089.53599577211            26.8958438162032,-31.8996525848316,1088.81994643621            26.8958660808839,-31.8996419523871,1089.05320735835            26.8959071346141,-31.899623203306,1089.65416882746            26.8959316854051,-31.8996141570217,1089.48517442122            26.895962146765,-31.8996050621561,1089.32066180184            26.8959861620172,-31.8995907547881,1089.87474498712            26.8960106739769,-31.8995826924058,1089.99462226313            26.8960347261989,-31.8995731226863,1089.74625075143            26.8960637686985,-31.8995609754076,1090.68818606064            26.8960891109751,-31.8995469979413,1090.49710381404            26.8961129054498,-31.8995303405889,1090.55011478998            26.8961355724281,-31.8995125027139,1090.65169036761            26.8961611052084,-31.8994963598404,1090.4522991376            26.896186270863,-31.899479628009,1091.14095412474            26.8962123920386,-31.8994689706205,1091.21319308784            26.8962327534159,-31.89945035996,1091.33515558019            26.8962527814011,-31.8994292881553,1091.50136555824            26.8962730875455,-31.8994128507505,1091.64021860622            26.8962920376981,-31.899400794952,1092.24584231991            26.8963137611862,-31.8993839341743,1092.07057981938            26.8963328564012,-31.8993684984864,1092.40048112255            26.896362310253,-31.8993515034166,1092.30400486849            26.8963873754113,-31.8993348966907,1092.38566745631            26.8964161167701,-31.8993209368129,1093.20017174352            26.8964390199806,-31.8993071514768,1093.21702920459            26.8964671644102,-31.8992954437487,1092.07071168628            26.8964938351632,-31.8992842642253,1093.85975160263            26.8965237310903,-31.8992723509678,1093.04896928091            26.8965498843877,-31.8992617654481,1093.35955520347            26.8965790847625,-31.8992546590621,1093.28753739409            26.8966079804995,-31.8992517877335,1093.183744465            26.8966343336722,-31.8992422617695,1093.29972931463            26.8966656936166,-31.8992407548621,1093.17133995518            26.8966961805647,-31.8992399545094,1093.26632421464            26.896724734007,-31.8992367643801,1093.46630840935            26.8967557961304,-31.8992366551922,1093.1883901814            26.8967870997577,-31.8992361608046,1093.63560587447            26.8968163127226,-31.8992304789066,1093.34245418105            26.8968455539852,-31.8992233790207,1093.71690277848            26.8968764933946,-31.8992246533045,1093.86165647022            26.8969072189252,-31.8992237492298,1094.24423857871            26.8969371981079,-31.8992187442961,1094.4920479646            26.8969675165795,-31.8992215446974,1094.45940037072            26.8969960564081,-31.8992185746884,1094.59859943856            26.8970251165775,-31.8992160555347,1094.89672096074            26.8970562287074,-31.8992113352889,1095.20536021888            26.8970865897721,-31.8992097900845,1095.25826483592            26.8971173536031,-31.8992064129813,1094.95605709683            26.8971481724932,-31.8992090980034,1094.79087345209            26.8971770114336,-31.8992073653054,1094.96951227821            26.8972064063817,-31.8992048291093,1095.24918247107            26.8972362993597,-31.8992059228755,1095.21592677198            26.8972665077292,-31.8992060619462,1095.3686067285            26.8972982474729,-31.8992095566004,1095.3689626595            26.8973304129618,-31.899209902839,1095.68904883973            26.8973567145907,-31.8992046605573,1095.61754030921            26.8973859249833,-31.8992074357416,1096.4088780107            26.8974074932185,-31.8992079155364,1096.40405638423            26.8974397889263,-31.8992129428215,1095.99030634202            26.8974715512784,-31.8992162166066,1096.63774753734            26.8975016754908,-31.8992187421744,1096.83043134492            26.8975319494155,-31.8992188559753,1096.32792350091            26.8975618264846,-31.8992248254626,1096.49476681091            26.8975921763313,-31.899231325869,1097.3113235971            26.8976230783955,-31.8992374471804,1097.03695500735            26.8976521319387,-31.8992418212225,1097.46541435272            26.8976804374171,-31.8992525662837,1097.76404982898            26.8977102279162,-31.8992579928728,1097.37274254765            26.8977410190537,-31.8992606211269,1097.32149967179            26.8977715433348,-31.8992596537741,1097.40599633753            26.8978024081155,-31.8992672334104,1097.02456001285            26.8978351160098,-31.8992668208097,1097.20414869674            26.8978659990256,-31.899263912463,1098.21063302085            26.8978948792105,-31.8992599507815,1097.82499392517            26.8979188944407,-31.8992576639837,1097.95315654203            26.8979413553984,-31.8992497595478,1097.82069975138            26.8979641448337,-31.8992434062213,1097.02176367026            26.8979932774291,-31.899237354266,1097.55862700846            26.8980161556917,-31.8992283974671,1097.87805758696            26.8980401559247,-31.8992221244802,1097.46148577984            26.8980696502733,-31.8992146832881,1097.08687383123            26.8980961006845,-31.8992066965908,1097.18786024489            26.8981245504128,-31.8991981750164,1097.69898717385            26.8981548569061,-31.8991869825852,1097.78085181862            26.8981823947194,-31.8991820599601,1098.1264750855            26.8982153453541,-31.8991750309432,1098.15470650326            26.8982482069391,-31.8991727668525,1097.74465146381            26.8982759532637,-31.8991685501166,1098.93327257875            26.8983011154434,-31.8991544619256,1098.78439466283            26.8983263961782,-31.8991508005711,1099.29577330966            26.8983540067034,-31.8991426593658,1099.42909099162            26.8983803434823,-31.8991369581546,1099.35527091939            26.8984043434356,-31.8991350149983,1099.74549555127            26.898431392321,-31.8991337222767,1099.44345828239            26.898454258044,-31.8991327453287,1099.98049360048            26.8984826711279,-31.8991359019936,1100.36896834802            26.8985062671401,-31.8991337926338,1100.12255861051            26.8985351292369,-31.8991324059861,1099.99828619324            26.8985629751842,-31.8991317193745,1100.66117994208            26.8985891400976,-31.8991382819145,1101.37843764387            26.8986050276631,-31.8991568698528,1101.27253795881            26.8986138202802,-31.8991788983713,1101.39430243243            26.8986039546682,-31.8992051393642,1100.68298033625            26.8985863709271,-31.8992274726325,1101.13714046869            26.8985621301264,-31.8992479859371,1101.11636075005            26.8985502202362,-31.8992669732004,1100.72674177401            26.8985286762599,-31.8992974703653,1100.16969238222            26.898516229022,-31.8993170445079,1100.25905211549            26.8984982120132,-31.8993419048859,1100.12555087637            26.8984821138963,-31.8993646352562,1099.79090409447            26.8984719565047,-31.8993872763672,1098.44117027801            26.8984563806628,-31.8994079305595,1098.93453198206            26.8984441706428,-31.8994314358179,1099.22546709329            26.8984350379767,-31.8994543526129,1098.40755498409            26.8984235407028,-31.8994805806491,1098.478402799            26.8984097181548,-31.8995057384078,1097.57302414905            26.8983976504361,-31.8995291522663,1097.8581337193            26.8983865385967,-31.8995541673104,1097.92871192563            26.8983721200951,-31.8995759140393,1097.31267092098            26.898362351991,-31.8995971198571,1097.16976662725            26.8983522814695,-31.8996135316478,1097.12253287621            26.8983408232683,-31.8996362046413,1096.38780593406            26.8983293211046,-31.8996556088675,1098.1965346653            26.8983159789276,-31.8996760111462,1097.56156201568            26.898308761473,-31.8996992560025,1097.20759201981            26.8982939535365,-31.8997275837609,1096.61810780317            26.8982774992462,-31.8997492356723,1096.78829038888            26.8982654407347,-31.8997727144388,1097.25841449667            26.8982523201611,-31.8997987285542,1096.56896630209            26.8982389098435,-31.8998253573426,1096.04949724488            26.8982272908322,-31.8998518819448,1096.67945281882            26.8982149661286,-31.8998763799591,1096.24290103465            26.8982055766629,-31.8999014687527,1095.83453969657            26.8981934968966,-31.8999246766846,1096.73796259798            26.8981804212285,-31.8999478854458,1095.86334957555            26.8981691280478,-31.8999718101726,1096.08914089669            26.8981593603079,-31.8999959370803,1096.19454381336            26.8981468155597,-31.9000189831815,1095.71650008019            26.8981347945319,-31.9000431119436,1095.13354791235            26.8981275443798,-31.9000686824643,1095.57761552092            26.898114757665,-31.9000909096804,1095.45725767966            26.8981040456315,-31.9001153599531,1095.19520947058            26.8980917316289,-31.9001392995609,1094.72442600876            26.8980853989519,-31.900167002981,1095.01321186591            26.898069188431,-31.9001898164582,1094.93882315233            26.898059056935,-31.9002128716981,1094.43772245664            26.8980496638535,-31.9002371810048,1094.61693709064            26.8980362630431,-31.9002595519665,1094.42335464992            26.8980287302445,-31.9002831936472,1093.69528494962            26.8980180798368,-31.9003064887677,1094.13877428137            26.8980047821393,-31.9003264465718,1093.91911254078            26.897991961148,-31.9003484722689,1093.73402482178            26.8979782376482,-31.9003716360431,1094.19547691755            26.8979701092851,-31.9003951841157,1094.07363850065            26.8979603491119,-31.9004194495252,1093.82723763026            26.8979464458006,-31.9004430623413,1094.06929529831            26.8979346919199,-31.9004656087304,1094.33026673831            26.8979263641226,-31.9004912820013,1094.38093999494            26.8979147667535,-31.9005134647163,1094.81986244582            26.8979043391971,-31.9005355641136,1094.6161085926            26.8978929442499,-31.9005598135034,1094.68860054389            26.8978796833932,-31.9005782163653,1094.54956668336            26.8978692371164,-31.9006003983932,1094.64552043378            26.8978603451024,-31.9006247143504,1094.03824735712            26.8978475181961,-31.900647247358,1094.19224073552            26.8978357426595,-31.9006703374758,1093.73194284271            26.8978241180651,-31.9006937773197,1093.58596407715            26.8978125176031,-31.9007169053419,1093.56425710302            26.8978091080768,-31.9007433435839,1092.71692790277            26.8977928649667,-31.9007655703907,1093.70359650068            26.8977820089154,-31.9007895249043,1093.59052179102            26.8977697893733,-31.9008146188339,1093.0736753121            26.8977557351564,-31.9008366423827,1092.87482812721            26.8977435170264,-31.9008591819479,1092.48270983342            26.8977331121955,-31.9008833285793,1092.86905719433            26.8977223739102,-31.9009062032095,1092.34255819209            26.8977124865574,-31.9009312237905,1091.86341053713            26.8977001016214,-31.9009559220254,1091.95433801413            26.8976891226161,-31.9009803984116,1092.08272999618            26.8976759609625,-31.9010019252791,1092.60773404781            26.8976620589955,-31.9010255579755,1091.81153799035            26.8976515134253,-31.9010496972159,1091.85449077841            26.8976385721318,-31.9010715324525,1092.23799526971            26.8976298018254,-31.9010958572033,1090.88187074848            26.8976177419987,-31.9011189902429,1091.51986247022            26.8976053550431,-31.9011428346855,1091.13593773544            26.897593627173,-31.9011658826336,1090.70705830771            26.8975810536577,-31.9011877288312,1091.1297704298            26.8975721058944,-31.9012126827548,1090.45169328619            26.8975593537799,-31.9012366407476,1091.04060386959            26.897548482754,-31.9012599586265,1090.73848180659            26.8975375027771,-31.9012828377929,1090.3303846838            26.8975259060947,-31.9013063630085,1090.28860251233            26.8975131230011,-31.9013307352488,1089.62228075881            26.8975024671617,-31.9013555288662,1089.65987787955            26.8974932141678,-31.9013797280057,1089.8967295615            26.8974789848249,-31.9014029395626,1089.22479556408            26.8974672373969,-31.9014256813338,1089.7023431221            26.8974564866811,-31.9014488083873,1089.15578708611            26.897446049836,-31.9014730401708,1089.70710369945            26.897435704773,-31.9014967306875,1089.10969296377            26.8974257345066,-31.9015199362452,1088.63039605599            26.8974139414726,-31.9015440625443,1088.65361457597            26.8974014163759,-31.9015684904612,1088.4970482653            26.8973914575227,-31.9015883699047,1088.5717469072            26.8973829400571,-31.9016118173536,1087.95326998085            26.897374710123,-31.9016356713085,1088.40029909927            26.897362539722,-31.9016610646788,1087.71802824456            26.8973520557321,-31.9016864476042,1088.59527564235            26.8973409576318,-31.9017099343462,1088.0871667685            26.8973273825469,-31.901733189602,1088.29914216883            26.8973170369486,-31.9017571653067,1088.02529490832            26.8973059109063,-31.9017813849735,1088.09939367324            26.8972963148224,-31.9018074173804,1087.71704738587            26.897286276309,-31.9018311406848,1087.33221029583            26.8972735454504,-31.9018539688781,1087.15057314839            26.8972674568509,-31.9018795397358,1087.85160786938            26.897262160735,-31.9019041119618,1087.14301950671            26.8972659380447,-31.9019306092461,1086.88084241282            26.897251696485,-31.901956641663,1087.29334987607            26.8972548476949,-31.9019846500676,1086.85116444342            26.8972581556432,-31.9020108554768,1086.81919446867            26.8972636704349,-31.9020390617284,1086.02583973948            26.8972609106907,-31.9020594182543,1086.37142839469            26.8972609474135,-31.9020864152805,1085.94431513641            26.8972600601708,-31.9021059521429,1086.7345064776            26.8972662259096,-31.9021322664923,1085.91004156135            26.8972652694633,-31.9021523791172,1086.42062668502            26.897269551911,-31.9021753100543,1086.17445367202            26.8972658853741,-31.902205924409,1086.51760734897            26.8972648022121,-31.9022326147139,1085.81496526953            26.897267715856,-31.902257433701,1084.59760225099            26.8972683337114,-31.9022861054846,1086.0509186089            26.8972737108047,-31.9023136907626,1085.48342371639            26.897273752584,-31.9023410633473,1085.80576869845            26.8972740915686,-31.9023684470234,1085.20154252555            26.8972754216798,-31.9023958202088,1085.35249711294            26.8972765967468,-31.9024225922455,1085.33616215643            26.8972776522483,-31.9024508559264,1085.98214209359            26.8972808908315,-31.9024777566908,1085.65394996013            26.8972882675194,-31.9025032045928,1085.36185028311            26.8972902560113,-31.9025308993651,1085.5503203366            26.8972960822628,-31.9025557017249,1086.40828943718            26.8973077723727,-31.9025805712952,1085.53966172319            26.8973138293265,-31.9026077128332,1085.42832598463            26.8973171006919,-31.9026308341953,1085.15753983986            26.8973198756315,-31.9026561228405,1085.88074362371            26.897324034826,-31.9026816199009,1086.01986190956            26.8973410452633,-31.9027056898476,1084.80005546194            26.8973562854145,-31.9027298284842,1084.82851984818            26.8973622829926,-31.9027548621455,1084.84222011268            26.8973705103653,-31.9027788962148,1084.63275815267            26.8973808587161,-31.9028062924786,1084.71692757215            26.8973888658605,-31.9028339154838,1084.10018026829            26.8973940386093,-31.9028617633573,1083.80230399966            26.8973958807517,-31.9028890875052,1084.17257412896            26.8973887471261,-31.9029138916498,1083.60754225869            26.8973977024205,-31.9029395929173,1084.5901500443            26.8974117216874,-31.9029629840539,1083.5936569199            26.8974191833531,-31.9029874942133,1083.55661942903            26.8974380958938,-31.9030091410884,1084.40475472994            26.8974584414385,-31.9030286808967,1084.53039626032            26.8974803095312,-31.9030499706882,1085.38431508094            26.8975073193837,-31.903068697688,1084.6834865734            26.89753454613,-31.9030851909541,1084.61519416887            26.8975655696569,-31.9030963743547,1084.08632264007            26.8975994190153,-31.9031010110049,1084.08861489873            26.8976329199186,-31.9031040243934,1083.50132136606            26.8976633280728,-31.9031073131165,1082.81852248311            26.8976925868493,-31.9031076428445,1082.64181192033            26.8977230023,-31.9031067771219,1082.32138644252            26.8977536290593,-31.9030980063168,1081.71353966743            26.8977842632397,-31.9030942198998,1082.11638718378            26.8978091833515,-31.9030912253433,1081.99441244826            26.8978310084998,-31.9030918381146,1082.13279849477            26.8978603894815,-31.9030919372461,1082.33970710263            26.8978832872969,-31.9030926109852,1082.77762054093            26.8979069486398,-31.9030883515972,1083.3121206779            26.8979372287018,-31.903084947826,1083.48926912155            26.8979606498251,-31.903078422129,1083.96979299653            26.8979893794024,-31.9030820759575,1083.82381851785            26.8980108659943,-31.9030915308116,1084.59267492034            26.8980364885197,-31.9030968900773,1084.54756692704            26.8980643375263,-31.9031119907083,1084.72916049603            26.898089218016,-31.903119537722,1084.9858556902            26.8981109613445,-31.9031259446749,1085.24096670933            26.8981417216601,-31.903133138421,1085.5311543541            26.8981729845098,-31.9031447282113,1085.42690357566            26.8981999948991,-31.903147823963,1085.33279789705            26.8982193141634,-31.9031561388259,1085.13197586685            26.8982440983088,-31.9031619405338,1085.2605815623            26.8982651260589,-31.9031674164764,1084.92265870143            26.8982912451169,-31.9031719981942,1085.1781102838            26.8983192787048,-31.9031749447727,1084.99187832139            26.8983442570154,-31.9031793284955,1084.86763985548            26.8983681211689,-31.9031879579263,1084.51423363481            26.8983933748545,-31.9031985577124,1084.59317637142            26.8984187060823,-31.903204629727,1084.39097542409            26.8984503788576,-31.9032124709794,1084.2174169952            26.8984781682512,-31.9032159845102,1084.25733944215            26.8985093065611,-31.9032217397942,1084.36436625477            26.8985423450649,-31.9032284635457,1084.94911992643            26.8985721668848,-31.9032282978794,1084.91159738228            26.8986022033046,-31.9032392229525,1085.72242531087            26.8986248921691,-31.903246359002,1085.14742027875            26.8986503639202,-31.9032509908356,1084.92432806361            26.8986734061892,-31.9032537037358,1084.32060422935            26.8987036820169,-31.9032539658165,1084.14277523663            26.898729767302,-31.9032550305258,1084.07855383866            26.8987578067862,-31.9032596862001,1084.18956989702            26.8987888449721,-31.9032606783539,1084.19055981655            26.8988228300505,-31.9032615555371,1084.39705826715            26.8988526001118,-31.9032578393616,1084.1528398823            26.8988768412378,-31.9032590985557,1084.21929388773            26.8989099658697,-31.9032643542602,1084.06448348425            26.8989357031931,-31.9032644142901,1084.01309468318            26.8989594036939,-31.9032689063774,1084.73048548494            26.8989886312754,-31.9032730126586,1084.52266803011            26.8990195375374,-31.9032770787508,1084.77007400338            26.899049485964,-31.9032775671879,1085.24180541094            26.8990767649732,-31.9032794244646,1085.78749157861            26.8991104649344,-31.9032829876735,1085.78124345094            26.8991338305955,-31.9032793092506,1086.64706019033            26.8991647959891,-31.9032737790608,1087.32960071974            26.8991938475723,-31.9032679239351,1087.14958816953            26.899217907667,-31.9032631044577,1086.84958271869            26.8992478435037,-31.9032598825688,1087.56747851986            26.899282235341,-31.903263818676,1087.34104036074            26.899307387346,-31.9032696397081,1087.51592675224            26.8993361418823,-31.9032731749264,1087.34882989619            26.899359951128,-31.9032787572521,1087.39515917003            26.8993900403492,-31.903285917933,1087.58907780517            26.8994169323709,-31.9032913641502,1087.43655873556            26.8994434367088,-31.9032915159191,1087.70758017804            26.8994680457279,-31.9032856047302,1087.55186310876            26.8994948277353,-31.903288993895,1087.68329942506            26.8995306951977,-31.9032882268404,1089.05163158756            26.8995551947027,-31.903282151642,1087.94528984278            26.8995846555553,-31.9032825295664,1088.16463369131            26.8996091400889,-31.9032755272695,1087.4639314441            26.8996365234201,-31.9032535374017,1085.66722676437            26.8996488058554,-31.9032373433035,1085.36243133433            26.8996608500544,-31.903205916529,1086.03145803604            26.8996688044487,-31.9031849408131,1085.42237630952            26.899679003008,-31.9031688023265,1085.5650312854            26.8996819045444,-31.9031449468124,1085.57052749861            26.8996963016905,-31.9031214275896,1085.37816446088            26.899708222984,-31.9030954375598,1085.01190034766            26.8997269729195,-31.9030715145186,1084.02875871584            26.8997412796621,-31.9030469425337,1083.1365551874            26.8997521664156,-31.903023022282,1083.57430107333            26.8997704507507,-31.9030040142822,1083.56156606041            26.8997896843395,-31.9029777567562,1083.35347927269            26.8998101035453,-31.9029564516864,1083.28604990244            26.8998257177075,-31.9029348812881,1082.83722158708            26.8998377929574,-31.9029123405326,1083.15168152563            26.8998493213219,-31.9028892396387,1083.36820747424            26.8998612625562,-31.9028671947526,1083.42300048377            26.8998751105009,-31.9028427561011,1082.82259268779            26.8998906412251,-31.902820971848,1082.96992412955            26.8999107971982,-31.902799641773,1083.32175649609            26.8999227096544,-31.9027788919317,1083.64847389236            26.8999374669475,-31.9027597474239,1082.72028654255            26.8999530782679,-31.9027451426675,1082.97794059943            26.8999683553055,-31.9027266890886,1083.59540475626            26.8999802442102,-31.9027010860938,1083.22908685077            26.8999990415859,-31.9026784355512,1083.68887558021            26.9000110078994,-31.9026579766003,1082.96242571529            26.9000270751221,-31.9026293947427,1084.28304394148            26.9000423380969,-31.9026147583456,1082.42763718218            26.9000590739171,-31.902595305798,1083.1333417045            26.9000768507011,-31.9025744260118,1082.70574530028            26.9000904354703,-31.9025565965573,1083.06902028248            26.9001084347863,-31.902536373296,1083.16634405311            26.9001220856282,-31.9025189625079,1083.39203923848            26.9001371515223,-31.9024973140646,1083.2788100224            26.9001493064289,-31.9024825464247,1083.14552065916            26.9001597328512,-31.9024623901668,1082.85189647973            26.9001775141107,-31.9024508519954,1082.99405228999            26.9001884372287,-31.9024320520415,1083.7799466392            26.900209236988,-31.9024105894426,1084.52230515424            26.9002304421177,-31.9023900428885,1082.78439397365            26.9002518396507,-31.9023710717599,1083.40229853801            26.9002717789224,-31.9023557743537,1083.48263444379            26.9002928364932,-31.9023449516568,1083.54946192447            26.9003189101535,-31.9023315178392,1082.61616798863            26.9003389437515,-31.9023197720356,1084.02859712858            26.9003712597703,-31.9023110448468,1083.86523789819            26.9003974619337,-31.9023043926817,1083.97010097839            26.9004252524608,-31.9023037786855,1083.88316202164            26.9004495923196,-31.9023071754442,1083.05031273235            26.9004710167069,-31.9023043062894,1083.04244406335            26.9005014821657,-31.9022988964388,1083.35311577283            26.9005281167836,-31.9022914465456,1082.9758385336            26.9005551970843,-31.9022859948624,1083.17972062156            26.9005763398824,-31.9022806143972,1083.00785192288            26.9005998361639,-31.902266324494,1083.23906483036            26.9006224702332,-31.9022565094988,1083.94493242633            26.9006419746021,-31.9022438137837,1083.57004742883            26.9006619555625,-31.9022291303836,1084.35103035066            26.900686979313,-31.9022142600782,1084.76226122864            26.9007076594989,-31.9022024122722,1084.44335974753            26.9007321114114,-31.9021878907353,1084.1654660441            26.9007529217041,-31.9021781268997,1084.15571732912            26.9007781640621,-31.9021651797173,1084.4324298678            26.9008025413938,-31.9021599650774,1084.12645127531            26.9008390112686,-31.9021524119363,1084.21835883427            26.9008720900348,-31.9021445384148,1084.89709699061            26.9008983213637,-31.9021373876653,1084.14177942276            26.9009314483519,-31.9021301743954,1084.57564557251            26.9009622978568,-31.9021317722561,1084.93565003574            26.9009957251573,-31.9021354125049,1085.05241290573            26.9010223172001,-31.9021372146742,1084.87861712743            26.9010597266166,-31.9021362341594,1085.16098259576            26.9010953727108,-31.902137707986,1085.38531954028            26.9011215293058,-31.9021426329348,1085.4928559782            26.9011527434364,-31.902153403731,1084.66771220602            26.9011859855155,-31.9021634309203,1084.85034223367            26.9012160005505,-31.902172139238,1084.84460502397            26.9012437667471,-31.9021838867386,1084.4196502408            26.9012737053587,-31.9021858464783,1084.60817544162            26.9013025999817,-31.90219151034,1083.8523065187            26.9013336522724,-31.9021993114462,1084.66805821564            26.9013586753376,-31.9022125433926,1083.95773888472            26.9013840488614,-31.9022192365871,1084.43478684966            26.9014185219775,-31.9022267994709,1084.44335787278            26.9014443393175,-31.9022354089763,1083.94865682814            26.9014767296842,-31.9022480298642,1084.50641997159            26.9015090900087,-31.9022531127719,1084.50027424563            26.9015398770602,-31.9022623334493,1084.14905418269            26.9015686978009,-31.9022689007141,1084.45067276526            26.9015995699608,-31.9022768462214,1085.13915629964            26.9016251340069,-31.9022933058765,1085.11083500646            26.9016563281426,-31.9023033500866,1085.21209644899            26.9016884431118,-31.9023107468945,1084.99651423097            26.9017179204328,-31.9023217889296,1084.38577281591            26.9017457114805,-31.9023312351031,1083.6770159984            26.9017749322151,-31.9023414677823,1084.47665694915            26.9018065396402,-31.9023468642761,1084.00114054047            26.9018332303537,-31.9023587844522,1083.95268297847            26.9018587627,-31.9023669614971,1084.02330651227            26.901883466308,-31.9023716556306,1084.23405607417            26.9019175661187,-31.9023787720677,1083.96148809139            26.9019396814871,-31.9023878612837,1084.17409416381            26.9019706297411,-31.9023939139111,1085.28186676931            26.9019967225256,-31.9023953144049,1085.389527197            26.9020206000098,-31.9024043830359,1083.56036966201            26.9020568474659,-31.9024053933521,1084.72198574152            26.9020867558653,-31.9024078017856,1084.18516615126            26.9021118615421,-31.9024051129412,1084.27504201327            26.9021470035304,-31.902404367373,1083.97746936884            26.9021794013399,-31.9023949600532,1084.26875240915            26.9022127425155,-31.9023871639327,1083.91765652969            26.9022463612986,-31.9023815647355,1084.26967778057            26.902275668464,-31.9023715060054,1084.46610752214            26.9023078651677,-31.9023680804616,1084.20890737046            26.9023412039013,-31.9023592350079,1084.41954992991            26.9023698560843,-31.9023468316348,1083.7657174319            26.9023947401668,-31.9023356186717,1084.23728817236            26.9024202825395,-31.9023215814991,1084.82102131564            26.9024455726834,-31.9023128361559,1083.92089561187            26.9024709176429,-31.9022997067337,1085.01197344158            26.902494995147,-31.902285524466,1084.70112876501            26.9025281083478,-31.9022753861006,1083.16943440959            26.9025557051765,-31.9022674635061,1083.9306679666            26.9025793160911,-31.90226017759,1083.8505946584            26.9026069565224,-31.9022539114723,1084.01504450012            26.9026308330361,-31.9022433787755,1083.5792544717            26.9026586876443,-31.9022301368667,1084.22643938195            26.9026735610631,-31.9022077641104,1084.05412645172            26.9026917823862,-31.9021912670985,1084.37822662946            26.902700266666,-31.9021721096273,1084.35812427662            26.9027091961005,-31.9021513391752,1083.28999711387            26.9027085099906,-31.9021278317317,1082.87994164042            26.9027065083733,-31.9021080636199,1083.58458734024            26.9027013803055,-31.9020849346246,1084.70042314567            26.9026907558089,-31.9020552189258,1085.33577598073            26.9026837103067,-31.9020249753978,1084.92106584366            26.9026772203393,-31.9019968190189,1085.69500344433            26.9026718088437,-31.9019710865101,1085.68250793777            26.9026661884379,-31.9019448793095,1085.84122811258            26.9026626964308,-31.9019191581745,1085.99811439682            26.9026568560724,-31.9018969905712,1085.07299167756            26.9026525573073,-31.9018748149753,1086.96210951637            26.9026456032475,-31.9018472149368,1085.89884944446            26.9026366965919,-31.901822312801,1086.51557782665            26.9026340796928,-31.9017951934428,1085.832711556            26.9026220724287,-31.9017708469068,1085.62356594112            26.9026143370724,-31.9017466844465,1085.96852331888            26.9026132152859,-31.9017220817519,1087.33725040313            26.9026041581935,-31.9016952623373,1086.51490473188            26.9025935735796,-31.9016727079601,1085.72990460508            26.9025878648954,-31.9016495703505,1085.89741710853            26.9025836159404,-31.9016247635086,1085.77521949913            26.9025833072003,-31.9016003873965,1086.01480266545            26.9025782350014,-31.9015775102607,1087.38183540478            26.9025691781352,-31.901559137693,1087.87769811321            26.9025621264123,-31.901541706381,1087.2061206121            26.9025505933662,-31.9015241343461,1087.31019794475            26.9025494996211,-31.9015021480464,1088.79413646273            26.9025468577934,-31.9014802600875,1088.07714505959            26.9025438156297,-31.9014580803839,1087.82733342331            26.9025296563964,-31.9014368040952,1086.90329319425            26.90252526966,-31.9014106920827,1087.56178735103            26.902522956201,-31.9013852114657,1089.08790610544            26.9025159672654,-31.9013607622704,1088.80937199667            26.9025096845334,-31.9013385271768,1089.05663535278            26.9025015382334,-31.9013152895854,1089.06228835601            26.9024943297398,-31.9012930238914,1087.81936415192            26.9024920412999,-31.9012705795938,1088.68041791394            26.9024863683047,-31.9012473184079,1089.35810948443            26.9024758810826,-31.9012246764485,1088.76919507608            26.9024704167731,-31.9012044900516,1088.2063983744            26.9024660040779,-31.9011800315855,1089.91685451847            26.9024626626883,-31.9011608766545,1089.50848496985            26.9024605314724,-31.9011368104562,1088.99954279978            26.9024559687352,-31.9011128358515,1088.67654797621            26.9024528737861,-31.9010894082673,1089.6506190449            26.90245072534,-31.9010647883392,1089.252924826            26.9024481609126,-31.9010425076876,1090.577405205            26.902443773833,-31.9010201619803,1091.12268670648            26.9024384165395,-31.9009943046347,1090.14566472638            26.9024334835935,-31.900970235228,1090.16875036806            26.9024267057568,-31.9009458578902,1090.26525511686            26.9024198666396,-31.9009224247458,1090.33666954469            26.9024137013142,-31.9008987728214,1089.95837248396            26.9024162249631,-31.9008739539238,1091.59127301723            26.9024145303476,-31.900849812059,1091.96438417211            26.9024084207637,-31.900825730433,1090.68177517317            26.9024051487406,-31.9008019184769,1090.57295286655            26.9024000916121,-31.9007782003312,1091.03592303395            26.9023949004867,-31.9007544048887,1091.92317317892            26.9023876438177,-31.9007310059542,1091.77977889217            26.902382544685,-31.9007085024586,1091.35479318071            26.9023795671624,-31.9006873687817,1091.72135328874            26.9023807909295,-31.9006646926634,1092.23949810956            26.90237582977,-31.9006442560316,1093.09378100559            26.902371302691,-31.9006218633582,1092.0229304079            26.9023609471809,-31.9006004472134,1092.51239285246            26.9023506751642,-31.9005763695929,1092.55889957678            26.9023460980044,-31.9005554342886,1093.43699121941            26.9023326719081,-31.9005273897912,1093.94414261822            26.9023288305948,-31.9005050442068,1092.86393835768            26.9023192375776,-31.9004816580216,1094.13242222648            26.9023216054599,-31.9004628767824,1096.32292660233            26.90232043808,-31.9004433399516,1096.37481378857            26.9023137342765,-31.9004208947807,1096.27580584865            26.9023135883457,-31.9003858626231,1095.98454323504            26.9023121084974,-31.9003618517275,1095.33877418004            26.9023063317934,-31.9003377372801,1095.2837843569            26.9023026165729,-31.9003174623871,1095.3675709106            26.9022987545602,-31.9002976591334,1095.88210587483            26.9022890263917,-31.9002775436452,1095.3561690608            26.9022794583794,-31.9002557391165,1095.30704305507            26.9022740106351,-31.9002352419378,1095.13042526599            26.9022637955734,-31.9002160160766,1095.42591135856            26.902257885291,-31.900195929782,1096.52966163866            26.9022524985568,-31.9001721725661,1096.21504216734            26.9022496865293,-31.9001489867459,1096.74506660271            26.9022433690638,-31.9001245983288,1096.1446182495            26.9022379681955,-31.9000992158287,1096.306114465            26.9022306177455,-31.9000772576157,1097.19270986877            26.9022246440673,-31.9000569717271,1098.84423590172            26.902217867116,-31.9000315746461,1097.37102147844            26.9022141285728,-31.9000111441927,1098.46774031036            26.902207460062,-31.8999859802541,1097.76639906131            26.9022029194527,-31.899961283181,1097.7540241247            26.9021959361626,-31.8999375313852,1098.25442275684            26.9021886582028,-31.8999180683789,1099.25359430723            26.9021854977682,-31.8998926451769,1099.01505665295            26.9021718812463,-31.8998673083102,1099.36746117752            26.9021702278273,-31.899847046831,1099.11754700914            26.9021725686207,-31.8998223714464,1099.90658909082            26.9021663805315,-31.8997996963681,1099.81411571428            26.9021567717652,-31.8997741915034,1099.92191770859            26.9021412111909,-31.8997484455117,1100.10066596046            26.9021316058004,-31.8997302494894,1100.05620476231            26.902116288796,-31.899708403143,1100.09021530766            26.9021085164286,-31.8996916110972,1100.44603620563            26.902099897201,-31.8996721408587,1100.63098311238            26.9020901915082,-31.8996421401634,1101.04417655617            26.9020844801516,-31.8996213009073,1101.29151977599            26.9020777672626,-31.8996023849941,1101.32891041227            26.9020657231984,-31.8995853150016,1101.19842052739            26.9020593826006,-31.8995648871892,1101.59334189445            26.9020572529766,-31.8995465330997,1101.52370310761            26.9020487114018,-31.899526029227,1101.31320423167            26.9020428420842,-31.899507093483,1102.03745058924            26.9020362426868,-31.8994839868789,1101.43957072403            26.9020313388476,-31.8994626025362,1102.16122083552            26.9020243977648,-31.8994374329541,1101.56461091433            26.9020105331841,-31.8994098455898,1102.73906764667            26.902009884401,-31.8993882280107,1101.42272135336            26.9019976145915,-31.8993637028435,1102.04806204513            26.9019902165334,-31.8993434351957,1102.43773429375            26.9019851713054,-31.8993210384008,1102.4598923279            26.9019824229011,-31.8993010095956,1102.05509815738            26.9019755269935,-31.8992788949732,1103.09426731989            26.9019631923989,-31.899258704568,1103.94075341895            26.9019479416539,-31.8992335358499,1103.52284327708            26.9019319913134,-31.8992163879383,1103.07122203242            26.9019178039285,-31.8991996235769,1103.36525310855            26.9019044659335,-31.8991839883246,1104.236418196            26.9018884682216,-31.8991649229702,1104.89376794733            26.9018726001711,-31.8991412073236,1104.84430887178            26.9018546902783,-31.8991212360573,1104.84483487625            26.9018379389041,-31.899100931695,1104.2286201315            26.901826741341,-31.8990819011367,1104.96251688991            26.9018109973343,-31.8990605440157,1104.5159757873            26.9017940935879,-31.899034631111,1105.28930994216            26.9017797352822,-31.8990124107,1105.53478786815            26.9017661315751,-31.8989886016604,1105.45371692069            26.9017520180247,-31.8989665280741,1105.41927737556            26.9017384111704,-31.8989446317345,1106.15383243375            26.901725625614,-31.8989242981177,1106.36488966458            26.9017176602042,-31.8989028203336,1106.54178292491            26.9017074326348,-31.8988774929616,1106.03672914766            26.9016930849698,-31.8988514558951,1106.78717629798            26.9016836872864,-31.8988299697037,1106.75352268387            26.9016740145433,-31.8988131807007,1106.41829745565            26.9016944616232,-31.8987943309541,1108.85245684348            26.9017242101134,-31.8987943446551,1105.77137120347            26.9017530044079,-31.8987912764908,1106.21233433019            26.9017788928156,-31.8987842792451,1106.2682920536            26.9018061173524,-31.8987804676855,1105.93726845738            26.9018385846025,-31.8987831342656,1106.30094552319            26.9018633090672,-31.8987862072896,1106.40150687471            26.9018967462841,-31.8987843550916,1106.66248364188            26.9019229697715,-31.8987771172709,1107.06107506156            26.901948989252,-31.898772936818,1107.52048654296            26.9019761705864,-31.8987676703728,1107.12725060433            26.9020031647158,-31.8987544863545,1107.34807380382            26.9020259394104,-31.8987430310667,1107.0013881661            26.9020543365138,-31.8987297295891,1106.96197221056            26.9020825776767,-31.8987259725393,1107.62563246582            26.902112713406,-31.8987195208959,1107.26774540637            26.9021380848781,-31.8987109941388,1107.51751906704            26.9021663597071,-31.8987030169034,1107.06748330127            26.9021964768007,-31.8986941324251,1106.84008701425            26.9022206988403,-31.8986902569701,1106.97201118432            26.9022514724645,-31.8986931660056,1107.35645383224            26.9022825795377,-31.8986939321082,1107.09985010047            26.9023137945152,-31.8987002869565,1107.45278816298            26.9023378994116,-31.8987078136793,1106.39845017344            26.9023546490415,-31.8987203923435,1106.40572237875            26.902382161286,-31.8987318297402,1106.6554246936            26.9023976585273,-31.8987502558083,1106.4982805429            26.9024145409254,-31.8987697505839,1106.79912298918            26.9024360032949,-31.8987913213521,1106.59587724321            26.9024608359242,-31.8988107746699,1106.56138218194            26.9024820657262,-31.8988204448701,1105.8794344943            26.9025050924056,-31.8988320705545,1105.78665805422            26.9025246505604,-31.8988482831128,1106.39125027414            26.902543699718,-31.8988585988498,1105.97954585403            26.9025700481878,-31.8988723886289,1106.0606631618            26.9025984884969,-31.8988883742878,1106.18783890735            26.9026238740911,-31.8989066031843,1105.9373210948            26.9026435104478,-31.8989321019026,1105.52943696734            26.9026710838671,-31.8989501309581,1105.54022169206            26.9026985567598,-31.8989677388017,1105.53130555153            26.9027231411741,-31.8989854696106,1104.91194530576            26.9027489753293,-31.8990043696082,1104.96949784271            26.9027722720178,-31.8990264148772,1104.41106086131            26.9027957328661,-31.8990469155378,1103.78244618792            26.9028215986398,-31.8990657480459,1103.37158824038            26.9028487357307,-31.8990874870204,1103.30473447125            26.9028762836697,-31.8991060634585,1103.47708714101            26.9028983881545,-31.899128017082,1103.13625941146            26.9029242150929,-31.8991451152275,1102.38083553594            26.9029490167479,-31.8991647113359,1101.70388198178            26.9029776842792,-31.8991810504069,1101.726669617            26.9030030176506,-31.89920062435,1101.41998626012            26.9030306060791,-31.8992188842911,1101.12805713899            26.903050721054,-31.8992449782977,1101.48207243253            26.9030762829283,-31.8992632696074,1101.45186276082            26.9031033629592,-31.8992773588966,1100.81054328661            26.9031259036088,-31.899297084635,1100.15929146111            26.9031534836334,-31.8993149444594,1100.66151289921            26.9031812487638,-31.8993266781981,1100.61410840973            26.9032035485749,-31.8993458200942,1099.83909390587            26.9032287835583,-31.8993614879785,1099.4094979465            26.9032525330505,-31.8993781445503,1098.52014624327            26.9032742100509,-31.8993975586588,1099.26074104011            26.9032947365457,-31.8994192461866,1098.37319025211            26.9033159368797,-31.8994408632174,1098.05729297828            26.9033438196974,-31.8994550584198,1098.19557679258            26.9033677436674,-31.8994726129207,1097.37081194296            26.9033885954232,-31.8994941969942,1097.2620246876            26.9034092636751,-31.8995157469249,1097.34025930054            26.9034264380905,-31.8995280145341,1096.82765035331            26.9034453046399,-31.8995435987449,1097.04387907777            26.9034609857941,-31.8995565664876,1097.1822284013            26.9034823984327,-31.8995702639087,1096.61646607611            26.9035060118092,-31.8995843327609,1097.6016837405            26.9035282202744,-31.8996029663811,1097.92586118355            26.9035507086966,-31.8996146989911,1096.47711636964            26.9035713762911,-31.8996366143346,1096.89699366782            26.903593290385,-31.8996505785083,1097.0947488118            26.9036133643278,-31.8996676790797,1097.22451770119            26.9036340130733,-31.8996830952987,1096.14712242596            26.9036595121287,-31.8997012364996,1096.13902771194            26.9036848648722,-31.8997185073645,1095.78592053056            26.9037072362156,-31.8997402197507,1095.66448914073            26.9037254924768,-31.8997643862987,1094.87655201182            26.9037506837624,-31.8997848783865,1095.30570116546            26.9037734033384,-31.8998049235881,1095.59663350042            26.9037967160251,-31.8998216140866,1095.7738046851            26.9038212157532,-31.8998381373564,1095.07016591448            26.9038440260536,-31.899854154597,1095.24214754533            26.9038649759557,-31.8998727907533,1094.91414911207            26.9038884594304,-31.8998904361152,1094.45591927506            26.9039135951666,-31.8999095962524,1094.71424661856            26.9039380121931,-31.8999258470196,1093.98933514673            26.9039553111196,-31.8999523571732,1094.74105372094            26.903979410675,-31.8999697835417,1092.96035738103            26.9040036441023,-31.899988525879,1093.31327769719            26.9040357863712,-31.8999956181387,1093.56985982228            26.9040666756477,-31.9000010236582,1094.59615012817            26.9040894494329,-31.9000258617769,1094.13439212088            26.9041131362113,-31.9000413407512,1094.05768054258            26.9041381771772,-31.9000593055643,1094.0310199922            26.904169385252,-31.9000694051557,1094.33819726482            26.904198440059,-31.9000821529675,1093.98452727217            26.9042268010511,-31.9000934185503,1093.92530279607            26.9042542622842,-31.9001021429996,1093.0555485459            26.9042872971695,-31.9001068099737,1093.70494199637            26.9043163863768,-31.9001109464535,1092.62362698186            26.9043449060105,-31.9001147044007,1092.63274793141            26.9043716538883,-31.9001170227118,1092.01433068328            26.9043990920514,-31.9001287661419,1091.88523223903            26.9044311794296,-31.9001352734544,1091.65362097882            26.9044601391407,-31.900147009164,1091.25455636252            26.9044902006319,-31.9001465575413,1091.66457571089            26.9045182838152,-31.9001603184725,1091.38337565213            26.9045488997126,-31.9001702310686,1090.83996918332            26.9045806167802,-31.9001714414195,1090.31232356653            26.9046094392954,-31.9001827939359,1090.52469319385            26.9046384049273,-31.9001903234484,1089.85949321371            26.9046673308454,-31.9002017729837,1090.14026838448            26.9046969015136,-31.9002104187236,1090.27828983869            26.9047247218369,-31.9002131790962,1089.80068312585            26.90474960149,-31.9002200643196,1089.09203891549            26.9047772726215,-31.9002247267162,1088.80065904651            26.9048063499226,-31.9002267822695,1088.21175261028            26.9048358830516,-31.9002297513439,1088.72045750823            26.9048664916646,-31.9002341581167,1088.66138965171            26.9048937544729,-31.9002418073235,1088.1240196405            26.9049230437647,-31.9002513213113,1088.55227498803            26.9049507964572,-31.9002622131709,1088.49406480137            26.9049786238353,-31.9002738356121,1088.43937862571            26.9050104936457,-31.9002792443157,1088.15593840647            26.9050403554141,-31.9002883061509,1088.17141717952            26.9050715234862,-31.900296330907,1087.9105398031            26.9051045534936,-31.9003033442932,1088.20106723439            26.9051365758529,-31.9003128752985,1088.69481907319            26.9051681567634,-31.9003202203067,1087.5740055982            26.9051981475229,-31.9003291898384,1088.26153685618            26.9052270863127,-31.9003424700867,1087.5800776463            26.9052545916607,-31.9003551559842,1087.31186604686            26.9052843025335,-31.9003654757733,1086.69295772538            26.9053177333253,-31.9003637422885,1086.51397136413            26.9053466646902,-31.9003707229197,1086.54579254054            26.9053745184602,-31.9003827418208,1086.64961184002            26.9054025441621,-31.9003931399665,1086.69524543267            26.9054293167463,-31.9004056503704,1086.67398568243            26.9054589695029,-31.9004164246325,1086.44473606069            26.9054881834452,-31.9004270498299,1086.17890623864            26.9055181327149,-31.9004350449907,1085.79598844703            26.905549723951,-31.9004404053999,1086.23424838297            26.9055800575859,-31.900446300455,1085.85001945309            26.9056095761829,-31.9004565486838,1086.16745854914            26.9056379749146,-31.9004644129507,1086.52178722993            26.9056652657864,-31.9004699027936,1086.47770159412            26.9056964844196,-31.9004766547011,1086.19584132358            26.9057261306512,-31.9004862029395,1085.88105479348            26.9057525347208,-31.9005026593255,1086.15324170422            26.9057709645757,-31.900527697824,1085.86444989126            26.9058000689603,-31.9005419060541,1085.98206150997            26.9058116663416,-31.900567353298,1085.78128820844            26.9058159657202,-31.9005969843078,1086.05793293659            26.9058091085338,-31.9006265603355,1085.90423979703            26.9057961178907,-31.9006542582949,1086.29412236344            26.9057775905679,-31.9006772192824,1085.94886617456            26.9057559635161,-31.9006981673266,1085.84585330822            26.9057374431802,-31.9007225276387,1086.36604741029            26.9057132762022,-31.9007415725352,1084.67747707665            26.9056920283097,-31.900763451549,1086.90301175043            26.9056659248178,-31.9007820124259,1086.03062693961            26.9056363970071,-31.9007941554682,1086.47574143112            26.9056041885729,-31.9008038166321,1087.15557544492            26.9055728818382,-31.9008154719144,1087.71622035839            26.9055441745917,-31.9008286625646,1088.34445089102            26.9055247212175,-31.9008516730006,1086.99715041276            26.9054960673508,-31.9008630173365,1087.38154212013            26.9054712598655,-31.9008785621738,1087.92704268545            26.905444747635,-31.9008912536301,1086.11434942018            26.9054212406922,-31.9009111165396,1086.76584023051            26.9054078013758,-31.9009335358916,1086.65284766722            26.9053859472019,-31.9009531490759,1086.85018186737            26.905357793274,-31.9009639008795,1085.71757361293            26.9053304731089,-31.9009751670769,1085.97108754702            26.9053022046715,-31.9009869837742,1085.93977708369            26.9052804311218,-31.9010044201497,1086.59555750806            26.9052612561262,-31.9010235436472,1087.01603634283            26.9052415745337,-31.9010414667829,1086.2769600777            26.905222147146,-31.9010584949913,1086.73714678735            26.9052032674364,-31.9010738351755,1086.5747060515            26.9051779560271,-31.9010869260746,1086.89026609715            26.9051612293966,-31.9011034725971,1087.10382451024            26.9051422754763,-31.9011218702638,1086.3370600678            26.9051258446448,-31.9011358056258,1085.94812592864            26.9051082373302,-31.9011515652314,1086.2660211483            26.9050938066888,-31.9011662736837,1085.27774858568            26.9050748630055,-31.9011826967628,1086.32518249378            26.90505587269,-31.9012043837068,1086.65559144132            26.9050375130183,-31.9012240946461,1085.71997296717            26.9050183359874,-31.9012455709934,1086.01228889171            26.9050035155045,-31.9012668290503,1085.90986237396            26.904980768962,-31.9012896813199,1084.78102240153            26.9049581468996,-31.9013101111624,1085.04291515052            26.9049439373455,-31.9013289315364,1085.16163296159            26.9049233144128,-31.9013497873762,1085.47019655351            26.9049057672272,-31.9013745883376,1085.31023887452            26.9048839266736,-31.9013933446148,1085.54688492604            26.9048619959908,-31.9014143793554,1085.55245996732            26.9048399046935,-31.9014343856563,1085.96807929967            26.9048173371039,-31.9014549033526,1085.89181375317            26.9047954788271,-31.9014750096925,1086.30823010392            26.9047776045169,-31.9014983601279,1085.78522955254            26.9047599746958,-31.9015223574511,1086.45251538325            26.9047430770925,-31.9015458128769,1085.95731970575            26.9047252936388,-31.9015674500668,1085.55878892168            26.9047075102413,-31.9015901838142,1085.24884507153            26.9046932142516,-31.9016167752834,1085.1353390757            26.9046790871626,-31.9016439311548,1084.92938365974            26.9046640480068,-31.9016691572414,1084.41128624603            26.9046452716862,-31.9016916597383,1084.48662877269            26.9046300406025,-31.9017160486766,1084.75676533021            26.9046157255927,-31.9017408593892,1085.24850472156            26.9046034882023,-31.9017656910246,1085.30307438597            26.9045936036813,-31.9017913169633,1084.95417437423            26.904584775875,-31.9018174698055,1084.98708497547            26.9045762698419,-31.9018434885615,1085.39057977311            26.9045660655505,-31.9018700627447,1085.79787634034            26.9045526017967,-31.9018957433102,1085.62422740646            26.9045396501475,-31.9019225008328,1086.598070601            26.9045255698681,-31.9019477590414,1086.18298246339            26.9045200259166,-31.9019758874213,1086.89975127019            26.904507548832,-31.9020010805571,1087.18160314858            26.9045015070941,-31.9020264566549,1086.82446575537            26.9044965991053,-31.9020525189588,1086.9173018923            26.9044876952082,-31.902078408133,1086.74480700307            26.9044759443447,-31.9021059349653,1087.35456834827            26.9044651266295,-31.9021314997027,1087.68726448808            26.9044566711901,-31.9021576602154,1087.56511026155            26.9044457740488,-31.9021824403824,1087.01178479567            26.9044459532551,-31.9022119636372,1087.69889970403            26.9044429719245,-31.9022404936223,1088.19570518378            26.9044371167573,-31.9022669733624,1087.77997917589            26.904431798331,-31.9022944636527,1087.49536139518            26.90442687579,-31.9023219017702,1087.59544676356            26.9044232808516,-31.9023483856268,1087.16890829522            26.9044122692722,-31.9023712274938,1086.81570420787            26.904399296113,-31.9023926519842,1086.48833922762            26.9043944320854,-31.902418103274,1085.65255513322            26.904384963297,-31.902441699847,1084.72052938771            26.9043718179574,-31.9024680612185,1085.20717724785            26.9043615290755,-31.9024892943259,1083.90807984304            26.9043547340989,-31.9025118300498,1084.49015344121            26.9043381974023,-31.9025403777326,1083.71931845695            26.9043176231254,-31.9025638835244,1085.02354941238            26.9042800939938,-31.9025772950062,1085.13292366639            26.9042642089196,-31.9025895769839,1085.66852007899            26.9042462401866,-31.9026075502075,1085.37810215913            26.904229071906,-31.9026211950587,1086.5625388585            26.9042128906869,-31.9026446295546,1086.34066261351            26.9041965995092,-31.9026662160572,1086.32139251381            26.9041837284929,-31.9026909701451,1087.00620115921            26.9041783098166,-31.9027203289586,1087.29647963494            26.9041800747302,-31.9027452352289,1087.33579433896            26.904159023166,-31.9027635952192,1089.02630164474            26.9041431297374,-31.9027772400871,1088.56848369166            26.9041312004245,-31.9028008838146,1088.58507507667            26.9041061864108,-31.9028102027861,1088.21706886217            26.9040800610603,-31.9028215430264,1088.01076023746            26.904057508809,-31.9028366735966,1088.37042520288            26.9040379438168,-31.902846014892,1088.07724102121            26.9040075489628,-31.9028566483046,1088.19405513816            26.9039781546397,-31.9028632665159,1088.99269606639            26.9039556202669,-31.9028607175631,1088.64075517189            26.9039339577616,-31.9028574582596,1088.89845927525            26.9038980379972,-31.9028536123985,1088.00121323112            26.9038634537066,-31.9028430681852,1087.74108103383            26.9038414850729,-31.9028412603797,1088.44274271559            26.9038121971174,-31.9028285129487,1088.52747282013            26.9037858973702,-31.9028152955598,1088.75919158943            26.9037591512094,-31.9028020103375,1090.38275821321            26.903738296172,-31.9027966671554,1089.91346715763            26.9037129872768,-31.9027936890094,1091.26715126727            26.9036855438462,-31.9027846061257,1091.1229974525            26.9036508408611,-31.9027815271815,1091.10457017738            26.9036306835179,-31.9027760026724,1091.94580850005            26.9035914684496,-31.9027804884306,1091.55728534982            26.9035647212784,-31.9027791342628,1091.41533965431            26.9035349658936,-31.9027833735863,1091.93854964338            26.9035008347264,-31.9027859884404,1092.12967958022            26.9034689793104,-31.9028003727145,1091.83958213963            26.9034467676705,-31.9028112232565,1091.52012211457            26.9034257641222,-31.9028280578688,1091.56852548104            26.9034049513134,-31.9028428803284,1091.10097605176            26.9033849907157,-31.9028644355467,1090.80301324651            26.9033698004471,-31.9028873197774,1090.71940614004            26.9033529203961,-31.9029026983395,1090.67908881325            26.9033422908342,-31.9029224007313,1090.33782907296            26.9033269495624,-31.9029392229834,1090.09345263895            26.903305639483,-31.9029558638473,1089.69832937885            26.9032792647932,-31.9029735450243,1090.25138830673            26.9032503232363,-31.9029892690836,1089.9425292993            26.9032232588274,-31.9030063323647,1090.19345495757            26.9031936472689,-31.9030145805269,1089.33917422034            26.903167242985,-31.9030245657061,1089.90997958928            26.9031411120253,-31.9030381321679,1090.42943643406            26.9031172671878,-31.9030575064447,1089.26576184481            26.9030936096389,-31.9030746212207,1089.47750482429            26.9030708966284,-31.9030845109801,1090.10912173241            26.9030459845564,-31.9030938978264,1089.66622603871            26.9030227838283,-31.9031104406987,1089.28473337367            26.9030020639919,-31.9031255940791,1089.71956761647            26.9029779367519,-31.9031401797712,1089.51466189697            26.90295710002,-31.9031562392686,1089.53039684985            26.9029351506286,-31.9031751660867,1089.78139842022            26.9029142015121,-31.9031900112979,1089.09341868851            26.9028888746913,-31.9031981691004,1089.39689097367            26.9028638629744,-31.9032115044829,1089.26241847128            26.9028415104843,-31.9032248335481,1089.28543490451            26.9028167384808,-31.9032404315717,1089.33023297042            26.9027921362777,-31.9032505918707,1088.36785196606            26.902765897811,-31.9032572481423,1089.85581036843            26.9027430198494,-31.9032664589961,1089.17160498723            26.9027129327683,-31.9032691617006,1088.91676042881            26.9026868650946,-31.9032790516254,1088.8863536194            26.9026674829398,-31.9032920634341,1089.09653627966            26.9026338831767,-31.90330071361,1089.09915777296            26.9026066395858,-31.90330478996,1089.13270410895            26.9025843758883,-31.9033065492145,1089.06077207718            26.902560503944,-31.9033133945992,1088.32492307294            26.9025307236636,-31.9033169718871,1089.04545314703            26.9024978999028,-31.9033173132007,1089.28422819264            26.9024622578103,-31.9033222882558,1088.30175933987            26.9024301679318,-31.9033244822778,1088.24996051192            26.9024006980595,-31.9033303616132,1087.81506947242            26.9023775611928,-31.9033331530062,1088.01755251829            26.9023476466468,-31.9033381475769,1087.48072407115            26.9023192182421,-31.9033445724061,1086.81812715717            26.9022885036515,-31.9033432921662,1086.84257856198            26.9022619413994,-31.9033436572709,1087.08949755412            26.9022334923639,-31.9033463033219,1087.15605322737            26.902206377314,-31.9033484641179,1087.00417164527            26.9021868229046,-31.9033407710896,1086.48432027549            26.9021641725548,-31.9033388012921,1086.56418614369            26.9021341562153,-31.9033515258503,1086.88076523412            26.9021112957573,-31.903351705067,1086.23124737293            26.9020765330689,-31.9033598426951,1085.79193797242            26.902045444145,-31.9033664485121,1086.44289052114            26.9020239746085,-31.903371104534,1085.71776803769            26.9019900582268,-31.9033745170104,1086.75166589115            26.9019655949672,-31.9033790851617,1085.96881599817            26.9019312384576,-31.903383192267,1086.12739347294            26.90189887375,-31.9033828867828,1086.07400970813            26.9018712875684,-31.9033850328477,1085.86875304766            26.9018409816681,-31.9033886344982,1086.50823000167            26.9018102053304,-31.9033940522482,1086.08355420176            26.901778403415,-31.9034017785497,1086.23211869132            26.901751161312,-31.9034085507789,1086.0568045387            26.9017222591734,-31.9034194618002,1085.66662885807            26.9016917444493,-31.9034287036308,1085.68622559868            26.9016597027799,-31.9034331040253,1085.67418996152            26.9016334898557,-31.9034280742471,1085.66553265415            26.9016005974345,-31.9034370134706,1085.32728542294            26.9015706384848,-31.9034429434947,1085.76893434767            26.901544863994,-31.9034480875676,1085.51907251868            26.9015145046175,-31.9034658764264,1085.20409780368            26.9014876330987,-31.9034784592587,1084.54267337359            26.9014595660725,-31.903485982939,1084.3235276239            26.9014259036177,-31.9034882208099,1084.80194671266            26.9014002111143,-31.9034958822106,1084.73205695394            26.9013706266034,-31.9035028572583,1084.60101393983            26.9013397449811,-31.9035063608894,1084.33404593077            26.9013096934925,-31.9035169305184,1083.78783827834            26.9012844104682,-31.9035202849549,1084.28476617299            26.9012512812856,-31.9035247976516,1083.95264139492            26.9012235678989,-31.9035233191188,1084.03654212039            26.9011968467256,-31.9035237760282,1084.36987494119            26.9011636999349,-31.9035307511399,1085.16130782198            26.9011322794451,-31.9035412541964,1084.55103428196            26.9011012911342,-31.9035487386649,1084.39657396544            26.901069048679,-31.9035583768773,1084.52892436273            26.901044397912,-31.9035662252223,1084.36425465904            26.9010143329148,-31.9035749274196,1084.13529001735            26.900986591492,-31.9035804215701,1084.15166254807            26.9009568238221,-31.9035870810165,1083.99761783797            26.9009273658993,-31.9035974771073,1083.95194993354            26.9008971075717,-31.9036065357472,1084.53138516657            26.9008742754746,-31.9036129428646,1084.05773684848            26.9008420913915,-31.9036225306846,1084.17293123249            26.9008172710302,-31.9036331662424,1083.7439956665            26.9007960576054,-31.9036446274944,1084.405352965            26.9007623064133,-31.9036563786372,1084.63120592944            26.9007277904937,-31.9036636969773,1084.28516764287            26.9006945252636,-31.9036735098669,1084.25806803722            26.9006636388167,-31.903686153262,1084.24598814175            26.9006306432058,-31.9036954021564,1084.10375006869            26.9005979778267,-31.903701098673,1083.86169126537            26.9005657926668,-31.9037058569743,1083.57091716211            26.9005352820783,-31.9037122134038,1083.88468422275            26.9005005013719,-31.9037155723936,1084.27153120097            26.9004712615249,-31.9037232319765,1084.21448111068            26.9004400853227,-31.903726561199,1084.5083487574            26.9004147374416,-31.903731968807,1084.27483035065            26.9003866655881,-31.9037414123273,1084.66918454599            26.9003567951495,-31.9037428153712,1084.45120934024            26.9003225905208,-31.9037513611977,1084.29271044955            26.9002983072402,-31.9037588515626,1083.84691085014            26.9002663178047,-31.9037631942135,1084.4271401139            26.900235799731,-31.9037796909387,1083.84447929822            26.90020441178,-31.9037873850187,1083.73078546021            26.9001811423851,-31.9037954101273,1083.54418844823            26.9001422959475,-31.9037980938541,1084.22172150761            26.9001203706179,-31.9038009602964,1083.58877251111            26.900089058248,-31.9038090443028,1083.32459367439            26.9000544545128,-31.9038099481909,1083.77985205501            26.9000292712984,-31.9038143244506,1083.54678891134            26.8999989045254,-31.9038190183939,1084.80841295887            26.8999694403138,-31.9038219326571,1084.18988666032            26.8999341910464,-31.9038236377758,1084.92311704624            26.8999049805084,-31.9038294678958,1084.01925531402            26.8998746593921,-31.9038309703436,1084.2063453421            26.8998475695753,-31.9038287828763,1084.59023477975            26.8998186089707,-31.9038256417009,1083.72196919844            26.8997893873216,-31.9038267718788,1084.51948767435            26.8997610084972,-31.9038298839417,1084.49725261889            26.8997329345736,-31.9038049527236,1084.55530511402            26.8997299585175,-31.903778744947,1085.38607488107            26.899728120518,-31.90375277846,1084.88711142261            26.8997238270878,-31.9037224519838,1085.61217545997            26.8997265649321,-31.903689985963,1084.91987592541            26.8997220354421,-31.9036608954521,1085.16642781626            26.899727328292,-31.9036310568005,1085.34844796266            26.8997305964051,-31.9036040310651,1086.08572427835            26.899729022217,-31.9035736778576,1086.50577491056            26.899725063154,-31.9035446883647,1085.43544004485            26.8997203601838,-31.903517250049,1085.80041421019            26.8997005934579,-31.9034962440913,1085.85658630822            26.8996856037046,-31.903477648294,1086.44724108092            26.8996762951625,-31.9034549388243,1085.84967128653            26.8996756693916,-31.9034282338742,1086.97613663599            26.8996699582351,-31.9034026109284,1086.24104398768            26.8996636349445,-31.9033845090369,1086.05813505128            26.8996526382105,-31.9033614542776,1085.4906416228            26.8996295869477,-31.903355810565,1085.1446993053            26.8996051182575,-31.9033456136633,1087.97123574093            26.8995828325793,-31.9033442738352,1087.48218138143            26.899555366127,-31.9033346706991,1086.88597704284            26.8995326189478,-31.9033239139485,1087.86838675849            26.8995071363379,-31.9033184833694,1088.03565699421            26.8994761460192,-31.9033154220048,1088.18858120311            26.8994449044729,-31.903316615122,1087.26691328827            26.8994126027434,-31.9033154353689,1087.8940149406            26.8993841420933,-31.9033190829714,1087.4904509522            26.8993530033437,-31.9033205982967,1087.93995683827            26.899315261624,-31.903319163111,1087.52316286322            26.8992798240438,-31.903318994208,1087.25354359765            26.8992403903276,-31.9033173845828,1086.87525681593            26.8992100349617,-31.9033197832958,1086.12764132861            26.8991785577367,-31.9033174650936,1086.97069451585            26.8991428135705,-31.9033157348626,1086.0531306006            26.8991082658251,-31.9033062235549,1086.35289139487            26.8990795617504,-31.9033018363927,1085.42907341942            26.8990478443297,-31.9032997378922,1085.29840800632            26.8990149559594,-31.9033001545757,1084.90794267505            26.8989930897384,-31.9032972375186,1085.20659520198            26.8989598362389,-31.9032965088613,1084.44776982442            26.8989247152023,-31.9032920532733,1083.34841121826            26.8988894429161,-31.9032923458026,1083.27590241842            26.8988549988986,-31.9032947603683,1082.7788255699            26.8988222443365,-31.9032910079561,1082.14869078994            26.8987899168647,-31.9032786683014,1081.85111961886            26.8987593047657,-31.9032692886574,1082.14203677233            26.8987251885307,-31.9032665058468,1082.40059159975            26.8986918258796,-31.9032615631184,1082.6038313508            26.8986599004576,-31.9032566923142,1082.84196120594            26.8986269376695,-31.9032501623682,1083.2741945209            26.8985907742691,-31.9032523863229,1083.74678813107            26.8985581085177,-31.9032432051314,1083.9536960572            26.8985286240049,-31.9032290500268,1084.05359428935            26.8984981388779,-31.9032217882561,1084.18160137348            26.8984666603934,-31.9032218055064,1083.86657992844            26.8984407480907,-31.9032044358812,1084.98301403504            26.8984119321792,-31.9031886069751,1084.68813566677            26.898387766061,-31.903173057064,1084.81089549046            26.8983642121644,-31.9031550072544,1084.87869941071            26.8983472320855,-31.9031330549622,1084.31897292472            26.8983236413383,-31.9031185876635,1084.55657378212            26.8983060597675,-31.9031020414907,1084.3732362967            26.8982788004984,-31.9030934031887,1084.4322254397            26.8982471958434,-31.9030860900617,1084.93149782345            26.8982149948896,-31.9030811422431,1085.00938182324            26.8981880645639,-31.9030734225385,1085.23785425257            26.8981547114848,-31.9030711688906,1084.8488634564            26.8981249596178,-31.9030686755261,1084.57083869167            26.8980881636874,-31.9030701871673,1086.12604927644            26.8980506326394,-31.9030777776299,1086.11858166102            26.8980157143539,-31.9030693225326,1086.16794193164            26.8979813754269,-31.9030711629608,1084.92595914099            26.8979433539184,-31.9030753104576,1085.9601566894            26.8979112921031,-31.9030714612129,1085.03553747758            26.8978780483849,-31.9030667147098,1084.89361161739            26.8978444648881,-31.9030646191037,1084.21720435936            26.8978122643304,-31.9030664515221,1084.45333056897            26.8977821614379,-31.9030667976868,1083.15520351753            26.8977506368636,-31.9030632921317,1082.77041302342            26.8977226471246,-31.9030563221492,1082.9480853295            26.8976950259763,-31.9030538770814,1083.39077847451            26.897666337396,-31.9030541858441,1083.69668337982            26.8976379115437,-31.903056321716,1083.42421333492            26.8976137379666,-31.9030546278581,1083.96504932363            26.8975876115919,-31.9030509505902,1084.09863070119            26.8975610883058,-31.903045595565,1083.01283657271            26.8975335736559,-31.9030328568622,1084.40693168715            26.8975038827818,-31.9030239602742,1084.18821165431            26.8974757085956,-31.9030147200063,1083.4602535069            26.8974503796819,-31.9029974293219,1083.17914086767            26.8974272161369,-31.9029789338994,1083.96218802407            26.8974165719072,-31.902960181082,1083.41900978424            26.8974021983736,-31.9029382118632,1083.25067429245            26.8973906603801,-31.9029115804639,1084.75805902202            26.8973854430185,-31.9028923613083,1083.91539483517            26.897376594431,-31.9028712861583,1083.9888537135            26.8973735780914,-31.9028466075781,1083.58675715607            26.897369723934,-31.9028225786769,1084.5349374041            26.8973671259138,-31.9027995343446,1084.69910405949            26.8973677342374,-31.9027694784816,1084.78905985411            26.8973643123268,-31.9027426275581,1084.64329605456            26.8973564491461,-31.9027176209675,1085.57630703878            26.8973535614365,-31.9026946204565,1085.53259044513            26.8973511849227,-31.9026722364309,1085.60022238549            26.8973330415787,-31.9026392396818,1085.89130926039            26.8973234878051,-31.9026119267606,1085.34522665851            26.8973153134222,-31.9025857239279,1085.28649510164            26.8973088361517,-31.9025593124786,1084.81463151146            26.897299316525,-31.9025339412829,1084.73219390027            26.8972923665549,-31.9025059455494,1086.04253446404            26.8972948992685,-31.902480547061,1087.01345491502            26.897287242746,-31.9024505439292,1086.96760854591            26.8972838674302,-31.9024227396638,1086.31959047634            26.8972766768301,-31.902395883148,1086.18917180318            26.897274317134,-31.9023694015497,1086.18109142222            26.8972692714355,-31.9023439432115,1085.91731434874            26.897266631826,-31.9023179526252,1086.72630546149            26.8972660823983,-31.9022905828009,1085.92240124848            26.8972698719784,-31.9022657902269,1087.4724348085            26.897267707097,-31.9022368434477,1086.0822475059            26.8972653918519,-31.9022097670437,1086.08329652436            26.8972622885129,-31.902184402613,1086.15671465639            26.8972622914252,-31.902158883927,1086.33888244908            26.8972609554312,-31.9021329334319,1086.44399546832            26.8972613442471,-31.9021065683292,1086.95534439199            26.8972598461014,-31.9020796674719,1086.13794063684            26.8972583007865,-31.9020522538461,1087.12502872199            26.8972553530912,-31.9020256521729,1086.9566154927            26.8972552708413,-31.9019995047529,1087.27962290309            26.8972538503654,-31.9019748169291,1087.31354313809            26.8972519148309,-31.9019504051213,1088.34910334554            26.8972468192234,-31.9019244060486,1088.05518841557            26.8972510676721,-31.9018979294234,1088.29235887434            26.8972520981689,-31.9018713930015,1087.97024249379            26.8972583949056,-31.9018461760612,1088.35499833524            26.8972628323393,-31.9018221371937,1088.3627396822            26.897273221098,-31.9017976629004,1088.11299571581            26.8972827867449,-31.9017752789331,1088.46029168833            26.8972909388871,-31.9017507155147,1087.87278054003            26.8973065111096,-31.9017270783252,1088.04702927824            26.8973191626831,-31.9017035968544,1088.07902234513            26.8973315370912,-31.9016815816174,1088.73031192459            26.8973428570388,-31.901657586708,1088.38612431102            26.8973570825677,-31.9016351310497,1088.77733830921            26.8973666987373,-31.9016109147028,1088.87073598988            26.8973741105767,-31.9015871479437,1089.06563805044            26.8973827608696,-31.9015637386145,1088.7009406127            26.8973952428489,-31.9015414191066,1089.47674006969            26.8974035700872,-31.9015182753594,1089.45145689696            26.8974158607949,-31.901497272121,1089.57564977091            26.8974250823351,-31.9014751207087,1089.96654620115            26.8974335393613,-31.9014529086221,1089.83108357433            26.8974452442009,-31.9014328776387,1090.55117564462            26.8974523748731,-31.901410821351,1089.90451675281            26.8974619045077,-31.90138867003,1089.81732528191            26.8974757267236,-31.9013669861661,1089.96102769021            26.8974914338567,-31.901347318339,1089.53951365873            26.8975025757649,-31.9013256540698,1090.71759502683            26.8975167303143,-31.901305076474,1091.10604901146            26.8975216237344,-31.9012788182729,1090.02170052752            26.8975367640775,-31.9012577477505,1090.88556142803            26.8975473234606,-31.9012355389571,1090.83193035983            26.8975660819402,-31.9012152455301,1091.30299845152            26.8975784594814,-31.9011926452345,1091.68607895542            26.8975857080261,-31.9011690273434,1092.1126044197            26.8975975119303,-31.9011457999905,1090.19426898099            26.8976057692734,-31.9011198339423,1091.14079149906            26.897614108214,-31.9010961860044,1090.94719471317            26.8976234654271,-31.9010703472902,1091.20830153953            26.8976274018671,-31.9010446702765,1091.45026630908            26.8976333206044,-31.9010199532519,1091.62851477601            26.8976458154068,-31.9009977562093,1091.54726604093            26.8976577547229,-31.9009763493838,1092.27067456767            26.8976669707434,-31.9009541257795,1092.624991294            26.8976800164876,-31.9009328162753,1092.7787850583            26.8976925972423,-31.9009113543094,1092.59451166447            26.8977029443278,-31.900888795218,1092.25386552233            26.8977141158822,-31.9008667726715,1092.9410713641            26.8977257402189,-31.9008443680154,1093.38106075861            26.8977470454558,-31.9008258597879,1093.27679242473            26.8977503756228,-31.9007989740892,1093.75268825982            26.8977651303322,-31.9007787357777,1093.47396521177            26.897781467386,-31.9007584013545,1093.98352981266            26.8977919682572,-31.9007361246596,1093.92361246888            26.8978020345429,-31.9007145154616,1093.56556595117            26.8978140105722,-31.9006925400598,1093.90718039591            26.897823700965,-31.9006700047407,1093.95341142919            26.8978404090959,-31.9006504642934,1094.02271751314            26.8978527782541,-31.9006280679628,1094.17305678036            26.8978612049242,-31.9006056369967,1094.09276905283            26.8978737510764,-31.9005838225697,1094.87826719042            26.8978853093051,-31.9005623453925,1094.70501556713            26.8978927297144,-31.9005398020889,1094.8485036362            26.8979014563598,-31.900517874058,1094.83703459427            26.897910542926,-31.9004952949585,1095.09726537392            26.8979171188816,-31.9004716554506,1095.40183082875            26.8979290169774,-31.9004491655592,1095.87299806997            26.8979376409397,-31.900426450893,1095.49021936581            26.8979480162143,-31.9004037004576,1095.83617889695            26.8979590558451,-31.9003820695895,1095.58445541747            26.8979686768987,-31.9003593204899,1096.05156459846            26.897979899469,-31.9003372875036,1096.41006182414            26.8979923386642,-31.9003172529138,1096.99171688594            26.8980013777985,-31.9002941336517,1096.63767808676            26.898009771444,-31.9002708904715,1096.47182591353            26.8980197494742,-31.9002521917471,1096.18892569933            26.8980377212271,-31.9002305524646,1097.56084725913            26.8980456542401,-31.9002079357412,1095.74236870836            26.8980494195448,-31.9001897777094,1095.05402197689            26.8980631392349,-31.9001607355433,1096.11432227492            26.8980729108138,-31.900136236665,1096.41597962473            26.8980882422873,-31.9001171067364,1098.16820687521            26.898095415596,-31.9000887887106,1097.62209309731            26.8980921651594,-31.9000615713271,1096.1004797006            26.8980992298104,-31.9000341945211,1096.22424001154            26.8981151586554,-31.9000138229276,1098.31578987092            26.8981231616973,-31.8999892695018,1098.74790674448            26.8981327263728,-31.8999653463344,1097.43495434802            26.8981473915272,-31.8999428351842,1097.23064578511            26.8981618310994,-31.8999206075156,1097.10197570082            26.8981638912907,-31.8998952638254,1095.76675658207            26.8981737291,-31.8998684305017,1095.42760060821            26.89818920317,-31.899844365366,1096.18775589298            26.8982014267395,-31.8998202120576,1096.01356231142            26.8982168741826,-31.8997964620172,1095.68857629504            26.8982297442045,-31.8997714790533,1096.70849092212            26.8982426298206,-31.8997478301024,1096.80166329257            26.8982583281244,-31.8997278927313,1099.01928250864            26.8982748935532,-31.8997045438728,1099.09097538143            26.8982821864686,-31.8996763502927,1097.19014791027            26.8983003514398,-31.8996538670508,1097.0587779386            26.8983146390836,-31.8996316011319,1097.14181204978            26.8983279109763,-31.899607197955,1097.18912166264            26.8983384049959,-31.8995836114307,1096.63300906587            26.8983564181494,-31.8995600668091,1097.91508153267            26.8983685599591,-31.8995356086768,1097.57690964919            26.8983855548925,-31.8995131772252,1098.01737630647            26.8984026940379,-31.8994911607979,1098.74465265498            26.8984145752745,-31.8994650376655,1098.17619891651            26.8984255196186,-31.8994395527042,1099.20235354453            26.8984385784704,-31.8994132879064,1099.5226806337            26.8984551674432,-31.8993875754062,1099.42681218218            26.8984656650298,-31.8993636601478,1099.58654377889            26.8984794544136,-31.8993389120024,1099.56529758405            26.8985004425911,-31.8993167914694,1099.4754148582            26.8985160762741,-31.8992918864218,1099.68110540789            26.8985311806608,-31.8992677537071,1099.85179194435            26.8985511050926,-31.8992472112701,1100.44854138047            26.8985704295157,-31.8992240718065,1101.01471032947            26.8985902244391,-31.8992040382237,1101.30625035334            26.8986105205788,-31.8991838961587,1101.58952506166            26.8986276798692,-31.8991612798275,1101.80061850138            26.8986348475682,-31.8991356676769,1101.9657836929            26.898620068369,-31.8991110015596,1102.95282581635            26.8985849244258,-31.8990955879577,1102.37046589702            26.8985528583473,-31.8990847095006,1102.53930798359            26.8985232730469,-31.8990739302893,1101.30807740055            26.8984937581298,-31.899063490549,1100.17607257422            26.8984623111493,-31.8990495157904,1100.41445992608            26.8984287521932,-31.8990396003636,1100.46277006064            26.8983950496958,-31.8990337681316,1100.09623492789            26.8983640875654,-31.8990233005933,1099.75277496688            26.8983320276829,-31.8990131341619,1099.16184871364            26.8982983568441,-31.8990082608196,1098.6950467946            26.8982678619505,-31.898998359621,1098.50393071212            26.8982360601452,-31.8989946539596,1098.68445046432            26.8982077229699,-31.898983806466,1098.13258997258            26.8981801833569,-31.8989736906238,1098.58316794783            26.8981517396791,-31.8989645477045,1097.66597641073            26.898119377864,-31.8989561168731,1097.61709406599            26.8980902030198,-31.8989431132793,1097.01696786471            26.8980577276887,-31.8989367397745,1096.3253843328            26.898025321121,-31.8989282291906,1097.08095736895            26.897995850324,-31.8989171856394,1096.60683481116            26.8979639196639,-31.8989091163499,1095.73926651105            26.8979291903488,-31.8988986828445,1096.21557427105            26.8978967394144,-31.898892799304,1097.60538198613            26.897867645914,-31.8988841983616,1097.24460045528            26.8978471192907,-31.8988777963266,1098.93446986191            26.8978204454459,-31.8988608930078,1096.72173436824            26.8977923699295,-31.8988497487614,1098.10040600318            26.8977593229364,-31.8988413279585,1097.80962300766            26.8977348518154,-31.8988327553663,1097.27571170684            26.8977111287648,-31.8988254081877,1097.61257466674            26.8976844032791,-31.8988218202762,1099.24389363639            26.897656668567,-31.8988123825255,1097.40523615759            26.8976319046568,-31.8988056844982,1098.12494464405            26.8975995306441,-31.8987974961507,1097.79211165197            26.8975697450141,-31.8987867657248,1097.41284822114            26.897543696783,-31.8987698935205,1097.91920074169            26.8975179492672,-31.8987536791609,1097.41325818654            26.8974910136036,-31.8987396716498,1098.60617240611            26.8974580959324,-31.8987299763655,1097.95175303146            26.8974286199022,-31.8987164282829,1098.18788145483            26.897402813262,-31.8986982104648,1098.13407156616            26.8973733438728,-31.8986887255134,1098.91465611942            26.8973423340962,-31.8986801196555,1098.63758789096            26.8973131896057,-31.8986719507238,1098.30140627827            26.8972875659421,-31.8986560619233,1098.09044910129            26.8972566034107,-31.8986497426943,1097.5953343194            26.8972280885316,-31.8986416628112,1098.43164336681            26.8972017810126,-31.8986314321212,1099.09911032394            26.8971762216566,-31.8986341401719,1100.06239558663            26.897142782664,-31.8986337221057,1099.02439822257            26.8971136563629,-31.8986364367032,1098.58549181744            26.8970857785034,-31.8986288243644,1098.39128186461            26.8970485739106,-31.898628983937,1098.24741286226            26.8970144881055,-31.8986303187301,1097.4142268775            26.8969818607258,-31.8986296936393,1097.63509350456            26.8969494559048,-31.8986280561017,1098.80599122122            26.8969133889938,-31.8986319107959,1098.11907209177            26.8968814688993,-31.8986328482595,1097.60029168334            26.8968512605599,-31.8986322465943,1098.09023607895            26.8968199934805,-31.8986228187999,1097.41075292882            26.896787449627,-31.8986269412849,1096.48742634337            26.8967542937968,-31.8986273551895,1096.90973933879            26.8967216130108,-31.8986229130302,1096.16604319774            26.8966887545217,-31.8986209172968,1095.67697987519            26.8966563566006,-31.8986151857532,1096.38817603141            26.8966246536476,-31.8986100363472,1095.508472207            26.8965929599074,-31.8986133603904,1096.22153734695            26.8965591117086,-31.8986095138823,1095.5138345072            26.8965245917279,-31.8986078942714,1096.68225867301            26.8964913099094,-31.8986054520614,1095.94930917304            26.8964582035034,-31.8986013343417,1094.90447597951            26.8964221391576,-31.8986024497791,1096.68763497379            26.8963890909367,-31.8985987082715,1096.07916708943            26.8963581273492,-31.8985948754833,1095.66285456624            26.8963241026913,-31.8985953082771,1096.12849902362            26.8962913293579,-31.8985999981897,1095.07836158015            26.8962570558036,-31.8986023969813,1095.83154451381            26.8962219718806,-31.8986003324328,1095.96333881281            26.896187414367,-31.8986002019281,1096.42669782322            26.8961529561215,-31.8985982830946,1095.83936021198            26.8961210361483,-31.8986013587428,1097.35244475491            26.8960901925253,-31.898600662325,1095.85747581907            26.8960693438512,-31.8985898588972,1094.3532574093            26.8960394266912,-31.8985872962616,1094.74393714685            26.8960147282657,-31.8985832302337,1094.10896116775            26.8959799020284,-31.8985818240991,1094.5090693105            26.8959539290886,-31.8985802555885,1095.31221655291            26.8959280912464,-31.8985817087627,1094.54238012712            26.8958989254734,-31.8985739500408,1095.63665087521            26.8958700803284,-31.8985777173316,1094.61064190604            26.895841971013,-31.8985711539436,1094.07605961803            26.8958194832645,-31.8985716040601,1093.44206008222            26.8957863015962,-31.8985745782858,1095.09788688738            26.8957526847248,-31.8985709570136,1093.81183333136            26.8957188934582,-31.8985613424145,1094.01672506984            26.895686453684,-31.8985589995064,1094.03713388648            26.8956559755216,-31.8985583946869,1094.65940378141            26.8956262154966,-31.8985573499532,1094.19454916101            26.8956031470097,-31.8985546051553,1094.009054319            26.895578086535,-31.8985544729071,1094.40640015993            26.8955482767639,-31.8985544255649,1094.53557635657            26.8955239456273,-31.898557350123,1094.44529353175            26.8954957609118,-31.8985618429791,1094.14050691109            26.8954689965992,-31.8985645725705,1093.9633297585            26.8954367314742,-31.8985620836865,1093.63749814313            26.8954033484347,-31.8985618122292,1094.24621792696            26.8953765362074,-31.8985526595937,1093.39620574377            26.8953425286147,-31.898550550613,1093.57091347221            26.8953095757527,-31.8985463712918,1092.99559831806            26.8952846272711,-31.8985474080885,1093.61463811528            26.8952494812003,-31.8985500034006,1093.20870395191            26.8952113699922,-31.8985493702095,1093.3222763557            26.8951774425702,-31.8985528921332,1092.92362517677            26.895146201252,-31.8985532385295,1092.60150687303            26.8951136601667,-31.8985457512021,1092.02758714836            26.8950848706473,-31.8985436164352,1092.23023123015            26.8950557293121,-31.8985443120494,1091.07619580068            26.8950284063304,-31.8985386342963,1091.67367346492            26.8949944677083,-31.8985398021856,1091.55633745994            26.8949583832749,-31.8985358300875,1090.5875285361            26.894926466395,-31.898533240387,1090.88685337733            26.8948893569518,-31.8985288904261,1091.1720659025            26.8948513330995,-31.8985258825118,1090.58580500167            26.8948173641293,-31.8985193102444,1091.12271233089            26.8947837050536,-31.8985139494751,1090.77169036493            26.8947541597646,-31.8985107024542,1090.27456914075            26.8947202780013,-31.8985101624079,1090.45867447741            26.8946893248137,-31.8985107376013,1090.76821932849            26.8946630861912,-31.8985061263862,1090.7460949691            26.8946281965065,-31.898506397704,1091.50881009642            26.8945934797687,-31.8984970042278,1091.96024315618            26.894560108172,-31.89849663388,1092.34747322183            26.8945264396887,-31.8984985473273,1092.70873956196            26.894496276223,-31.8984985201787,1092.89484394994            26.8944712079894,-31.8984996076055,1093.37887612823            26.8944384610765,-31.8984963906994,1093.49016387947            26.8944105687393,-31.8984954673678,1093.921770229            26.8943836001048,-31.898498675544,1093.45760317706            26.8943556053779,-31.8984973297342,1092.94155185949            26.8943294749828,-31.8984991985166,1092.83443127107            26.8942953578443,-31.8984965489212,1093.35142560769            26.8942604067982,-31.8984927038063,1092.6281181071            26.8942321537816,-31.8984929810134,1091.71649048943            26.8942100828272,-31.8984905620883,1091.64210943971            26.8941793482841,-31.8984870488749,1091.25274979603            26.8941465894888,-31.8984868177525,1090.63587390445            26.8941135396525,-31.8984836492708,1091.04282237124            26.8940783962018,-31.8984913441392,1090.01165462006            26.8940464830722,-31.8984982108286,1090.46642623935            26.8940247652223,-31.8984973477002,1090.57129759621            26.893986858344,-31.8985014305165,1089.93767772894            26.8939556730611,-31.8985032286293,1089.43325315136            26.8939319737494,-31.8984991546203,1089.70991983637            26.8939022107105,-31.8984906313603,1088.8048059307            26.8938731152677,-31.898483218249,1089.53748850245            26.8938493903605,-31.8984799864318,1088.95810705051            26.8938251601935,-31.8984628198292,1088.59776957985            26.8938013581432,-31.8984476528728,1087.67805322446            26.8937770057059,-31.8984442075783,1087.79371192865            26.8937554226204,-31.8984372546227,1088.11126657017            26.8937285965964,-31.8984168793801,1086.81139198225            26.8937007506572,-31.8983990432747,1087.72711496707            26.8936823628556,-31.8983857634696,1087.96718773339            26.8936558207475,-31.8983689299882,1087.64929702878            26.8936367884914,-31.8983502753972,1087.41155781504            26.8936159209009,-31.8983417858568,1089.24977590423            26.8935936929385,-31.8983264413228,1088.74700415786            26.8935779672374,-31.898312683722,1089.39925451856            26.8935584475506,-31.8983022905884,1090.62039995473            26.8935309201797,-31.8982837630412,1090.80152912904            26.8935071192209,-31.8982763606393,1090.60834030714            26.8934854472013,-31.8982830957645,1090.47416985687            26.8934613985968,-31.8982763974405,1090.42647844832            26.8934278708104,-31.8982706401885,1090.98652555514            26.8933936834998,-31.8982693414121,1090.68235734291            26.8933742123374,-31.898276677061,1090.78458782192            26.8933512905758,-31.8982739899972,1090.25321032759            26.8933298562392,-31.8982766433537,1090.14162682835            26.8932989375233,-31.8982845632331,1090.6230132496            26.8932633445148,-31.8982818155425,1089.49256738089            26.8932394560202,-31.8982856244549,1090.15949268453            26.8932025790647,-31.8982876250143,1089.92089118436            26.8931680822681,-31.8982945128443,1089.24244197924            26.8931329246882,-31.8983000149806,1089.5777248973            26.893102091772,-31.8983026704937,1089.41153796203            26.8930749280961,-31.8983088237991,1088.68037157226            26.8930427704496,-31.8983169212623,1088.53662217967            26.8930112135056,-31.8983209529842,1087.55614707991            26.8929766304902,-31.8983253642013,1088.26825945452            26.8929435498743,-31.8983348464022,1087.6075578751            26.89290870657,-31.8983361391679,1087.40369426832            26.8928748469557,-31.8983431996509,1087.79305745475            26.8928427898979,-31.8983496150045,1087.52698122803            26.8928118444611,-31.8983574576811,1087.97080419026            26.8927782179439,-31.898363468928,1087.95166364592            26.8927437435148,-31.8983682443466,1087.72955182102            26.8927135944472,-31.8983787510829,1087.68211507984            26.8926826956432,-31.8983883755208,1087.31333354488            26.8926508591145,-31.89839968513,1088.20182986744            26.892615968667,-31.8984055584296,1087.57658104878            26.8925825577412,-31.8984091625765,1087.82137016859            26.8925499520789,-31.8984153690025,1087.78266053554            26.892516880801,-31.8984216575146,1087.71477795579            26.8924841199335,-31.8984290386798,1087.75349798333            26.8924505866468,-31.8984309298479,1087.13233703654            26.892419825134,-31.8984391113047,1087.71718345955            26.8923876929406,-31.8984448059571,1088.03218793403            26.8923552523965,-31.8984501854021,1087.16915251687            26.8923251179505,-31.8984565211407,1088.29484832566            26.8922963781477,-31.8984682883353,1088.50994616747            26.892266585546,-31.898473049559,1088.23947341368            26.8922337978437,-31.8984721954674,1088.26677058358            26.8922022711164,-31.898473121944,1088.6658648327            26.892170145729,-31.8984752977516,1088.20304344036            26.8921393053267,-31.8984828080711,1088.2338850908            26.8921061462319,-31.8984903550809,1087.56013015378            26.8920734948729,-31.8984940168707,1088.43300440442            26.8920394878103,-31.8984992291455,1088.57229627576            26.892007114483,-31.8985046066051,1087.75752522703            26.8919740660569,-31.8985098457889,1088.21208634507            26.8919442469273,-31.8985216610613,1087.58017550968            26.8919129710741,-31.8985285845513,1087.56585240643            26.8918815539742,-31.898534660266,1087.59956768993            26.8918518345152,-31.8985442394451,1087.35329921544            26.8918202510029,-31.8985513508673,1087.70276532788            26.8917873793086,-31.8985572743783,1088.03736402467            26.8917560069018,-31.898567432368,1087.97148712352            26.8917238208169,-31.8985741643892,1088.06403249875            26.8916932275719,-31.8985824261865,1088.0800512312            26.8916628256255,-31.8985921776844,1087.64434402343            26.8916341921193,-31.8986026283427,1087.56553754956            26.8916025729962,-31.8986087593676,1087.67469934374            26.8915707437632,-31.8986126264269,1088.02487139124            26.8915387977191,-31.8986154403983,1088.27559872996            26.8915068224385,-31.8986231393459,1087.73396169674            26.8914773354156,-31.8986327835922,1088.22200244851            26.8914459031381,-31.8986380944721,1088.60468888097            26.8914144124387,-31.8986460718872,1087.68490135763            26.8913814189448,-31.8986524707845,1088.47980232351            26.8913502589775,-31.8986614816343,1087.49309375323            26.8913194149241,-31.8986724201049,1087.4387493385            26.8912902416369,-31.898682880635,1088.46850982122            26.8912602012033,-31.8986954825911,1088.86531299632            26.8912292521645,-31.8987068561526,1088.00811349787            26.8912006469518,-31.8987191757058,1087.96272669174            26.8911703089776,-31.898731125114,1087.85794262309            26.8911395778149,-31.8987436785276,1087.49649299309            26.8911116457045,-31.8987545154091,1087.9213649258            26.8910824803237,-31.8987647853126,1087.94869033992            26.8910540099692,-31.8987764107825,1087.37785479147            26.8910274994918,-31.8987908496144,1088.57853032835            26.8909973860869,-31.8988005363515,1087.91543012206            26.8909667214432,-31.8988135974259,1088.07052549906            26.8909393053419,-31.8988285139022,1088.94087335654            26.8909097759124,-31.898838613257,1089.1950974036            26.8908831999221,-31.898851239063,1089.36735385098            26.8908546471804,-31.8988578045286,1088.97938249912            26.8908284297855,-31.8988683657806,1089.6697966177            26.8908013812858,-31.8988774029497,1089.41944310255            26.890773892629,-31.89888748056,1090.55641342234            26.8907458288431,-31.8988962018642,1090.33812375274            26.8907184193308,-31.8989057561263,1089.98460418545            26.8906906197565,-31.8989166226583,1089.86629470252            26.8906664542907,-31.8989306732369,1089.88101645            26.8906433922459,-31.8989468015692,1089.31377790682            26.8906217857543,-31.8989646255483,1089.5231288895            26.8905989517742,-31.8989806375189,1089.04591999017            26.8905746985111,-31.8989981450352,1089.48308549821            26.890550495504,-31.8990145557894,1089.03370690159            26.8905274338156,-31.8990312493251,1088.86634369753            26.8905045735445,-31.89904981125,1088.90846060496            26.890478755883,-31.8990646610797,1088.85908774473            26.8904506772816,-31.8990772255019,1088.86523262132            26.8904321045511,-31.8990908775584,1088.77052886691            26.8904079022817,-31.8991086735551,1089.51343038678            26.8903883309476,-31.8991209988477,1089.50041181874            26.890362832643,-31.8991374867982,1089.1756075304            26.8903398210544,-31.8991510843513,1089.84620568715            26.890320372641,-31.8991666812241,1089.25647073798            26.8902947120055,-31.8991830605418,1089.51037621219            26.8902724510291,-31.8991964310061,1089.52691055089            26.8902497673439,-31.8992121370494,1089.95748529676            26.8902324176861,-31.899228379208,1089.67263494805            26.8902174623359,-31.8992417593485,1090.14395538531            26.8901855135683,-31.8992537824119,1089.50257305428            26.8901589294323,-31.899262196435,1089.51721307077            26.8901374602106,-31.899265002372,1089.4689448569            26.8901108867362,-31.8992715670588,1089.46440063044            26.8901051900893,-31.8992904430538,1089.6305738287          </coordinates></LineString></Placemark><Placemark><name>Finish</name><styleUrl>#icon-1899-FF5252-nodesc</styleUrl><Point><coordinates>            26.8901051900893,-31.8992904430538,1089.6305738287          </coordinates></Point></Placemark><Placemark><name>Start</name><styleUrl>#icon-1899-0F9D58-nodesc</styleUrl><Point><coordinates>            26.89049490528,-31.8997327217666,1085.91270243935          </coordinates></Point></Placemark></Folder></Document></kml>