<?xml version="1.0" encoding="UTF-8"?><kml xmlns="http://www.opengis.net/kml/2.2"><Document><name>Lanseria parkrun (from April 2024)</name><description/><Style id="icon-123-nodesc-normal"><IconStyle><scale>1.1</scale><Icon><href>https://www.gstatic.com/mapspro/images/stock/123-red-dot.png</href></Icon><hotSpot x="16" xunits="pixels" y="32" yunits="insetPixels"/></IconStyle><LabelStyle><scale>0</scale></LabelStyle><BalloonStyle><text><![CDATA[<h3>$[name]</h3>]]></text></BalloonStyle></Style><Style id="icon-123-nodesc-highlight"><IconStyle><scale>1.1</scale><Icon><href>https://www.gstatic.com/mapspro/images/stock/123-red-dot.png</href></Icon><hotSpot x="16" xunits="pixels" y="32" yunits="insetPixels"/></IconStyle><LabelStyle><scale>1.1</scale></LabelStyle><BalloonStyle><text><![CDATA[<h3>$[name]</h3>]]></text></BalloonStyle></Style><StyleMap id="icon-123-nodesc"><Pair><key>normal</key><styleUrl>#icon-123-nodesc-normal</styleUrl></Pair><Pair><key>highlight</key><styleUrl>#icon-123-nodesc-highlight</styleUrl></Pair></StyleMap><Style id="icon-61-nodesc-normal"><IconStyle><scale>1.1</scale><Icon><href>https://www.gstatic.com/mapspro/images/stock/61-green-dot.png</href></Icon><hotSpot x="16" xunits="pixels" y="32" yunits="insetPixels"/></IconStyle><LabelStyle><scale>0</scale></LabelStyle><BalloonStyle><text><![CDATA[<h3>$[name]</h3>]]></text></BalloonStyle></Style><Style id="icon-61-nodesc-highlight"><IconStyle><scale>1.1</scale><Icon><href>https://www.gstatic.com/mapspro/images/stock/61-green-dot.png</href></Icon><hotSpot x="16" xunits="pixels" y="32" yunits="insetPixels"/></IconStyle><LabelStyle><scale>1.1</scale></LabelStyle><BalloonStyle><text><![CDATA[<h3>$[name]</h3>]]></text></BalloonStyle></Style><StyleMap id="icon-61-nodesc"><Pair><key>normal</key><styleUrl>#icon-61-nodesc-normal</styleUrl></Pair><Pair><key>highlight</key><styleUrl>#icon-61-nodesc-highlight</styleUrl></Pair></StyleMap><Style id="line-0288D1-3519-nodesc-normal"><LineStyle><color>ffd18802</color><width>3.519</width></LineStyle><BalloonStyle><text><![CDATA[<h3>$[name]</h3>]]></text></BalloonStyle></Style><Style id="line-0288D1-3519-nodesc-highlight"><LineStyle><color>ffd18802</color><width>5.2785</width></LineStyle><BalloonStyle><text><![CDATA[<h3>$[name]</h3>]]></text></BalloonStyle></Style><StyleMap id="line-0288D1-3519-nodesc"><Pair><key>normal</key><styleUrl>#line-0288D1-3519-nodesc-normal</styleUrl></Pair><Pair><key>highlight</key><styleUrl>#line-0288D1-3519-nodesc-highlight</styleUrl></Pair></StyleMap><Folder><name>Lanseria parkrun route - 2024-02-24 - 8.51am.gpx</name><Placemark><name>Start </name><styleUrl>#icon-61-nodesc</styleUrl><Point><coordinates>            27.905023,-25.913156,1285.63          </coordinates></Point></Placemark><Placemark><name>Finish</name><styleUrl>#icon-123-nodesc</styleUrl><Point><coordinates>            27.905291,-25.913011,1283.19          </coordinates></Point></Placemark><Placemark><name>Course</name><styleUrl>#line-0288D1-3519-nodesc</styleUrl><LineString><tessellate>1</tessellate><coordinates>            27.905023,-25.913156,1285.63            27.905028,-25.913167,1285.63            27.905033,-25.913179,1285.61            27.905037,-25.91319,1285.59            27.905041,-25.913202,1285.58            27.905044,-25.913215,1285.57            27.905047,-25.913227,1285.55            27.905051,-25.913237,1285.55            27.905055,-25.913248,1285.56            27.905057,-25.913261,1285.57            27.905059,-25.913273,1285.6            27.905062,-25.913287,1285.55            27.905065,-25.9133,1285.55            27.905069,-25.913314,1285.56            27.905073,-25.913327,1285.57            27.905076,-25.913339,1285.58            27.90508,-25.91335,1285.59            27.905083,-25.913361,1285.6            27.905087,-25.913372,1285.62            27.90509,-25.913382,1285.63            27.905094,-25.913393,1285.63            27.905137,-25.913429,1285.87            27.90515,-25.913433,1285.98            27.905163,-25.913436,1286.08            27.905178,-25.913439,1286.18            27.905196,-25.91344,1286.26            27.905215,-25.913442,1286.34            27.905234,-25.913444,1286.42            27.905252,-25.913446,1286.49            27.905269,-25.913446,1286.56            27.905286,-25.913445,1286.61            27.905301,-25.913444,1286.65            27.905317,-25.913442,1286.7            27.905332,-25.913439,1286.73            27.905348,-25.913436,1286.76            27.905363,-25.913432,1286.78            27.905378,-25.91343,1286.77            27.905393,-25.913428,1286.76            27.905408,-25.913426,1286.75            27.905423,-25.913425,1286.73            27.905438,-25.913424,1286.7            27.905453,-25.913423,1286.69            27.905467,-25.913422,1286.67            27.905482,-25.913422,1286.64            27.905498,-25.913421,1286.61            27.905513,-25.91342,1286.57            27.905528,-25.913419,1286.53            27.905543,-25.913418,1286.5            27.905558,-25.913417,1286.48            27.905573,-25.913416,1286.46            27.905588,-25.913416,1286.45            27.905603,-25.913415,1286.45            27.905618,-25.913414,1286.46            27.905633,-25.913412,1286.46            27.905648,-25.913411,1286.47            27.905663,-25.913409,1286.48            27.905679,-25.913408,1286.48            27.905694,-25.913406,1286.49            27.90571,-25.913403,1286.48            27.905725,-25.913401,1286.49            27.905741,-25.913399,1286.5            27.905756,-25.913397,1286.51            27.90577,-25.913395,1286.51            27.905785,-25.913393,1286.52            27.9058,-25.91339,1286.51            27.905814,-25.913387,1286.48            27.905828,-25.913383,1286.44            27.905841,-25.913378,1286.4            27.905854,-25.913372,1286.33            27.905867,-25.913365,1286.26            27.905878,-25.913357,1286.19            27.905889,-25.913348,1286.1            27.905897,-25.913337,1286            27.905902,-25.913325,1285.89            27.905905,-25.913312,1285.77            27.905907,-25.913298,1285.65            27.905907,-25.913284,1285.52            27.905905,-25.91327,1285.4            27.905902,-25.913256,1285.28            27.905899,-25.913242,1285.16            27.905895,-25.913228,1285.04            27.905893,-25.913213,1284.91            27.90589,-25.913198,1284.8            27.905888,-25.913183,1284.69            27.905886,-25.913167,1284.59            27.905884,-25.913152,1284.51            27.905883,-25.913136,1284.43            27.905882,-25.913121,1284.35            27.905881,-25.913107,1284.29            27.905878,-25.913093,1284.23            27.905875,-25.913079,1284.17            27.905872,-25.913065,1284.12            27.905869,-25.913051,1284.07            27.905866,-25.913037,1284.02            27.905863,-25.913023,1283.99            27.905861,-25.913009,1283.97            27.905859,-25.912995,1283.93            27.905857,-25.912982,1283.91            27.905855,-25.912968,1283.88            27.905853,-25.912954,1283.85            27.90585,-25.912941,1283.82            27.905846,-25.912927,1283.78            27.905842,-25.912914,1283.75            27.905837,-25.912901,1283.72            27.905833,-25.912888,1283.68            27.90583,-25.912875,1283.65            27.905826,-25.912862,1283.63            27.905823,-25.912849,1283.62            27.905819,-25.912836,1283.6            27.905814,-25.912823,1283.58            27.905807,-25.912811,1283.56            27.905798,-25.912801,1283.54            27.905787,-25.912791,1283.51            27.905775,-25.912782,1283.49            27.905763,-25.912774,1283.47            27.90575,-25.912768,1283.45            27.905736,-25.912763,1283.43            27.905721,-25.91276,1283.4            27.905706,-25.912759,1283.39            27.905691,-25.91276,1283.37            27.905676,-25.912761,1283.36            27.905661,-25.912763,1283.36            27.905647,-25.912766,1283.36            27.905633,-25.91277,1283.37            27.90562,-25.912775,1283.38            27.905608,-25.912782,1283.38            27.905597,-25.912788,1283.41            27.905585,-25.912794,1283.44            27.905572,-25.912799,1283.48            27.905558,-25.912804,1283.51            27.905545,-25.912811,1283.54            27.905533,-25.912819,1283.58            27.905522,-25.912826,1283.62            27.90551,-25.912834,1283.66            27.905498,-25.912841,1283.72            27.905485,-25.912848,1283.76            27.905473,-25.912854,1283.81            27.90546,-25.912861,1283.86            27.905446,-25.912867,1283.91            27.905433,-25.912874,1283.94            27.90542,-25.912881,1283.98            27.905407,-25.912887,1284.02            27.905393,-25.912892,1284.05            27.90538,-25.912898,1284.07            27.905367,-25.912904,1284.1            27.905353,-25.91291,1284.13            27.90534,-25.912916,1284.16            27.905326,-25.912922,1284.19            27.905312,-25.912928,1284.22            27.905299,-25.912935,1284.24            27.905285,-25.912943,1284.29            27.905271,-25.91295,1284.35            27.905257,-25.912957,1284.4            27.905242,-25.912963,1284.45            27.905227,-25.91297,1284.49            27.905212,-25.912978,1284.53            27.905198,-25.912986,1284.57            27.905184,-25.912995,1284.61            27.905171,-25.913004,1284.64            27.905157,-25.913013,1284.66            27.905145,-25.913022,1284.69            27.905133,-25.913031,1284.7            27.905119,-25.913039,1284.71            27.905106,-25.913047,1284.71            27.905093,-25.913055,1284.71            27.90508,-25.913063,1284.7            27.905066,-25.91307,1284.69            27.905052,-25.913077,1284.68            27.905036,-25.913084,1284.67            27.90502,-25.913092,1284.65            27.905005,-25.913099,1284.64            27.904991,-25.913106,1284.62            27.904977,-25.913112,1284.61            27.904963,-25.913119,1284.6            27.904949,-25.913126,1284.6            27.904935,-25.913131,1284.59            27.904921,-25.913136,1284.58            27.904907,-25.913141,1284.58            27.904892,-25.913146,1284.58            27.904877,-25.913151,1284.58            27.904863,-25.913156,1284.59            27.904848,-25.913161,1284.6            27.904833,-25.913166,1284.62            27.904819,-25.913171,1284.66            27.904804,-25.913176,1284.7            27.90479,-25.913182,1284.75            27.904776,-25.913189,1284.79            27.904764,-25.913196,1284.85            27.904752,-25.913203,1284.91            27.904741,-25.91321,1284.97            27.904734,-25.913219,1285.04            27.90473,-25.913228,1285.11            27.904728,-25.913237,1285.18            27.904728,-25.91325,1285.25            27.904728,-25.913264,1285.33            27.904727,-25.913278,1285.4            27.904726,-25.913292,1285.47            27.904727,-25.913306,1285.54            27.904728,-25.91332,1285.61            27.904729,-25.913333,1285.68            27.90473,-25.913347,1285.76            27.90473,-25.913361,1285.84            27.90473,-25.913375,1285.93            27.904729,-25.913388,1286.01            27.904727,-25.913402,1286.1            27.904727,-25.913416,1286.19            27.904726,-25.913429,1286.28            27.904725,-25.913443,1286.37            27.904725,-25.913456,1286.48            27.904724,-25.91347,1286.57            27.904724,-25.913483,1286.66            27.904724,-25.913497,1286.75            27.904724,-25.913511,1286.84            27.904724,-25.913524,1286.93            27.904723,-25.913538,1287.02            27.904722,-25.913551,1287.11            27.904722,-25.913564,1287.19            27.904722,-25.913577,1287.28            27.904723,-25.91359,1287.37            27.904724,-25.913603,1287.47            27.904724,-25.913616,1287.56            27.904724,-25.913628,1287.64            27.904725,-25.913641,1287.71            27.904725,-25.913653,1287.78            27.904725,-25.913665,1287.85            27.904725,-25.913678,1287.92            27.904725,-25.91369,1288            27.904724,-25.913702,1288.07            27.904722,-25.913714,1288.14            27.904718,-25.913725,1288.21            27.904711,-25.913735,1288.27            27.904702,-25.913744,1288.33            27.904691,-25.91375,1288.38            27.904679,-25.913755,1288.43            27.904664,-25.913758,1288.49            27.904648,-25.913759,1288.58            27.90463,-25.91376,1288.68            27.904614,-25.91376,1288.75            27.904598,-25.91376,1288.83            27.904583,-25.913762,1288.91            27.904568,-25.913764,1288.98            27.904553,-25.913768,1289.06            27.904539,-25.913772,1289.13            27.904524,-25.913775,1289.2            27.90451,-25.913777,1289.28            27.904494,-25.913779,1289.35            27.904479,-25.913781,1289.42            27.904464,-25.913783,1289.48            27.904448,-25.913786,1289.54            27.904431,-25.913788,1289.59            27.904414,-25.91379,1289.64            27.904398,-25.913791,1289.68            27.904381,-25.913792,1289.7            27.904365,-25.913792,1289.71            27.904349,-25.913792,1289.71            27.904333,-25.913793,1289.69            27.904317,-25.913793,1289.65            27.904301,-25.913793,1289.61            27.904285,-25.913793,1289.56            27.90427,-25.913792,1289.48            27.904253,-25.91379,1289.38            27.904237,-25.913786,1289.27            27.904222,-25.913781,1289.16            27.904206,-25.913776,1289.03            27.904191,-25.91377,1288.92            27.904176,-25.913763,1288.8            27.904161,-25.913756,1288.69            27.904147,-25.913748,1288.58            27.904133,-25.91374,1288.46            27.904119,-25.913734,1288.36            27.904106,-25.91373,1288.28            27.904091,-25.913725,1288.22            27.904077,-25.91372,1288.17            27.904063,-25.913716,1288.12            27.904048,-25.913714,1288.08            27.904032,-25.913713,1288.06            27.904017,-25.913715,1288.04            27.904002,-25.913716,1288.04            27.903987,-25.913718,1288.07            27.903972,-25.913721,1288.09            27.903956,-25.913723,1288.14            27.903941,-25.913724,1288.2            27.903925,-25.913725,1288.27            27.90391,-25.913727,1288.34            27.903897,-25.913729,1288.42            27.903885,-25.913732,1288.52            27.903874,-25.913737,1288.61            27.903862,-25.913742,1288.7            27.90385,-25.913748,1288.8            27.903839,-25.913754,1288.92            27.903827,-25.913761,1289.04            27.903815,-25.913768,1289.15            27.903804,-25.913775,1289.27            27.903795,-25.913784,1289.38            27.90379,-25.913793,1289.5            27.903787,-25.913805,1289.61            27.903785,-25.913817,1289.72            27.903784,-25.91383,1289.84            27.903784,-25.913843,1289.96            27.903785,-25.913857,1290.09            27.903785,-25.91387,1290.21            27.903786,-25.913884,1290.35            27.903786,-25.913899,1290.47            27.903786,-25.913914,1290.58            27.903785,-25.913928,1290.71            27.903782,-25.913942,1290.84            27.903779,-25.913957,1290.97            27.903775,-25.91397,1291.11            27.903771,-25.913984,1291.26            27.903767,-25.913997,1291.4            27.903762,-25.914011,1291.52            27.903757,-25.914024,1291.65            27.903751,-25.914037,1291.77            27.903746,-25.914049,1291.88            27.903742,-25.914061,1291.98            27.903737,-25.914073,1292.06            27.903733,-25.914084,1292.14            27.903729,-25.914096,1292.2            27.903726,-25.914108,1292.24            27.903725,-25.91412,1292.3            27.903725,-25.914133,1292.33            27.903726,-25.914145,1292.36            27.90373,-25.914158,1292.38            27.903734,-25.91417,1292.42            27.903739,-25.914182,1292.46            27.903746,-25.914193,1292.49            27.903755,-25.914204,1292.51            27.903765,-25.914214,1292.54            27.903776,-25.914225,1292.58            27.903786,-25.914236,1292.61            27.903797,-25.914247,1292.64            27.903808,-25.914258,1292.69            27.903818,-25.914268,1292.74            27.903828,-25.914279,1292.8            27.903837,-25.914291,1292.86            27.903846,-25.914302,1292.93            27.903855,-25.914313,1292.99            27.903865,-25.914324,1293.05            27.903873,-25.914336,1293.11            27.903881,-25.914348,1293.19            27.903888,-25.91436,1293.26            27.903893,-25.914372,1293.33            27.903898,-25.914385,1293.41            27.9039,-25.914399,1293.48            27.903901,-25.914413,1293.54            27.903901,-25.914427,1293.62            27.903899,-25.914441,1293.7            27.903897,-25.914456,1293.78            27.903895,-25.91447,1293.86            27.903893,-25.914484,1293.95            27.90389,-25.914497,1294.04            27.903887,-25.914511,1294.13            27.903884,-25.914524,1294.22            27.903881,-25.914537,1294.31            27.903878,-25.91455,1294.42            27.903875,-25.914563,1294.52            27.903873,-25.914577,1294.65            27.90387,-25.91459,1294.78            27.903866,-25.914603,1294.92            27.903863,-25.914617,1295.07            27.90386,-25.91463,1295.22            27.903857,-25.914643,1295.38            27.903855,-25.914656,1295.55            27.903853,-25.914669,1295.72            27.903852,-25.914682,1295.89            27.903852,-25.914695,1296.06            27.903852,-25.914707,1296.22            27.903852,-25.91472,1296.36            27.903854,-25.914733,1296.5            27.903857,-25.914746,1296.65            27.903861,-25.914759,1296.76            27.903866,-25.914771,1296.88            27.903873,-25.914782,1296.99            27.903881,-25.914792,1297.09            27.903891,-25.914802,1297.19            27.903902,-25.914811,1297.29            27.903913,-25.914819,1297.39            27.903925,-25.914826,1297.48            27.903937,-25.914834,1297.57            27.903949,-25.914842,1297.67            27.90396,-25.914851,1297.76            27.903972,-25.91486,1297.86            27.903985,-25.914868,1297.97            27.903997,-25.914877,1298.08            27.904009,-25.914886,1298.18            27.904021,-25.914894,1298.29            27.904033,-25.914903,1298.38            27.904044,-25.914912,1298.47            27.904056,-25.914921,1298.55            27.904069,-25.91493,1298.63            27.904082,-25.914939,1298.7            27.904095,-25.914947,1298.76            27.904107,-25.914957,1298.82            27.904119,-25.914967,1298.87            27.90413,-25.914977,1298.92            27.904141,-25.914988,1298.96            27.904151,-25.914999,1298.98            27.90416,-25.91501,1299            27.904167,-25.915022,1299.02            27.904174,-25.915035,1299.03            27.904179,-25.915048,1299.03            27.904184,-25.915061,1299.03            27.904189,-25.915074,1299.02            27.904193,-25.915086,1299            27.904196,-25.915098,1298.98            27.904198,-25.91511,1298.93            27.9042,-25.915121,1298.89            27.904201,-25.915131,1298.82            27.904202,-25.915142,1298.76            27.904203,-25.915152,1298.7            27.904204,-25.915162,1298.64            27.904207,-25.915172,1298.6            27.90421,-25.91518,1298.55            27.904212,-25.915187,1298.51            27.90421,-25.91519,1298.47            27.904206,-25.915192,1298.44            27.904197,-25.915193,1298.42            27.904186,-25.915194,1298.43            27.904173,-25.915194,1298.44            27.90416,-25.915195,1298.45            27.904148,-25.915196,1298.47            27.904136,-25.915197,1298.5            27.904125,-25.915197,1298.54            27.904113,-25.915197,1298.58            27.9041,-25.915197,1298.65            27.904083,-25.915197,1298.74            27.904067,-25.915197,1298.83            27.904052,-25.915197,1298.92            27.904037,-25.915197,1298.99            27.904022,-25.915197,1299.09            27.904008,-25.915196,1299.18            27.903994,-25.915194,1299.28            27.90398,-25.915192,1299.38            27.903968,-25.915189,1299.49            27.903958,-25.915186,1299.58            27.90395,-25.915183,1299.68            27.903944,-25.915182,1299.77            27.903941,-25.915183,1299.87            27.903938,-25.915188,1299.96            27.903934,-25.915194,1300.05            27.903929,-25.915204,1300.12            27.903924,-25.915218,1300.18            27.90392,-25.915234,1300.27            27.903918,-25.915251,1300.36            27.903916,-25.915266,1300.44            27.903914,-25.915281,1300.52            27.903913,-25.915296,1300.59            27.903914,-25.915311,1300.65            27.903915,-25.915326,1300.71            27.903917,-25.915339,1300.77            27.903916,-25.915353,1300.82            27.903913,-25.915367,1300.86            27.903909,-25.915382,1300.9            27.903904,-25.915396,1300.94            27.903902,-25.915411,1300.97            27.903901,-25.915426,1301            27.9039,-25.915441,1301.02            27.903899,-25.915456,1301.03            27.903898,-25.915471,1301.04            27.903895,-25.915485,1301.04            27.903893,-25.915498,1301.04            27.903891,-25.915512,1301.05            27.903888,-25.915526,1301.05            27.903886,-25.915539,1301.06            27.903885,-25.915553,1301.06            27.903883,-25.915566,1301.07            27.903881,-25.915579,1301.07            27.90388,-25.915593,1301.07            27.903878,-25.915606,1301.06            27.903878,-25.915619,1301.07            27.903878,-25.915632,1301.06            27.903879,-25.915645,1301.06            27.903879,-25.915658,1301.06            27.903878,-25.915671,1301.07            27.903878,-25.915684,1301.07            27.903876,-25.915697,1301.09            27.903875,-25.915711,1301.11            27.903874,-25.915723,1301.13            27.903875,-25.915735,1301.14            27.903877,-25.915747,1301.13            27.903881,-25.915758,1301.13            27.903886,-25.91577,1301.12            27.903892,-25.915782,1301.11            27.9039,-25.915793,1301.1            27.903909,-25.915804,1301.08            27.903919,-25.915815,1301.08            27.903929,-25.915825,1301.06            27.903941,-25.915834,1301.03            27.903953,-25.915842,1301            27.903965,-25.91585,1300.96            27.903977,-25.915859,1300.93            27.90399,-25.915867,1300.91            27.904004,-25.915874,1300.89            27.904018,-25.91588,1300.88            27.904033,-25.915884,1300.86            27.904049,-25.915887,1300.85            27.904064,-25.91589,1300.83            27.90408,-25.915892,1300.81            27.904095,-25.915895,1300.79            27.904111,-25.915898,1300.78            27.904127,-25.915901,1300.78            27.904143,-25.915904,1300.76            27.904158,-25.915907,1300.74            27.904174,-25.915908,1300.69            27.90419,-25.915908,1300.65            27.904206,-25.915909,1300.61            27.904221,-25.915909,1300.58            27.904237,-25.915911,1300.53            27.904253,-25.915914,1300.48            27.904268,-25.915917,1300.42            27.904284,-25.91592,1300.35            27.9043,-25.915922,1300.28            27.904315,-25.915924,1300.2            27.904331,-25.915926,1300.12            27.904347,-25.915928,1300.03            27.904364,-25.91593,1299.94            27.90438,-25.915931,1299.84            27.904397,-25.915933,1299.72            27.904413,-25.915935,1299.6            27.90443,-25.915937,1299.49            27.904447,-25.915938,1299.37            27.904464,-25.91594,1299.26            27.904482,-25.915942,1299.15            27.9045,-25.915944,1299.03            27.904517,-25.915947,1298.91            27.904535,-25.91595,1298.79            27.904553,-25.915954,1298.67            27.904572,-25.915958,1298.55            27.90459,-25.915962,1298.44            27.904609,-25.915964,1298.32            27.904628,-25.915966,1298.21            27.904648,-25.915968,1298.09            27.904667,-25.91597,1297.98            27.904686,-25.915973,1297.86            27.904706,-25.915976,1297.71            27.904728,-25.915978,1297.58            27.904751,-25.915978,1297.45            27.904774,-25.91598,1297.29            27.904797,-25.915982,1297.11            27.904819,-25.915983,1296.94            27.904841,-25.915985,1296.76            27.904862,-25.915984,1296.56            27.904883,-25.915981,1296.34            27.904903,-25.915978,1296.12            27.904922,-25.915975,1295.9            27.90494,-25.915971,1295.69            27.904958,-25.915966,1295.47            27.904975,-25.915961,1295.23            27.904991,-25.915954,1295            27.905006,-25.915947,1294.8            27.905019,-25.915941,1294.61            27.905031,-25.915933,1294.43            27.905041,-25.915924,1294.27            27.90505,-25.915913,1294.12            27.90506,-25.915903,1293.99            27.905072,-25.915893,1293.87            27.905086,-25.915886,1293.75            27.9051,-25.915879,1293.66            27.905114,-25.915872,1293.55            27.905127,-25.915862,1293.45            27.905138,-25.91585,1293.37            27.905151,-25.915838,1293.31            27.905165,-25.915825,1293.23            27.905179,-25.915812,1293.17            27.905194,-25.915799,1293.11            27.905208,-25.915787,1293.06            27.905221,-25.915774,1293.03            27.905232,-25.915761,1292.99            27.905243,-25.915746,1292.94            27.905252,-25.915729,1292.88            27.905261,-25.915713,1292.85            27.905269,-25.915695,1292.81            27.905277,-25.915678,1292.78            27.905284,-25.915661,1292.76            27.90529,-25.915644,1292.74            27.905296,-25.915626,1292.74            27.905302,-25.915607,1292.74            27.905308,-25.915589,1292.75            27.905314,-25.915571,1292.75            27.905322,-25.915555,1292.75            27.905329,-25.915539,1292.75            27.905337,-25.915522,1292.75            27.905344,-25.915506,1292.75            27.905351,-25.915491,1292.73            27.905357,-25.915476,1292.7            27.905363,-25.915463,1292.63            27.90537,-25.915452,1292.58            27.905378,-25.915443,1292.52            27.905386,-25.915436,1292.46            27.905394,-25.915431,1292.4            27.905404,-25.915428,1292.33            27.905415,-25.915428,1292.27            27.905425,-25.915433,1292.23            27.905434,-25.915441,1292.18            27.905444,-25.915454,1292.14            27.905452,-25.915471,1292.13            27.905457,-25.91549,1292.1            27.905459,-25.915509,1292.07            27.905459,-25.915529,1292.06            27.90546,-25.915549,1292.06            27.905463,-25.915568,1292.06            27.905467,-25.915585,1292.07            27.905471,-25.915602,1292.07            27.905476,-25.915619,1292.07            27.90548,-25.915635,1292.06            27.905484,-25.91565,1292.04            27.905489,-25.915664,1292.02            27.905497,-25.915675,1292.01            27.905508,-25.915682,1292            27.905522,-25.915688,1292            27.905538,-25.915691,1291.99            27.905554,-25.915693,1291.99            27.90557,-25.915694,1291.97            27.905585,-25.915697,1291.95            27.9056,-25.915702,1291.93            27.905613,-25.915714,1291.92            27.905622,-25.915731,1291.9            27.905628,-25.915751,1291.88            27.905632,-25.915773,1291.86            27.905636,-25.915795,1291.82            27.905639,-25.915816,1291.8            27.905641,-25.915837,1291.75            27.905643,-25.915857,1291.71            27.905645,-25.915877,1291.67            27.905646,-25.915897,1291.63            27.905646,-25.915916,1291.59            27.905646,-25.915936,1291.55            27.905646,-25.915955,1291.5            27.905645,-25.915973,1291.46            27.905646,-25.915991,1291.43            27.905649,-25.916008,1291.39            27.905651,-25.916026,1291.37            27.905655,-25.916043,1291.35            27.905658,-25.916061,1291.33            27.905659,-25.916078,1291.31            27.905659,-25.916094,1291.3            27.905658,-25.91611,1291.29            27.905658,-25.916126,1291.29            27.905658,-25.916142,1291.32            27.90566,-25.916159,1291.34            27.905663,-25.916176,1291.37            27.905665,-25.916194,1291.4            27.905668,-25.916212,1291.44            27.90567,-25.91623,1291.46            27.905672,-25.916247,1291.49            27.905674,-25.916265,1291.53            27.905676,-25.916283,1291.56            27.90568,-25.9163,1291.59            27.905684,-25.916318,1291.62            27.905688,-25.916337,1291.64            27.90569,-25.916355,1291.65            27.90569,-25.916373,1291.64            27.90569,-25.91639,1291.63            27.90569,-25.916408,1291.61            27.905692,-25.916425,1291.57            27.905694,-25.916442,1291.52            27.905696,-25.916459,1291.46            27.905698,-25.916476,1291.4            27.905701,-25.916493,1291.37            27.905705,-25.91651,1291.32            27.905707,-25.916527,1291.26            27.905709,-25.916543,1291.19            27.905711,-25.916558,1291.12            27.905712,-25.916573,1291.05            27.905713,-25.916588,1290.99            27.905716,-25.916603,1290.92            27.905719,-25.916617,1290.88            27.905721,-25.916632,1290.85            27.905722,-25.916647,1290.82            27.905722,-25.916663,1290.79            27.905722,-25.91668,1290.79            27.905723,-25.916697,1290.78            27.905724,-25.916714,1290.77            27.905724,-25.916731,1290.76            27.905723,-25.916747,1290.76            27.905722,-25.916764,1290.77            27.90572,-25.91678,1290.8            27.905718,-25.916797,1290.82            27.905714,-25.916813,1290.85            27.90571,-25.916829,1290.87            27.905705,-25.916845,1290.88            27.905698,-25.91686,1290.88            27.90569,-25.916874,1290.89            27.905684,-25.916888,1290.9            27.90568,-25.916902,1290.9            27.905676,-25.916916,1290.9            27.905671,-25.916929,1290.9            27.905667,-25.916942,1290.88            27.905663,-25.916955,1290.87            27.905661,-25.916968,1290.85            27.905657,-25.91698,1290.82            27.905651,-25.916993,1290.79            27.905644,-25.917006,1290.76            27.905637,-25.917021,1290.71            27.905632,-25.917037,1290.66            27.905628,-25.917053,1290.61            27.905624,-25.917069,1290.57            27.905622,-25.917086,1290.53            27.905619,-25.917102,1290.5            27.905618,-25.917119,1290.45            27.905617,-25.917136,1290.42            27.905617,-25.917152,1290.4            27.905617,-25.917168,1290.37            27.905616,-25.917184,1290.36            27.905616,-25.917199,1290.35            27.905616,-25.917214,1290.34            27.905616,-25.917228,1290.34            27.905617,-25.917242,1290.33            27.905617,-25.917256,1290.32            27.905618,-25.917271,1290.32            27.905618,-25.917285,1290.32            27.905617,-25.9173,1290.33            27.905615,-25.917314,1290.34            27.905613,-25.917329,1290.34            27.905611,-25.917344,1290.34            27.90561,-25.917359,1290.34            27.905608,-25.917373,1290.34            27.905607,-25.917385,1290.34            27.905606,-25.917395,1290.34            27.905605,-25.917406,1290.33            27.905604,-25.917417,1290.34            27.905603,-25.91743,1290.33            27.905602,-25.917443,1290.32            27.905601,-25.917456,1290.34            27.905599,-25.91747,1290.35            27.905598,-25.917484,1290.36            27.905596,-25.917499,1290.37            27.905595,-25.917513,1290.38            27.905592,-25.917529,1290.38            27.905589,-25.917545,1290.4            27.905585,-25.917562,1290.42            27.905581,-25.917579,1290.44            27.905577,-25.917595,1290.45            27.905574,-25.917612,1290.46            27.90557,-25.917629,1290.47            27.905566,-25.917645,1290.47            27.90556,-25.917662,1290.47            27.905556,-25.917679,1290.47            27.905552,-25.917695,1290.47            27.905548,-25.917711,1290.48            27.905544,-25.917727,1290.49            27.90554,-25.917743,1290.5            27.905537,-25.917759,1290.5            27.905533,-25.917774,1290.5            27.90553,-25.917789,1290.52            27.905529,-25.917804,1290.53            27.905528,-25.917819,1290.55            27.905527,-25.917833,1290.55            27.905526,-25.917848,1290.56            27.905525,-25.917863,1290.56            27.905523,-25.917879,1290.57            27.905521,-25.917894,1290.58            27.905519,-25.917909,1290.58            27.905518,-25.917925,1290.56            27.905517,-25.917939,1290.55            27.905515,-25.917954,1290.52            27.905514,-25.917969,1290.49            27.905513,-25.917985,1290.46            27.905512,-25.918,1290.42            27.905511,-25.918015,1290.36            27.905512,-25.91803,1290.29            27.905515,-25.918045,1290.23            27.905521,-25.918059,1290.15            27.905531,-25.918071,1290.07            27.905544,-25.918081,1289.97            27.905559,-25.918089,1289.88            27.905575,-25.918096,1289.77            27.905593,-25.918101,1289.65            27.90561,-25.918106,1289.53            27.905627,-25.918111,1289.4            27.905645,-25.918115,1289.26            27.905662,-25.918119,1289.12            27.90568,-25.918121,1288.97            27.905698,-25.918123,1288.82            27.905716,-25.918124,1288.67            27.905734,-25.918125,1288.51            27.905752,-25.918127,1288.35            27.90577,-25.91813,1288.18            27.905788,-25.918132,1288.02            27.905806,-25.918136,1287.85            27.905824,-25.918139,1287.68            27.905841,-25.918141,1287.52            27.905858,-25.918144,1287.35            27.905875,-25.918147,1287.19            27.905892,-25.91815,1287.03            27.905909,-25.918153,1286.87            27.905926,-25.918155,1286.71            27.905943,-25.918157,1286.56            27.90596,-25.91816,1286.41            27.905976,-25.918163,1286.26            27.905991,-25.918166,1286.1            27.906007,-25.918168,1285.93            27.906022,-25.918171,1285.75            27.906037,-25.918173,1285.58            27.906049,-25.918176,1285.43            27.90606,-25.918178,1285.29            27.90607,-25.918181,1285.14            27.906082,-25.918183,1284.98            27.906095,-25.918185,1284.83            27.90611,-25.918187,1284.68            27.906126,-25.918189,1284.54            27.906142,-25.918192,1284.39            27.906159,-25.918194,1284.25            27.906175,-25.918195,1284.12            27.90619,-25.918195,1283.99            27.906206,-25.918197,1283.86            27.906221,-25.918201,1283.72            27.906235,-25.918204,1283.58            27.906251,-25.918208,1283.45            27.906267,-25.918212,1283.3            27.906284,-25.918214,1283.16            27.906303,-25.918216,1283.02            27.906319,-25.918217,1282.89            27.906337,-25.91822,1282.76            27.906356,-25.918222,1282.63            27.906375,-25.918224,1282.5            27.906394,-25.918226,1282.37            27.906413,-25.918228,1282.23            27.906431,-25.918229,1282.1            27.90645,-25.918229,1281.98            27.906468,-25.918225,1281.86            27.906485,-25.918218,1281.75            27.906501,-25.918209,1281.63            27.906516,-25.918198,1281.53            27.906528,-25.918185,1281.44            27.906536,-25.91817,1281.37            27.906541,-25.918153,1281.31            27.906546,-25.918135,1281.24            27.906549,-25.918118,1281.18            27.906553,-25.918102,1281.13            27.906556,-25.918086,1281.11            27.906558,-25.91807,1281.1            27.906557,-25.918054,1281.1            27.906555,-25.918038,1281.1            27.906554,-25.918022,1281.11            27.906552,-25.918007,1281.11            27.906553,-25.917991,1281.12            27.906555,-25.917976,1281.14            27.906558,-25.91796,1281.17            27.90656,-25.917945,1281.2            27.906561,-25.91793,1281.22            27.906562,-25.917915,1281.23            27.906565,-25.9179,1281.24            27.906569,-25.917886,1281.24            27.906574,-25.917871,1281.24            27.906578,-25.917857,1281.23            27.90658,-25.917842,1281.22            27.906581,-25.917827,1281.19            27.906581,-25.917813,1281.17            27.906582,-25.917797,1281.12            27.906586,-25.917782,1281.08            27.90659,-25.917767,1281.02            27.906593,-25.917751,1280.98            27.906595,-25.917735,1280.94            27.906598,-25.917719,1280.9            27.906602,-25.917702,1280.87            27.906608,-25.917685,1280.82            27.906614,-25.917668,1280.79            27.906619,-25.917651,1280.76            27.906624,-25.917634,1280.73            27.906629,-25.917617,1280.7            27.906634,-25.917599,1280.68            27.906638,-25.917582,1280.67            27.906642,-25.917564,1280.65            27.906646,-25.917546,1280.63            27.906651,-25.917528,1280.63            27.906657,-25.917509,1280.62            27.906662,-25.91749,1280.61            27.906667,-25.917472,1280.6            27.906673,-25.917454,1280.57            27.90668,-25.917436,1280.55            27.906687,-25.917419,1280.54            27.906695,-25.917402,1280.54            27.906702,-25.917385,1280.52            27.906708,-25.917368,1280.5            27.906715,-25.917351,1280.5            27.906722,-25.917335,1280.51            27.906729,-25.91732,1280.53            27.906736,-25.917304,1280.56            27.906743,-25.917289,1280.57            27.906749,-25.917274,1280.58            27.906754,-25.917259,1280.59            27.906759,-25.917245,1280.61            27.906765,-25.917231,1280.63            27.906771,-25.917217,1280.65            27.906776,-25.917202,1280.65            27.906781,-25.917187,1280.64            27.906784,-25.917172,1280.64            27.906788,-25.917157,1280.63            27.906791,-25.917142,1280.61            27.906794,-25.917127,1280.59            27.906797,-25.917113,1280.56            27.9068,-25.917098,1280.53            27.906803,-25.917083,1280.51            27.906806,-25.917068,1280.49            27.906809,-25.917054,1280.48            27.906812,-25.917041,1280.46            27.906815,-25.917029,1280.44            27.906818,-25.917017,1280.41            27.906821,-25.917004,1280.39            27.906825,-25.91699,1280.37            27.906829,-25.916975,1280.35            27.906832,-25.916958,1280.33            27.906834,-25.916941,1280.31            27.906836,-25.916923,1280.3            27.90684,-25.916905,1280.29            27.906843,-25.916889,1280.27            27.906847,-25.916874,1280.27            27.906851,-25.916859,1280.26            27.906856,-25.916845,1280.25            27.90686,-25.91683,1280.24            27.906864,-25.916815,1280.24            27.906868,-25.916797,1280.26            27.906874,-25.916777,1280.29            27.906879,-25.916758,1280.33            27.906883,-25.916739,1280.38            27.906886,-25.91672,1280.42            27.906889,-25.916702,1280.47            27.906891,-25.916684,1280.52            27.906891,-25.916667,1280.57            27.906891,-25.916651,1280.62            27.906891,-25.916636,1280.67            27.906891,-25.916621,1280.74            27.906893,-25.916607,1280.79            27.906895,-25.916592,1280.84            27.906897,-25.916577,1280.9            27.906899,-25.916562,1280.95            27.906901,-25.916547,1281            27.906903,-25.916533,1281.04            27.906904,-25.91652,1281.08            27.906906,-25.916506,1281.11            27.906907,-25.916492,1281.13            27.906908,-25.916479,1281.15            27.906909,-25.916465,1281.16            27.906911,-25.916451,1281.16            27.906913,-25.916437,1281.15            27.906915,-25.916423,1281.13            27.906917,-25.916409,1281.08            27.90692,-25.916394,1281.04            27.906923,-25.916379,1280.98            27.906925,-25.916364,1280.92            27.906927,-25.916349,1280.86            27.90693,-25.916333,1280.79            27.906932,-25.916317,1280.72            27.906935,-25.916301,1280.65            27.906939,-25.916285,1280.57            27.906943,-25.916269,1280.5            27.906947,-25.916253,1280.43            27.906951,-25.916237,1280.37            27.906955,-25.916221,1280.29            27.906959,-25.916205,1280.23            27.906961,-25.916189,1280.19            27.906963,-25.916173,1280.14            27.906964,-25.916156,1280.1            27.906966,-25.916138,1280.05            27.906969,-25.916118,1280.01            27.906972,-25.916098,1279.97            27.906974,-25.916079,1279.94            27.906977,-25.91606,1279.9            27.90698,-25.91604,1279.85            27.906983,-25.916021,1279.81            27.906985,-25.916002,1279.77            27.906987,-25.915984,1279.73            27.90699,-25.915965,1279.7            27.906992,-25.915947,1279.67            27.906995,-25.915929,1279.64            27.906996,-25.915911,1279.63            27.906998,-25.915894,1279.61            27.907001,-25.915877,1279.6            27.907004,-25.915861,1279.61            27.907008,-25.915845,1279.62            27.90701,-25.915831,1279.66            27.907012,-25.915816,1279.7            27.907012,-25.915801,1279.75            27.907012,-25.915786,1279.8            27.907012,-25.91577,1279.87            27.907014,-25.915754,1279.93            27.907015,-25.915739,1280            27.907018,-25.915724,1280.05            27.90702,-25.915709,1280.11            27.907022,-25.915695,1280.16            27.907023,-25.915681,1280.22            27.907024,-25.915667,1280.27            27.907025,-25.915653,1280.31            27.907026,-25.91564,1280.36            27.907027,-25.915626,1280.39            27.907027,-25.915613,1280.43            27.907028,-25.915599,1280.47            27.907028,-25.915585,1280.51            27.907028,-25.915571,1280.53            27.907027,-25.915557,1280.54            27.907026,-25.915544,1280.54            27.907026,-25.91553,1280.53            27.907025,-25.915516,1280.53            27.907024,-25.915502,1280.53            27.907022,-25.915489,1280.54            27.907019,-25.915475,1280.55            27.907014,-25.915462,1280.57            27.907008,-25.91545,1280.58            27.907001,-25.915438,1280.6            27.906994,-25.915427,1280.63            27.906985,-25.915416,1280.69            27.906975,-25.915406,1280.76            27.906963,-25.915397,1280.83            27.906949,-25.915391,1280.91            27.906934,-25.915387,1281            27.906918,-25.915385,1281.09            27.906902,-25.915384,1281.2            27.906886,-25.915384,1281.31            27.90687,-25.915384,1281.42            27.906855,-25.915385,1281.53            27.90684,-25.915386,1281.65            27.906825,-25.915386,1281.76            27.90681,-25.915386,1281.88            27.906795,-25.915387,1282            27.906779,-25.915388,1282.12            27.906764,-25.91539,1282.22            27.906749,-25.915391,1282.34            27.906734,-25.915392,1282.45            27.906719,-25.915393,1282.56            27.906704,-25.915393,1282.66            27.906689,-25.915394,1282.76            27.906675,-25.915395,1282.86            27.906661,-25.915395,1282.96            27.906646,-25.915396,1283.05            27.906632,-25.915396,1283.14            27.906618,-25.915396,1283.24            27.906603,-25.915396,1283.35            27.906589,-25.915396,1283.45            27.906575,-25.915396,1283.56            27.90656,-25.915397,1283.68            27.906546,-25.915397,1283.81            27.906532,-25.915398,1283.94            27.906518,-25.915399,1284.1            27.906503,-25.9154,1284.26            27.906489,-25.915401,1284.43            27.906475,-25.915401,1284.6            27.906461,-25.915399,1284.78            27.906447,-25.915398,1284.96            27.906433,-25.915397,1285.15            27.906419,-25.915396,1285.35            27.906405,-25.915395,1285.54            27.906391,-25.915395,1285.72            27.906377,-25.915395,1285.9            27.906363,-25.915395,1286.07            27.906349,-25.915395,1286.21            27.906334,-25.915396,1286.36            27.90632,-25.915397,1286.52            27.906305,-25.915398,1286.69            27.906291,-25.915399,1286.84            27.906277,-25.9154,1286.96            27.906263,-25.915401,1287.09            27.906249,-25.915403,1287.22            27.906235,-25.915404,1287.34            27.90622,-25.915405,1287.45            27.906206,-25.915407,1287.57            27.906192,-25.915408,1287.69            27.906178,-25.91541,1287.81            27.906164,-25.915411,1287.92            27.906149,-25.915411,1288.04            27.906135,-25.915411,1288.16            27.90612,-25.91541,1288.26            27.906106,-25.915409,1288.36            27.906092,-25.915408,1288.45            27.906077,-25.915407,1288.56            27.906062,-25.915407,1288.66            27.906048,-25.915408,1288.76            27.906033,-25.915408,1288.86            27.906018,-25.91541,1288.96            27.906004,-25.915411,1289.06            27.90599,-25.915412,1289.15            27.905975,-25.915414,1289.25            27.905961,-25.915415,1289.36            27.905948,-25.915417,1289.46            27.905934,-25.91542,1289.57            27.905921,-25.915423,1289.68            27.905908,-25.915427,1289.79            27.905895,-25.915431,1289.92            27.905883,-25.915437,1290.05            27.90587,-25.915444,1290.17            27.905858,-25.915452,1290.28            27.905846,-25.915459,1290.4            27.905834,-25.915467,1290.5            27.905822,-25.915474,1290.59            27.905811,-25.915483,1290.67            27.9058,-25.915492,1290.73            27.90579,-25.915503,1290.79            27.905781,-25.915513,1290.87            27.905772,-25.915524,1290.94            27.905764,-25.915534,1291.01            27.905756,-25.915545,1291.07            27.905749,-25.915557,1291.12            27.905742,-25.915569,1291.16            27.905735,-25.91558,1291.2            27.905728,-25.915591,1291.25            27.905721,-25.915602,1291.29            27.905713,-25.915612,1291.34            27.905704,-25.915622,1291.38            27.905694,-25.915632,1291.45            27.905684,-25.915642,1291.51            27.905674,-25.915651,1291.58            27.905662,-25.915659,1291.65            27.90565,-25.915665,1291.74            27.905637,-25.915671,1291.82            27.905623,-25.915675,1291.91            27.905608,-25.915678,1292.01            27.905594,-25.91568,1292.12            27.90558,-25.915681,1292.22            27.905568,-25.915682,1292.32            27.905556,-25.915682,1292.43            27.905545,-25.91568,1292.55            27.905534,-25.915679,1292.64            27.905524,-25.915676,1292.71            27.905514,-25.915674,1292.77            27.905504,-25.91567,1292.82            27.905495,-25.915666,1292.87            27.905484,-25.91566,1292.92            27.905473,-25.915652,1292.95            27.905464,-25.915642,1292.97            27.905457,-25.91563,1292.95            27.905452,-25.915617,1292.92            27.905447,-25.915604,1292.88            27.905444,-25.915589,1292.81            27.90544,-25.915574,1292.72            27.905438,-25.915558,1292.64            27.905437,-25.915544,1292.57            27.905436,-25.915529,1292.51            27.905436,-25.915515,1292.46            27.905435,-25.915502,1292.41            27.905433,-25.915489,1292.39            27.905429,-25.915477,1292.38            27.905425,-25.915465,1292.39            27.90542,-25.915455,1292.4            27.905414,-25.91545,1292.42            27.905406,-25.91545,1292.45            27.905397,-25.915455,1292.5            27.905386,-25.915463,1292.56            27.905377,-25.915475,1292.64            27.90537,-25.915488,1292.71            27.905364,-25.915501,1292.79            27.90536,-25.915514,1292.89            27.905356,-25.915528,1292.99            27.905352,-25.915542,1293.1            27.905346,-25.915556,1293.21            27.905339,-25.915569,1293.32            27.905333,-25.915582,1293.44            27.905327,-25.915596,1293.56            27.905323,-25.915609,1293.68            27.905318,-25.915622,1293.82            27.905312,-25.915635,1293.96            27.905306,-25.915648,1294.1            27.9053,-25.915662,1294.21            27.905295,-25.915675,1294.33            27.90529,-25.915689,1294.45            27.905285,-25.915702,1294.57            27.90528,-25.915715,1294.67            27.905274,-25.915728,1294.76            27.905268,-25.915741,1294.86            27.905262,-25.915753,1294.94            27.905256,-25.915766,1295.01            27.905249,-25.915779,1295.07            27.905242,-25.915792,1295.12            27.905233,-25.915804,1295.14            27.905225,-25.915816,1295.13            27.905215,-25.915828,1295.1            27.905205,-25.91584,1295.06            27.905195,-25.91585,1294.99            27.905183,-25.915859,1294.9            27.90517,-25.915868,1294.83            27.905157,-25.915877,1294.74            27.905144,-25.915886,1294.65            27.905131,-25.915895,1294.56            27.905118,-25.915904,1294.47            27.905107,-25.915914,1294.38            27.905095,-25.915924,1294.31            27.905084,-25.915932,1294.25            27.905071,-25.91594,1294.22            27.905058,-25.915947,1294.19            27.905045,-25.915954,1294.19            27.905032,-25.915961,1294.2            27.905018,-25.915966,1294.24            27.905003,-25.915972,1294.27            27.904989,-25.915977,1294.32            27.904975,-25.915982,1294.4            27.90496,-25.915987,1294.52            27.904945,-25.915992,1294.65            27.90493,-25.915995,1294.8            27.904915,-25.915999,1294.93            27.9049,-25.916002,1295.1            27.904885,-25.916003,1295.27            27.90487,-25.916003,1295.44            27.904854,-25.916003,1295.61            27.904839,-25.916003,1295.77            27.904823,-25.916002,1295.94            27.904806,-25.916,1296.11            27.904789,-25.915998,1296.27            27.904772,-25.915996,1296.42            27.904757,-25.915995,1296.56            27.904742,-25.915994,1296.68            27.904727,-25.915992,1296.8            27.904713,-25.915989,1296.9            27.904698,-25.915987,1296.98            27.904683,-25.915985,1297.07            27.904668,-25.915983,1297.16            27.904653,-25.915981,1297.22            27.904637,-25.915979,1297.29            27.904622,-25.915976,1297.34            27.904607,-25.915974,1297.38            27.904592,-25.915973,1297.43            27.904576,-25.915972,1297.45            27.904561,-25.915971,1297.48            27.904545,-25.91597,1297.51            27.90453,-25.915968,1297.54            27.904515,-25.915966,1297.57            27.9045,-25.915965,1297.6            27.904485,-25.915964,1297.63            27.90447,-25.915962,1297.68            27.904455,-25.91596,1297.73            27.90444,-25.915958,1297.79            27.904425,-25.915957,1297.86            27.904411,-25.915956,1297.93            27.904396,-25.915955,1298            27.904381,-25.915953,1298.09            27.904366,-25.915952,1298.18            27.904351,-25.91595,1298.29            27.904336,-25.915948,1298.41            27.904322,-25.915946,1298.53            27.904307,-25.915944,1298.65            27.904292,-25.915943,1298.78            27.904278,-25.915941,1298.91            27.904264,-25.915939,1299.05            27.904249,-25.915936,1299.21            27.904235,-25.915934,1299.38            27.90422,-25.915931,1299.55            27.904205,-25.915928,1299.73            27.90419,-25.915925,1299.9            27.904175,-25.915923,1300.08            27.904159,-25.915921,1300.26            27.904144,-25.915919,1300.44            27.904129,-25.915916,1300.61            27.904114,-25.915914,1300.79            27.904099,-25.915911,1300.94            27.904085,-25.915908,1301.09            27.90407,-25.915905,1301.23            27.904056,-25.915901,1301.37            27.904041,-25.915897,1301.5            27.904026,-25.915893,1301.6            27.904011,-25.91589,1301.68            27.903997,-25.915886,1301.73            27.903982,-25.915882,1301.74            27.903968,-25.915878,1301.74            27.903954,-25.915872,1301.72            27.90394,-25.915864,1301.7            27.903928,-25.915855,1301.68            27.903916,-25.915845,1301.64            27.903905,-25.915834,1301.6            27.903895,-25.915823,1301.51            27.903885,-25.915811,1301.44            27.903877,-25.915798,1301.36            27.903869,-25.915784,1301.26            27.903861,-25.915771,1301.16            27.903854,-25.915756,1301.07            27.903848,-25.915742,1300.96            27.903844,-25.915726,1300.85            27.903841,-25.91571,1300.73            27.903841,-25.915693,1300.62            27.903842,-25.915675,1300.52            27.903843,-25.915657,1300.41            27.903845,-25.91564,1300.28            27.903847,-25.915623,1300.16            27.903849,-25.915605,1300.05            27.903852,-25.915584,1299.95            27.903856,-25.915561,1299.85            27.903859,-25.915539,1299.74            27.903861,-25.915518,1299.66            27.903864,-25.915496,1299.58            27.903868,-25.915474,1299.51            27.903871,-25.915454,1299.44            27.903875,-25.915434,1299.38            27.90388,-25.915415,1299.32            27.903883,-25.915396,1299.27            27.903887,-25.915377,1299.23            27.903889,-25.915358,1299.18            27.903891,-25.91534,1299.15            27.903893,-25.915321,1299.13            27.903894,-25.915303,1299.14            27.903896,-25.915286,1299.15            27.903899,-25.915268,1299.15            27.903902,-25.915252,1299.16            27.903906,-25.915236,1299.15            27.903912,-25.915222,1299.15            27.90392,-25.915209,1299.14            27.903929,-25.915198,1299.13            27.90394,-25.915188,1299.1            27.903953,-25.915178,1299.09            27.903968,-25.91517,1299.08            27.903986,-25.915163,1299.06            27.904005,-25.91516,1299.03            27.904025,-25.915158,1298.99            27.904044,-25.915159,1298.93            27.904064,-25.91516,1298.86            27.904083,-25.915159,1298.81            27.904101,-25.915158,1298.76            27.904118,-25.915158,1298.71            27.904133,-25.915157,1298.68            27.904146,-25.915154,1298.64            27.904158,-25.915149,1298.6            27.904169,-25.915141,1298.55            27.904178,-25.915129,1298.49            27.904184,-25.915114,1298.45            27.904185,-25.915098,1298.42            27.904182,-25.915081,1298.37            27.904175,-25.915064,1298.33            27.904167,-25.915046,1298.29            27.904158,-25.915029,1298.24            27.904146,-25.915012,1298.21            27.904133,-25.914996,1298.18            27.90412,-25.914982,1298.14            27.904106,-25.914968,1298.1            27.90409,-25.914955,1298.07            27.904074,-25.914943,1298.05            27.904056,-25.914932,1298.02            27.904038,-25.914923,1298            27.90402,-25.914913,1297.97            27.904003,-25.914903,1297.94            27.903986,-25.914893,1297.92            27.903969,-25.914882,1297.87            27.903952,-25.91487,1297.83            27.903937,-25.914858,1297.78            27.903922,-25.914846,1297.72            27.903907,-25.914834,1297.66            27.903892,-25.914823,1297.62            27.903876,-25.914813,1297.58            27.90386,-25.914803,1297.54            27.903846,-25.914792,1297.52            27.903833,-25.91478,1297.48            27.903821,-25.914767,1297.45            27.90381,-25.914754,1297.4            27.903797,-25.914742,1297.34            27.903783,-25.914732,1297.29            27.903768,-25.914722,1297.24            27.903753,-25.914714,1297.19            27.903737,-25.914707,1297.14            27.903721,-25.914702,1297.11            27.903706,-25.914697,1297.08            27.903692,-25.914693,1297.04            27.903678,-25.914691,1297            27.903664,-25.914691,1296.95            27.903649,-25.914692,1296.89            27.903633,-25.914693,1296.83            27.903616,-25.914694,1296.76            27.903598,-25.914695,1296.69            27.90358,-25.914697,1296.61            27.903563,-25.914699,1296.54            27.903547,-25.9147,1296.47            27.90353,-25.914701,1296.43            27.903514,-25.914702,1296.37            27.903498,-25.914703,1296.32            27.903481,-25.914704,1296.28            27.903465,-25.914705,1296.26            27.903449,-25.914706,1296.24            27.903434,-25.914709,1296.23            27.903418,-25.914711,1296.22            27.903403,-25.914713,1296.22            27.903388,-25.914716,1296.22            27.903373,-25.91472,1296.23            27.903359,-25.914725,1296.24            27.903346,-25.914732,1296.26            27.903333,-25.914739,1296.28            27.903321,-25.914746,1296.3            27.903307,-25.914752,1296.31            27.903291,-25.914755,1296.33            27.903274,-25.914759,1296.35            27.903257,-25.914764,1296.36            27.903241,-25.914771,1296.37            27.903225,-25.914778,1296.38            27.903207,-25.914783,1296.4            27.903189,-25.914788,1296.44            27.903171,-25.914794,1296.46            27.903152,-25.914799,1296.49            27.903133,-25.914803,1296.52            27.903113,-25.914806,1296.54            27.903093,-25.914809,1296.57            27.903072,-25.914812,1296.61            27.903052,-25.914815,1296.64            27.903032,-25.914817,1296.65            27.903012,-25.914819,1296.67            27.902992,-25.91482,1296.71            27.902973,-25.914822,1296.74            27.902952,-25.914822,1296.8            27.902932,-25.914823,1296.83            27.902913,-25.914823,1296.84            27.902894,-25.914823,1296.83            27.902875,-25.914822,1296.81            27.902857,-25.91482,1296.78            27.902839,-25.914818,1296.72            27.902823,-25.914815,1296.65            27.902807,-25.914811,1296.56            27.902793,-25.914806,1296.46            27.90278,-25.914801,1296.33            27.902767,-25.914794,1296.21            27.902755,-25.914786,1296.09            27.902743,-25.914777,1295.94            27.902735,-25.914764,1295.81            27.902731,-25.914748,1295.69            27.902733,-25.914732,1295.56            27.902738,-25.914714,1295.44            27.902747,-25.914696,1295.33            27.902758,-25.914679,1295.24            27.902771,-25.914662,1295.17            27.902783,-25.914645,1295.1            27.902794,-25.914627,1295.02            27.902804,-25.91461,1294.95            27.902813,-25.914592,1294.87            27.902823,-25.914575,1294.8            27.902834,-25.914557,1294.72            27.902843,-25.91454,1294.63            27.902852,-25.914523,1294.53            27.902861,-25.914506,1294.43            27.902871,-25.914489,1294.33            27.90288,-25.914472,1294.22            27.902889,-25.914455,1294.11            27.902898,-25.914438,1294.01            27.902906,-25.914421,1293.89            27.902914,-25.914405,1293.8            27.902922,-25.914388,1293.7            27.902931,-25.914372,1293.6            27.902939,-25.914357,1293.51            27.902948,-25.914341,1293.42            27.902957,-25.914325,1293.34            27.902966,-25.91431,1293.27            27.902976,-25.914293,1293.21            27.902986,-25.914277,1293.14            27.902997,-25.914261,1293.08            27.903007,-25.914246,1293.02            27.903018,-25.91423,1292.97            27.903028,-25.914215,1292.95            27.903037,-25.9142,1292.94            27.903046,-25.914185,1292.96            27.903055,-25.914171,1292.96            27.903063,-25.914158,1292.97            27.903071,-25.914145,1292.99            27.903081,-25.914134,1293.02            27.903092,-25.914124,1293.04            27.903105,-25.914116,1293.06            27.903117,-25.914109,1293.07            27.903131,-25.914104,1293.07            27.903145,-25.914103,1293.04            27.903161,-25.914104,1293.02            27.903179,-25.914105,1292.98            27.903198,-25.914107,1292.93            27.903218,-25.914107,1292.88            27.903239,-25.914108,1292.82            27.903258,-25.91411,1292.78            27.903276,-25.914112,1292.73            27.903294,-25.914114,1292.69            27.903311,-25.914116,1292.65            27.903327,-25.914119,1292.61            27.903345,-25.914122,1292.57            27.903363,-25.914123,1292.55            27.903381,-25.914124,1292.53            27.903398,-25.914125,1292.52            27.903416,-25.914127,1292.51            27.903434,-25.914129,1292.49            27.903453,-25.91413,1292.49            27.903471,-25.91413,1292.5            27.903489,-25.914129,1292.51            27.903507,-25.914128,1292.53            27.903524,-25.914127,1292.53            27.903541,-25.914128,1292.52            27.903559,-25.914128,1292.52            27.903576,-25.914128,1292.51            27.903593,-25.914128,1292.52            27.903609,-25.914127,1292.54            27.903624,-25.914127,1292.56            27.903639,-25.914127,1292.57            27.903654,-25.914128,1292.57            27.903669,-25.91413,1292.56            27.903684,-25.914131,1292.54            27.903698,-25.914134,1292.53            27.903712,-25.914137,1292.53            27.903725,-25.91414,1292.54            27.903736,-25.914145,1292.55            27.903745,-25.914151,1292.56            27.903753,-25.91416,1292.57            27.90376,-25.91417,1292.58            27.903768,-25.914181,1292.59            27.903775,-25.914192,1292.59            27.903782,-25.914202,1292.61            27.903791,-25.914212,1292.62            27.903799,-25.914223,1292.63            27.903808,-25.914234,1292.64            27.903818,-25.914246,1292.64            27.903827,-25.914258,1292.65            27.903836,-25.91427,1292.65            27.903845,-25.914282,1292.67            27.903854,-25.914293,1292.68            27.903863,-25.914304,1292.71            27.903872,-25.914315,1292.74            27.903881,-25.914327,1292.77            27.903889,-25.914338,1292.81            27.903898,-25.914349,1292.84            27.903905,-25.914361,1292.88            27.903911,-25.914374,1292.94            27.903915,-25.914386,1293.01            27.903918,-25.9144,1293.09            27.903919,-25.914413,1293.18            27.903918,-25.914426,1293.27            27.903916,-25.914439,1293.38            27.903914,-25.914452,1293.49            27.903912,-25.914465,1293.6            27.903909,-25.914477,1293.73            27.903906,-25.91449,1293.86            27.903902,-25.914504,1293.99            27.903879,-25.914573,1294.69            27.903874,-25.914586,1294.83            27.90387,-25.914599,1294.98            27.903866,-25.914612,1295.12            27.903863,-25.914624,1295.26            27.903861,-25.914636,1295.4            27.903859,-25.914647,1295.53            27.903857,-25.914659,1295.66            27.903856,-25.914671,1295.78            27.903856,-25.914683,1295.9            27.903856,-25.914695,1296.02            27.903856,-25.914708,1296.13            27.903856,-25.91472,1296.24            27.903856,-25.914732,1296.35            27.903856,-25.914745,1296.45            27.903858,-25.914756,1296.54            27.903861,-25.914768,1296.62            27.903864,-25.91478,1296.71            27.90387,-25.91479,1296.78            27.903878,-25.914799,1296.85            27.903888,-25.914808,1296.92            27.903898,-25.914816,1296.99            27.903909,-25.914823,1297.04            27.90392,-25.914829,1297.08            27.903932,-25.914835,1297.12            27.903944,-25.914842,1297.16            27.903956,-25.914848,1297.19            27.903969,-25.914855,1297.22            27.903982,-25.914863,1297.25            27.903994,-25.91487,1297.28            27.904007,-25.914877,1297.32            27.904018,-25.914884,1297.36            27.904029,-25.914892,1297.39            27.90404,-25.9149,1297.42            27.90405,-25.914908,1297.45            27.904061,-25.914917,1297.49            27.904072,-25.914925,1297.54            27.904084,-25.914934,1297.59            27.904096,-25.914942,1297.64            27.904108,-25.914951,1297.69            27.904119,-25.91496,1297.74            27.90413,-25.914969,1297.78            27.90414,-25.91498,1297.82            27.904149,-25.914991,1297.87            27.904158,-25.915002,1297.91            27.904168,-25.915013,1297.96            27.904177,-25.915025,1298.02            27.904185,-25.915038,1298.08            27.904192,-25.915051,1298.14            27.904197,-25.915063,1298.19            27.904202,-25.915074,1298.25            27.904203,-25.915086,1298.32            27.904204,-25.915098,1298.39            27.904204,-25.91511,1298.46            27.904203,-25.915123,1298.52            27.904202,-25.915137,1298.57            27.904199,-25.915149,1298.63            27.904193,-25.915161,1298.68            27.904182,-25.91517,1298.73            27.90417,-25.915178,1298.76            27.904157,-25.915184,1298.79            27.904144,-25.915188,1298.82            27.904131,-25.915191,1298.85            27.904118,-25.915193,1298.88            27.904103,-25.915194,1298.91            27.904088,-25.915194,1298.93            27.904073,-25.915194,1298.96            27.904058,-25.915194,1298.97            27.904042,-25.915192,1298.99            27.904027,-25.915191,1299.04            27.904012,-25.915191,1299.07            27.903998,-25.915192,1299.11            27.903984,-25.915194,1299.16            27.903972,-25.915198,1299.21            27.903962,-25.915204,1299.26            27.903952,-25.915212,1299.31            27.903944,-25.915222,1299.36            27.903937,-25.915234,1299.41            27.903931,-25.915247,1299.45            27.903927,-25.91526,1299.5            27.903923,-25.915274,1299.56            27.90392,-25.915288,1299.61            27.903917,-25.915303,1299.68            27.903915,-25.915317,1299.73            27.903914,-25.91533,1299.77            27.903912,-25.915344,1299.8            27.90391,-25.915357,1299.84            27.903908,-25.91537,1299.87            27.903906,-25.915384,1299.9            27.903903,-25.915397,1299.91            27.903901,-25.915411,1299.93            27.903899,-25.915425,1299.95            27.903897,-25.915439,1299.96            27.903895,-25.915454,1299.97            27.903893,-25.915467,1299.97            27.903891,-25.915481,1299.98            27.903888,-25.915495,1300            27.903887,-25.915508,1300.01            27.903885,-25.915522,1300.02            27.903884,-25.915536,1300.02            27.903883,-25.91555,1300.03            27.903882,-25.915564,1300.03            27.903881,-25.915577,1300.03            27.903881,-25.915591,1300.04            27.903881,-25.915605,1300.07            27.903882,-25.915619,1300.09            27.903882,-25.915633,1300.13            27.903882,-25.915646,1300.18            27.903881,-25.915659,1300.22            27.90388,-25.915673,1300.27            27.903878,-25.915686,1300.31            27.903878,-25.915699,1300.35            27.903878,-25.915712,1300.4            27.903879,-25.915725,1300.47            27.90388,-25.915738,1300.52            27.903882,-25.915752,1300.57            27.903886,-25.915765,1300.61            27.903893,-25.915777,1300.64            27.903901,-25.915789,1300.68            27.90391,-25.915801,1300.71            27.903919,-25.915813,1300.72            27.90393,-25.915825,1300.73            27.903941,-25.915835,1300.73            27.903954,-25.915844,1300.73            27.903968,-25.915853,1300.73            27.903982,-25.91586,1300.71            27.903997,-25.915865,1300.69            27.904013,-25.91587,1300.67            27.904032,-25.915875,1300.63            27.904052,-25.915879,1300.58            27.904071,-25.915883,1300.54            27.90409,-25.915887,1300.49            27.904109,-25.915891,1300.43            27.904128,-25.915894,1300.39            27.904146,-25.915898,1300.32            27.904165,-25.915901,1300.24            27.904184,-25.915904,1300.16            27.904202,-25.915906,1300.07            27.904221,-25.915909,1299.99            27.90424,-25.915911,1299.91            27.90426,-25.915914,1299.82            27.904279,-25.915918,1299.72            27.904298,-25.915921,1299.63            27.904318,-25.915924,1299.53            27.904339,-25.915926,1299.43            27.904359,-25.915927,1299.32            27.904379,-25.915929,1299.21            27.904398,-25.91593,1299.09            27.904418,-25.915931,1298.95            27.904437,-25.915932,1298.81            27.904456,-25.915934,1298.62            27.904476,-25.915936,1298.44            27.904495,-25.915939,1298.26            27.904515,-25.915942,1298.09            27.904534,-25.915944,1297.92            27.904553,-25.915945,1297.73            27.904573,-25.915947,1297.53            27.904592,-25.915948,1297.33            27.904611,-25.915951,1297.15            27.904629,-25.915953,1296.96            27.904647,-25.915955,1296.77            27.904665,-25.915957,1296.6            27.904684,-25.915958,1296.44            27.904702,-25.915959,1296.27            27.904721,-25.915959,1296.1            27.90474,-25.91596,1295.94            27.904758,-25.915962,1295.79            27.904777,-25.915965,1295.65            27.904795,-25.915967,1295.51            27.904814,-25.915969,1295.38            27.904833,-25.915971,1295.25            27.904851,-25.915971,1295.12            27.90487,-25.915971,1294.99            27.904888,-25.91597,1294.87            27.904905,-25.915969,1294.77            27.904922,-25.915968,1294.68            27.90494,-25.915966,1294.59            27.904957,-25.915962,1294.51            27.904974,-25.915957,1294.44            27.90499,-25.915951,1294.38            27.905005,-25.915943,1294.32            27.90502,-25.915934,1294.27            27.905034,-25.915925,1294.22            27.905048,-25.915916,1294.18            27.905061,-25.915906,1294.14            27.905075,-25.915897,1294.11            27.905089,-25.915888,1294.07            27.905103,-25.915878,1294.03            27.905117,-25.915869,1294            27.905131,-25.915858,1293.96            27.905144,-25.915848,1293.94            27.905156,-25.915836,1293.91            27.905168,-25.915825,1293.86            27.90518,-25.915813,1293.82            27.905192,-25.915801,1293.78            27.905204,-25.91579,1293.73            27.905217,-25.91578,1293.67            27.90523,-25.915769,1293.62            27.90524,-25.915757,1293.57            27.905249,-25.915743,1293.52            27.905257,-25.915729,1293.46            27.905265,-25.915715,1293.4            27.905272,-25.9157,1293.34            27.905278,-25.915685,1293.28            27.905284,-25.91567,1293.22            27.90529,-25.915656,1293.13            27.905296,-25.915641,1293.04            27.905301,-25.915626,1292.93            27.905306,-25.915611,1292.85            27.905312,-25.915597,1292.76            27.905317,-25.915582,1292.67            27.905323,-25.915568,1292.58            27.905329,-25.915554,1292.47            27.905335,-25.91554,1292.41            27.90534,-25.915526,1292.36            27.905346,-25.915513,1292.35            27.905353,-25.915501,1292.37            27.905359,-25.915489,1292.39            27.905365,-25.915477,1292.41            27.905371,-25.915465,1292.43            27.905377,-25.915453,1292.45            27.905384,-25.915442,1292.47            27.90539,-25.915433,1292.51            27.905397,-25.915426,1292.55            27.905404,-25.915422,1292.59            27.905412,-25.915423,1292.62            27.90542,-25.915429,1292.64            27.905429,-25.915439,1292.66            27.905438,-25.915453,1292.67            27.905443,-25.915471,1292.67            27.905445,-25.915491,1292.65            27.905447,-25.915511,1292.62            27.90545,-25.915529,1292.59            27.905454,-25.915546,1292.56            27.905457,-25.915563,1292.54            27.90546,-25.91558,1292.5            27.905463,-25.915595,1292.47            27.905467,-25.915611,1292.46            27.905471,-25.915625,1292.46            27.905477,-25.91564,1292.47            27.905484,-25.915653,1292.47            27.905495,-25.915664,1292.46            27.905509,-25.915672,1292.44            27.905524,-25.915677,1292.43            27.90554,-25.91568,1292.42            27.905556,-25.915681,1292.4            27.905571,-25.91568,1292.38            27.905585,-25.915679,1292.35            27.905599,-25.915678,1292.33            27.905612,-25.915681,1292.31            27.905624,-25.915687,1292.28            27.905631,-25.915698,1292.24            27.905633,-25.915713,1292.19            27.905634,-25.91573,1292.13            27.905634,-25.915748,1292.08            27.905635,-25.915766,1292.02            27.905636,-25.915784,1291.96            27.905637,-25.915801,1291.9            27.905639,-25.915818,1291.82            27.905641,-25.915834,1291.75            27.905642,-25.915851,1291.69            27.905644,-25.915867,1291.63            27.905645,-25.915883,1291.58            27.905645,-25.915901,1291.53            27.905646,-25.91592,1291.47            27.905647,-25.915939,1291.43            27.905649,-25.915958,1291.37            27.905651,-25.915977,1291.32            27.905652,-25.915995,1291.26            27.905653,-25.916013,1291.2            27.905653,-25.916032,1291.13            27.905654,-25.91605,1291.05            27.905655,-25.916069,1290.95            27.905657,-25.916089,1290.86            27.905659,-25.916108,1290.77            27.905662,-25.916127,1290.67            27.905665,-25.916146,1290.56            27.905667,-25.916165,1290.46            27.905669,-25.916184,1290.36            27.905671,-25.916203,1290.25            27.905673,-25.916223,1290.15            27.905675,-25.916243,1290.04            27.905676,-25.916263,1289.94            27.905677,-25.916282,1289.85            27.905678,-25.916301,1289.78            27.90568,-25.916321,1289.72            27.905682,-25.91634,1289.66            27.905683,-25.916359,1289.6            27.905684,-25.916377,1289.55            27.905685,-25.916395,1289.49            27.905687,-25.916413,1289.43            27.905689,-25.916431,1289.39            27.90569,-25.916448,1289.34            27.905692,-25.916466,1289.28            27.905696,-25.916483,1289.24            27.9057,-25.9165,1289.2            27.905703,-25.916517,1289.17            27.905704,-25.916535,1289.13            27.905705,-25.916552,1289.11            27.905705,-25.91657,1289.08            27.905705,-25.916587,1289.05            27.905706,-25.916604,1289.04            27.905707,-25.916621,1289.03            27.905708,-25.916638,1289            27.905709,-25.916655,1288.99            27.905712,-25.916672,1288.99            27.905715,-25.916689,1288.99            27.905716,-25.916707,1288.98            27.905718,-25.916724,1288.96            27.905719,-25.91674,1288.95            27.90572,-25.916757,1288.96            27.90572,-25.916775,1288.98            27.905718,-25.916792,1289            27.905715,-25.916808,1289.03            27.905711,-25.916823,1289.07            27.905706,-25.916837,1289.11            27.905703,-25.916851,1289.15            27.905699,-25.916865,1289.21            27.905695,-25.916877,1289.28            27.90569,-25.916889,1289.35            27.905686,-25.916902,1289.42            27.905681,-25.916915,1289.49            27.905677,-25.916928,1289.55            27.905672,-25.916942,1289.61            27.905668,-25.916956,1289.67            27.905663,-25.91697,1289.72            27.905658,-25.916983,1289.75            27.905653,-25.916998,1289.78            27.905648,-25.917013,1289.79            27.905642,-25.917029,1289.8            27.905637,-25.917046,1289.8            27.905631,-25.917062,1289.79            27.905625,-25.917078,1289.78            27.90562,-25.917093,1289.76            27.905617,-25.917109,1289.74            27.905616,-25.917126,1289.72            27.905615,-25.917142,1289.69            27.905615,-25.917159,1289.67            27.905615,-25.917176,1289.65            27.905614,-25.917193,1289.63            27.905612,-25.91721,1289.62            27.90561,-25.917227,1289.61            27.905609,-25.917244,1289.61            27.90561,-25.917261,1289.62            27.905611,-25.917278,1289.64            27.905611,-25.917295,1289.69            27.905608,-25.917311,1289.74            27.905605,-25.917328,1289.8            27.905605,-25.917344,1289.86            27.905604,-25.91736,1289.91            27.905602,-25.917375,1289.97            27.9056,-25.917389,1290.04            27.9056,-25.917403,1290.1            27.905601,-25.917416,1290.18            27.905603,-25.917429,1290.24            27.905605,-25.917442,1290.29            27.905607,-25.917455,1290.34            27.905609,-25.917469,1290.39            27.905608,-25.917483,1290.43            27.905608,-25.917498,1290.46            27.905608,-25.917512,1290.5            27.905607,-25.917526,1290.53            27.905605,-25.917538,1290.55            27.905602,-25.91755,1290.56            27.905598,-25.917562,1290.57            27.905593,-25.917576,1290.57            27.905589,-25.91759,1290.56            27.905584,-25.917604,1290.55            27.905579,-25.917619,1290.54            27.905573,-25.917635,1290.51            27.905568,-25.91765,1290.49            27.905564,-25.917664,1290.46            27.905559,-25.917679,1290.44            27.905553,-25.917694,1290.41            27.905548,-25.91771,1290.37            27.905543,-25.917726,1290.34            27.905539,-25.917743,1290.3            27.905536,-25.917763,1290.24            27.905532,-25.917782,1290.19            27.905528,-25.917801,1290.15            27.905525,-25.91782,1290.09            27.905521,-25.917838,1290.03            27.905517,-25.917856,1289.96            27.905515,-25.917874,1289.89            27.905513,-25.917891,1289.8            27.905511,-25.917909,1289.72            27.905509,-25.917927,1289.64            27.905508,-25.917945,1289.57            27.905507,-25.917962,1289.48            27.905506,-25.91798,1289.4            27.905505,-25.917997,1289.32            27.905505,-25.918013,1289.23            27.905506,-25.91803,1289.13            27.905507,-25.918046,1289.04            27.905511,-25.918061,1288.95            27.905517,-25.918076,1288.84            27.905528,-25.918089,1288.74            27.905541,-25.9181,1288.65            27.905557,-25.91811,1288.54            27.905575,-25.918117,1288.43            27.905594,-25.918122,1288.31            27.905614,-25.918125,1288.2            27.905634,-25.918128,1288.08            27.905654,-25.918131,1287.95            27.905674,-25.918133,1287.83            27.905695,-25.918134,1287.7            27.905716,-25.918135,1287.58            27.905737,-25.918136,1287.45            27.905758,-25.918137,1287.31            27.905778,-25.918139,1287.17            27.905798,-25.918142,1287.04            27.905817,-25.918144,1286.89            27.905837,-25.918147,1286.75            27.905857,-25.918151,1286.61            27.905876,-25.918154,1286.47            27.905895,-25.918157,1286.32            27.905915,-25.918158,1286.16            27.905934,-25.918161,1286.01            27.905952,-25.918165,1285.86            27.905971,-25.91817,1285.69            27.905989,-25.918174,1285.53            27.906007,-25.918177,1285.36            27.906026,-25.918181,1285.19            27.906044,-25.918184,1285.01            27.906063,-25.918186,1284.83            27.906081,-25.918187,1284.65            27.906099,-25.918188,1284.46            27.906117,-25.91819,1284.26            27.906135,-25.918192,1284.07            27.906153,-25.918195,1283.88            27.906171,-25.918198,1283.69            27.906188,-25.918203,1283.51            27.906206,-25.918207,1283.32            27.906223,-25.918211,1283.14            27.906241,-25.918213,1282.97            27.906258,-25.918216,1282.8            27.906276,-25.918218,1282.62            27.906293,-25.918221,1282.43            27.906311,-25.918224,1282.26            27.906329,-25.918226,1282.08            27.906348,-25.918227,1281.91            27.906366,-25.918227,1281.74            27.906385,-25.918229,1281.58            27.906402,-25.918231,1281.42            27.90642,-25.918233,1281.27            27.906437,-25.918234,1281.13            27.906453,-25.918235,1280.99            27.90647,-25.918234,1280.85            27.906487,-25.918232,1280.72            27.906501,-25.918225,1280.6            27.906514,-25.918215,1280.5            27.906525,-25.918203,1280.41            27.906535,-25.91819,1280.34            27.906542,-25.918176,1280.27            27.906547,-25.918161,1280.23            27.906551,-25.918145,1280.21            27.906554,-25.91813,1280.2            27.906557,-25.918114,1280.21            27.90656,-25.918099,1280.21            27.906562,-25.918083,1280.23            27.906564,-25.918067,1280.25            27.906565,-25.918052,1280.29            27.906566,-25.918036,1280.33            27.906566,-25.918021,1280.37            27.906566,-25.918006,1280.42            27.906566,-25.917991,1280.47            27.906568,-25.917975,1280.5            27.90657,-25.917958,1280.52            27.906571,-25.917942,1280.54            27.906573,-25.917925,1280.55            27.906576,-25.917908,1280.55            27.906579,-25.917891,1280.56            27.906581,-25.917874,1280.56            27.906583,-25.917857,1280.55            27.906585,-25.91784,1280.55            27.906586,-25.917822,1280.54            27.906587,-25.917804,1280.52            27.906589,-25.917787,1280.49            27.906593,-25.917769,1280.46            27.906597,-25.917752,1280.44            27.9066,-25.917735,1280.41            27.906603,-25.917717,1280.39            27.906606,-25.9177,1280.37            27.90661,-25.917683,1280.34            27.906614,-25.917666,1280.31            27.906619,-25.917649,1280.3            27.906624,-25.917632,1280.28            27.906629,-25.917615,1280.26            27.906634,-25.917598,1280.24            27.906639,-25.917581,1280.23            27.906643,-25.917564,1280.22            27.906647,-25.917547,1280.22            27.906652,-25.917531,1280.22            27.906657,-25.917514,1280.21            27.906662,-25.917498,1280.2            27.906667,-25.917481,1280.18            27.906672,-25.917465,1280.17            27.906679,-25.91745,1280.16            27.906685,-25.917435,1280.16            27.906691,-25.917419,1280.16            27.906698,-25.917404,1280.16            27.906705,-25.917389,1280.18            27.906712,-25.917374,1280.21            27.906719,-25.917359,1280.24            27.906726,-25.917345,1280.27            27.906732,-25.917332,1280.31            27.906738,-25.917319,1280.35            27.906743,-25.917307,1280.38            27.906747,-25.917294,1280.41            27.906752,-25.91728,1280.44            27.906757,-25.917267,1280.49            27.906763,-25.917255,1280.54            27.906767,-25.917241,1280.56            27.906772,-25.917228,1280.58            27.906777,-25.917214,1280.6            27.906781,-25.917201,1280.6            27.906784,-25.917187,1280.6            27.906787,-25.917173,1280.6            27.906791,-25.917159,1280.57            27.906794,-25.917145,1280.55            27.906798,-25.917131,1280.51            27.906803,-25.917117,1280.45            27.906806,-25.917102,1280.4            27.906809,-25.917087,1280.34            27.906813,-25.917072,1280.28            27.906817,-25.917057,1280.23            27.906821,-25.917042,1280.17            27.906825,-25.917027,1280.12            27.906829,-25.917011,1280.06            27.906832,-25.916995,1280.01            27.906835,-25.916978,1279.96            27.906839,-25.916958,1279.91            27.906843,-25.916939,1279.87            27.906847,-25.916921,1279.83            27.90685,-25.916902,1279.79            27.906853,-25.916885,1279.75            27.906856,-25.916867,1279.72            27.90686,-25.91685,1279.67            27.906864,-25.916834,1279.64            27.906867,-25.916817,1279.62            27.906871,-25.916799,1279.58            27.906875,-25.916782,1279.56            27.906879,-25.916765,1279.55            27.906882,-25.916748,1279.53            27.906885,-25.916731,1279.51            27.906888,-25.916713,1279.51            27.906891,-25.916696,1279.51            27.906893,-25.916678,1279.53            27.906895,-25.916661,1279.56            27.906897,-25.916643,1279.59            27.906899,-25.916625,1279.61            27.906901,-25.916608,1279.63            27.906904,-25.916591,1279.67            27.906906,-25.916575,1279.7            27.906908,-25.91656,1279.74            27.906908,-25.916546,1279.78            27.906909,-25.916532,1279.81            27.906908,-25.916518,1279.85            27.906908,-25.916504,1279.88            27.906909,-25.91649,1279.91            27.906911,-25.916476,1279.94            27.906913,-25.916461,1279.96            27.906916,-25.916447,1279.96            27.906918,-25.916434,1279.97            27.90692,-25.916421,1279.97            27.906921,-25.916407,1279.95            27.906923,-25.916393,1279.94            27.906924,-25.916379,1279.92            27.906926,-25.916365,1279.88            27.906928,-25.916351,1279.85            27.906931,-25.916336,1279.8            27.906935,-25.916321,1279.76            27.906937,-25.916306,1279.72            27.90694,-25.916291,1279.66            27.906943,-25.916276,1279.61            27.906945,-25.916261,1279.57            27.906949,-25.916246,1279.53            27.906952,-25.91623,1279.5            27.906953,-25.916215,1279.45            27.906956,-25.916199,1279.4            27.906959,-25.916183,1279.37            27.906962,-25.916166,1279.35            27.906965,-25.916148,1279.33            27.906968,-25.91613,1279.32            27.906969,-25.916112,1279.32            27.90697,-25.916094,1279.33            27.906972,-25.916077,1279.34            27.906976,-25.91606,1279.36            27.90698,-25.916043,1279.39            27.906984,-25.916027,1279.41            27.906987,-25.91601,1279.43            27.906988,-25.915994,1279.45            27.90699,-25.915977,1279.48            27.906993,-25.91596,1279.48            27.906996,-25.915943,1279.49            27.906999,-25.915926,1279.5            27.907001,-25.915909,1279.48            27.907004,-25.915891,1279.49            27.907007,-25.915875,1279.48            27.90701,-25.915858,1279.45            27.907014,-25.915841,1279.44            27.907017,-25.915824,1279.43            27.90702,-25.915808,1279.4            27.907021,-25.915791,1279.38            27.907023,-25.915774,1279.37            27.907025,-25.915756,1279.33            27.907028,-25.915739,1279.32            27.90703,-25.915721,1279.29            27.907033,-25.915704,1279.26            27.907035,-25.915686,1279.24            27.907036,-25.915668,1279.21            27.907037,-25.91565,1279.19            27.907038,-25.915633,1279.17            27.907039,-25.915615,1279.15            27.907038,-25.915597,1279.12            27.907037,-25.915579,1279.1            27.907036,-25.915561,1279.07            27.907036,-25.915543,1279.05            27.907036,-25.915525,1279.05            27.907036,-25.915507,1279.05            27.907035,-25.91549,1279.06            27.907031,-25.915474,1279.07            27.907026,-25.915458,1279.08            27.90702,-25.915443,1279.09            27.907013,-25.91543,1279.08            27.907005,-25.915418,1279.07            27.906996,-25.915406,1279.07            27.906985,-25.915396,1279.08            27.906972,-25.915388,1279.11            27.906957,-25.915383,1279.13            27.90694,-25.91538,1279.17            27.906923,-25.915379,1279.21            27.906906,-25.915379,1279.26            27.90689,-25.915381,1279.31            27.906875,-25.915383,1279.37            27.90686,-25.915385,1279.44            27.906846,-25.915388,1279.5            27.906832,-25.915389,1279.59            27.906819,-25.91539,1279.69            27.906807,-25.915391,1279.81            27.906793,-25.915392,1279.94            27.906779,-25.915393,1280.07            27.906765,-25.915394,1280.22            27.906751,-25.915394,1280.36            27.906737,-25.915394,1280.52            27.906723,-25.915394,1280.68            27.906709,-25.915395,1280.83            27.906695,-25.915395,1281            27.906682,-25.915396,1281.15            27.906669,-25.915397,1281.29            27.906655,-25.915397,1281.44            27.906642,-25.915397,1281.57            27.906629,-25.915398,1281.71            27.906616,-25.915399,1281.84            27.906603,-25.915401,1281.97            27.90659,-25.915402,1282.08            27.906577,-25.915403,1282.19            27.906564,-25.915403,1282.3            27.906551,-25.915403,1282.41            27.906539,-25.915403,1282.51            27.906526,-25.915404,1282.62            27.906513,-25.915405,1282.74            27.9065,-25.915407,1282.85            27.906486,-25.915408,1282.97            27.906473,-25.915408,1283.09            27.90646,-25.915407,1283.22            27.906448,-25.915406,1283.34            27.906435,-25.915405,1283.47            27.906423,-25.915404,1283.59            27.90641,-25.915403,1283.71            27.906397,-25.915404,1283.83            27.906384,-25.915405,1283.95            27.906371,-25.915407,1284.06            27.906359,-25.915408,1284.17            27.906347,-25.915409,1284.27            27.906335,-25.915411,1284.39            27.906322,-25.915412,1284.5            27.90631,-25.915414,1284.61            27.906297,-25.915416,1284.72            27.906284,-25.915417,1284.83            27.906271,-25.915419,1284.95            27.906258,-25.91542,1285.07            27.906244,-25.915421,1285.19            27.90623,-25.915422,1285.32            27.906216,-25.915422,1285.45            27.906203,-25.915423,1285.58            27.906189,-25.915423,1285.7            27.906175,-25.915423,1285.82            27.906162,-25.915422,1285.93            27.906148,-25.915422,1286.05            27.906134,-25.915422,1286.16            27.906121,-25.915422,1286.28            27.906107,-25.915423,1286.39            27.906094,-25.915424,1286.49            27.90608,-25.915425,1286.59            27.906066,-25.915426,1286.7            27.906052,-25.915426,1286.8            27.906038,-25.915427,1286.9            27.906024,-25.915427,1286.99            27.906011,-25.915427,1287.09            27.905997,-25.915427,1287.18            27.905984,-25.915427,1287.28            27.90597,-25.915428,1287.38            27.905956,-25.915429,1287.47            27.905943,-25.915431,1287.57            27.90593,-25.915434,1287.66            27.905916,-25.915438,1287.74            27.905904,-25.915444,1287.83            27.905891,-25.915449,1287.91            27.905879,-25.915455,1287.98            27.905868,-25.915461,1288.02            27.905856,-25.915468,1288.06            27.905844,-25.915475,1288.11            27.905833,-25.915483,1288.14            27.905823,-25.915491,1288.18            27.905813,-25.915499,1288.21            27.905803,-25.915507,1288.25            27.905794,-25.915516,1288.29            27.905785,-25.915525,1288.33            27.905776,-25.915534,1288.38            27.905768,-25.915543,1288.43            27.905761,-25.915554,1288.48            27.905755,-25.915564,1288.53            27.905749,-25.915574,1288.6            27.905742,-25.915585,1288.69            27.905735,-25.915595,1288.79            27.905727,-25.915605,1288.88            27.90572,-25.915616,1288.98            27.905713,-25.915625,1289.1            27.905705,-25.915635,1289.21            27.905697,-25.915645,1289.34            27.905687,-25.915655,1289.47            27.905676,-25.915663,1289.61            27.905664,-25.91567,1289.77            27.905652,-25.915676,1289.95            27.90564,-25.915682,1290.12            27.905627,-25.915685,1290.28            27.905613,-25.915688,1290.45            27.905599,-25.915689,1290.62            27.905584,-25.915689,1290.79            27.90557,-25.915688,1290.95            27.905555,-25.915687,1291.11            27.905542,-25.915686,1291.26            27.90553,-25.915684,1291.41            27.905518,-25.915683,1291.54            27.905507,-25.915679,1291.65            27.905496,-25.915675,1291.75            27.905486,-25.915668,1291.83            27.905476,-25.91566,1291.9            27.905467,-25.91565,1291.95            27.905459,-25.915638,1292            27.905453,-25.915625,1292.04            27.905449,-25.915612,1292.05            27.905446,-25.915598,1292.05            27.905444,-25.915585,1292.05            27.905444,-25.915571,1292.04            27.905443,-25.915557,1292.01            27.905442,-25.915544,1291.99            27.905441,-25.915532,1291.97            27.905441,-25.91552,1291.96            27.90544,-25.915509,1291.94            27.905439,-25.915498,1291.93            27.905437,-25.915486,1291.93            27.905435,-25.915475,1291.94            27.905431,-25.915465,1291.95            27.905426,-25.915457,1291.98            27.90542,-25.915452,1292.01            27.905412,-25.915451,1292.05            27.905403,-25.915453,1292.08            27.905393,-25.915459,1292.12            27.905384,-25.915469,1292.17            27.905377,-25.915482,1292.22            27.905372,-25.915497,1292.28            27.905367,-25.915511,1292.35            27.905362,-25.915525,1292.41            27.905357,-25.915539,1292.49            27.905353,-25.915552,1292.58            27.905349,-25.915564,1292.66            27.905344,-25.915576,1292.73            27.905339,-25.915587,1292.8            27.905335,-25.915599,1292.88            27.90533,-25.915611,1292.93            27.905325,-25.915622,1292.96            27.90532,-25.915634,1292.99            27.905314,-25.915645,1293.01            27.905309,-25.915657,1293.04            27.905305,-25.915668,1293.07            27.9053,-25.91568,1293.1            27.905296,-25.915692,1293.12            27.905293,-25.915704,1293.15            27.905289,-25.915716,1293.17            27.905286,-25.915729,1293.19            27.905282,-25.915741,1293.2            27.905278,-25.915753,1293.22            27.905273,-25.915766,1293.24            27.905266,-25.915778,1293.26            27.905259,-25.91579,1293.28            27.905251,-25.915801,1293.29            27.905243,-25.915812,1293.32            27.905235,-25.915823,1293.34            27.905225,-25.915833,1293.37            27.905215,-25.915843,1293.4            27.905205,-25.915852,1293.43            27.905194,-25.91586,1293.47            27.905182,-25.915867,1293.5            27.905171,-25.915874,1293.55            27.905159,-25.915881,1293.59            27.905148,-25.915889,1293.62            27.905138,-25.915897,1293.68            27.905127,-25.915905,1293.77            27.905115,-25.915913,1293.85            27.905104,-25.91592,1293.94            27.905092,-25.915927,1294.04            27.905079,-25.915934,1294.15            27.905067,-25.915941,1294.26            27.905054,-25.915948,1294.38            27.905041,-25.915955,1294.5            27.905029,-25.915962,1294.62            27.905017,-25.915969,1294.74            27.905005,-25.915975,1294.87            27.904992,-25.91598,1295            27.904979,-25.915985,1295.13            27.904966,-25.91599,1295.25            27.904953,-25.915993,1295.35            27.904939,-25.915996,1295.45            27.904925,-25.915999,1295.55            27.904911,-25.916001,1295.64            27.904897,-25.916004,1295.72            27.904883,-25.916006,1295.79            27.90487,-25.916007,1295.85            27.904857,-25.916008,1295.91            27.904844,-25.916008,1295.95            27.904831,-25.916007,1296.01            27.904817,-25.916005,1296.06            27.904804,-25.916004,1296.12            27.90479,-25.916002,1296.18            27.904777,-25.916001,1296.23            27.904764,-25.915999,1296.27            27.904751,-25.915997,1296.33            27.904737,-25.915995,1296.4            27.904724,-25.915992,1296.48            27.904711,-25.915991,1296.55            27.904699,-25.915989,1296.61            27.904687,-25.915987,1296.69            27.904674,-25.915984,1296.77            27.904661,-25.915982,1296.85            27.904648,-25.91598,1296.94            27.904635,-25.915978,1297.04            27.904622,-25.915976,1297.15            27.90461,-25.915975,1297.25            27.904598,-25.915973,1297.34            27.904585,-25.915971,1297.42            27.904573,-25.915969,1297.53            27.90456,-25.915967,1297.65            27.904547,-25.915966,1297.77            27.904533,-25.915964,1297.88            27.904519,-25.915963,1297.99            27.904505,-25.915962,1298.1            27.904492,-25.915961,1298.2            27.904478,-25.91596,1298.29            27.904464,-25.915959,1298.39            27.90445,-25.915958,1298.47            27.904436,-25.915957,1298.54            27.904423,-25.915956,1298.61            27.904409,-25.915954,1298.67            27.904395,-25.915952,1298.72            27.904381,-25.915951,1298.76            27.904366,-25.915949,1298.81            27.904351,-25.915948,1298.85            27.904336,-25.915948,1298.88            27.904321,-25.915947,1298.91            27.904306,-25.915946,1298.94            27.904292,-25.915944,1298.98            27.904277,-25.915942,1299.01            27.904263,-25.915939,1299.06            27.904248,-25.915937,1299.09            27.904233,-25.915934,1299.14            27.904219,-25.915932,1299.18            27.904205,-25.915929,1299.23            27.904191,-25.915927,1299.29            27.904177,-25.915925,1299.36            27.904163,-25.915922,1299.4            27.904149,-25.91592,1299.45            27.904135,-25.915917,1299.49            27.904122,-25.915914,1299.53            27.904108,-25.915912,1299.57            27.904095,-25.915909,1299.61            27.904082,-25.915908,1299.63            27.90407,-25.915906,1299.65            27.904057,-25.915904,1299.67            27.904045,-25.915902,1299.7            27.904032,-25.915898,1299.74            27.904019,-25.915895,1299.76            27.904007,-25.915891,1299.78            27.903994,-25.915888,1299.81            27.90398,-25.915884,1299.84            27.903967,-25.915881,1299.87            27.903953,-25.915877,1299.88            27.90394,-25.915871,1299.89            27.903926,-25.915864,1299.88            27.903913,-25.915855,1299.88            27.9039,-25.915843,1299.88            27.903888,-25.915828,1299.87            27.903877,-25.91581,1299.86            27.903869,-25.915793,1299.85            27.903864,-25.915777,1299.83            27.903861,-25.915761,1299.79            27.903859,-25.915744,1299.79            27.903859,-25.915728,1299.77            27.903859,-25.915712,1299.76            27.903858,-25.915693,1299.75            27.903857,-25.915675,1299.74            27.903857,-25.915658,1299.72            27.903857,-25.91564,1299.71            27.903859,-25.915622,1299.69            27.90386,-25.915604,1299.65            27.903862,-25.915586,1299.62            27.903863,-25.915568,1299.59            27.903864,-25.915549,1299.54            27.903864,-25.915527,1299.5            27.903866,-25.915506,1299.44            27.903868,-25.915485,1299.39            27.90387,-25.915464,1299.33            27.90387,-25.915444,1299.27            27.903871,-25.915424,1299.21            27.903872,-25.915404,1299.14            27.903874,-25.915385,1299.06            27.903876,-25.915366,1298.99            27.903879,-25.915347,1298.93            27.903881,-25.915328,1298.87            27.903883,-25.91531,1298.8            27.903885,-25.915292,1298.71            27.903887,-25.915274,1298.65            27.903888,-25.915257,1298.59            27.903889,-25.915241,1298.53            27.903891,-25.915224,1298.46            27.903895,-25.915209,1298.39            27.903902,-25.915195,1298.32            27.903911,-25.915182,1298.24            27.903924,-25.915172,1298.16            27.903942,-25.915167,1298.08            27.903963,-25.915166,1298.02            27.903985,-25.915165,1297.95            27.904007,-25.915164,1297.9            27.904027,-25.915165,1297.87            27.904047,-25.915167,1297.85            27.904066,-25.915171,1297.84            27.904084,-25.915175,1297.83            27.904102,-25.915178,1297.82            27.904119,-25.915179,1297.82            27.904135,-25.915178,1297.82            27.90415,-25.915174,1297.83            27.904164,-25.915167,1297.86            27.904174,-25.915156,1297.88            27.904178,-25.915141,1297.89            27.904176,-25.915124,1297.91            27.904169,-25.915105,1297.93            27.904162,-25.915086,1297.94            27.904154,-25.915068,1297.94            27.904145,-25.91505,1297.95            27.904134,-25.915033,1297.93            27.904123,-25.915016,1297.9            27.904111,-25.915001,1297.87            27.904096,-25.914987,1297.84            27.90408,-25.914974,1297.79            27.904063,-25.914962,1297.74            27.904048,-25.91495,1297.67            27.904033,-25.914937,1297.62            27.904018,-25.914925,1297.55            27.904002,-25.914913,1297.49            27.903986,-25.914903,1297.44            27.903971,-25.914892,1297.39            27.903955,-25.914881,1297.33            27.90394,-25.91487,1297.26            27.903925,-25.91486,1297.2            27.903909,-25.91485,1297.14            27.903894,-25.914841,1297.09            27.903879,-25.914831,1297.05            27.903864,-25.91482,1297            27.90385,-25.914808,1296.96            27.903838,-25.914796,1296.93            27.903827,-25.914782,1296.91            27.903817,-25.914769,1296.89            27.903805,-25.914757,1296.86            27.903793,-25.914745,1296.85            27.90378,-25.914734,1296.88            27.903765,-25.914725,1296.89            27.903748,-25.914718,1296.89            27.90373,-25.914713,1296.91            27.903712,-25.914711,1296.93            27.903694,-25.91471,1296.95            27.903676,-25.91471,1296.95            27.903658,-25.91471,1296.98            27.903641,-25.914709,1296.96            27.903625,-25.91471,1296.95            27.903609,-25.914711,1296.93            27.903593,-25.914712,1296.91            27.903577,-25.914712,1296.87            27.90356,-25.914712,1296.85            27.903543,-25.914713,1296.84            27.903527,-25.914713,1296.83            27.903511,-25.914713,1296.81            27.903495,-25.914715,1296.8            27.903479,-25.914718,1296.77            27.903464,-25.91472,1296.76            27.903448,-25.914722,1296.73            27.903432,-25.914724,1296.72            27.903416,-25.914726,1296.71            27.9034,-25.914729,1296.7            27.903384,-25.914732,1296.7            27.903368,-25.914736,1296.69            27.903351,-25.914742,1296.68            27.903334,-25.914747,1296.66            27.903317,-25.914753,1296.65            27.9033,-25.91476,1296.62            27.903282,-25.914767,1296.6            27.903266,-25.914774,1296.58            27.90325,-25.914781,1296.56            27.903233,-25.914788,1296.53            27.903216,-25.914795,1296.51            27.903198,-25.914802,1296.48            27.903179,-25.914808,1296.45            27.903161,-25.914813,1296.42            27.903142,-25.914818,1296.39            27.903123,-25.914821,1296.35            27.903104,-25.914824,1296.31            27.903085,-25.914826,1296.27            27.903066,-25.914828,1296.23            27.903047,-25.91483,1296.19            27.903028,-25.91483,1296.16            27.903009,-25.91483,1296.13            27.90299,-25.914831,1296.1            27.902971,-25.914831,1296.08            27.902952,-25.914831,1296.05            27.902934,-25.914831,1296.03            27.902915,-25.914832,1295.98            27.902897,-25.914831,1295.94            27.902879,-25.914829,1295.88            27.902862,-25.914827,1295.82            27.902845,-25.914824,1295.76            27.902829,-25.91482,1295.71            27.902813,-25.914816,1295.66            27.902798,-25.91481,1295.59            27.902784,-25.914803,1295.5            27.902771,-25.914795,1295.4            27.902759,-25.914787,1295.3            27.902748,-25.914776,1295.19            27.902742,-25.914762,1295.07            27.902741,-25.914745,1294.97            27.902745,-25.914728,1294.85            27.902752,-25.91471,1294.75            27.902761,-25.914693,1294.63            27.902772,-25.914677,1294.51            27.902783,-25.914661,1294.38            27.902793,-25.914644,1294.26            27.902802,-25.914627,1294.14            27.902812,-25.914611,1294.01            27.902822,-25.914595,1293.91            27.902832,-25.914578,1293.81            27.902841,-25.914561,1293.71            27.902851,-25.914543,1293.63            27.902861,-25.914526,1293.57            27.90287,-25.914509,1293.51            27.90288,-25.914492,1293.46            27.90289,-25.914476,1293.41            27.9029,-25.914461,1293.36            27.902908,-25.914445,1293.32            27.902916,-25.914429,1293.27            27.902925,-25.914413,1293.21            27.902935,-25.914398,1293.15            27.902944,-25.914383,1293.09            27.902953,-25.914368,1293.02            27.90296,-25.914352,1292.95            27.902967,-25.914336,1292.87            27.902974,-25.91432,1292.8            27.902983,-25.914305,1292.72            27.902993,-25.914289,1292.64            27.903002,-25.914274,1292.57            27.903012,-25.914259,1292.5            27.903022,-25.914244,1292.44            27.903032,-25.914229,1292.38            27.903042,-25.914214,1292.33            27.903051,-25.914198,1292.29            27.903061,-25.914183,1292.25            27.90307,-25.914168,1292.21            27.90308,-25.914154,1292.17            27.903092,-25.914141,1292.15            27.903107,-25.91413,1292.13            27.903123,-25.914121,1292.09            27.903142,-25.914116,1292.07            27.903162,-25.914114,1292.03            27.903182,-25.914114,1291.97            27.903202,-25.914114,1291.93            27.903222,-25.914114,1291.9            27.903242,-25.914116,1291.84            27.903261,-25.914118,1291.79            27.90328,-25.91412,1291.73            27.9033,-25.914123,1291.66            27.903319,-25.914125,1291.59            27.903339,-25.914126,1291.54            27.903359,-25.914127,1291.48            27.903378,-25.91413,1291.42            27.903397,-25.914132,1291.4            27.903416,-25.914133,1291.37            27.903436,-25.914133,1291.33            27.903456,-25.914132,1291.31            27.903476,-25.914131,1291.29            27.903496,-25.914131,1291.27            27.903516,-25.91413,1291.27            27.903536,-25.914129,1291.27            27.903556,-25.914127,1291.24            27.903576,-25.914125,1291.24            27.903595,-25.914124,1291.22            27.903614,-25.914123,1291.18            27.903633,-25.914123,1291.15            27.903651,-25.914123,1291.09            27.903669,-25.914121,1291.02            27.903687,-25.91412,1290.94            27.903703,-25.914118,1290.84            27.903718,-25.914113,1290.72            27.903732,-25.914104,1290.59            27.903743,-25.914091,1290.44            27.90375,-25.914075,1290.28            27.903754,-25.914057,1290.12            27.903758,-25.914039,1289.95            27.903763,-25.914021,1289.78            27.903768,-25.914004,1289.61            27.903772,-25.913986,1289.45            27.903776,-25.913968,1289.3            27.903779,-25.91395,1289.16            27.903782,-25.913932,1289.02            27.903784,-25.913914,1288.89            27.903786,-25.913896,1288.77            27.903788,-25.91388,1288.66            27.903789,-25.913863,1288.55            27.903789,-25.913846,1288.45            27.903789,-25.913829,1288.38            27.90379,-25.913812,1288.3            27.903793,-25.913795,1288.22            27.903797,-25.913778,1288.15            27.903804,-25.913762,1288.08            27.903814,-25.913748,1288            27.903826,-25.913735,1287.95            27.90384,-25.913724,1287.89            27.903857,-25.913716,1287.84            27.903876,-25.91371,1287.78            27.903895,-25.913705,1287.74            27.903914,-25.9137,1287.69            27.903933,-25.913697,1287.64            27.903951,-25.913696,1287.59            27.903969,-25.913694,1287.53            27.903986,-25.913692,1287.48            27.904003,-25.913691,1287.43            27.904018,-25.91369,1287.38            27.904031,-25.91369,1287.34            27.904044,-25.91369,1287.29            27.904057,-25.91369,1287.26            27.904072,-25.913691,1287.22            27.904088,-25.913695,1287.19            27.904104,-25.913701,1287.18            27.90412,-25.913708,1287.17            27.904137,-25.913717,1287.18            27.904153,-25.913727,1287.19            27.904169,-25.913737,1287.2            27.904184,-25.913747,1287.24            27.904198,-25.913757,1287.27            27.904213,-25.913765,1287.31            27.904229,-25.913773,1287.37            27.904246,-25.913779,1287.42            27.904263,-25.913784,1287.44            27.904282,-25.913787,1287.49            27.904301,-25.913788,1287.54            27.904319,-25.913788,1287.58            27.904338,-25.913788,1287.61            27.904356,-25.913787,1287.64            27.904375,-25.913784,1287.66            27.904393,-25.913782,1287.67            27.904412,-25.91378,1287.66            27.904431,-25.913778,1287.64            27.904449,-25.913775,1287.61            27.904468,-25.913772,1287.58            27.904488,-25.91377,1287.52            27.904507,-25.913768,1287.47            27.904526,-25.913767,1287.42            27.904544,-25.913765,1287.38            27.904562,-25.913763,1287.33            27.90458,-25.913762,1287.31            27.904598,-25.913761,1287.25            27.904616,-25.913759,1287.2            27.904634,-25.913757,1287.14            27.904652,-25.913757,1287.09            27.904669,-25.913757,1287.06            27.904685,-25.913756,1287.03            27.9047,-25.913752,1286.99            27.904713,-25.913746,1286.95            27.904724,-25.913737,1286.9            27.904734,-25.913727,1286.83            27.904741,-25.913715,1286.77            27.904745,-25.9137,1286.69            27.904746,-25.913685,1286.61            27.904744,-25.913669,1286.51            27.904743,-25.913653,1286.41            27.904741,-25.913636,1286.29            27.904741,-25.91362,1286.16            27.904739,-25.913606,1286.02            27.904738,-25.913593,1285.87            27.904737,-25.913578,1285.7            27.904735,-25.913563,1285.53            27.904733,-25.913545,1285.36            27.904731,-25.913527,1285.18            27.904731,-25.91351,1285            27.904732,-25.913493,1284.83            27.904734,-25.913476,1284.66            27.904735,-25.91346,1284.49            27.904735,-25.913444,1284.34            27.904734,-25.913427,1284.19            27.904734,-25.91341,1284.06            27.904734,-25.913392,1283.9            27.904734,-25.913375,1283.76            27.904735,-25.913358,1283.6            27.904737,-25.913341,1283.46            27.904738,-25.913325,1283.34            27.904739,-25.913308,1283.27            27.904739,-25.913291,1283.19            27.904739,-25.913275,1283.11            27.904739,-25.913258,1283.03            27.904737,-25.913242,1282.99            27.904737,-25.913227,1282.94            27.904737,-25.913213,1282.94            27.904739,-25.9132,1282.95            27.904743,-25.913187,1282.95            27.904752,-25.913177,1282.98            27.904766,-25.913171,1283.02            27.904783,-25.913168,1283.06            27.904801,-25.913164,1283.09            27.904818,-25.913159,1283.13            27.904835,-25.913153,1283.16            27.904852,-25.913148,1283.19            27.904869,-25.913141,1283.22            27.904886,-25.913135,1283.24            27.904904,-25.91313,1283.26            27.904922,-25.913125,1283.28            27.904937,-25.91312,1283.28            27.904952,-25.913114,1283.27            27.904967,-25.913107,1283.26            27.904983,-25.913098,1283.22            27.905001,-25.913088,1283.17            27.905019,-25.913077,1283.12            27.905035,-25.913069,1283.08            27.905051,-25.91306,1283.03            27.905067,-25.913052,1282.97            27.905084,-25.913045,1282.91            27.9051,-25.913038,1282.84            27.905117,-25.913032,1282.8            27.905131,-25.913026,1282.74            27.905144,-25.913018,1282.68            27.905159,-25.913009,1282.64            27.905174,-25.913,1282.6            27.905191,-25.91299,1282.56            27.905209,-25.912982,1282.53            27.905227,-25.912974,1282.5            27.905246,-25.912965,1282.47            27.905264,-25.912956,1282.45            27.905282,-25.912947,1282.43            27.9053,-25.912937,1282.41            27.905317,-25.912928,1282.38            27.905334,-25.912919,1282.36            27.905351,-25.91291,1282.34            27.905369,-25.912902,1282.31            27.905385,-25.912893,1282.29            27.905402,-25.912885,1282.27            27.90542,-25.912877,1282.26            27.905436,-25.912869,1282.26            27.905451,-25.912861,1282.25            27.905465,-25.912854,1282.25            27.905478,-25.912846,1282.25            27.905491,-25.912837,1282.24            27.905504,-25.91283,1282.24            27.905518,-25.912823,1282.23            27.905532,-25.912816,1282.23            27.905546,-25.912809,1282.27            27.905558,-25.912802,1282.31            27.90557,-25.912794,1282.33            27.905582,-25.912788,1282.35            27.905595,-25.912781,1282.38            27.905607,-25.912774,1282.39            27.905619,-25.912768,1282.42            27.905633,-25.912762,1282.45            27.905647,-25.912758,1282.47            27.905662,-25.912754,1282.49            27.905677,-25.912751,1282.5            27.905693,-25.912749,1282.5            27.905709,-25.912749,1282.51            27.905727,-25.912751,1282.53            27.905744,-25.912756,1282.53            27.905761,-25.912762,1282.56            27.905777,-25.91277,1282.58            27.905792,-25.91278,1282.62            27.905805,-25.912791,1282.66            27.905817,-25.912805,1282.7            27.905827,-25.912822,1282.73            27.905833,-25.912837,1282.78            27.905838,-25.912853,1282.84            27.905842,-25.912871,1282.92            27.905846,-25.912891,1283.01            27.90585,-25.91291,1283.1            27.905855,-25.912928,1283.19            27.905861,-25.912945,1283.26            27.905865,-25.912962,1283.32            27.905869,-25.912977,1283.39            27.905873,-25.912991,1283.44            27.905877,-25.913005,1283.48            27.905881,-25.913018,1283.51            27.905885,-25.913031,1283.53            27.905888,-25.913044,1283.55            27.905889,-25.913059,1283.55            27.90589,-25.913074,1283.56            27.905892,-25.91309,1283.56            27.905892,-25.913104,1283.58            27.905893,-25.913118,1283.6            27.905894,-25.913131,1283.62            27.905897,-25.913144,1283.64            27.905899,-25.913157,1283.67            27.905902,-25.91317,1283.73            27.905904,-25.913184,1283.78            27.905906,-25.913199,1283.85            27.905908,-25.913214,1283.94            27.905909,-25.913229,1284.02            27.905911,-25.913244,1284.09            27.905913,-25.913259,1284.16            27.905915,-25.913274,1284.21            27.905916,-25.913288,1284.27            27.905917,-25.913304,1284.34            27.905915,-25.913322,1284.4            27.905912,-25.91334,1284.46            27.905906,-25.913356,1284.5            27.905895,-25.913369,1284.54            27.90588,-25.913379,1284.58            27.905862,-25.913386,1284.62            27.905844,-25.913391,1284.66            27.905826,-25.913395,1284.69            27.905808,-25.913397,1284.73            27.905791,-25.913398,1284.76            27.905774,-25.913401,1284.77            27.905758,-25.913405,1284.8            27.905744,-25.91341,1284.83            27.905729,-25.913415,1284.86            27.905715,-25.913418,1284.87            27.9057,-25.913419,1284.89            27.905686,-25.913419,1284.92            27.905671,-25.913418,1284.95            27.905656,-25.913416,1284.97            27.905641,-25.913415,1285            27.905625,-25.913415,1285.02            27.905609,-25.913415,1285.05            27.905595,-25.913416,1285.07            27.90558,-25.913418,1285.09            27.905564,-25.91342,1285.12            27.905548,-25.913422,1285.15            27.905529,-25.913424,1285.19            27.905509,-25.913426,1285.24            27.905489,-25.913429,1285.3            27.905469,-25.913433,1285.34            27.90545,-25.913435,1285.38            27.90543,-25.913436,1285.42            27.905411,-25.913439,1285.47            27.905392,-25.913443,1285.5            27.905373,-25.913445,1285.53            27.905354,-25.913446,1285.55            27.905335,-25.913447,1285.56            27.905316,-25.913447,1285.57            27.905298,-25.913447,1285.58            27.90528,-25.913447,1285.57            27.905262,-25.913447,1285.51            27.905243,-25.913448,1285.45            27.905223,-25.913449,1285.37            27.905204,-25.91345,1285.29            27.905185,-25.913449,1285.2            27.905167,-25.913447,1285.1            27.905149,-25.913443,1284.98            27.905134,-25.913435,1284.86            27.905124,-25.91342,1284.73            27.905118,-25.913401,1284.59            27.905114,-25.91338,1284.46            27.90511,-25.913361,1284.34            27.905106,-25.913341,1284.19            27.905103,-25.913322,1284.06            27.905099,-25.913304,1283.94            27.905096,-25.913285,1283.83            27.905094,-25.913266,1283.74            27.905093,-25.913247,1283.66            27.905093,-25.913228,1283.59            27.905095,-25.91321,1283.52            27.905099,-25.913191,1283.47            27.905103,-25.913173,1283.42            27.90511,-25.913154,1283.36            27.905119,-25.913136,1283.33            27.90513,-25.913119,1283.31            27.905143,-25.913104,1283.29            27.905159,-25.913091,1283.27            27.905176,-25.91308,1283.26            27.905194,-25.91307,1283.24            27.905211,-25.91306,1283.23            27.905227,-25.913049,1283.22            27.905242,-25.913038,1283.21            27.905258,-25.913027,1283.21            27.905275,-25.913018,1283.2            27.905291,-25.913011,1283.19          </coordinates></LineString></Placemark></Folder></Document></kml>