<?xml version="1.0" encoding="UTF-8"?><kml xmlns="http://www.opengis.net/kml/2.2"><Document><name>Mtunzini parkrun</name><description/><Style id="icon-1899-FFEA00-nodesc-normal"><IconStyle><color>ff00eaff</color><scale>1</scale><Icon><href>https://www.gstatic.com/mapspro/images/stock/503-wht-blank_maps.png</href></Icon><hotSpot x="32" xunits="pixels" y="64" yunits="insetPixels"/></IconStyle><LabelStyle><scale>0</scale></LabelStyle><BalloonStyle><text><![CDATA[<h3>$[name]</h3>]]></text></BalloonStyle></Style><Style id="icon-1899-FFEA00-nodesc-highlight"><IconStyle><color>ff00eaff</color><scale>1</scale><Icon><href>https://www.gstatic.com/mapspro/images/stock/503-wht-blank_maps.png</href></Icon><hotSpot x="32" xunits="pixels" y="64" yunits="insetPixels"/></IconStyle><LabelStyle><scale>1</scale></LabelStyle><BalloonStyle><text><![CDATA[<h3>$[name]</h3>]]></text></BalloonStyle></Style><StyleMap id="icon-1899-FFEA00-nodesc"><Pair><key>normal</key><styleUrl>#icon-1899-FFEA00-nodesc-normal</styleUrl></Pair><Pair><key>highlight</key><styleUrl>#icon-1899-FFEA00-nodesc-highlight</styleUrl></Pair></StyleMap><Style id="line-0288D1-5000-nodesc-normal"><LineStyle><color>ffd18802</color><width>5</width></LineStyle><BalloonStyle><text><![CDATA[<h3>$[name]</h3>]]></text></BalloonStyle></Style><Style id="line-0288D1-5000-nodesc-highlight"><LineStyle><color>ffd18802</color><width>7.5</width></LineStyle><BalloonStyle><text><![CDATA[<h3>$[name]</h3>]]></text></BalloonStyle></Style><StyleMap id="line-0288D1-5000-nodesc"><Pair><key>normal</key><styleUrl>#line-0288D1-5000-nodesc-normal</styleUrl></Pair><Pair><key>highlight</key><styleUrl>#line-0288D1-5000-nodesc-highlight</styleUrl></Pair></StyleMap><Folder><name>Untitled layer</name><Placemark><name>Course</name><styleUrl>#line-0288D1-5000-nodesc</styleUrl><LineString><tessellate>1</tessellate><coordinates>            31.761467,-28.944986,86            31.761463,-28.944977,86            31.76149,-28.944954,86            31.761559,-28.944948,86            31.761646,-28.944958,85            31.761715,-28.944971,85            31.76175,-28.94498,85            31.761784,-28.944992,84            31.761814,-28.944994,84            31.76184,-28.944998,83            31.761871,-28.94501,83            31.761898,-28.945023,82            31.761927,-28.945038,82            31.761961,-28.94505,82            31.761993,-28.945065,81            31.76202,-28.945072,81            31.762045,-28.945082,81            31.762068,-28.945093,81            31.762093,-28.9451,81            31.76212,-28.945112,81            31.762146,-28.94513,81            31.762177,-28.945147,81            31.762207,-28.945164,80            31.76224,-28.945179,80            31.762272,-28.945198,80            31.762299,-28.945217,80            31.762323,-28.945236,79            31.762348,-28.945255,79            31.762371,-28.945276,79            31.762394,-28.945295,78            31.762419,-28.945318,78            31.762442,-28.945333,78            31.762466,-28.945354,78            31.76249,-28.945377,78            31.762516,-28.945396,78            31.762539,-28.945415,77            31.762566,-28.94543,77            31.762585,-28.945448,77            31.762608,-28.945465,77            31.762629,-28.945484,76            31.762651,-28.945501,76            31.762674,-28.94552,76            31.7627,-28.94554,75            31.76272,-28.94556,74            31.762741,-28.945578,74            31.762764,-28.945597,73            31.762785,-28.945616,74            31.762806,-28.945635,73            31.762833,-28.945652,74            31.762857,-28.945665,73            31.76288,-28.945675,72            31.762901,-28.945684,72            31.762922,-28.945696,72            31.762945,-28.94571,71            31.76297,-28.945723,71            31.76299,-28.945738,71            31.763014,-28.945753,71            31.763035,-28.945768,71            31.763058,-28.945782,71            31.763079,-28.945795,72            31.763096,-28.945808,72            31.76311,-28.945822,72            31.763124,-28.945839,72            31.763134,-28.945862,72            31.76315,-28.945879,72            31.763168,-28.945896,72            31.763191,-28.945913,72            31.763214,-28.945923,72            31.763233,-28.945934,72            31.763254,-28.945946,72            31.76327,-28.945955,71            31.763288,-28.945967,71            31.763311,-28.945978,71            31.76333,-28.945992,71            31.763353,-28.946003,71            31.763376,-28.946018,71            31.763391,-28.946035,71            31.763405,-28.946054,71            31.763412,-28.946075,72            31.76342,-28.946098,72            31.763424,-28.946121,72            31.763428,-28.946138,71            31.76343,-28.946157,71            31.76343,-28.946177,71            31.763432,-28.9462,71            31.763433,-28.94622,71            31.763443,-28.946241,71            31.763453,-28.946264,71            31.763458,-28.946291,71            31.763464,-28.946316,71            31.763474,-28.946339,71            31.76348,-28.946363,70            31.76349,-28.946392,70            31.763498,-28.946419,71            31.763506,-28.946445,70            31.763514,-28.946476,71            31.76352,-28.946505,71            31.763527,-28.946535,70            31.763533,-28.94656,70            31.76354,-28.946583,70            31.763544,-28.946608,70            31.763552,-28.946632,70            31.76356,-28.946655,70            31.763565,-28.946684,70            31.76357,-28.946712,69            31.763577,-28.946741,69            31.763577,-28.94677,69            31.763573,-28.946796,70            31.763569,-28.946821,70            31.763565,-28.946848,70            31.763557,-28.946875,70            31.763556,-28.946898,70            31.76355,-28.946924,70            31.76355,-28.946947,69            31.763548,-28.946974,68            31.763548,-28.946999,68            31.76355,-28.947023,68            31.763554,-28.94705,67            31.763556,-28.947073,67            31.76356,-28.947094,67            31.763565,-28.947123,66            31.763578,-28.94714,66            31.763605,-28.947153,66            31.763628,-28.94716,66            31.763657,-28.947165,66            31.763681,-28.94716,66            31.763714,-28.947165,66            31.763742,-28.947166,66            31.763762,-28.947176,66            31.763777,-28.947184,66            31.763792,-28.947193,66            31.76381,-28.947203,66            31.763828,-28.947206,66            31.763851,-28.947216,66            31.76387,-28.947224,65            31.76389,-28.947227,66            31.76391,-28.947212,66            31.763931,-28.947191,66            31.76395,-28.947166,67            31.76397,-28.947144,66            31.763985,-28.94712,67            31.764006,-28.947096,66            31.764023,-28.947083,67            31.764038,-28.94707,67            31.764057,-28.947054,67            31.764074,-28.947037,66            31.764084,-28.947016,66            31.764086,-28.947004,66            31.764086,-28.946987,66            31.764084,-28.946968,67            31.764088,-28.946949,67            31.764101,-28.94693,66            31.764128,-28.946913,66            31.76415,-28.946896,66            31.76418,-28.946882,66            31.76421,-28.946875,66            31.76423,-28.946863,66            31.764252,-28.94685,66            31.76427,-28.946836,66            31.764296,-28.946825,66            31.76432,-28.946817,66            31.764343,-28.946817,66            31.764366,-28.946812,66            31.764393,-28.946804,65            31.76441,-28.946796,65            31.764414,-28.946796,65            31.764431,-28.946796,65            31.76445,-28.9468,65            31.764467,-28.946804,64            31.76448,-28.946804,64            31.764486,-28.946796,65            31.764484,-28.9468,65            31.764471,-28.946806,64            31.764456,-28.946817,64            31.764446,-28.94683,64            31.764423,-28.94684,64            31.764408,-28.946857,64            31.764393,-28.946869,64            31.764387,-28.94688,64            31.764387,-28.946888,63            31.76439,-28.946896,63            31.764605,-28.946962,62            31.764666,-28.946943,62            31.764688,-28.946938,62            31.764725,-28.946924,62            31.764742,-28.946918,62            31.764763,-28.946913,62            31.764786,-28.946905,61            31.764801,-28.946901,61            31.764803,-28.946884,61            31.764805,-28.946869,62            31.76482,-28.94686,62            31.764841,-28.94685,63            31.764853,-28.946829,62            31.764872,-28.946804,62            31.764893,-28.946781,63            31.764917,-28.946754,63            31.764935,-28.946735,63            31.76495,-28.946726,62            31.764967,-28.946716,62            31.76498,-28.946716,63            31.764992,-28.946722,62            31.765003,-28.946726,62            31.76502,-28.946728,62            31.76503,-28.94673,63            31.76503,-28.946735,63            31.765022,-28.946733,63            31.765018,-28.94674,63            31.765028,-28.946743,63            31.765038,-28.946735,63            31.765043,-28.946726,62            31.765045,-28.9467,63            31.765047,-28.946674,62            31.765053,-28.946655,62            31.765066,-28.946632,62            31.76509,-28.946623,63            31.765123,-28.946613,63            31.765148,-28.9466,62            31.765165,-28.946596,62            31.76519,-28.946598,62            31.76523,-28.946604,62            31.765265,-28.946606,62            31.7653,-28.946606,62            31.765331,-28.946613,62            31.765356,-28.946619,62            31.76537,-28.94662,62            31.765385,-28.946617,62            31.765398,-28.946615,62            31.765408,-28.9466,62            31.765413,-28.946571,62            31.765419,-28.946535,62            31.765436,-28.9465,62            31.765446,-28.946468,62            31.765457,-28.946432,62            31.765463,-28.946407,62            31.765476,-28.946392,62            31.765497,-28.946371,62            31.765528,-28.946362,62            31.76555,-28.946346,62            31.76557,-28.94633,62            31.76559,-28.946323,62            31.765604,-28.946318,62            31.76561,-28.94631,62            31.765606,-28.946299,62            31.765608,-28.946285,61            31.765612,-28.946272,61            31.765614,-28.946259,61            31.765608,-28.946245,61            31.765581,-28.946218,61            31.765566,-28.946205,61            31.76556,-28.9462,62            31.765556,-28.946194,62            31.76556,-28.94618,62            31.765568,-28.946161,63            31.765581,-28.946146,63            31.765583,-28.946133,63            31.765583,-28.946123,64            31.765574,-28.946117,64            31.765554,-28.946104,64            31.765522,-28.946089,64            31.765488,-28.946074,64            31.765453,-28.946062,64            31.76541,-28.946053,64            31.765362,-28.946045,63            31.765305,-28.946032,62            31.765259,-28.946028,62            31.765217,-28.945993,62            31.765173,-28.945961,62            31.765158,-28.945934,62            31.765154,-28.945917,63            31.765139,-28.945904,63            31.765135,-28.945889,63            31.765148,-28.945871,63            31.76515,-28.94586,63            31.765154,-28.945845,63            31.765163,-28.945843,63            31.76516,-28.945837,62            31.76517,-28.94584,62            31.765171,-28.945845,62            31.765188,-28.94584,62            31.76521,-28.945837,62            31.765247,-28.945831,61            31.765285,-28.945822,61            31.765324,-28.945807,61            31.765373,-28.945795,61            31.765438,-28.945787,61            31.765507,-28.945757,61            31.76557,-28.94575,61            31.765606,-28.945757,62            31.76563,-28.94576,62            31.76564,-28.945759,62            31.765629,-28.945757,62            31.76563,-28.945759,62            31.765636,-28.945766,62            31.765644,-28.94578,63            31.765665,-28.94579,63            31.765688,-28.945793,63            31.765703,-28.945797,63            31.76573,-28.94579,62            31.765776,-28.94578,62            31.765812,-28.945768,62            31.765842,-28.945751,62            31.76586,-28.945728,62            31.765884,-28.945698,62            31.765907,-28.945665,62            31.76593,-28.94562,62            31.76597,-28.945568,61            31.766022,-28.945517,61            31.76604,-28.945478,61            31.766088,-28.945435,60            31.766129,-28.945415,60            31.766176,-28.945408,60            31.766224,-28.945423,60            31.76625,-28.945446,60            31.766287,-28.945448,59            31.766304,-28.945526,59            31.766352,-28.945562,59            31.76633,-28.94563,58            31.766346,-28.945652,58            31.766363,-28.945658,58            31.76639,-28.945654,58            31.766386,-28.945662,58            31.76637,-28.945654,57            31.766365,-28.945642,57            31.766363,-28.945623,57            31.766348,-28.945593,57            31.766356,-28.94558,57            31.766344,-28.945572,57            31.766344,-28.945557,56            31.766342,-28.945568,56            31.766346,-28.94558,56            31.76635,-28.945591,56            31.766361,-28.945612,55            31.766388,-28.945639,55            31.766413,-28.945662,55            31.766436,-28.94568,55            31.766462,-28.945704,55            31.76648,-28.945724,55            31.766487,-28.945744,55            31.766487,-28.945763,55            31.766472,-28.94579,55            31.766468,-28.945818,55            31.766459,-28.945839,55            31.766453,-28.945854,55            31.766449,-28.945877,55            31.766443,-28.945892,55            31.766445,-28.945906,55            31.76646,-28.945915,55            31.76647,-28.945927,55            31.766487,-28.945942,54            31.7665,-28.945972,54            31.766516,-28.945993,54            31.76653,-28.946024,55            31.766544,-28.946049,55            31.766562,-28.946077,55            31.766579,-28.94611,55            31.7666,-28.946138,55            31.766617,-28.946169,55            31.766642,-28.946186,55            31.766668,-28.946209,55            31.766684,-28.946226,56            31.766687,-28.946232,55            31.766697,-28.946243,55            31.766703,-28.94625,55            31.766712,-28.94625,55            31.766722,-28.946259,55            31.76673,-28.94626,54            31.76674,-28.946262,54            31.76676,-28.946262,55            31.766777,-28.946262,55            31.766788,-28.946259,54            31.766802,-28.946257,54            31.766811,-28.946257,54            31.766817,-28.946259,55            31.766832,-28.94627,55            31.766836,-28.946285,55            31.766834,-28.946297,55            31.766832,-28.946312,55            31.766827,-28.946327,55            31.766815,-28.946344,54            31.76681,-28.94636,54            31.76681,-28.946373,54            31.766819,-28.94639,54            31.766832,-28.946407,54            31.766836,-28.946419,54            31.766836,-28.94643,54            31.766838,-28.946442,54            31.766823,-28.946447,54            31.766802,-28.94645,54            31.766779,-28.946451,54            31.766758,-28.946455,53            31.766739,-28.946463,53            31.766726,-28.946463,54            31.76672,-28.94647,54            31.766714,-28.946478,54            31.7667,-28.946482,54            31.766695,-28.946493,54            31.766687,-28.946503,54            31.766687,-28.946514,55            31.766678,-28.946526,55            31.766676,-28.94653,55            31.766676,-28.946539,55            31.766674,-28.946547,55            31.76667,-28.94656,55            31.766663,-28.946575,55            31.766655,-28.946589,55            31.76664,-28.946596,55            31.766632,-28.94661,55            31.766623,-28.946625,55            31.766617,-28.94664,55            31.76662,-28.946653,55            31.76662,-28.946672,55            31.766624,-28.946692,54            31.766619,-28.946712,54            31.766623,-28.94673,54            31.766626,-28.946743,53            31.766623,-28.94675,54            31.766623,-28.946762,54            31.76662,-28.946762,54            31.76661,-28.946754,54            31.766603,-28.946749,54            31.766594,-28.946745,54            31.76658,-28.94674,54            31.766567,-28.946735,54            31.766552,-28.94673,54            31.766539,-28.946728,54            31.766527,-28.946724,54            31.766521,-28.946716,54            31.76651,-28.94671,54            31.766512,-28.946701,54            31.766523,-28.946697,54            31.766535,-28.946692,54            31.76655,-28.94669,54            31.766567,-28.946686,54            31.766584,-28.94669,55            31.7666,-28.946684,55            31.766613,-28.94668,55            31.766623,-28.946669,56            31.766634,-28.946663,56            31.766647,-28.946653,55            31.766657,-28.946636,55            31.766663,-28.946617,55            31.766668,-28.946594,55            31.766672,-28.946571,55            31.766676,-28.946552,55            31.766678,-28.946537,54            31.76668,-28.946526,54            31.76668,-28.946518,54            31.766682,-28.94651,54            31.766684,-28.946505,54            31.76668,-28.9465,54            31.766682,-28.946499,54            31.76669,-28.946499,54            31.766695,-28.946493,55            31.7667,-28.94649,55            31.766706,-28.94647,55            31.766708,-28.946457,55            31.766714,-28.946445,55            31.766714,-28.946434,55            31.766708,-28.946428,55            31.766708,-28.946424,55            31.766706,-28.946417,55            31.766703,-28.946405,55            31.766697,-28.946392,55            31.76669,-28.946377,55            31.766678,-28.946365,55            31.766668,-28.946362,56            31.766653,-28.94636,56            31.766632,-28.946358,56            31.766611,-28.946352,56            31.7666,-28.946352,55            31.766588,-28.946352,55            31.766582,-28.946354,55            31.766579,-28.946356,55            31.76658,-28.946358,55            31.76659,-28.946352,55            31.7666,-28.94635,55            31.766603,-28.94636,55            31.76661,-28.946371,55            31.766594,-28.946388,55            31.766588,-28.946407,55            31.766577,-28.946419,55            31.76657,-28.946423,55            31.766562,-28.946423,55            31.766542,-28.94643,55            31.766521,-28.946428,55            31.766508,-28.946424,55            31.766493,-28.946417,55            31.766464,-28.94641,54            31.76643,-28.946407,54            31.76639,-28.946411,54            31.766356,-28.946415,54            31.76633,-28.946417,54            31.766306,-28.946413,54            31.766287,-28.946407,54            31.766272,-28.94639,54            31.766247,-28.946377,53            31.766228,-28.946365,53            31.766207,-28.946367,53            31.76618,-28.946377,53            31.766165,-28.946386,53            31.766155,-28.946405,54            31.766142,-28.946415,54            31.766134,-28.946432,54            31.766115,-28.946457,54            31.766119,-28.946476,54            31.766132,-28.946484,55            31.76614,-28.946487,55            31.766144,-28.946499,55            31.766153,-28.946508,55            31.766167,-28.94653,54            31.766174,-28.94655,54            31.766195,-28.946564,55            31.76622,-28.94657,55            31.76625,-28.946564,55            31.766268,-28.946562,55            31.766277,-28.946566,55            31.766277,-28.946575,55            31.766273,-28.946579,55            31.766272,-28.946585,55            31.766262,-28.946594,55            31.766258,-28.946615,55            31.76624,-28.946634,56            31.766214,-28.946651,56            31.766188,-28.946667,56            31.766169,-28.946678,56            31.766155,-28.946682,55            31.766142,-28.946701,55            31.76612,-28.94672,55            31.766113,-28.946743,55            31.766111,-28.946764,55            31.7661,-28.946783,55            31.766104,-28.946798,55            31.76609,-28.946817,55            31.766083,-28.946829,54            31.766077,-28.946842,54            31.766071,-28.946863,54            31.766064,-28.946886,54            31.766048,-28.946901,54            31.766039,-28.946909,54            31.76603,-28.946907,54            31.766035,-28.94691,54            31.76604,-28.946915,54            31.766052,-28.946918,54            31.766056,-28.94692,54            31.766048,-28.946915,54            31.766031,-28.946913,54            31.766016,-28.946917,54            31.765997,-28.946913,54            31.765974,-28.946907,54            31.765955,-28.946905,54            31.765942,-28.946905,54            31.765928,-28.946913,54            31.765911,-28.946918,54            31.765886,-28.946918,54            31.765862,-28.946922,54            31.765837,-28.946926,54            31.765802,-28.946928,55            31.76578,-28.946926,55            31.76576,-28.946926,55            31.765741,-28.946928,55            31.76571,-28.946928,55            31.765692,-28.946934,55            31.765678,-28.946924,55            31.765675,-28.946913,55            31.765661,-28.94691,55            31.765644,-28.946905,55            31.765627,-28.946894,55            31.765614,-28.946894,56            31.765604,-28.946894,56            31.76559,-28.946892,56            31.765553,-28.94688,56            31.765526,-28.946869,57            31.765503,-28.946856,57            31.765495,-28.94685,56            31.76549,-28.946848,56            31.765484,-28.946854,56            31.76548,-28.946869,55            31.765478,-28.946878,56            31.765469,-28.946873,56            31.765455,-28.946875,56            31.76546,-28.94688,56            31.765467,-28.946888,56            31.765461,-28.946894,56            31.765451,-28.9469,56            31.765455,-28.946896,55            31.765453,-28.946903,55            31.765438,-28.946898,55            31.76541,-28.946888,55            31.765394,-28.946884,55            31.76537,-28.946884,56            31.765362,-28.946878,56            31.765352,-28.946877,56            31.765339,-28.946875,56            31.76534,-28.946878,56            31.765327,-28.946884,56            31.765316,-28.94688,56            31.765314,-28.946877,56            31.76531,-28.946886,57            31.765306,-28.946909,57            31.765291,-28.94692,58            31.765266,-28.946934,58            31.765234,-28.94695,58            31.765213,-28.946959,59            31.765182,-28.94697,59            31.76516,-28.946976,58            31.765163,-28.946991,58            31.765162,-28.947008,58            31.765163,-28.94703,58            31.765144,-28.947056,58            31.765121,-28.947083,58            31.765085,-28.947102,58            31.765076,-28.94713,58            31.765072,-28.947153,58            31.765078,-28.947182,58            31.765089,-28.947208,58            31.765085,-28.94723,59            31.765095,-28.947247,59            31.7651,-28.94726,59            31.765083,-28.947256,59            31.765072,-28.94725,59            31.76507,-28.947254,59            31.765059,-28.947262,59            31.765053,-28.947285,58            31.765045,-28.94732,58            31.76504,-28.947351,58            31.76503,-28.947376,58            31.76502,-28.947395,58            31.765001,-28.947397,58            31.764994,-28.947401,58            31.764977,-28.947397,58            31.764969,-28.947393,58            31.764946,-28.947386,58            31.764944,-28.947386,58            31.764946,-28.94739,58            31.764938,-28.947395,58            31.764946,-28.947397,58            31.76495,-28.947401,58            31.764954,-28.947403,59            31.764944,-28.947412,59            31.764944,-28.947422,60            31.76497,-28.947435,60            31.764988,-28.947453,60            31.76498,-28.947456,60            31.764975,-28.947453,60            31.764969,-28.947454,60            31.764961,-28.947454,60            31.764948,-28.94745,60            31.764942,-28.947449,60            31.764935,-28.947453,60            31.764915,-28.947456,60            31.764894,-28.94745,60            31.764854,-28.947454,60            31.764812,-28.947456,60            31.764786,-28.947458,60            31.76475,-28.947462,60            31.76473,-28.947468,60            31.764713,-28.94747,60            31.764694,-28.947475,60            31.764692,-28.947477,59            31.76468,-28.947481,58            31.764662,-28.947493,57            31.764648,-28.947495,56            31.764643,-28.947496,56            31.764637,-28.9475,56            31.764627,-28.9475,56            31.76463,-28.947498,56            31.764627,-28.9475,56            31.764622,-28.94751,56            31.764614,-28.94752,56            31.764606,-28.947525,55            31.764599,-28.947529,55            31.764585,-28.947529,56            31.764568,-28.947533,56            31.764551,-28.947542,56            31.764544,-28.947552,55            31.764532,-28.947565,56            31.76452,-28.947575,56            31.764511,-28.947577,55            31.764505,-28.947586,55            31.76451,-28.947594,55            31.764515,-28.947613,55            31.764517,-28.947626,55            31.764534,-28.947628,55            31.764545,-28.947649,55            31.764574,-28.94766,55            31.764582,-28.947676,55            31.764587,-28.947691,54            31.76459,-28.947704,54            31.7646,-28.94772,54            31.764622,-28.94774,53            31.764624,-28.947748,53            31.764627,-28.947754,52            31.76463,-28.947758,52            31.764631,-28.947758,52            31.76462,-28.947756,52            31.764614,-28.947748,51            31.764606,-28.947742,52            31.764597,-28.947739,52            31.764576,-28.947739,52            31.764568,-28.947737,52            31.764555,-28.947739,52            31.76454,-28.947742,52            31.76452,-28.947752,52            31.764511,-28.94776,52            31.764494,-28.947771,52            31.764477,-28.947783,52            31.764446,-28.947798,52            31.764433,-28.94783,52            31.764416,-28.947859,51            31.764408,-28.94789,51            31.764397,-28.947918,51            31.764395,-28.947947,51            31.764393,-28.947964,52            31.764393,-28.947987,52            31.764387,-28.94801,52            31.764366,-28.94803,52            31.76435,-28.948048,52            31.764336,-28.948053,52            31.764324,-28.948057,51            31.764322,-28.948057,51            31.764318,-28.94806,51            31.7643,-28.948044,51            31.764284,-28.948032,51            31.764269,-28.948023,51            31.76425,-28.948019,51            31.764221,-28.948002,51            31.764214,-28.947994,52            31.764198,-28.947989,52            31.764187,-28.947989,52            31.764183,-28.94798,52            31.764187,-28.947975,53            31.764185,-28.94797,53            31.76417,-28.947964,53            31.76413,-28.94795,53            31.764126,-28.947939,53            31.764107,-28.947937,53            31.764103,-28.947935,53            31.764103,-28.94794,53            31.764126,-28.94793,53            31.764147,-28.94793,53            31.76416,-28.947935,53            31.76416,-28.947937,54            31.764153,-28.947937,54            31.764158,-28.947943,54            31.764097,-28.947935,53            31.764097,-28.947933,53            31.764086,-28.947931,53            31.764095,-28.947939,52            31.764105,-28.947947,52            31.764116,-28.94795,52            31.76413,-28.947973,52            31.764145,-28.947992,52            31.764158,-28.948015,52            31.764166,-28.948029,53            31.764149,-28.94803,53            31.764137,-28.94803,52            31.764154,-28.948042,52            31.764158,-28.948044,52            31.764162,-28.948046,52            31.764174,-28.948053,52            31.76418,-28.948067,52            31.764204,-28.948097,52            31.764217,-28.948128,52            31.76422,-28.948149,52            31.764202,-28.948164,52            31.764183,-28.948175,52            31.764175,-28.948195,52            31.764166,-28.948212,53            31.764164,-28.948233,53            31.76415,-28.948254,52            31.764122,-28.948263,53            31.764107,-28.948273,52            31.7641,-28.948284,52            31.764101,-28.948298,52            31.764112,-28.948313,52            31.764126,-28.948318,51            31.764141,-28.94832,51            31.764154,-28.948328,51            31.76417,-28.94833,51            31.764175,-28.948332,51            31.76418,-28.948336,51            31.764194,-28.948341,51            31.764208,-28.948349,51            31.764217,-28.948362,51            31.764214,-28.948376,51            31.76422,-28.948395,51            31.764212,-28.948421,51            31.7642,-28.94844,50            31.76419,-28.94847,51            31.764194,-28.948494,51            31.764204,-28.948511,50            31.764215,-28.94853,50            31.764225,-28.948545,50            31.76422,-28.948557,50            31.764225,-28.948586,51            31.764215,-28.948608,52            31.764202,-28.948627,51            31.764187,-28.948631,51            31.764172,-28.948627,51            31.764153,-28.948626,51            31.76415,-28.948626,50            31.764147,-28.948612,49            31.764132,-28.94861,48            31.764112,-28.948616,48            31.764091,-28.948614,47            31.76407,-28.948618,46            31.764051,-28.948614,46            31.764038,-28.948606,45            31.764027,-28.948606,45            31.764017,-28.948608,45            31.764008,-28.94861,45            31.763994,-28.948616,44            31.763979,-28.948612,43            31.763962,-28.948612,42            31.763948,-28.948618,42            31.763933,-28.948622,42            31.763914,-28.948633,41            31.763905,-28.948643,41            31.763899,-28.948658,41            31.763905,-28.94867,41            31.76391,-28.948677,41            31.763916,-28.948685,42            31.763922,-28.948694,41            31.763926,-28.948704,41            31.76393,-28.948713,41            31.76393,-28.948719,41            31.76393,-28.948727,41            31.763931,-28.948734,41            31.76393,-28.948744,41            31.763926,-28.948753,41            31.763918,-28.948769,41            31.76391,-28.948778,41            31.763906,-28.948792,41            31.763903,-28.9488,40            31.7639,-28.948807,40            31.763897,-28.948818,40            31.763899,-28.94883,40            31.763914,-28.948835,39            31.763922,-28.94885,39            31.763931,-28.948868,38            31.763947,-28.948881,38            31.763956,-28.948896,38            31.76396,-28.948912,38            31.763964,-28.948933,38            31.763956,-28.948952,38            31.763943,-28.948963,38            31.763927,-28.948977,38            31.763918,-28.948994,38            31.76391,-28.949003,38            31.763897,-28.949003,37            31.763872,-28.949007,37            31.763844,-28.94901,37            31.76382,-28.949022,37            31.76381,-28.94904,37            31.763805,-28.949059,37            31.76381,-28.949076,37            31.763819,-28.949095,37            31.763823,-28.949112,37            31.76383,-28.949121,37            31.76383,-28.949139,37            31.763847,-28.949152,37            31.763865,-28.94917,37            31.763885,-28.949175,37            31.763905,-28.949188,37            31.763914,-28.949203,37            31.763927,-28.949219,37            31.763939,-28.949234,37            31.763952,-28.949255,38            31.763962,-28.94928,37            31.76397,-28.949291,38            31.763979,-28.949303,38            31.763985,-28.949318,38            31.763988,-28.949335,38            31.763998,-28.94935,37            31.764017,-28.949368,37            31.764036,-28.949377,38            31.76405,-28.949398,38            31.76407,-28.949406,38            31.764097,-28.949423,38            31.764124,-28.94943,38            31.764143,-28.949442,38            31.764153,-28.949434,38            31.764177,-28.949429,39            31.764193,-28.949427,39            31.764198,-28.949438,39            31.764215,-28.94944,39            31.764229,-28.949444,39            31.764244,-28.949442,39            31.764261,-28.949442,39            31.764273,-28.949434,39            31.764273,-28.94943,39            31.764277,-28.949429,39            31.76428,-28.949427,40            31.76428,-28.949425,40            31.764286,-28.949427,40            31.764296,-28.949432,40            31.76431,-28.949444,40            31.764332,-28.949457,39            31.764341,-28.949465,39            31.76435,-28.949465,39            31.764355,-28.949472,39            31.764359,-28.94948,39            31.764355,-28.949488,39            31.764345,-28.949501,39            31.764341,-28.949518,39            31.764338,-28.949532,39            31.764328,-28.94954,38            31.76432,-28.949549,38            31.764313,-28.949558,38            31.76431,-28.949566,38            31.764307,-28.949566,38            31.764307,-28.94956,38            31.7643,-28.949564,37            31.764292,-28.949568,37            31.764278,-28.949572,36            31.764269,-28.949574,36            31.764256,-28.949574,35            31.764238,-28.949564,34            31.76423,-28.949558,34            31.76422,-28.949554,34            31.764214,-28.949549,34            31.764198,-28.949543,33            31.764187,-28.949537,34            31.764174,-28.949537,34            31.76416,-28.949537,33            31.764154,-28.949535,33            31.764143,-28.949532,33            31.764132,-28.949526,33            31.76412,-28.949522,33            31.764103,-28.94952,32            31.764091,-28.94951,33            31.76408,-28.949509,32            31.764072,-28.949501,32            31.764074,-28.94949,32            31.764078,-28.949476,32            31.76408,-28.949469,32            31.764078,-28.949463,32            31.764082,-28.949463,32            31.764076,-28.94947,32            31.76407,-28.949476,32            31.764055,-28.949488,32            31.764038,-28.949507,32            31.764025,-28.949522,32            31.764017,-28.949533,32            31.764017,-28.949537,33            31.764019,-28.949541,33            31.764017,-28.949553,32            31.764013,-28.949566,32            31.76401,-28.949575,32            31.764011,-28.949583,33            31.764013,-28.949593,33            31.764013,-28.949606,33            31.76401,-28.949615,33            31.764,-28.949627,33            31.763987,-28.949633,32            31.763977,-28.949633,33            31.76396,-28.949636,32            31.763947,-28.949635,32            31.763943,-28.949633,32            31.763935,-28.949635,33            31.763927,-28.949625,33            31.763914,-28.949617,33            31.763893,-28.949602,34            31.763859,-28.949593,34            31.763832,-28.94959,34            31.763802,-28.949587,33            31.763765,-28.949587,33            31.763731,-28.949596,33            31.763714,-28.94961,33            31.763704,-28.949621,33            31.763695,-28.949638,33            31.76369,-28.949654,33            31.76369,-28.949661,34            31.763683,-28.949665,34            31.763672,-28.94967,34            31.76366,-28.949675,34            31.763641,-28.949682,34            31.763632,-28.94969,34            31.763626,-28.949701,34            31.763618,-28.94971,34            31.76363,-28.949715,34            31.763636,-28.949724,35            31.763632,-28.949738,35            31.763634,-28.949747,35            31.76363,-28.949766,35            31.763622,-28.949776,35            31.763617,-28.949781,35            31.763613,-28.949783,34            31.763607,-28.949793,34            31.763596,-28.949808,34            31.76359,-28.949818,34            31.763582,-28.949831,34            31.763573,-28.949839,34            31.763561,-28.949846,34            31.76354,-28.949856,34            31.763527,-28.949858,35            31.763521,-28.949863,35            31.763512,-28.949865,35            31.763506,-28.94987,35            31.763504,-28.949873,35            31.763506,-28.94988,35            31.763494,-28.949896,35            31.763494,-28.949919,34            31.763493,-28.94994,34            31.763477,-28.949951,34            31.763468,-28.949966,34            31.76346,-28.949986,34            31.763433,-28.949993,34            31.763409,-28.950008,34            31.763384,-28.950014,34            31.763361,-28.95002,34            31.763332,-28.95002,34            31.7633,-28.950016,35            31.763277,-28.950016,35            31.763252,-28.950027,34            31.763233,-28.950033,34            31.763222,-28.950035,34            31.763203,-28.950033,34            31.763184,-28.950031,34            31.763155,-28.950024,34            31.76312,-28.950006,34            31.763094,-28.94999,34            31.763075,-28.949972,35            31.76306,-28.949951,35            31.76304,-28.949934,35            31.76302,-28.949926,35            31.763014,-28.949924,35            31.76301,-28.949942,35            31.763018,-28.949951,35            31.76302,-28.949953,36            31.763012,-28.94995,36            31.76301,-28.949955,36            31.763016,-28.949957,36            31.763016,-28.949953,36            31.763004,-28.949953,36            31.762981,-28.949959,36            31.762959,-28.94997,36            31.762947,-28.949976,37            31.762934,-28.949986,37            31.762932,-28.949991,37            31.762918,-28.949995,37            31.762926,-28.949995,37            31.762926,-28.950003,37            31.762928,-28.950006,37            31.762936,-28.950012,37            31.762936,-28.950014,37            31.762924,-28.950018,37            31.762938,-28.950018,37            31.762945,-28.95001,37            31.762949,-28.950008,37            31.762938,-28.949999,37            31.762922,-28.95,37            31.76292,-28.949993,37            31.76291,-28.94999,37            31.762913,-28.949987,37            31.76291,-28.949987,37            31.7629,-28.949997,37            31.762896,-28.950022,37            31.762896,-28.95005,37            31.762878,-28.950089,38            31.762861,-28.95012,38            31.76285,-28.950142,38            31.762838,-28.950163,38            31.76282,-28.950188,38            31.762802,-28.950201,38            31.762793,-28.95021,38            31.762775,-28.950218,38            31.762764,-28.950228,38            31.762745,-28.950222,38            31.76273,-28.950216,38            31.762712,-28.950212,38            31.762707,-28.95021,37            31.762703,-28.950201,38            31.76271,-28.950203,38            31.762712,-28.950222,38            31.762705,-28.950226,38            31.762701,-28.95024,39            31.762697,-28.950253,39            31.762701,-28.950275,39            31.762691,-28.95029,39            31.762684,-28.950302,40            31.762691,-28.950315,39            31.762682,-28.950323,39            31.762682,-28.950327,39            31.762682,-28.95034,40            31.762672,-28.950361,40            31.76268,-28.950361,40            31.76267,-28.950367,40            31.762644,-28.950367,40            31.762629,-28.950373,40            31.762629,-28.950382,40            31.762625,-28.950392,40            31.762615,-28.950396,40            31.762587,-28.950388,40            31.762564,-28.950382,40            31.762543,-28.950375,41            31.76253,-28.95037,41            31.762518,-28.950369,41            31.762514,-28.950373,41            31.762499,-28.950384,42            31.762487,-28.950403,42            31.762453,-28.95041,42            31.762438,-28.950432,42            31.762403,-28.950449,43            31.762373,-28.950464,43            31.762356,-28.950483,43            31.76234,-28.950495,43            31.762337,-28.950518,43            31.762327,-28.950544,43            31.762314,-28.95057,43            31.762295,-28.950583,43            31.762291,-28.950573,43            31.762268,-28.950573,43            31.76227,-28.950583,43            31.76228,-28.950592,43            31.762291,-28.9506,43            31.762302,-28.950615,43            31.762314,-28.950636,43            31.762321,-28.950653,43            31.762323,-28.950684,43            31.762327,-28.950708,42            31.762325,-28.950737,42            31.762316,-28.950762,43            31.7623,-28.950779,43            31.762297,-28.950796,43            31.762293,-28.950813,43            31.762285,-28.950827,43            31.76228,-28.950842,43            31.762276,-28.950853,43            31.76227,-28.950865,43            31.762243,-28.950882,43            31.762222,-28.950888,43            31.762196,-28.950897,43            31.762182,-28.95091,43            31.762173,-28.950928,43            31.762163,-28.950947,43            31.76215,-28.950968,43            31.762125,-28.950987,43            31.762112,-28.95101,43            31.762104,-28.95103,43            31.762096,-28.951057,44            31.762104,-28.95109,44            31.762106,-28.951113,45            31.762115,-28.951126,45            31.762142,-28.951141,45            31.762165,-28.951155,45            31.762194,-28.95117,45            31.762217,-28.951185,45            31.762238,-28.951193,45            31.762245,-28.951199,44            31.76226,-28.951218,44            31.762281,-28.95124,44            31.762304,-28.95127,44            31.76231,-28.951294,45            31.762333,-28.951324,45            31.762346,-28.951342,44            31.762342,-28.951363,44            31.762335,-28.951382,44            31.762318,-28.951399,44            31.762297,-28.951397,44            31.762276,-28.951395,44            31.762262,-28.951399,44            31.762243,-28.951403,44            31.762228,-28.951408,44            31.76221,-28.95141,44            31.762197,-28.951422,43            31.762186,-28.951435,43            31.762182,-28.951445,43            31.762186,-28.951448,43            31.762167,-28.951447,43            31.762148,-28.95144,43            31.762135,-28.951437,43            31.762114,-28.951431,43            31.76209,-28.951427,43            31.762068,-28.951431,43            31.762047,-28.951437,43            31.762035,-28.951443,43            31.76203,-28.951462,43            31.762026,-28.95147,43            31.762018,-28.95148,43            31.762001,-28.951488,43            31.761988,-28.951494,44            31.761982,-28.951502,45            31.761974,-28.951519,45            31.76197,-28.951534,44            31.761969,-28.95153,44            31.761965,-28.951529,45            31.761965,-28.951527,45            31.761969,-28.951532,45            31.761965,-28.951542,45            31.761965,-28.951555,45            31.76197,-28.95157,45            31.761967,-28.951584,45            31.761955,-28.951605,45            31.761944,-28.951626,45            31.761919,-28.951641,45            31.761896,-28.951649,45            31.761873,-28.951653,45            31.761866,-28.951662,45            31.761866,-28.951666,45            31.761871,-28.951674,45            31.761879,-28.951672,45            31.761887,-28.951677,45            31.761898,-28.951687,45            31.761906,-28.951696,44            31.761908,-28.951704,44            31.761911,-28.951708,44            31.761919,-28.951714,44            31.76193,-28.951729,44            31.761938,-28.951746,44            31.761944,-28.951752,44            31.761946,-28.951765,44            31.761946,-28.951778,44            31.761948,-28.951792,44            31.76196,-28.95181,44            31.761955,-28.951826,44            31.76196,-28.951847,43            31.76196,-28.951864,43            31.761953,-28.951874,43            31.76195,-28.951883,43            31.761951,-28.95189,44            31.761957,-28.951904,44            31.761969,-28.951912,44            31.761974,-28.95192,44            31.761969,-28.951923,44            31.76196,-28.951925,44            31.76194,-28.951935,44            31.76193,-28.951946,44            31.761917,-28.951958,44            31.7619,-28.951967,44            31.761889,-28.951979,44            31.7619,-28.951986,44            31.761915,-28.951992,44            31.761913,-28.952007,44            31.761913,-28.952023,43            31.761906,-28.95204,43            31.761896,-28.952059,43            31.76189,-28.95208,43            31.761887,-28.952106,43            31.76189,-28.95213,43            31.761894,-28.952147,43            31.761898,-28.952152,43            31.76191,-28.952158,43            31.761925,-28.952164,43            31.761944,-28.952171,42            31.761953,-28.952175,42            31.761963,-28.952188,41            31.761965,-28.952204,41            31.761972,-28.952213,42            31.761988,-28.952215,42            31.762001,-28.952219,42            31.762012,-28.952223,43            31.762026,-28.95223,43            31.762033,-28.952238,43            31.76204,-28.952248,45            31.762043,-28.952257,45            31.762056,-28.952272,46            31.762062,-28.952284,46            31.762072,-28.9523,47            31.76208,-28.95231,47            31.762077,-28.952328,47            31.76207,-28.952341,47            31.762064,-28.95235,47            31.76206,-28.952354,46            31.762066,-28.95235,46            31.762068,-28.952345,46            31.76207,-28.952341,46            31.76207,-28.952337,46            31.76207,-28.95234,46            31.76207,-28.952341,46            31.762072,-28.95234,46            31.762074,-28.952333,46            31.762077,-28.952337,46            31.762093,-28.952347,47            31.762115,-28.952354,47            31.76214,-28.95236,47            31.762163,-28.952362,47            31.762177,-28.95237,47            31.7622,-28.952368,48            31.762228,-28.952366,48            31.762253,-28.95237,48            31.76228,-28.952375,48            31.762306,-28.952381,48            31.762331,-28.952387,48            31.762333,-28.952417,49            31.76232,-28.952446,49            31.762312,-28.952469,49            31.762302,-28.952494,49            31.762287,-28.952522,49            31.762283,-28.95254,49            31.762283,-28.95255,49            31.762278,-28.952562,49            31.762274,-28.952587,49            31.762268,-28.952616,49            31.76227,-28.952639,50            31.762262,-28.952654,50            31.76226,-28.952673,50            31.762264,-28.952688,50            31.762264,-28.952703,50            31.762259,-28.952717,50            31.762247,-28.952719,50            31.762245,-28.952732,50            31.762236,-28.952745,50            31.762232,-28.952759,50            31.762224,-28.952768,50            31.76221,-28.95277,50            31.762205,-28.95278,50            31.762194,-28.95279,50            31.762205,-28.952797,51            31.762207,-28.952793,51            31.762205,-28.95279,51            31.762203,-28.952791,51            31.762207,-28.952787,51            31.762201,-28.952791,51            31.76219,-28.952785,51            31.762186,-28.95278,51            31.762167,-28.95278,51            31.762152,-28.952785,51            31.762135,-28.95279,51            31.762106,-28.952795,51            31.76208,-28.952793,51            31.762064,-28.952784,51            31.762054,-28.95278,51            31.762053,-28.952782,51            31.762041,-28.952791,51            31.762037,-28.952797,51            31.76203,-28.952799,51            31.762022,-28.952797,51            31.762018,-28.952795,51            31.762022,-28.952784,50            31.762022,-28.952768,51            31.762007,-28.952763,51            31.761995,-28.952763,50            31.761976,-28.952755,50            31.761963,-28.95274,50            31.761972,-28.952726,50            31.76197,-28.952715,51            31.76197,-28.952703,51            31.761965,-28.952703,51            31.761963,-28.9527,51            31.76196,-28.952692,51            31.761957,-28.95268,50            31.76194,-28.952677,50            31.76193,-28.952671,50            31.76193,-28.95267,50            31.761942,-28.952658,50            31.761965,-28.952646,50            31.761982,-28.952633,50            31.761992,-28.952621,50            31.762007,-28.95262,50            31.762022,-28.952614,50            31.762033,-28.952604,50            31.76204,-28.952602,50            31.762053,-28.952602,49            31.762054,-28.952602,49            31.762056,-28.952604,49            31.76205,-28.952606,49            31.762037,-28.9526,48            31.762026,-28.952589,48            31.762005,-28.952576,48            31.761993,-28.952564,48            31.761986,-28.95256,48            31.76198,-28.95256,48            31.761976,-28.952559,48            31.761976,-28.952553,48            31.761969,-28.952557,48            31.761961,-28.952549,48            31.761953,-28.952541,48            31.761948,-28.952538,48            31.761955,-28.952536,48            31.76195,-28.952534,48            31.761944,-28.952526,48            31.761944,-28.952517,48            31.761951,-28.9525,48            31.761957,-28.95248,48            31.761976,-28.952465,48            31.762009,-28.952438,48            31.762026,-28.95242,48            31.762043,-28.952398,48            31.762045,-28.952387,48            31.762037,-28.952375,48            31.762041,-28.95236,48            31.762032,-28.952349,48            31.762033,-28.952337,47            31.762028,-28.952324,48            31.762022,-28.95231,47            31.762007,-28.9523,47            31.76199,-28.95229,47            31.761976,-28.952278,47            31.761965,-28.952269,47            31.761967,-28.952257,47            31.761963,-28.952244,47            31.761951,-28.952229,47            31.761944,-28.95222,47            31.761946,-28.952215,47            31.761951,-28.952202,47            31.761957,-28.95219,47            31.761957,-28.95218,47            31.761953,-28.952166,47            31.761942,-28.952148,47            31.761919,-28.952135,47            31.761906,-28.952126,47            31.761892,-28.952127,47            31.761871,-28.952118,47            31.761866,-28.952112,47            31.761864,-28.952103,47            31.761862,-28.9521,47            31.76185,-28.9521,47            31.761852,-28.952093,47            31.761837,-28.952087,47            31.761831,-28.952074,48            31.761831,-28.952065,48            31.76182,-28.952059,48            31.761812,-28.952051,48            31.761816,-28.952038,48            31.76182,-28.952024,49            31.761826,-28.952026,49            31.761833,-28.952028,49            31.761839,-28.952026,48            31.76184,-28.952032,48            31.761839,-28.952032,48            31.761835,-28.952028,48            31.761831,-28.952019,48            31.761827,-28.952007,47            31.761833,-28.951994,48            31.761822,-28.951986,47            31.761812,-28.951971,47            31.761799,-28.95196,47            31.761787,-28.95195,48            31.761772,-28.951939,48            31.761751,-28.951937,48            31.76174,-28.95194,48            31.76173,-28.951948,48            31.761715,-28.95195,48            31.761692,-28.951946,48            31.761671,-28.951937,48            31.761656,-28.951921,48            31.761648,-28.9519,48            31.761633,-28.951883,48            31.761614,-28.951868,48            31.761608,-28.95185,48            31.761591,-28.951832,48            31.761608,-28.951828,49            31.761597,-28.951818,49            31.761599,-28.95181,49            31.761597,-28.951807,49            31.761612,-28.951809,49            31.761627,-28.951805,49            31.761642,-28.9518,49            31.76166,-28.951796,49            31.76168,-28.95179,49            31.761694,-28.951778,49            31.761702,-28.951767,49            31.76172,-28.951769,50            31.761711,-28.951769,50            31.761688,-28.951767,50            31.76166,-28.951746,50            31.761648,-28.95174,50            31.76164,-28.95173,50            31.76164,-28.951729,50            31.761642,-28.951735,50            31.761642,-28.951738,50            31.761644,-28.951738,50            31.761652,-28.951738,49            31.76166,-28.951735,49            31.761667,-28.951721,49            31.76168,-28.95171,50            31.76169,-28.951702,50            31.761694,-28.951704,50            31.761692,-28.951702,50            31.761677,-28.9517,50            31.761658,-28.951706,50            31.761631,-28.951706,50            31.761612,-28.951712,50            31.761599,-28.951717,50            31.761585,-28.951727,50            31.761578,-28.951736,50            31.76156,-28.951742,49            31.76154,-28.951744,50            31.761515,-28.951742,49            31.76149,-28.951744,49            31.76147,-28.95174,49            31.761436,-28.951738,49            31.761412,-28.95174,49            31.761393,-28.951746,49            31.761377,-28.951757,49            31.761364,-28.95177,49            31.761353,-28.95178,49            31.761341,-28.951786,48            31.761312,-28.951784,48            31.761293,-28.951782,48            31.761286,-28.951778,48            31.761278,-28.95177,48            31.761274,-28.95177,48            31.761272,-28.951773,48            31.76126,-28.951769,47            31.761248,-28.951773,47            31.761232,-28.951788,47            31.761204,-28.951796,46            31.761187,-28.9518,45            31.761168,-28.951797,45            31.761148,-28.951797,45            31.761137,-28.951792,45            31.761124,-28.951794,45            31.761097,-28.95179,45            31.761091,-28.951794,45            31.761097,-28.951796,45            31.761105,-28.951788,45            31.7611,-28.951788,46            31.76109,-28.951786,46            31.761074,-28.95178,46            31.761066,-28.951782,46            31.761063,-28.951784,46            31.761055,-28.951782,46            31.761047,-28.951784,46            31.76104,-28.95179,45            31.761024,-28.951794,45            31.76101,-28.9518,45            31.761007,-28.951805,45            31.761,-28.951817,45            31.760992,-28.951824,45            31.76098,-28.95184,45            31.76097,-28.951855,45            31.760971,-28.951857,45            31.760965,-28.951857,45            31.760958,-28.951857,45            31.76095,-28.951857,45            31.76093,-28.951864,46            31.76092,-28.951864,46            31.760912,-28.951862,46            31.760904,-28.951868,46            31.760899,-28.951874,46            31.760902,-28.951885,46            31.7609,-28.951893,46            31.760895,-28.951902,46            31.760885,-28.951914,46            31.760876,-28.951925,46            31.760874,-28.951935,46            31.760874,-28.951937,47            31.760874,-28.951935,47            31.760868,-28.951944,47            31.76085,-28.951952,47            31.760834,-28.951962,46            31.760818,-28.951971,46            31.760809,-28.951975,46            31.760796,-28.951971,46            31.760777,-28.951979,46            31.760773,-28.95198,45            31.760752,-28.951988,45            31.760735,-28.952003,45            31.760715,-28.95201,45            31.760689,-28.952011,45            31.76066,-28.952013,45            31.76066,-28.952023,45            31.760662,-28.952032,45            31.760654,-28.952045,45            31.760645,-28.95205,45            31.760637,-28.95206,45            31.760628,-28.952068,46            31.760616,-28.952072,46            31.76061,-28.952066,46            31.760603,-28.952051,47            31.760605,-28.952044,47            31.760593,-28.952024,47            31.760584,-28.952,47            31.760584,-28.95199,47            31.76058,-28.951984,47            31.760546,-28.951977,48            31.760513,-28.951979,48            31.760487,-28.951977,48            31.760468,-28.951979,48            31.760443,-28.951975,48            31.760424,-28.95197,48            31.760397,-28.951952,48            31.76037,-28.951933,48            31.760338,-28.951927,48            31.76032,-28.95192,48            31.760296,-28.951908,48            31.760258,-28.951897,48            31.760235,-28.95191,48            31.760223,-28.951937,48            31.760214,-28.951963,48            31.760204,-28.951986,48            31.760193,-28.952013,48            31.760172,-28.952023,48            31.760164,-28.952036,48            31.760159,-28.952032,48            31.760153,-28.952047,48            31.760134,-28.952057,48            31.760109,-28.952068,48            31.760094,-28.952091,48            31.760086,-28.952112,48            31.760088,-28.952145,48            31.760082,-28.952164,48            31.760086,-28.952198,48            31.760094,-28.952219,48            31.760103,-28.952236,48            31.760103,-28.952246,48            31.760101,-28.95225,47            31.760109,-28.952244,48            31.760118,-28.952246,47            31.760124,-28.952227,48            31.760124,-28.952213,48            31.760124,-28.952206,48            31.76012,-28.952202,48            31.760118,-28.952198,48            31.760113,-28.9522,48            31.760082,-28.952192,48            31.760073,-28.95218,48            31.76008,-28.95217,48            31.760082,-28.952168,48            31.760086,-28.952164,48            31.76008,-28.952139,49            31.760069,-28.952118,49            31.760061,-28.9521,49            31.76005,-28.952087,50            31.760036,-28.952078,50            31.760015,-28.95207,50            31.760012,-28.952068,50            31.760015,-28.952063,51            31.759993,-28.95205,52            31.76,-28.95204,52            31.759998,-28.952034,53            31.76,-28.952026,52            31.76,-28.952023,52            31.75999,-28.952011,52            31.759981,-28.951998,52            31.759975,-28.951984,53            31.759974,-28.95197,53            31.759974,-28.951948,54            31.759977,-28.95192,54            31.759983,-28.951893,54            31.75999,-28.951864,54            31.760004,-28.951841,55            31.760015,-28.951818,55            31.760027,-28.951796,55            31.760038,-28.95177,55            31.760044,-28.95175,55            31.760048,-28.951727,56            31.76005,-28.951698,56            31.760052,-28.951675,56            31.760057,-28.951656,57            31.760065,-28.951635,57            31.760078,-28.951612,57            31.760092,-28.951591,58            31.760105,-28.951572,58            31.76012,-28.95155,59            31.76013,-28.951527,59            31.760138,-28.951504,59            31.760147,-28.951485,59            31.760168,-28.951466,59            31.76019,-28.951452,60            31.760212,-28.951437,60            31.760231,-28.95143,59            31.760252,-28.951422,59            31.760275,-28.951412,59            31.760298,-28.951405,60            31.760315,-28.951403,60            31.760336,-28.951395,60            31.760355,-28.951393,60            31.760372,-28.95139,60            31.760391,-28.951382,60            31.760412,-28.951372,60            31.76043,-28.951359,60            31.760447,-28.951345,60            31.760466,-28.951336,60            31.760489,-28.951324,60            31.760502,-28.951307,61            31.760517,-28.951288,62            31.760527,-28.951271,61            31.760534,-28.951258,61            31.760534,-28.951239,61            31.76053,-28.951221,60            31.760529,-28.951202,60            31.76052,-28.95118,60            31.76051,-28.951157,60            31.760504,-28.951134,60            31.7605,-28.951113,60            31.76051,-28.951092,60            31.760527,-28.951082,60            31.76055,-28.951077,60            31.760576,-28.951069,60            31.760601,-28.95106,59            31.760622,-28.951044,59            31.76064,-28.951029,59            31.760653,-28.951012,59            31.760664,-28.950987,59            31.76068,-28.950964,59            31.760695,-28.95094,59            31.760706,-28.95092,58            31.76072,-28.950905,58            31.760733,-28.95089,58            31.760742,-28.950878,58            31.760754,-28.95086,58            31.760763,-28.95084,58            31.760769,-28.950823,58            31.760778,-28.950806,57            31.76079,-28.95079,57            31.760807,-28.950773,57            31.760822,-28.950754,57            31.760838,-28.950731,56            31.760853,-28.950708,56            31.760862,-28.95069,56            31.760878,-28.950666,55            31.760893,-28.950644,55            31.760912,-28.950623,55            31.760927,-28.950602,55            31.760946,-28.95058,55            31.76096,-28.950562,54            31.760971,-28.950542,53            31.760984,-28.950525,53            31.760996,-28.95051,53            31.761007,-28.95049,53            31.76102,-28.950468,53            31.761034,-28.950443,53            31.761042,-28.950418,53            31.761044,-28.950394,52            31.761044,-28.950378,52            31.761045,-28.950369,52            31.76105,-28.950367,52            31.761055,-28.950365,52            31.761065,-28.95036,52            31.761078,-28.950356,53            31.761095,-28.950352,53            31.761105,-28.950346,53            31.761114,-28.950333,53            31.761118,-28.950321,52            31.76112,-28.950304,52            31.76113,-28.950289,52            31.761139,-28.950277,52            31.761154,-28.950264,52            31.761162,-28.950254,52            31.761168,-28.950243,53            31.761175,-28.950233,53            31.761183,-28.950228,53            31.761192,-28.95022,53            31.761202,-28.95021,53            31.761206,-28.950201,53            31.761219,-28.950186,53            31.761232,-28.950176,53            31.761248,-28.95017,53            31.761261,-28.950167,53            31.761272,-28.950161,53            31.761288,-28.950155,53            31.761301,-28.950146,53            31.761316,-28.950138,53            31.76133,-28.950136,53            31.761345,-28.950132,52            31.761356,-28.95013,53            31.761372,-28.950127,53            31.761387,-28.950125,53            31.761404,-28.95012,53            31.761415,-28.950115,53            31.761429,-28.950108,52            31.761438,-28.950102,53            31.761442,-28.950089,53            31.761446,-28.950071,53            31.761456,-28.950052,53            31.761457,-28.950039,53            31.761454,-28.950027,53            31.76144,-28.950022,54            31.761427,-28.950008,54            31.761415,-28.950003,54            31.761415,-28.949993,54            31.761423,-28.949982,54            31.761425,-28.949968,54            31.761427,-28.949959,54            31.76143,-28.94994,54            31.761435,-28.949926,54            31.761436,-28.949902,53            31.761433,-28.949879,54            31.76143,-28.949852,54            31.761429,-28.949825,54            31.76143,-28.949808,54            31.761433,-28.949797,53            31.761435,-28.949787,53            31.761435,-28.949783,53            31.76144,-28.949781,53            31.761446,-28.949783,53            31.761463,-28.949785,54            31.761477,-28.949785,54            31.76149,-28.949783,54            31.761503,-28.949776,54            31.761528,-28.949772,54            31.761553,-28.949772,54            31.76158,-28.94978,54            31.761606,-28.949785,54            31.76163,-28.94979,54            31.761646,-28.949791,54            31.761656,-28.949785,54            31.76166,-28.949781,54            31.761663,-28.94978,54            31.761667,-28.94977,54            31.76167,-28.94975,54            31.761675,-28.949736,54            31.761665,-28.949726,54            31.76166,-28.949717,54            31.76166,-28.949718,54            31.761662,-28.949717,54            31.761662,-28.94971,54            31.76165,-28.949697,55            31.761646,-28.949692,55            31.761642,-28.94968,55            31.761631,-28.949678,55            31.761608,-28.949684,55            31.76159,-28.949684,55            31.76158,-28.949675,55            31.761572,-28.94967,55            31.761568,-28.949665,55            31.761566,-28.949673,55            31.761559,-28.949677,55            31.761559,-28.949665,55            31.76155,-28.949665,55            31.761541,-28.949663,55            31.761536,-28.949657,55            31.761536,-28.949648,55            31.761536,-28.94964,55            31.761538,-28.949627,55            31.761536,-28.949621,55            31.76154,-28.949602,55            31.761541,-28.949596,55            31.76155,-28.949589,55            31.76156,-28.949581,55            31.761568,-28.94958,55            31.761583,-28.949575,54            31.76159,-28.949577,55            31.7616,-28.949596,55            31.761585,-28.94962,55            31.761591,-28.94962,55            31.761587,-28.949629,55            31.761595,-28.949636,55            31.761597,-28.949636,55            31.761595,-28.94963,54            31.76158,-28.949629,54            31.761559,-28.949625,54            31.761543,-28.94962,54            31.761538,-28.949614,54            31.761532,-28.94959,54            31.76152,-28.94957,54            31.76152,-28.94955,54            31.761518,-28.949537,54            31.761503,-28.949533,54            31.761486,-28.949518,54            31.76147,-28.94951,54            31.76148,-28.949484,54            31.761513,-28.949465,54            31.761503,-28.949442,53            31.761501,-28.949427,53            31.761505,-28.949425,54            31.761501,-28.949419,54            31.76149,-28.949415,54            31.761478,-28.949419,54            31.761456,-28.949413,54            31.761448,-28.949411,54            31.76144,-28.949404,54            31.761446,-28.949392,54            31.761457,-28.949383,54            31.761456,-28.94937,54            31.761442,-28.949354,55            31.761442,-28.949343,55            31.76144,-28.949337,55            31.761448,-28.949322,55            31.76144,-28.949316,55            31.761433,-28.949308,55            31.761425,-28.949299,55            31.761412,-28.949284,55            31.761395,-28.949272,55            31.761385,-28.949255,55            31.761374,-28.949238,55            31.761366,-28.949226,55            31.761356,-28.949215,55            31.761377,-28.94919,55            31.76137,-28.949177,55            31.761374,-28.949162,55            31.761383,-28.949156,55            31.761366,-28.94915,55            31.761353,-28.949152,55            31.76134,-28.949148,55            31.76134,-28.949131,55            31.761297,-28.949127,55            31.761316,-28.949112,55            31.761309,-28.949104,55            31.761324,-28.949093,55            31.761345,-28.94909,55            31.761353,-28.949083,55            31.761322,-28.94909,55            31.761316,-28.949095,55            31.761297,-28.949099,55            31.761286,-28.949093,56            31.761253,-28.949099,56            31.761242,-28.949112,56            31.761183,-28.949133,56            31.761148,-28.949152,56            31.761105,-28.94917,56            31.76108,-28.949196,56            31.761051,-28.949217,55            31.761045,-28.949234,55            31.76102,-28.949245,55            31.761003,-28.949253,55            31.76099,-28.949259,54            31.760977,-28.949274,54            31.760956,-28.949276,54            31.76093,-28.949274,54            31.760921,-28.94927,54            31.7609,-28.949272,54            31.76088,-28.949274,54            31.760868,-28.949282,54            31.760845,-28.949282,54            31.76084,-28.949293,54            31.760826,-28.949305,54            31.76081,-28.949303,54            31.760798,-28.949299,55            31.760786,-28.949293,55            31.760773,-28.949284,55            31.760773,-28.949274,55            31.760765,-28.949263,56            31.76075,-28.94925,56            31.760742,-28.94924,56            31.760727,-28.949226,57            31.760715,-28.949217,58            31.7607,-28.949203,58            31.760695,-28.94919,58            31.76069,-28.949179,59            31.760693,-28.949167,60            31.760695,-28.949156,59            31.760693,-28.949139,60            31.760689,-28.949121,60            31.760683,-28.949106,60            31.760677,-28.949095,61            31.760675,-28.949081,61            31.760674,-28.94907,61            31.760672,-28.949057,62            31.760666,-28.949045,63            31.760662,-28.949036,63            31.76066,-28.94902,64            31.76066,-28.949005,64            31.760656,-28.94899,64            31.760647,-28.94898,64            31.760637,-28.948967,65            31.760626,-28.948957,65            31.76062,-28.948942,65            31.760626,-28.948927,65            31.760632,-28.948908,66            31.760635,-28.948887,66            31.760637,-28.948872,66            31.760633,-28.948858,65            31.76063,-28.948845,65            31.760618,-28.948833,65            31.760605,-28.948826,65            31.76059,-28.948814,65            31.760578,-28.948803,65            31.760565,-28.948793,65            31.76055,-28.948788,65            31.760532,-28.94878,65            31.760527,-28.948769,65            31.760529,-28.948757,65            31.760536,-28.94874,65            31.760536,-28.948723,65            31.76054,-28.948708,66            31.76054,-28.948692,66            31.76054,-28.948679,66            31.760542,-28.948664,66            31.760534,-28.948652,67            31.760529,-28.948639,67            31.760525,-28.948627,67            31.76051,-28.94862,67            31.760494,-28.948608,67            31.760485,-28.948593,67            31.760475,-28.94858,67            31.76047,-28.94857,68            31.760468,-28.948555,68            31.76047,-28.948542,68            31.760466,-28.94853,68            31.76046,-28.948519,68            31.760452,-28.948503,68            31.760435,-28.948494,69            31.760422,-28.948479,69            31.760406,-28.948463,69            31.7604,-28.94845,69            31.760397,-28.948435,69            31.760395,-28.94842,69            31.760387,-28.948408,70            31.760382,-28.948399,70            31.76038,-28.94839,69            31.760372,-28.948381,69            31.760363,-28.948376,69            31.760353,-28.948368,69            31.760351,-28.948362,69            31.76035,-28.948353,69            31.760344,-28.948347,69            31.760344,-28.948336,69            31.760334,-28.948324,69            31.760324,-28.948315,69            31.760313,-28.948305,69            31.760302,-28.948296,69            31.760292,-28.948288,69            31.760283,-28.94828,70            31.760271,-28.948273,69            31.76026,-28.948265,69            31.760248,-28.94826,69            31.760235,-28.94825,69            31.760212,-28.948242,70            31.760195,-28.94823,69            31.760195,-28.94822,69            31.760193,-28.94821,69            31.760193,-28.9482,69            31.76019,-28.94819,69            31.76018,-28.948183,69            31.760176,-28.94818,69            31.76016,-28.94818,69            31.760138,-28.948181,69            31.760115,-28.94818,69            31.760098,-28.948177,69            31.760082,-28.948174,69            31.760069,-28.948175,69            31.760063,-28.94818,69            31.760056,-28.94818,69            31.760052,-28.94818,69            31.760042,-28.94818,69            31.760035,-28.948181,69            31.760017,-28.948183,69            31.759998,-28.948181,69            31.759977,-28.948183,68            31.759962,-28.948183,69            31.759953,-28.948183,69            31.759941,-28.948183,69            31.759928,-28.948187,69            31.759912,-28.948193,69            31.759895,-28.948195,69            31.75988,-28.9482,70            31.75987,-28.948202,70            31.759851,-28.948215,70            31.75984,-28.948227,70            31.75982,-28.94824,70            31.759808,-28.948244,70            31.759792,-28.948252,70            31.759777,-28.94826,70            31.759768,-28.948261,70            31.759754,-28.948261,70            31.759739,-28.948265,70            31.759726,-28.94827,69            31.759712,-28.94827,69            31.759699,-28.94827,70            31.759684,-28.948269,70            31.75967,-28.948265,70            31.759657,-28.948261,70            31.759651,-28.948257,70            31.759642,-28.948254,70            31.759634,-28.94825,70            31.759628,-28.94824,71            31.759623,-28.948233,71            31.759617,-28.948235,71            31.759617,-28.948233,71            31.759613,-28.948227,71            31.759607,-28.94822,71            31.759605,-28.948212,71            31.7596,-28.948204,71            31.759594,-28.948196,71            31.759592,-28.948185,71            31.759592,-28.948174,71            31.759586,-28.948162,71            31.75958,-28.94815,72            31.759577,-28.94814,72            31.759571,-28.94813,72            31.759563,-28.948124,72            31.759554,-28.948118,72            31.75955,-28.94811,73            31.759548,-28.948101,73            31.75955,-28.948101,73            31.759548,-28.948092,73            31.75955,-28.94808,73            31.759546,-28.948069,73            31.759542,-28.94806,73            31.759539,-28.948044,73            31.759535,-28.948032,73            31.759527,-28.948019,73            31.759523,-28.948002,73            31.759508,-28.947989,73            31.759499,-28.947971,74            31.75949,-28.947962,74            31.75948,-28.94795,74            31.759474,-28.94794,74            31.759466,-28.947926,74            31.759459,-28.947916,74            31.759453,-28.94791,74            31.759441,-28.947903,74            31.759434,-28.94789,74            31.759428,-28.947872,74            31.759424,-28.947859,74            31.759418,-28.947844,75            31.759415,-28.947832,75            31.75941,-28.94782,75            31.759403,-28.94781,75            31.759401,-28.947796,75            31.759396,-28.94778,75            31.759384,-28.947767,76            31.759373,-28.947756,76            31.759367,-28.947742,76            31.759361,-28.947727,76            31.759352,-28.94772,76            31.759346,-28.94771,76            31.759346,-28.947699,77            31.75934,-28.947687,77            31.75934,-28.947674,78            31.759336,-28.947659,78            31.759333,-28.947649,78            31.759321,-28.947643,79            31.759312,-28.947632,79            31.7593,-28.947622,79            31.7593,-28.94761,80            31.7593,-28.9476,80            31.7593,-28.947594,80            31.7593,-28.947584,80            31.759295,-28.947577,79            31.759289,-28.947565,80            31.759289,-28.947556,80            31.75929,-28.947548,80            31.759289,-28.947536,80            31.759293,-28.947529,81            31.759293,-28.94752,81            31.75929,-28.947506,80            31.759295,-28.947493,80            31.759298,-28.947481,80            31.759302,-28.947468,80            31.759302,-28.947454,80            31.759306,-28.94744,80            31.759308,-28.947428,80            31.759315,-28.947412,79            31.759323,-28.947397,79            31.759327,-28.947386,79            31.759329,-28.947372,80            31.75933,-28.947357,80            31.759336,-28.947346,79            31.759344,-28.947332,80            31.759352,-28.94732,79            31.759354,-28.947311,80            31.759357,-28.947298,80            31.759361,-28.947287,80            31.759367,-28.947277,80            31.75937,-28.947264,80            31.759375,-28.947252,80            31.759378,-28.94724,80            31.759382,-28.947227,80            31.759388,-28.947214,81            31.759394,-28.947199,81            31.7594,-28.947182,81            31.759403,-28.947166,81            31.759407,-28.947151,81            31.75941,-28.947138,81            31.759415,-28.947124,81            31.75942,-28.947113,81            31.759424,-28.947104,81            31.75943,-28.947094,81            31.759434,-28.947083,81            31.759438,-28.947071,81            31.75944,-28.947062,81            31.759438,-28.947052,81            31.759443,-28.94704,81            31.75945,-28.947023,81            31.75946,-28.94701,81            31.759466,-28.946999,81            31.759472,-28.946987,80            31.75948,-28.946978,81            31.759483,-28.946972,81            31.75949,-28.946966,81            31.759493,-28.94696,81            31.759497,-28.946953,81            31.759504,-28.94694,81            31.759514,-28.946932,81            31.75952,-28.946918,81            31.75953,-28.946903,81            31.759539,-28.94689,81            31.759544,-28.946877,81            31.759548,-28.946865,81            31.759552,-28.946856,81            31.759554,-28.946842,81            31.759556,-28.94683,81            31.759558,-28.946823,81            31.759562,-28.946815,81            31.759563,-28.9468,81            31.759567,-28.946785,81            31.759573,-28.946764,82            31.75958,-28.946741,82            31.759592,-28.946716,82            31.759596,-28.946688,82            31.759594,-28.946661,83            31.759592,-28.946632,83            31.75959,-28.9466,83            31.759596,-28.946571,83            31.75961,-28.946539,82            31.759624,-28.946508,82            31.759644,-28.946478,83            31.75966,-28.946457,83            31.759678,-28.946444,83            31.759693,-28.94643,83            31.759705,-28.946411,84            31.759714,-28.946392,83            31.759726,-28.946367,83            31.75974,-28.94634,83            31.759754,-28.946316,83            31.759766,-28.946291,83            31.759779,-28.946268,83            31.759794,-28.946249,83            31.759815,-28.94623,83            31.759832,-28.94621,83            31.759855,-28.946192,83            31.75988,-28.946178,83            31.759901,-28.946167,83            31.759916,-28.946152,83            31.759935,-28.946133,83            31.75995,-28.946121,83            31.759962,-28.94611,84            31.759974,-28.946098,84            31.759974,-28.946075,84            31.759975,-28.946049,85            31.759974,-28.946026,85            31.759975,-28.946007,85            31.759977,-28.94599,84            31.759985,-28.94597,85            31.759998,-28.945951,85            31.760008,-28.945936,85            31.76002,-28.945923,85            31.760035,-28.945911,85            31.76005,-28.945898,85            31.760065,-28.945889,85            31.760078,-28.945873,85            31.760092,-28.945856,85            31.760107,-28.94584,85            31.76012,-28.945826,85            31.760134,-28.94581,85            31.760145,-28.945797,85            31.760159,-28.945786,85            31.760168,-28.945772,85            31.760181,-28.94576,85            31.760191,-28.94575,85            31.760199,-28.945738,85            31.76021,-28.945728,85            31.760221,-28.945713,85            31.760233,-28.945702,85            31.760244,-28.945694,85            31.760254,-28.945684,85            31.760263,-28.945677,85            31.76028,-28.945673,86            31.760298,-28.945665,86            31.760319,-28.945658,86            31.76034,-28.94565,86            31.760357,-28.945633,86            31.760374,-28.945606,86            31.76039,-28.945583,86            31.760397,-28.945564,85            31.760406,-28.945543,85            31.760416,-28.945524,85            31.760437,-28.945505,86            31.760458,-28.945488,85            31.760475,-28.945475,85            31.76049,-28.945463,85            31.760506,-28.945457,86            31.76052,-28.945438,86            31.760538,-28.945412,86            31.760555,-28.945396,86            31.760572,-28.945383,86            31.76059,-28.945374,86            31.76061,-28.945354,86            31.760628,-28.945335,86            31.76064,-28.945312,86            31.760649,-28.945292,86            31.760647,-28.94528,86            31.760641,-28.945261,86            31.760637,-28.945246,86            31.76064,-28.945238,86            31.760649,-28.945229,86            31.76066,-28.945232,86            31.760677,-28.945232,86            31.760696,-28.945234,86            31.760715,-28.945219,86            31.760742,-28.945198,86            31.760769,-28.945177,86            31.7608,-28.945168,86            31.76082,-28.945164,86            31.760843,-28.945152,86            31.760864,-28.945148,86            31.760885,-28.945145,86            31.760908,-28.945143,86            31.760931,-28.94514,86            31.760954,-28.945133,85            31.760977,-28.945127,85            31.760994,-28.945127,85            31.761011,-28.945126,85            31.761028,-28.945145,85            31.761047,-28.945152,84            31.761072,-28.945158,84            31.761095,-28.945166,84            31.76112,-28.945168,84            31.76113,-28.945185,84            31.761126,-28.945208,84            31.761116,-28.945255,84            31.761106,-28.94527,84            31.761091,-28.945295,84            31.761087,-28.945312,84            31.761093,-28.945332,84            31.761099,-28.945354,83            31.761106,-28.945372,83            31.761114,-28.945389,83            31.76112,-28.945408,83            31.761127,-28.945425,82            31.76113,-28.945446,82            31.761133,-28.94547,81            31.761139,-28.945494,81            31.761145,-28.945518,81            31.761145,-28.945543,81            31.761143,-28.945564,81            31.761137,-28.945585,82            31.761126,-28.9456,82            31.761114,-28.945621,82            31.7611,-28.945646,81            31.761078,-28.945675,81            31.761057,-28.945705,80            31.761036,-28.945723,80            31.761024,-28.945736,79            31.761005,-28.945751,79            31.76099,-28.945765,79            31.760975,-28.94578,79            31.760952,-28.945791,78            31.760931,-28.945803,79            31.76091,-28.945812,78            31.760893,-28.945824,78            31.760883,-28.945837,78            31.760878,-28.945856,77            31.760883,-28.945873,77            31.760885,-28.945892,77            31.760893,-28.94591,77            31.760899,-28.945934,76            31.760902,-28.945961,77            31.760902,-28.945984,76            31.760902,-28.946007,76            31.760902,-28.946026,76            31.7609,-28.946045,76            31.760899,-28.946064,76            31.760899,-28.946081,76            31.760897,-28.946102,75            31.760895,-28.946125,75            31.760891,-28.946144,76            31.760883,-28.946167,76            31.760878,-28.946186,76            31.76087,-28.946205,76            31.760862,-28.946224,76            31.760857,-28.946245,76            31.760853,-28.946268,76            31.760849,-28.94629,76            31.760845,-28.946314,76            31.760841,-28.946337,76            31.760838,-28.946356,76            31.76083,-28.946375,76            31.760828,-28.946392,75            31.760824,-28.946415,75            31.760818,-28.94644,75            31.760817,-28.946465,75            31.760818,-28.946487,75            31.760817,-28.946512,75            31.76081,-28.946533,75            31.760801,-28.946543,75            31.7608,-28.946552,75            31.760803,-28.946556,76            31.760807,-28.946558,75            31.760807,-28.946556,75            31.760805,-28.946562,75            31.7608,-28.946564,75            31.760794,-28.946562,75            31.76078,-28.946568,75            31.760775,-28.946573,74            31.760778,-28.946585,74            31.760773,-28.946594,73            31.76076,-28.94661,73            31.76076,-28.946627,72            31.760761,-28.946646,72            31.760757,-28.946661,72            31.760746,-28.946676,72            31.760742,-28.946693,72            31.760733,-28.946714,72            31.76073,-28.946732,72            31.760735,-28.946754,72            31.760736,-28.94676,73            31.760754,-28.946775,73            31.760763,-28.94679,73            31.760778,-28.946796,73            31.76079,-28.946808,74            31.760801,-28.946821,74            31.760818,-28.946835,74            31.760822,-28.946848,74            31.760828,-28.946861,74            31.760845,-28.946875,74            31.760857,-28.946886,74            31.760866,-28.946894,74            31.760878,-28.946905,74            31.760883,-28.946918,74            31.76089,-28.946932,74            31.7609,-28.946947,75            31.76091,-28.946959,75            31.760914,-28.946966,74            31.76092,-28.946974,74            31.760931,-28.946981,75            31.760954,-28.946993,75            31.760971,-28.947002,76            31.760983,-28.947014,77            31.760988,-28.947023,77            31.760984,-28.947033,77            31.760992,-28.947044,77            31.761,-28.947056,77            31.761007,-28.947058,77            31.761019,-28.947058,77            31.761032,-28.947054,77            31.761042,-28.947046,77            31.76105,-28.947042,76            31.761057,-28.94704,76            31.76107,-28.947046,76            31.761084,-28.947054,76            31.761091,-28.947065,76            31.761095,-28.947079,75            31.7611,-28.947094,75            31.761103,-28.947111,75            31.761103,-28.947126,75            31.761105,-28.94714,75            31.761105,-28.947153,75            31.761106,-28.947166,74            31.761112,-28.947182,74            31.761118,-28.947197,74            31.761122,-28.947206,74            31.761131,-28.94721,74            31.761145,-28.947208,74            31.761156,-28.947206,74            31.76117,-28.947206,74            31.761173,-28.947203,75            31.761183,-28.9472,74            31.761187,-28.947191,74            31.76119,-28.94719,74            31.761192,-28.947186,74            31.761204,-28.947186,74            31.761213,-28.947187,74            31.76123,-28.947195,74            31.761248,-28.947206,74            31.76127,-28.94722,74            31.761295,-28.947227,74            31.761314,-28.947233,74            31.761332,-28.94724,74            31.761349,-28.947247,74            31.761364,-28.947248,75            31.761374,-28.947248,75            31.761385,-28.947248,75            31.761393,-28.947254,75            31.7614,-28.947256,75            31.761398,-28.94726,75            31.761393,-28.947266,75            31.761385,-28.947266,75            31.761375,-28.94727,75            31.76137,-28.94727,76            31.761364,-28.947273,76            31.76136,-28.947279,76            31.761332,-28.947285,76            31.76132,-28.947306,76            31.761312,-28.947327,76            31.761316,-28.947342,76            31.761332,-28.947351,76            31.76134,-28.947369,75            31.761347,-28.947393,75            31.761356,-28.947414,75            31.761358,-28.947424,75            31.761366,-28.94743,75            31.761374,-28.94743,75            31.761375,-28.947432,74            31.761377,-28.94744,74            31.761383,-28.947449,74            31.761387,-28.947462,74            31.761404,-28.947472,74            31.761414,-28.947477,74            31.761429,-28.947493,74            31.761446,-28.947508,74            31.761465,-28.947515,74            31.761484,-28.947514,74            31.7615,-28.947514,74            31.761517,-28.947517,74            31.761536,-28.947523,74            31.761553,-28.947527,73            31.76158,-28.94753,73            31.76161,-28.947527,73            31.761633,-28.947536,73            31.761658,-28.947548,73            31.761683,-28.947552,73            31.761703,-28.947554,73            31.761713,-28.947563,73            31.761723,-28.947575,73            31.761734,-28.947575,73            31.76174,-28.947582,73            31.761744,-28.947588,72            31.761736,-28.947596,72            31.761726,-28.947607,72            31.761703,-28.947628,72            31.761684,-28.947628,72            31.761679,-28.947624,72            31.761673,-28.947617,72            31.761675,-28.94761,72            31.761667,-28.947605,72            31.761656,-28.9476,72            31.761642,-28.947596,71            31.76162,-28.9476,71            31.761597,-28.947603,71            31.761578,-28.947617,71            31.761566,-28.947632,71            31.761562,-28.947641,71            31.761576,-28.94766,71            31.76159,-28.947678,71            31.761602,-28.947693,71            31.761621,-28.947704,71            31.76164,-28.947721,71            31.761662,-28.94774,71            31.761671,-28.947763,71            31.76168,-28.94778,71            31.761703,-28.947783,71            31.761728,-28.947802,70            31.761745,-28.947815,70            31.76176,-28.947819,70            31.761776,-28.947824,70            31.761791,-28.947824,70            31.761812,-28.947832,70            31.761824,-28.94784,70            31.761833,-28.94785,70            31.76185,-28.947859,70            31.761868,-28.947865,69            31.761887,-28.94788,69            31.761902,-28.947906,69            31.761927,-28.947931,69            31.76195,-28.947966,69            31.761978,-28.947989,69            31.761995,-28.948013,69            31.762005,-28.948032,69            31.76202,-28.948055,70            31.762035,-28.948084,70            31.762049,-28.948107,70            31.762074,-28.948126,70            31.762087,-28.948141,70            31.762098,-28.948156,70            31.762112,-28.94817,70            31.76212,-28.948187,70            31.762121,-28.9482,69            31.762129,-28.948202,69            31.762142,-28.948202,69            31.762156,-28.948193,69            31.762178,-28.948172,68            31.7622,-28.948149,68            31.762217,-28.948145,68            31.762234,-28.94816,68            31.76225,-28.94817,69            31.762266,-28.948168,69            31.762278,-28.94818,69            31.7623,-28.948189,69            31.762321,-28.948187,69            31.762346,-28.948175,69            31.762375,-28.948162,69            31.7624,-28.948145,69            31.762424,-28.948132,69            31.762455,-28.948126,70            31.762503,-28.948122,70            31.762547,-28.948114,70            31.762594,-28.948088,70            31.762615,-28.948078,70            31.762627,-28.948078,70            31.762627,-28.948084,70            31.762613,-28.948082,70            31.76259,-28.948097,70            31.762573,-28.948126,70            31.762575,-28.948132,69            31.762575,-28.948126,69            31.762592,-28.948126,69            31.7626,-28.948122,69            31.762602,-28.948118,69            31.762611,-28.948109,69            31.762619,-28.948109,69            31.762636,-28.948116,69            31.762638,-28.948124,69            31.762646,-28.948137,69            31.762665,-28.948141,69            31.762672,-28.948133,68            31.76267,-28.948143,68            31.762672,-28.948147,68            31.762678,-28.948158,68            31.76268,-28.948149,69            31.762684,-28.948137,68            31.762688,-28.94812,68            31.762701,-28.948137,67            31.76271,-28.948145,67            31.762724,-28.948149,67            31.762737,-28.948156,67            31.762747,-28.948175,67            31.762754,-28.948198,67            31.762756,-28.948212,66            31.762753,-28.948212,67            31.762743,-28.948204,67            31.762743,-28.948212,67            31.762745,-28.948214,67            31.76275,-28.948229,67            31.762756,-28.948244,67            31.762764,-28.948244,67            31.762768,-28.94826,68            31.762775,-28.948278,68            31.762783,-28.948296,67            31.762794,-28.948315,67            31.762815,-28.948334,67            31.762833,-28.948355,67            31.76285,-28.948372,67            31.762867,-28.948381,67            31.762882,-28.948399,67            31.76289,-28.948416,67            31.762897,-28.948431,67            31.76291,-28.94845,67            31.762915,-28.94847,67            31.762917,-28.948483,66            31.762922,-28.948498,66            31.762915,-28.948505,66            31.762915,-28.948513,66            31.762917,-28.948523,66            31.762913,-28.94853,65            31.762909,-28.948544,65            31.762894,-28.948551,65            31.762877,-28.948553,65            31.762854,-28.948555,65            31.762838,-28.94856,65            31.76281,-28.94856,65            31.762789,-28.94856,64            31.762772,-28.948566,64            31.762764,-28.948557,64            31.762758,-28.948563,64            31.762758,-28.948557,63            31.762745,-28.948555,63            31.762724,-28.948557,62            31.7627,-28.948566,62            31.762678,-28.948572,62            31.762657,-28.94858,61            31.762638,-28.948584,61            31.762613,-28.948591,61            31.762594,-28.9486,61            31.762568,-28.948616,61            31.76254,-28.948633,60            31.762508,-28.948652,60            31.762476,-28.948664,60            31.762445,-28.948664,60            31.762413,-28.94867,60            31.762386,-28.948671,60            31.76236,-28.948677,59            31.762337,-28.948687,59            31.76232,-28.948689,59            31.762306,-28.948694,59            31.762297,-28.948704,58            31.762295,-28.948708,58            31.762308,-28.948711,58            31.762327,-28.948715,58            31.762344,-28.948717,58            31.762375,-28.948715,58            31.76241,-28.948702,57            31.762436,-28.94868,57            31.762459,-28.94866,57            31.762482,-28.94864,57            31.762505,-28.948627,57            31.762531,-28.948624,56            31.762564,-28.948626,56            31.762589,-28.94863,56            31.762604,-28.948643,56            31.76261,-28.948656,56            31.762617,-28.948664,56            31.762625,-28.948671,56            31.762636,-28.948683,57            31.762646,-28.948698,58            31.762655,-28.948711,59            31.762667,-28.948723,60            31.76268,-28.948729,61            31.762693,-28.948732,62            31.762705,-28.948736,63            31.762714,-28.94874,64            31.762724,-28.948746,64            31.762732,-28.948751,65            31.762741,-28.948761,65            31.762754,-28.948774,65            31.762768,-28.948784,64            31.762781,-28.948795,64            31.76279,-28.94881,64            31.762796,-28.948822,64            31.762804,-28.948828,64            31.762812,-28.948826,64            31.76282,-28.948818,64            31.762825,-28.94881,64            31.76283,-28.948801,64            31.762835,-28.94879,64            31.762835,-28.948784,64            31.762836,-28.94878,63            31.762836,-28.948778,63            31.762838,-28.948776,63            31.762835,-28.948769,62            31.762836,-28.94876,62            31.76284,-28.94875,62            31.762848,-28.948734,62            31.762857,-28.948734,61            31.762875,-28.94872,61            31.762894,-28.94871,60            31.76291,-28.948696,60            31.762924,-28.948698,60            31.762949,-28.94871,59            31.76298,-28.948713,59            31.76301,-28.948715,59            31.763035,-28.94872,58            31.763056,-28.948736,58            31.763071,-28.948734,58            31.763084,-28.948734,58            31.763102,-28.948734,57            31.763117,-28.948736,57            31.763136,-28.948742,57            31.763151,-28.948742,57            31.763166,-28.948746,57            31.763174,-28.94875,57            31.763187,-28.94875,57            31.763199,-28.94875,57            31.763214,-28.948748,57            31.763231,-28.948746,57            31.763243,-28.948753,57            31.763262,-28.94878,57            31.763292,-28.948767,57            31.763329,-28.948753,58            31.763363,-28.948751,58            31.763386,-28.948738,58            31.763405,-28.948725,58            31.763426,-28.948702,58            31.76344,-28.948692,58            31.763443,-28.948698,58            31.763449,-28.948702,58            31.763472,-28.948685,58            31.763487,-28.94868,58            31.7635,-28.948685,58            31.763514,-28.948692,58            31.763546,-28.94868,58            31.763567,-28.948664,58            31.763577,-28.94865,58            31.763575,-28.948652,58            31.763578,-28.948652,58            31.76359,-28.94862,58            31.763597,-28.94862,58            31.763615,-28.948612,58            31.763628,-28.948606,58            31.76363,-28.948599,58            31.763641,-28.948597,58            31.763659,-28.948595,58            31.763689,-28.94858,58            31.763697,-28.948557,58            31.763708,-28.94853,58            31.763727,-28.948502,58            31.763746,-28.94848,58            31.763762,-28.948458,58            31.763771,-28.948433,58            31.763784,-28.948416,58            31.763794,-28.948395,58            31.763794,-28.948378,58            31.76379,-28.948362,57            31.763779,-28.948345,57            31.76377,-28.948324,57            31.763756,-28.948298,57            31.763746,-28.948261,56            31.763733,-28.94823,56            31.763746,-28.948233,55            31.763744,-28.94823,55            31.763746,-28.948206,55            31.763754,-28.948174,55            31.76375,-28.94815,55            31.763758,-28.948118,56            31.763756,-28.948084,55            31.763748,-28.948069,56            31.763735,-28.948051,56            31.763727,-28.948034,56            31.763721,-28.948013,56            31.763721,-28.948004,56            31.763735,-28.947998,56            31.76375,-28.947989,56            31.76378,-28.947977,56            31.763805,-28.947968,56            31.763826,-28.947966,56            31.763842,-28.947964,56            31.763855,-28.947958,56            31.763876,-28.947947,56            31.763885,-28.947937,55            31.763887,-28.947924,55            31.763876,-28.947918,55            31.763872,-28.947906,55            31.763876,-28.947903,55            31.763874,-28.947897,55            31.763863,-28.947891,55            31.763845,-28.947882,55            31.76383,-28.947876,55            31.763815,-28.94788,55            31.76381,-28.947882,56            31.763803,-28.94788,56            31.763794,-28.947865,56            31.763783,-28.947855,56            31.763783,-28.947844,56            31.763771,-28.947832,56            31.76375,-28.947817,56            31.763737,-28.947802,56            31.763727,-28.947784,56            31.76373,-28.947771,56            31.763727,-28.947762,56            31.763725,-28.947758,56            31.76372,-28.947758,56            31.76371,-28.94776,55            31.763721,-28.947758,55            31.763714,-28.947763,55            31.763718,-28.947767,55            31.763712,-28.947771,55            31.763702,-28.94777,55            31.763697,-28.947767,55            31.7637,-28.947758,55            31.763666,-28.94776,55            31.763659,-28.947758,55            31.76365,-28.947756,55            31.763659,-28.947754,55            31.763657,-28.947744,55            31.763664,-28.947733,55            31.763666,-28.947727,55            31.763647,-28.947721,55            31.76361,-28.947708,55            31.763601,-28.947681,55            31.763594,-28.947655,55            31.763565,-28.94763,55            31.763535,-28.94761,55            31.763514,-28.947601,55            31.763508,-28.947592,55            31.763508,-28.94759,55            31.763493,-28.947582,55            31.763449,-28.94758,55            31.763412,-28.947569,55            31.763357,-28.947565,56            31.763334,-28.947557,56            31.763317,-28.947548,56            31.763294,-28.947536,56            31.763273,-28.947521,57            31.763273,-28.947523,57            31.763283,-28.94754,57            31.763287,-28.947546,58            31.763271,-28.947544,58            31.76327,-28.947536,58            31.763271,-28.947536,58            31.763264,-28.947538,58            31.76326,-28.947548,58            31.763248,-28.947554,57            31.76324,-28.947561,57            31.763231,-28.947573,57            31.763222,-28.947578,57            31.763214,-28.947584,57            31.763208,-28.947582,58            31.763205,-28.947596,58            31.763199,-28.947598,58            31.763199,-28.9476,58            31.763193,-28.947601,58            31.76318,-28.947601,58            31.763174,-28.947605,58            31.763163,-28.947609,57            31.763155,-28.947613,57            31.763145,-28.947609,57            31.763138,-28.947607,56            31.76313,-28.947607,56            31.763124,-28.94761,56            31.763119,-28.947615,56            31.763111,-28.947617,55            31.763105,-28.94762,55            31.763088,-28.947618,54            31.763071,-28.947618,54            31.763062,-28.947617,54            31.763052,-28.947615,54            31.763042,-28.947613,53            31.763035,-28.947609,53            31.76303,-28.947601,53            31.763023,-28.947594,53            31.763016,-28.947586,54            31.763008,-28.947577,54            31.762993,-28.947567,54            31.762976,-28.947557,54            31.76296,-28.947546,54            31.76295,-28.947535,54            31.762947,-28.94752,54            31.762943,-28.947502,54            31.76294,-28.94749,54            31.76293,-28.947481,54            31.762918,-28.947475,54            31.762903,-28.947475,54            31.7629,-28.947472,54            31.762903,-28.94747,54            31.762907,-28.947472,54            31.762907,-28.94748,54            31.762896,-28.947489,54            31.762877,-28.947498,53            31.762854,-28.947508,53            31.762835,-28.947514,54            31.762814,-28.947512,53            31.762789,-28.947508,53            31.762764,-28.947502,54            31.762737,-28.947495,54            31.762718,-28.947487,54            31.762701,-28.94748,54            31.762684,-28.947472,54            31.76267,-28.94746,54            31.762667,-28.947449,54            31.76267,-28.947437,54            31.76268,-28.947412,54            31.762693,-28.947409,54            31.762726,-28.947416,54            31.762724,-28.947418,54            31.762726,-28.947414,54            31.762735,-28.94741,53            31.762756,-28.947405,53            31.762756,-28.9474,53            31.76275,-28.947395,53            31.762743,-28.947395,52            31.762753,-28.94739,52            31.76277,-28.947378,52            31.762781,-28.947363,52            31.762794,-28.94734,52            31.762812,-28.947317,52            31.762857,-28.947266,52            31.762836,-28.947239,53            31.762833,-28.94724,53            31.762808,-28.947247,53            31.76273,-28.947271,54            31.762667,-28.947271,54            31.762648,-28.947268,55            31.76264,-28.947258,55            31.762638,-28.947256,55            31.762646,-28.947256,55            31.762636,-28.947256,55            31.76263,-28.947266,55            31.762585,-28.94725,54            31.762571,-28.947243,55            31.762554,-28.947227,55            31.762543,-28.947212,55            31.762531,-28.947193,55            31.762527,-28.947172,54            31.762524,-28.947145,54            31.762518,-28.947124,54            31.76253,-28.947104,54            31.762577,-28.947067,54            31.762604,-28.947044,54            31.762625,-28.94704,54            31.76265,-28.947033,55            31.762661,-28.947027,55            31.762651,-28.947023,55            31.762636,-28.947018,56            31.762625,-28.947014,56            31.762611,-28.94701,56            31.762589,-28.947008,56            31.76256,-28.947012,56            31.762522,-28.947008,56            31.762438,-28.946983,55            31.762383,-28.94698,55            31.762337,-28.946981,55            31.762316,-28.946995,55            31.762302,-28.946981,55            31.762293,-28.946972,55            31.762274,-28.946966,55            31.76226,-28.946957,55            31.762232,-28.946945,55            31.7622,-28.946934,55            31.762167,-28.946918,55            31.762133,-28.946901,55            31.762112,-28.946892,55            31.762096,-28.946878,55            31.762074,-28.94687,55            31.762066,-28.94687,55            31.762056,-28.946878,55            31.762045,-28.946882,55            31.762035,-28.946886,55            31.76203,-28.946888,54            31.762028,-28.946886,54            31.762032,-28.946878,54            31.762053,-28.94686,54            31.762072,-28.946844,55            31.762077,-28.946829,55            31.762077,-28.946823,54            31.76208,-28.94682,54            31.762066,-28.946812,54            31.76205,-28.946806,55            31.762032,-28.9468,55            31.761997,-28.946796,54            31.761969,-28.946789,54            31.761957,-28.946777,55            31.761953,-28.946766,54            31.761942,-28.946756,54            31.761934,-28.946749,55            31.761932,-28.94674,54            31.761932,-28.946726,55            31.761936,-28.946712,55            31.761944,-28.946695,55            31.76195,-28.946682,55            31.761969,-28.946669,55            31.761967,-28.946644,55            31.761946,-28.946625,55            31.761925,-28.94661,55            31.761911,-28.946596,55            31.761889,-28.946594,55            31.761892,-28.946592,55            31.761887,-28.946598,55            31.761875,-28.946602,55            31.76187,-28.946604,55            31.761856,-28.94661,55            31.761831,-28.946613,55            31.761806,-28.946619,55            31.76179,-28.946619,56            31.76177,-28.946615,56            31.76174,-28.946608,56            31.76172,-28.946598,56            31.761719,-28.946585,56            31.761724,-28.946573,56            31.761717,-28.94655,57            31.7617,-28.946543,57            31.761702,-28.946539,57            31.761724,-28.946537,57            31.761753,-28.94654,57            31.761772,-28.94654,57            31.761797,-28.946539,57            31.76181,-28.946543,57            31.761808,-28.94654,58            31.761799,-28.946543,58            31.761822,-28.946535,58            31.761847,-28.946524,58            31.76187,-28.946512,58            31.76187,-28.946507,58            31.761871,-28.946499,58            31.761885,-28.946482,58            31.761883,-28.946459,58            31.761864,-28.94645,58            31.761871,-28.946434,58            31.761879,-28.946417,58            31.761883,-28.946394,58            31.761814,-28.946379,58            31.761757,-28.946362,59            31.761732,-28.946333,60            31.76172,-28.94631,61            31.761724,-28.946287,62            31.761724,-28.946266,62            31.76172,-28.946245,63            31.761732,-28.946215,63            31.761723,-28.946194,63            31.761724,-28.946167,63            31.76172,-28.946144,63            31.761723,-28.946121,63            31.761717,-28.9461,62            31.761713,-28.946085,62            31.761707,-28.94607,61            31.761705,-28.946056,61            31.761703,-28.946047,61            31.761703,-28.946037,60            31.761702,-28.946032,60            31.761692,-28.946024,59            31.761688,-28.946014,59            31.76169,-28.946007,59            31.761694,-28.945997,59            31.761698,-28.94599,59            31.7617,-28.945982,59            31.761705,-28.945972,59            31.761707,-28.945967,59            31.761711,-28.945965,60            31.761715,-28.945967,60            31.76172,-28.94597,60            31.761724,-28.945972,59            31.761728,-28.945974,59            31.761732,-28.945974,59            31.761734,-28.945974,59            31.761736,-28.94597,59            31.761734,-28.945967,59            31.761732,-28.945961,58            31.76173,-28.94596,58            31.761732,-28.945961,58            31.761732,-28.945967,58            31.761728,-28.945974,58            31.761724,-28.945982,58            31.761724,-28.94599,58            31.76173,-28.945993,59            31.76174,-28.945993,59            31.76175,-28.945993,60            31.76176,-28.945997,60            31.761766,-28.946003,60            31.761778,-28.946009,61            31.761787,-28.946016,61            31.761791,-28.946024,61            31.761795,-28.946032,61            31.761797,-28.946037,62            31.761808,-28.946041,62            31.761818,-28.946043,62            31.761824,-28.946049,63            31.76183,-28.946054,63            31.761843,-28.946062,63            31.761856,-28.946058,63            31.761868,-28.946058,64            31.761873,-28.94605,64            31.76188,-28.946045,64            31.761887,-28.94604,64            31.761883,-28.94603,63            31.76188,-28.946026,62            31.761873,-28.946026,62            31.761875,-28.946026,63            31.761873,-28.946022,63            31.761873,-28.946026,63            31.761877,-28.94603,63            31.761885,-28.946024,63            31.761898,-28.946009,63            31.761908,-28.946003,63            31.761919,-28.946001,64            31.761927,-28.945997,64            31.761936,-28.945992,64            31.76194,-28.945986,64            31.761948,-28.945984,64            31.761961,-28.945978,64            31.761969,-28.945967,65            31.761972,-28.945942,65            31.761972,-28.94592,65            31.761978,-28.94589,64            31.761982,-28.94586,64            31.761984,-28.94583,64            31.761984,-28.945797,64            31.761978,-28.945778,64            31.761972,-28.945759,64            31.761963,-28.945742,64            31.761963,-28.94573,65            31.761957,-28.945715,65            31.761951,-28.945698,66            31.761944,-28.945686,66            31.761934,-28.945673,66            31.761925,-28.94566,67            31.761919,-28.945646,67            31.761917,-28.94563,68            31.761915,-28.945614,68            31.76191,-28.945597,68            31.761892,-28.945583,68            31.761877,-28.945572,68            31.761864,-28.94556,68            31.761858,-28.945549,68            31.761848,-28.94554,68            31.761839,-28.945524,68            31.761824,-28.945509,68            31.761806,-28.945501,68            31.761793,-28.94549,68            31.761787,-28.945477,69            31.761782,-28.945465,69            31.761776,-28.94545,69            31.761772,-28.945435,69            31.761772,-28.945425,69            31.761763,-28.945417,69            31.761766,-28.945404,70            31.761766,-28.94539,70            31.761759,-28.94538,71            31.761759,-28.94537,72            31.761755,-28.945354,72            31.761742,-28.94535,73            31.761734,-28.945345,73            31.761724,-28.945333,73            31.761711,-28.945324,73            31.761696,-28.945312,73            31.76168,-28.945305,73            31.761667,-28.945292,74            31.761656,-28.945282,75            31.761642,-28.945272,75            31.761627,-28.945261,76            31.76162,-28.945251,76            31.76161,-28.945244,76            31.761604,-28.945236,77            31.761597,-28.945225,77            31.761591,-28.945213,77            31.76159,-28.945204,78            31.761583,-28.945192,79            31.761578,-28.94518,79            31.76157,-28.945171,79            31.761564,-28.945162,79            31.761559,-28.945152,79          </coordinates></LineString></Placemark><Placemark><name>Start/Finish</name><styleUrl>#icon-1899-FFEA00-nodesc</styleUrl><Point><coordinates>            31.761467,-28.944986,86          </coordinates></Point></Placemark></Folder></Document></kml>