<?xml version="1.0" encoding="UTF-8"?><kml xmlns="http://www.opengis.net/kml/2.2"><Document><name>Norm-Hudlin Trails parkrun regular course (from Nov 2024)</name><description/><Style id="icon-1899-0F9D58-nodesc-normal"><IconStyle><color>ff589d0f</color><scale>1</scale><Icon><href>https://www.gstatic.com/mapspro/images/stock/503-wht-blank_maps.png</href></Icon><hotSpot x="32" xunits="pixels" y="64" yunits="insetPixels"/></IconStyle><LabelStyle><scale>0</scale></LabelStyle><BalloonStyle><text><![CDATA[<h3>$[name]</h3>]]></text></BalloonStyle></Style><Style id="icon-1899-0F9D58-nodesc-highlight"><IconStyle><color>ff589d0f</color><scale>1</scale><Icon><href>https://www.gstatic.com/mapspro/images/stock/503-wht-blank_maps.png</href></Icon><hotSpot x="32" xunits="pixels" y="64" yunits="insetPixels"/></IconStyle><LabelStyle><scale>1</scale></LabelStyle><BalloonStyle><text><![CDATA[<h3>$[name]</h3>]]></text></BalloonStyle></Style><StyleMap id="icon-1899-0F9D58-nodesc"><Pair><key>normal</key><styleUrl>#icon-1899-0F9D58-nodesc-normal</styleUrl></Pair><Pair><key>highlight</key><styleUrl>#icon-1899-0F9D58-nodesc-highlight</styleUrl></Pair></StyleMap><Style id="icon-1899-FF5252-nodesc-normal"><IconStyle><color>ff5252ff</color><scale>1</scale><Icon><href>https://www.gstatic.com/mapspro/images/stock/503-wht-blank_maps.png</href></Icon><hotSpot x="32" xunits="pixels" y="64" yunits="insetPixels"/></IconStyle><LabelStyle><scale>0</scale></LabelStyle><BalloonStyle><text><![CDATA[<h3>$[name]</h3>]]></text></BalloonStyle></Style><Style id="icon-1899-FF5252-nodesc-highlight"><IconStyle><color>ff5252ff</color><scale>1</scale><Icon><href>https://www.gstatic.com/mapspro/images/stock/503-wht-blank_maps.png</href></Icon><hotSpot x="32" xunits="pixels" y="64" yunits="insetPixels"/></IconStyle><LabelStyle><scale>1</scale></LabelStyle><BalloonStyle><text><![CDATA[<h3>$[name]</h3>]]></text></BalloonStyle></Style><StyleMap id="icon-1899-FF5252-nodesc"><Pair><key>normal</key><styleUrl>#icon-1899-FF5252-nodesc-normal</styleUrl></Pair><Pair><key>highlight</key><styleUrl>#icon-1899-FF5252-nodesc-highlight</styleUrl></Pair></StyleMap><Style id="line-0288D1-4875-nodesc-normal"><LineStyle><color>ffd18802</color><width>4.875</width></LineStyle><BalloonStyle><text><![CDATA[<h3>$[name]</h3>]]></text></BalloonStyle></Style><Style id="line-0288D1-4875-nodesc-highlight"><LineStyle><color>ffd18802</color><width>7.3125</width></LineStyle><BalloonStyle><text><![CDATA[<h3>$[name]</h3>]]></text></BalloonStyle></Style><StyleMap id="line-0288D1-4875-nodesc"><Pair><key>normal</key><styleUrl>#line-0288D1-4875-nodesc-normal</styleUrl></Pair><Pair><key>highlight</key><styleUrl>#line-0288D1-4875-nodesc-highlight</styleUrl></Pair></StyleMap><Folder><name>Morning_Run.gpx</name><Placemark><name>Start</name><styleUrl>#icon-1899-0F9D58-nodesc</styleUrl><Point><coordinates>            25.454939,-33.969315,191.2          </coordinates></Point></Placemark><Placemark><name>Finish</name><styleUrl>#icon-1899-FF5252-nodesc</styleUrl><Point><coordinates>            25.454905,-33.969341,192.2          </coordinates></Point></Placemark><Placemark><name>Course</name><styleUrl>#line-0288D1-4875-nodesc</styleUrl><LineString><tessellate>1</tessellate><coordinates>            25.454939,-33.969315,191.2            25.454987,-33.969319,191.2            25.454967,-33.969341,191.2            25.454924,-33.969334,191.2            25.454919,-33.969337,191.2            25.454922,-33.969325,191.2            25.454922,-33.969315,191.2            25.454923,-33.969304,191.2            25.454922,-33.969291,191            25.454921,-33.969277,191            25.45492,-33.969266,191            25.454918,-33.969254,191            25.454918,-33.969238,191            25.454915,-33.969221,191            25.454913,-33.969208,191            25.454909,-33.969199,191            25.454907,-33.969186,191.2            25.454912,-33.969172,191.2            25.454917,-33.969157,191.2            25.454918,-33.96914,191.2            25.454917,-33.969128,191.2            25.454913,-33.969112,191.2            25.45491,-33.969097,191.2            25.454909,-33.969084,191.2            25.454908,-33.969069,191.2            25.454902,-33.969054,191.2            25.454893,-33.969036,191.2            25.454883,-33.969016,191.2            25.454879,-33.968999,191.2            25.454876,-33.968984,191.2            25.454874,-33.968971,191.2            25.454871,-33.968956,191.2            25.454868,-33.968941,191.2            25.454864,-33.968928,191.2            25.454861,-33.968915,191.2            25.454859,-33.968903,191.2            25.454855,-33.968889,191.2            25.454853,-33.968875,191.2            25.454852,-33.968865,191.2            25.454851,-33.968854,191.2            25.454848,-33.968838,191.2            25.454846,-33.96882,191.4            25.454845,-33.968805,191.4            25.454843,-33.968787,191.4            25.454837,-33.968779,191.4            25.454834,-33.968769,191.4            25.454829,-33.968757,191.4            25.454826,-33.968745,191.4            25.454824,-33.968731,191.6            25.454823,-33.968718,191.6            25.454823,-33.968701,191.6            25.454824,-33.968689,191.6            25.454811,-33.968672,191.6            25.454805,-33.968656,191.6            25.454792,-33.96865,191.6            25.454782,-33.968639,191.6            25.454775,-33.968629,191.6            25.454771,-33.968618,191.6            25.454767,-33.968604,191.6            25.454765,-33.968589,191.6            25.454762,-33.968569,191.6            25.454761,-33.968551,191.8            25.454765,-33.968533,191.8            25.454767,-33.968515,191.8            25.454769,-33.968499,192            25.454771,-33.968486,192            25.454774,-33.968473,192.2            25.454777,-33.968465,192.2            25.454781,-33.968452,192.2            25.454788,-33.968443,192.2            25.454795,-33.96843,192.4            25.454802,-33.96842,192.4            25.45481,-33.968407,192.6            25.454821,-33.968395,192.6            25.454833,-33.968384,192.6            25.454846,-33.968374,192.6            25.454857,-33.968361,192.8            25.454869,-33.968346,192.8            25.45488,-33.968332,192.8            25.45489,-33.968318,192.8            25.454899,-33.968308,192.8            25.454909,-33.968299,192.8            25.454921,-33.968288,192.8            25.454932,-33.968278,193            25.454941,-33.968271,193            25.454954,-33.968267,193            25.454966,-33.968263,193            25.454981,-33.968259,193            25.454998,-33.968256,193.2            25.455017,-33.968254,193.2            25.455032,-33.968253,193.2            25.455049,-33.968252,193.2            25.455073,-33.96825,193            25.455089,-33.968249,192.8            25.455105,-33.968249,192.8            25.455119,-33.968246,192.8            25.455135,-33.968239,192.8            25.45515,-33.968231,192.8            25.455166,-33.968224,192.8            25.455186,-33.968216,192.8            25.455202,-33.968208,192.8            25.455219,-33.968198,192.8            25.455236,-33.968189,192.6            25.455252,-33.968178,192.6            25.455268,-33.968168,192.6            25.455285,-33.968159,192.6            25.455301,-33.96815,192.6            25.455315,-33.968142,192.6            25.455325,-33.968134,192.6            25.45534,-33.968126,192.6            25.455356,-33.968116,192.6            25.45537,-33.968107,192.6            25.455384,-33.968099,192.6            25.4554,-33.968093,192.6            25.455416,-33.96809,192.6            25.455435,-33.968085,192.6            25.455457,-33.968079,192.6            25.455474,-33.968073,192.6            25.455489,-33.96807,192.6            25.455505,-33.968066,192.6            25.455522,-33.968064,192.6            25.45554,-33.968066,192.6            25.45556,-33.96807,192.6            25.455581,-33.968075,192.6            25.4556,-33.968083,192.6            25.455613,-33.968095,192.6            25.455627,-33.968104,192.6            25.455642,-33.968115,192.6            25.455655,-33.968126,192.6            25.455668,-33.968134,192.4            25.455676,-33.968147,192.4            25.455686,-33.968151,192.4            25.455696,-33.968156,192.4            25.455711,-33.968161,192.4            25.455726,-33.968168,192.4            25.455738,-33.968176,192.4            25.455751,-33.968186,192.4            25.455758,-33.968192,192.4            25.455766,-33.968199,192.4            25.455779,-33.968216,192.4            25.455784,-33.96823,192.4            25.45579,-33.968245,192.4            25.455793,-33.968258,192.4            25.455794,-33.968269,192.2            25.455798,-33.96828,192.2            25.455802,-33.968294,192.2            25.455806,-33.968311,192.2            25.45581,-33.968326,192.2            25.455812,-33.968337,192.2            25.455815,-33.96835,192            25.455818,-33.968364,192            25.455822,-33.968378,192            25.455826,-33.968388,192            25.455831,-33.968399,192            25.455836,-33.96841,192            25.455839,-33.968419,192            25.455844,-33.968433,192            25.455848,-33.968448,192.2            25.455854,-33.968462,192            25.455858,-33.968475,192            25.455866,-33.968491,192            25.45587,-33.968503,192            25.455875,-33.968518,192            25.455879,-33.968533,192            25.455881,-33.968546,192            25.455886,-33.968555,191.8            25.455891,-33.968567,191.8            25.455894,-33.968578,191.8            25.455899,-33.968591,191.8            25.455906,-33.968608,191.8            25.455913,-33.968624,191.8            25.455921,-33.968633,191.6            25.455933,-33.968646,191.6            25.455944,-33.968659,191.6            25.455952,-33.968671,191.6            25.455962,-33.968684,191.6            25.455972,-33.968696,191.6            25.455982,-33.968708,191.4            25.455993,-33.96872,191.4            25.456004,-33.968735,191.4            25.456016,-33.968747,191.2            25.456027,-33.968758,191.2            25.456038,-33.96877,191            25.456048,-33.968779,191            25.456059,-33.968786,191            25.456073,-33.968793,191            25.456093,-33.968797,191            25.456111,-33.968801,191            25.456127,-33.968803,190.8            25.456144,-33.968806,190.8            25.456162,-33.968808,190.8            25.456177,-33.968809,190.8            25.456194,-33.968809,190.8            25.45621,-33.968809,190.8            25.456229,-33.968809,190.8            25.456248,-33.968808,190.6            25.456265,-33.968813,190.6            25.456283,-33.96881,190.6            25.4563,-33.968806,190.4            25.456314,-33.968801,190.4            25.456328,-33.968796,190.4            25.456345,-33.968793,190.2            25.456364,-33.968789,190.2            25.456382,-33.968784,190.2            25.456397,-33.968779,190.2            25.456414,-33.968774,190.2            25.456432,-33.968768,190            25.456448,-33.968762,190            25.45646,-33.968757,190            25.456474,-33.968755,190            25.456488,-33.96875,190            25.456504,-33.968745,189.8            25.456519,-33.96874,189.8            25.456536,-33.968736,189.8            25.456553,-33.968733,189.6            25.456568,-33.968728,189.6            25.456582,-33.968724,189.6            25.456594,-33.96872,189.6            25.456604,-33.968717,189.6            25.456617,-33.968713,189.6            25.456627,-33.96871,189.6            25.456641,-33.968705,189.4            25.456655,-33.968702,189.4            25.456667,-33.968698,189.4            25.456684,-33.968694,189.4            25.456704,-33.968689,189.4            25.456724,-33.968684,189.4            25.456742,-33.968678,189.4            25.456759,-33.968674,189.2            25.456772,-33.968671,189.2            25.456786,-33.96867,189.2            25.456804,-33.968669,189.2            25.45682,-33.968667,189            25.456834,-33.968665,189            25.456853,-33.968662,189            25.456873,-33.968656,189            25.456886,-33.968653,189            25.456899,-33.968649,188.8            25.456914,-33.968648,188.8            25.456931,-33.968643,188.8            25.456949,-33.968637,188.8            25.456963,-33.968631,188.8            25.456976,-33.968624,188.8            25.456991,-33.968621,188.8            25.457007,-33.968615,188.8            25.457023,-33.968611,188.8            25.457037,-33.968607,188.6            25.457053,-33.968603,188.6            25.457069,-33.968599,188.6            25.457083,-33.968597,188.6            25.457098,-33.968596,188.6            25.457112,-33.968592,188.6            25.457129,-33.968589,188.6            25.457148,-33.968583,188.6            25.457166,-33.968577,188.6            25.457183,-33.968572,188.6            25.457202,-33.968568,188.6            25.457219,-33.968561,188.6            25.457236,-33.968559,188.4            25.45725,-33.968556,188.4            25.457266,-33.968555,188.4            25.457281,-33.968552,188.4            25.457295,-33.968549,188.4            25.457313,-33.968544,188.4            25.457328,-33.968539,188.4            25.457344,-33.968535,188.4            25.45736,-33.96853,188.4            25.457374,-33.968523,188.4            25.457388,-33.968518,188.4            25.457404,-33.968515,188.4            25.457421,-33.96851,188.4            25.457438,-33.968505,188.4            25.457452,-33.968501,188.4            25.457469,-33.968497,188.4            25.457485,-33.968493,188.4            25.457502,-33.968491,188.4            25.457518,-33.968488,188.2            25.457532,-33.968485,188.4            25.457552,-33.968486,188.2            25.45757,-33.968486,188.2            25.457587,-33.968486,188.2            25.457606,-33.968485,188.2            25.457623,-33.968483,188.2            25.457639,-33.968479,188.2            25.457656,-33.968476,188.2            25.457673,-33.968475,188.2            25.457689,-33.968475,188.2            25.457706,-33.968475,188.2            25.457727,-33.968474,188.2            25.457745,-33.968471,188.2            25.457766,-33.968469,188.2            25.457785,-33.968469,188.2            25.4578,-33.968467,188.2            25.457815,-33.968465,188.2            25.45783,-33.968464,188.2            25.457848,-33.968462,188.2            25.457865,-33.96846,188.2            25.457881,-33.968459,188.2            25.457896,-33.968458,188            25.457912,-33.968455,188            25.457931,-33.968454,188            25.457954,-33.968456,187.8            25.457974,-33.968459,187.8            25.457983,-33.968468,187.8            25.457994,-33.968477,187.8            25.458009,-33.968483,187.6            25.458022,-33.968488,187.6            25.458036,-33.968495,187.6            25.458051,-33.968501,187.6            25.458064,-33.968505,187.6            25.458077,-33.968505,187.6            25.458093,-33.968505,187.6            25.458111,-33.968505,187.6            25.458128,-33.968506,187.6            25.458147,-33.968509,187.6            25.458169,-33.968513,187.8            25.458187,-33.968515,187.6            25.458201,-33.968517,187.6            25.458213,-33.968519,187.6            25.458226,-33.968519,187.6            25.458239,-33.968518,187.4            25.458256,-33.968518,187.4            25.45827,-33.968514,187.4            25.458285,-33.968513,187.4            25.458304,-33.968514,187.4            25.458324,-33.968517,187.4            25.45834,-33.96852,187.4            25.458359,-33.968525,187.4            25.458375,-33.968533,187.4            25.458385,-33.968545,187.4            25.458395,-33.968558,187.4            25.458399,-33.968572,187.4            25.458396,-33.968587,187.2            25.458395,-33.9686,187.2            25.458392,-33.968613,187.2            25.45839,-33.968628,187.2            25.458389,-33.968641,187.2            25.458389,-33.968659,187.2            25.45839,-33.968673,187.2            25.45839,-33.968687,187.2            25.458391,-33.968707,187.2            25.458392,-33.968726,187.2            25.458392,-33.968742,187.2            25.458391,-33.968758,187.4            25.458391,-33.968772,187.6            25.45839,-33.968793,187.6            25.458386,-33.968814,187.8            25.458385,-33.96883,187.8            25.458382,-33.968851,187.8            25.458381,-33.96887,187.8            25.458377,-33.968889,187.8            25.458373,-33.96891,187.8            25.458366,-33.968935,187.8            25.458354,-33.968962,187.8            25.458341,-33.968986,187.8            25.458327,-33.969011,187.6            25.458313,-33.969031,187.6            25.458298,-33.969052,187.6            25.458288,-33.969073,187.6            25.458277,-33.96909,187.6            25.458264,-33.969106,187.6            25.458257,-33.969119,187.6            25.458254,-33.969131,188            25.458251,-33.96915,188            25.458254,-33.969173,188            25.458261,-33.96919,188            25.458271,-33.969216,188            25.458277,-33.969238,188            25.458285,-33.969253,188            25.45829,-33.969266,188            25.458292,-33.969284,188            25.458289,-33.969301,188            25.458285,-33.969317,187.8            25.458272,-33.969334,187.8            25.458253,-33.969352,187.8            25.458237,-33.969366,187.8            25.458221,-33.969383,187.8            25.458207,-33.969403,187.8            25.458198,-33.969421,187.8            25.458192,-33.969441,187.8            25.458192,-33.969463,187.8            25.458191,-33.969486,187.8            25.45819,-33.969505,187.8            25.45819,-33.969522,187.8            25.458193,-33.969537,187.8            25.458198,-33.969549,187.8            25.458201,-33.969559,187.8            25.458202,-33.969569,187.8            25.458203,-33.96958,187.8            25.458205,-33.969593,187.6            25.458209,-33.969605,187.6            25.458211,-33.969621,187.6            25.458213,-33.969642,187.6            25.458216,-33.969657,187.4            25.45822,-33.969675,187.4            25.458222,-33.969692,187.4            25.458224,-33.969707,187.4            25.458224,-33.969722,187.4            25.458224,-33.96974,187.4            25.458222,-33.969757,187.2            25.458217,-33.969775,187.2            25.458211,-33.96979,187.2            25.458203,-33.969806,187.2            25.458191,-33.969821,187.2            25.458179,-33.969832,187.2            25.458168,-33.969842,187.2            25.458155,-33.969849,187.2            25.458144,-33.969858,187.2            25.458134,-33.96987,187.2            25.458123,-33.969882,187.4            25.458114,-33.969895,187.4            25.458106,-33.969909,187.4            25.458103,-33.969922,187.4            25.458101,-33.969933,187.4            25.458103,-33.969946,187.4            25.458101,-33.969961,187.4            25.4581,-33.969976,187.4            25.458098,-33.969989,187.4            25.458094,-33.97,187.4            25.458085,-33.970015,187.4            25.458076,-33.970028,187.4            25.458067,-33.97004,187.4            25.45806,-33.970052,187.4            25.458056,-33.970063,187.4            25.458053,-33.970073,187.6            25.458055,-33.970084,187.6            25.458058,-33.970096,187.6            25.458063,-33.970109,187.6            25.458069,-33.970123,187.8            25.458075,-33.970135,187.8            25.458081,-33.970147,187.6            25.458087,-33.970161,187.6            25.458091,-33.970174,187.6            25.458092,-33.970187,187.6            25.458093,-33.970197,187.6            25.458095,-33.970211,187.6            25.458099,-33.970228,187.6            25.458104,-33.970246,187.6            25.458113,-33.970265,187.6            25.458125,-33.970274,187.6            25.458135,-33.970277,187.6            25.458147,-33.970278,187.6            25.458156,-33.970276,187.8            25.458169,-33.970275,187.8            25.458181,-33.970276,187.8            25.458193,-33.970277,187.8            25.45821,-33.970278,187.8            25.458228,-33.970276,187.8            25.45824,-33.970274,187.8            25.458248,-33.970269,187.8            25.458257,-33.970261,187.8            25.458261,-33.970251,187.8            25.458265,-33.970241,187.8            25.458268,-33.970226,187.6            25.458271,-33.97021,187.6            25.45827,-33.970195,187.4            25.458265,-33.970184,187.4            25.45826,-33.97017,187.4            25.458258,-33.970156,187.4            25.458253,-33.970139,187.4            25.458251,-33.970122,187.4            25.45825,-33.970106,187.4            25.45825,-33.970091,187.4            25.45825,-33.970075,187.4            25.458249,-33.970062,187.4            25.458248,-33.970051,187.4            25.458246,-33.970043,187.6            25.458241,-33.970031,187.6            25.458235,-33.970015,187.6            25.458233,-33.970001,187.6            25.458231,-33.969986,187.6            25.458231,-33.969974,187.6            25.458233,-33.969957,187.6            25.458237,-33.969939,187.6            25.458246,-33.969924,187.6            25.458257,-33.969914,187.6            25.458271,-33.969908,187.6            25.458289,-33.969908,187.6            25.45831,-33.96991,187.6            25.458332,-33.969912,187.6            25.458358,-33.969914,187.6            25.458382,-33.969913,187.4            25.458407,-33.969911,187.4            25.458422,-33.969908,187.4            25.458438,-33.969902,187.4            25.458452,-33.969893,187.4            25.458464,-33.969882,187.4            25.458476,-33.969872,187.4            25.458485,-33.969862,187.2            25.458488,-33.969852,187.2            25.458486,-33.969842,187.2            25.458483,-33.969832,187            25.458485,-33.969817,187            25.458486,-33.969802,187            25.458487,-33.969787,187            25.458489,-33.969775,187.2            25.458492,-33.969765,187.2            25.458497,-33.969753,187.2            25.458503,-33.96974,187.2            25.458508,-33.969731,187            25.458514,-33.969723,187            25.458521,-33.969709,187            25.458526,-33.969695,187            25.458532,-33.96968,187.2            25.458537,-33.969663,187.2            25.458538,-33.969647,187.2            25.458538,-33.969638,187.4            25.458534,-33.969623,187.4            25.458533,-33.969609,187.4            25.458532,-33.969593,187.4            25.458532,-33.969578,187.6            25.458537,-33.969565,187.6            25.458544,-33.96955,187.6            25.45855,-33.969536,187.6            25.458554,-33.969519,187.6            25.458558,-33.9695,187.6            25.458561,-33.969486,187.6            25.458563,-33.969472,187.6            25.458565,-33.969461,187.8            25.458565,-33.969446,187.8            25.458561,-33.969432,187.8            25.458559,-33.969415,187.8            25.458555,-33.969404,188            25.458549,-33.969387,187.8            25.458545,-33.969374,187.8            25.458541,-33.969357,187.8            25.458536,-33.969345,187.8            25.45853,-33.969335,187.8            25.458519,-33.96933,187.8            25.458504,-33.969323,187.8            25.458485,-33.969314,187.8            25.458469,-33.969304,187.8            25.458456,-33.969293,187.8            25.458449,-33.969275,187.8            25.458448,-33.969255,187.8            25.458454,-33.969238,187.8            25.458464,-33.96922,187.8            25.458474,-33.969204,187.8            25.458485,-33.969191,187.8            25.458497,-33.969177,187.8            25.458511,-33.969166,187.8            25.458526,-33.969157,187.8            25.45854,-33.969153,187.8            25.458556,-33.969153,187.8            25.458573,-33.969152,187.8            25.45859,-33.969153,187.8            25.458607,-33.96916,187.8            25.45862,-33.969167,187.8            25.458638,-33.969177,187.6            25.45866,-33.969188,187.6            25.458678,-33.969197,187.6            25.458694,-33.969206,187.6            25.458707,-33.969214,187.6            25.458719,-33.96922,187.6            25.458735,-33.969227,187.4            25.458749,-33.969232,187.4            25.458763,-33.969237,187.4            25.458781,-33.969244,187.2            25.458797,-33.969253,187.2            25.458814,-33.969259,187.2            25.45883,-33.969269,187.2            25.458845,-33.969281,187            25.458855,-33.969294,187            25.458861,-33.969308,187            25.458859,-33.96932,187            25.458858,-33.969336,187            25.458854,-33.96935,187            25.458848,-33.969364,186.8            25.458839,-33.969377,186.8            25.458828,-33.969392,186.8            25.458817,-33.969404,186.8            25.458807,-33.969417,186.8            25.458796,-33.969429,187            25.458786,-33.969439,187            25.45878,-33.969452,187            25.458774,-33.969465,187            25.458768,-33.969484,187            25.458764,-33.969499,187            25.45876,-33.969515,187.2            25.458755,-33.969532,187.2            25.458748,-33.969549,187.2            25.45874,-33.969567,187            25.458733,-33.969579,187            25.458723,-33.969594,187            25.458714,-33.969606,187            25.458705,-33.969619,187            25.458701,-33.969627,187            25.458697,-33.969635,187            25.458694,-33.969645,187            25.458691,-33.969656,187            25.458687,-33.96967,186.8            25.45868,-33.969687,186.6            25.458673,-33.969704,186.6            25.458666,-33.969722,186.6            25.458661,-33.969739,186.6            25.45866,-33.969755,186.6            25.458663,-33.969767,186.8            25.458666,-33.96978,186.8            25.458672,-33.969795,186.8            25.458682,-33.969808,186.8            25.458693,-33.969819,186.8            25.458706,-33.969828,186.6            25.458717,-33.969832,186.6            25.458725,-33.969834,186.6            25.458734,-33.969836,186.6            25.458746,-33.969837,186.6            25.458761,-33.969837,186.6            25.458769,-33.969836,186.6            25.458782,-33.969834,186.6            25.458796,-33.969832,186.4            25.458815,-33.969827,186.4            25.458831,-33.969822,186.4            25.458846,-33.969818,186.4            25.45886,-33.969814,186.4            25.458876,-33.969807,186.4            25.458893,-33.969802,186.4            25.458909,-33.969796,186.4            25.458924,-33.969789,186.4            25.458937,-33.969784,186.4            25.458951,-33.96978,186.4            25.45897,-33.969779,186.4            25.458996,-33.969779,186.4            25.459027,-33.969781,186.2            25.459057,-33.969784,186.2            25.459081,-33.969788,186.2            25.459102,-33.969793,186.2            25.459119,-33.969799,186.2            25.459137,-33.969803,186            25.45915,-33.969804,186            25.459162,-33.969805,186            25.459172,-33.969806,186            25.459187,-33.969808,185.8            25.459196,-33.969809,185.8            25.459212,-33.969808,185.8            25.459229,-33.969808,185.8            25.459245,-33.969805,185.8            25.459265,-33.969805,185.8            25.459287,-33.969805,185.8            25.459311,-33.969805,185.8            25.459325,-33.969804,185.8            25.459332,-33.969804,185.8            25.459346,-33.969806,185.8            25.459358,-33.969808,185.8            25.459373,-33.96981,185.6            25.459388,-33.969813,185.4            25.459409,-33.969818,185.4            25.459427,-33.969823,185.2            25.459444,-33.969828,185.2            25.459456,-33.969833,185.2            25.459466,-33.969838,185.2            25.459476,-33.969842,185.2            25.459489,-33.969845,185.2            25.45951,-33.969848,185.2            25.459529,-33.96985,185.2            25.459547,-33.969852,185.2            25.459565,-33.969855,185.2            25.459587,-33.969861,185            25.459607,-33.969866,185            25.459627,-33.969869,185            25.459647,-33.969872,185            25.459666,-33.969874,185            25.459683,-33.969875,185            25.4597,-33.969875,185            25.459717,-33.969876,184.8            25.459734,-33.969879,184.8            25.459753,-33.96988,184.8            25.459771,-33.969883,184.6            25.459789,-33.96989,184.4            25.459806,-33.9699,184.4            25.459822,-33.969913,184.4            25.459833,-33.969928,184.4            25.459841,-33.969943,184.4            25.459848,-33.96996,184.4            25.459854,-33.969975,184.6            25.459857,-33.969989,184.6            25.459861,-33.970001,184.8            25.459864,-33.970011,184.8            25.459867,-33.970024,185            25.459869,-33.970039,185            25.459872,-33.970056,185            25.459879,-33.970073,185            25.459885,-33.970087,184.8            25.459893,-33.970099,184.8            25.459904,-33.97011,184.8            25.459919,-33.970124,184.8            25.459934,-33.970134,184.8            25.459947,-33.970144,184.8            25.459956,-33.970154,184.6            25.459967,-33.970166,184.6            25.459977,-33.970177,184.6            25.459988,-33.970189,184.6            25.459998,-33.970198,184.6            25.460006,-33.970207,184.6            25.460019,-33.970218,184.4            25.460031,-33.970228,184.4            25.460045,-33.970239,184.4            25.460058,-33.970246,184.4            25.460072,-33.970256,184.4            25.460088,-33.970268,184.4            25.460101,-33.970277,184.4            25.460115,-33.970286,184.2            25.46013,-33.970295,184.2            25.460149,-33.970298,184.2            25.460166,-33.970305,184.2            25.460183,-33.970311,184.2            25.460197,-33.970315,184.2            25.460209,-33.97032,184.2            25.460222,-33.97032,184.2            25.460239,-33.970324,184.2            25.460255,-33.970327,184.2            25.46027,-33.970329,184.2            25.460285,-33.970328,184.2            25.460299,-33.970325,184.2            25.460315,-33.970317,184.2            25.460328,-33.970308,184.2            25.460343,-33.970297,184.2            25.460355,-33.970287,184.2            25.460362,-33.970277,184            25.460368,-33.970267,184            25.460372,-33.97026,184            25.460374,-33.970253,184            25.460382,-33.970244,184            25.460391,-33.970234,183.8            25.4604,-33.970225,183.8            25.460406,-33.97022,183.6            25.460419,-33.970212,183.6            25.46043,-33.970206,183.6            25.460444,-33.970198,183.4            25.460457,-33.970192,183.4            25.460468,-33.970188,183.4            25.460483,-33.970187,183.4            25.460498,-33.970183,183.4            25.460513,-33.970176,183.4            25.460523,-33.970169,183.4            25.460531,-33.97016,183.4            25.460537,-33.970148,183.4            25.460542,-33.970137,183.4            25.460544,-33.970125,183.4            25.460548,-33.970115,183.4            25.460549,-33.970102,183.4            25.460556,-33.970089,183.4            25.460566,-33.970077,183.4            25.460578,-33.970063,183.4            25.460587,-33.970051,183.4            25.460596,-33.970043,183.4            25.460605,-33.970033,183.4            25.460614,-33.970025,183.4            25.460627,-33.970015,183.4            25.460639,-33.970005,183.4            25.460654,-33.969995,183.4            25.460668,-33.969988,183.2            25.460682,-33.96998,183.2            25.460701,-33.969972,183.2            25.460715,-33.969965,183            25.460732,-33.969956,183            25.460744,-33.969945,183            25.460756,-33.969934,183            25.460765,-33.969923,183            25.460776,-33.969912,183            25.460786,-33.9699,183            25.460795,-33.969891,183            25.460804,-33.96988,183            25.460815,-33.969865,183            25.460825,-33.969851,183            25.460834,-33.96984,183            25.460842,-33.969826,182.8            25.460851,-33.969814,182.8            25.46086,-33.969801,182.8            25.460869,-33.969789,182.6            25.460878,-33.969777,182.6            25.460891,-33.969766,182.6            25.460906,-33.969755,182.6            25.46092,-33.969742,182.6            25.460931,-33.969727,182.6            25.460937,-33.969713,182.6            25.460937,-33.969701,182.6            25.460934,-33.969686,182.6            25.460927,-33.969671,182.6            25.460919,-33.96966,182.6            25.460911,-33.969646,182.6            25.460899,-33.969631,182.6            25.46089,-33.969623,182.6            25.460879,-33.969614,182.6            25.460867,-33.969608,182.6            25.460851,-33.969597,182.6            25.460835,-33.969589,182.6            25.46082,-33.969586,182.6            25.460808,-33.969583,182.6            25.460795,-33.969576,182.6            25.460778,-33.969568,182.8            25.460763,-33.96956,182.8            25.460753,-33.969553,182.8            25.460745,-33.969544,182.8            25.460739,-33.969536,182.8            25.460735,-33.969527,182.8            25.460726,-33.969513,182.8            25.460716,-33.969499,182.8            25.460703,-33.969488,182.8            25.460686,-33.969479,182.8            25.460668,-33.969472,182.8            25.460651,-33.96947,182.8            25.460634,-33.969471,182.8            25.460617,-33.96947,182.8            25.4606,-33.969473,182.8            25.460586,-33.969476,182.8            25.46057,-33.969476,182.8            25.460555,-33.969475,182.8            25.460535,-33.969472,183            25.460522,-33.969469,183            25.460509,-33.969464,183            25.460493,-33.969457,183            25.460479,-33.96945,183.2            25.460471,-33.969445,183.4            25.460453,-33.969437,183.6            25.460438,-33.969431,183.6            25.460419,-33.969426,183.6            25.460399,-33.96942,183.6            25.460378,-33.969414,183.6            25.46036,-33.969408,183.6            25.460348,-33.969404,183.6            25.460337,-33.969399,183.6            25.460323,-33.969393,183.6            25.46031,-33.969385,183.6            25.460296,-33.969375,183.6            25.460279,-33.969363,183.6            25.460262,-33.969348,183.6            25.460248,-33.969333,183.6            25.460239,-33.969323,183.6            25.460228,-33.969309,183.6            25.460222,-33.969298,183.6            25.460214,-33.969288,183.6            25.460208,-33.969279,183.6            25.460201,-33.969272,183.6            25.460193,-33.969263,183.8            25.460183,-33.969255,183.8            25.460175,-33.969247,183.8            25.460163,-33.969234,183.8            25.460148,-33.969218,184            25.460138,-33.969203,184            25.460124,-33.969183,184            25.460116,-33.969165,184            25.460109,-33.969154,184            25.4601,-33.969139,184            25.460087,-33.969122,184            25.460076,-33.969108,184            25.460064,-33.969097,184            25.460051,-33.969086,184            25.46004,-33.969076,184.2            25.460027,-33.969064,184.2            25.46002,-33.969053,184.2            25.460011,-33.969042,184.2            25.459998,-33.969033,184.2            25.459986,-33.969027,184.2            25.459973,-33.969023,184.2            25.459957,-33.969021,184.2            25.459949,-33.969028,184.4            25.459944,-33.969039,184.4            25.459941,-33.969055,184.4            25.459936,-33.969068,184.4            25.459933,-33.969075,184.4            25.45993,-33.969084,184.4            25.459927,-33.969095,184.4            25.459922,-33.969105,184.4            25.459914,-33.969117,184.4            25.459904,-33.96913,184.4            25.45989,-33.96914,184.4            25.459875,-33.969147,184.4            25.459854,-33.969152,184.4            25.459834,-33.969152,184.4            25.459813,-33.969149,184.4            25.459791,-33.969146,184.4            25.459771,-33.969143,184.6            25.459752,-33.969137,184.6            25.459735,-33.969131,184.6            25.459725,-33.969125,184.6            25.459714,-33.969118,184.6            25.459703,-33.96911,184.6            25.459694,-33.969104,184.8            25.459684,-33.969096,184.8            25.459671,-33.969087,184.8            25.45966,-33.96908,184.8            25.459647,-33.969074,184.8            25.459632,-33.969066,184.8            25.459612,-33.969056,184.8            25.459595,-33.969045,184.8            25.459573,-33.969033,184.8            25.459555,-33.969022,184.8            25.459541,-33.969013,184.8            25.459528,-33.969005,184.8            25.459512,-33.968996,185            25.459495,-33.968988,185.2            25.459475,-33.968982,185.2            25.459457,-33.968977,185.4            25.459439,-33.968972,185.4            25.45942,-33.968966,185.4            25.459409,-33.968963,185.4            25.459398,-33.96896,185.4            25.459383,-33.968957,185.4            25.459368,-33.968955,185.4            25.45935,-33.968949,185.4            25.459335,-33.968945,185.6            25.459321,-33.96894,185.6            25.459304,-33.968933,185.6            25.459285,-33.968927,185.6            25.459267,-33.968921,185.8            25.459249,-33.968916,185.8            25.459235,-33.96891,186            25.459221,-33.968903,186            25.459208,-33.968895,186            25.459198,-33.968885,186.2            25.459186,-33.968876,186.2            25.459173,-33.968867,186.2            25.45916,-33.968859,186.2            25.459141,-33.968849,186.4            25.459127,-33.968845,186.4            25.45911,-33.968841,186.4            25.459087,-33.968837,186.6            25.459064,-33.968833,186.8            25.459045,-33.968831,186.8            25.459029,-33.96883,186.8            25.459012,-33.968829,187            25.45899,-33.968826,187            25.45897,-33.968823,187            25.458951,-33.968818,187.2            25.458939,-33.968812,187.2            25.458925,-33.968807,187.2            25.458911,-33.9688,187.2            25.458895,-33.968794,187.2            25.458879,-33.968788,187.4            25.458868,-33.968783,187.4            25.458855,-33.96878,187.4            25.458845,-33.968778,187.6            25.458831,-33.968772,187.6            25.458823,-33.968767,187.8            25.458818,-33.968764,187.8            25.458818,-33.96876,187.8            25.458815,-33.968752,187.8            25.458814,-33.968742,187.8            25.45881,-33.968728,187.8            25.458803,-33.968717,187.8            25.458793,-33.968703,187.8            25.45878,-33.968692,187.8            25.458763,-33.968685,187.8            25.45875,-33.968682,187.8            25.458736,-33.968682,187.8            25.458721,-33.968679,187.8            25.45871,-33.968677,187.8            25.458697,-33.968672,187.8            25.458681,-33.968664,187.8            25.45867,-33.968656,188            25.458666,-33.968645,188            25.458664,-33.968631,188            25.458672,-33.968617,188            25.458684,-33.968599,188.2            25.458696,-33.968584,188.4            25.458706,-33.968569,188.4            25.458711,-33.968554,188.6            25.45871,-33.96854,188.6            25.458708,-33.968525,188.6            25.4587,-33.968517,188.6            25.458695,-33.968509,188.6            25.458687,-33.968503,188.6            25.458672,-33.968491,188.6            25.458659,-33.968482,188.8            25.458646,-33.968467,188.8            25.458639,-33.968453,188.8            25.458637,-33.968439,188.8            25.458635,-33.968425,188.8            25.458633,-33.968411,188.8            25.458631,-33.968397,188.8            25.458631,-33.968384,188.8            25.45863,-33.968363,189            25.45863,-33.968343,189            25.45863,-33.968326,188.8            25.458633,-33.968311,188.8            25.458639,-33.968296,188.8            25.458646,-33.968284,188.8            25.458655,-33.968272,188.8            25.458663,-33.968261,188.8            25.458676,-33.968247,188.8            25.458687,-33.968234,188.8            25.458698,-33.968222,188.8            25.458711,-33.968215,188.6            25.458729,-33.968208,188.6            25.458743,-33.968203,188.6            25.458759,-33.968197,188.6            25.458771,-33.968191,188.6            25.458788,-33.968185,188.6            25.458806,-33.968179,188.4            25.458827,-33.968172,188.4            25.458846,-33.968167,188.4            25.458863,-33.968165,188.4            25.458877,-33.968162,188.4            25.458892,-33.968159,188.4            25.458911,-33.968157,188.4            25.458931,-33.968154,188.2            25.458948,-33.968151,188            25.458959,-33.968149,188            25.458974,-33.968144,187.8            25.45899,-33.96814,187.8            25.459006,-33.968137,187.8            25.459021,-33.968136,187.6            25.459035,-33.968134,187.6            25.459052,-33.968134,187.6            25.459069,-33.968137,187.4            25.459084,-33.968139,187.4            25.459104,-33.96814,187.4            25.459121,-33.968141,187.4            25.459144,-33.968143,187.2            25.459165,-33.968145,187.2            25.459187,-33.968144,187.2            25.459205,-33.968141,187.2            25.459217,-33.968135,187            25.459227,-33.968127,187            25.459235,-33.968118,187            25.459241,-33.968109,186.8            25.459246,-33.9681,186.8            25.459252,-33.968091,186.8            25.459266,-33.968078,186.8            25.459285,-33.968066,186.8            25.459298,-33.968059,186.8            25.459313,-33.968051,186.8            25.459331,-33.968046,186.8            25.459346,-33.968042,186.6            25.45936,-33.968039,186.6            25.459377,-33.968036,186.4            25.459394,-33.968035,186.2            25.459407,-33.968038,186.2            25.459421,-33.968043,186.2            25.459437,-33.968052,186.2            25.459456,-33.96806,186.2            25.459475,-33.968069,186.2            25.45949,-33.968074,186.2            25.459509,-33.96808,186.2            25.459521,-33.968083,186            25.459534,-33.968086,186            25.45955,-33.968088,186            25.459567,-33.968089,185.8            25.459584,-33.96809,185.8            25.459598,-33.968088,185.8            25.459612,-33.968082,185.8            25.459629,-33.968073,185.6            25.459647,-33.968064,185.6            25.459665,-33.968057,185.6            25.459678,-33.968051,185.6            25.459692,-33.968045,185.4            25.459708,-33.968039,185.4            25.459724,-33.968031,185.4            25.459744,-33.968024,185.4            25.459756,-33.968017,185.2            25.459771,-33.968006,185.2            25.459787,-33.967996,185.2            25.4598,-33.967986,185.2            25.459812,-33.967977,185.2            25.459822,-33.96797,185.2            25.459834,-33.967964,185            25.459846,-33.967955,185            25.459851,-33.967949,185            25.459855,-33.967941,185            25.459858,-33.967931,185            25.459864,-33.967918,185            25.459874,-33.967908,185            25.459884,-33.967898,184.8            25.459894,-33.967892,184.8            25.45991,-33.967886,184.8            25.459932,-33.967879,184.8            25.459955,-33.967873,184.8            25.459974,-33.967867,184.8            25.459993,-33.967862,184.8            25.460014,-33.967859,184.8            25.460029,-33.967859,184.8            25.460045,-33.967859,184.8            25.460065,-33.96786,184.6            25.460082,-33.967861,184.6            25.460095,-33.967862,184.6            25.460107,-33.967864,184.6            25.460119,-33.967866,184.6            25.460129,-33.967868,184.4            25.460149,-33.967869,184.4            25.460165,-33.967869,184.4            25.460178,-33.967868,184.4            25.460195,-33.967867,184.4            25.460212,-33.967865,184.4            25.460227,-33.967863,184.4            25.460244,-33.967859,184.4            25.46026,-33.967857,184.4            25.46028,-33.967852,184.4            25.460303,-33.967846,184.2            25.460321,-33.967842,184.4            25.460334,-33.967838,184.4            25.460352,-33.967833,184.2            25.460366,-33.967827,184.2            25.46038,-33.967824,184.2            25.460392,-33.967821,184.2            25.46041,-33.967819,184.2            25.460428,-33.967817,184.2            25.460447,-33.967814,184            25.460466,-33.967812,184            25.460485,-33.967807,184            25.460509,-33.967802,184            25.460536,-33.967794,184            25.460559,-33.967785,184            25.460575,-33.967775,184            25.460581,-33.967765,183.8            25.460582,-33.967754,183.8            25.460579,-33.967745,183.8            25.460575,-33.967735,183.8            25.460573,-33.967724,183.8            25.46057,-33.967714,183.8            25.460565,-33.9677,183.8            25.460557,-33.967684,183.8            25.460547,-33.967668,183.8            25.460539,-33.967655,183.8            25.46053,-33.967642,183.8            25.46052,-33.967631,183.8            25.46051,-33.967619,183.8            25.460498,-33.967611,183.8            25.460485,-33.9676,183.8            25.460474,-33.96759,183.8            25.460463,-33.967582,183.8            25.460452,-33.967572,183.8            25.460439,-33.967561,183.8            25.460428,-33.967552,183.8            25.460418,-33.967542,183.8            25.460404,-33.967534,183.8            25.46039,-33.967523,183.8            25.460374,-33.967512,183.8            25.460354,-33.967502,183.8            25.460335,-33.967498,183.8            25.46032,-33.967499,183.8            25.460304,-33.967503,183.8            25.460288,-33.967509,183.8            25.46027,-33.967518,183.8            25.460255,-33.967524,183.8            25.460243,-33.967533,183.8            25.460229,-33.967543,183.8            25.460218,-33.967551,183.8            25.460203,-33.967561,183.8            25.460191,-33.967567,184            25.460172,-33.967576,184            25.460159,-33.96758,184            25.460144,-33.967586,184            25.460126,-33.967591,184.2            25.460111,-33.967597,184.4            25.460101,-33.9676,184.4            25.460087,-33.9676,184.4            25.460075,-33.967603,184.6            25.460054,-33.967607,184.6            25.460039,-33.967611,184.6            25.460021,-33.967615,184.6            25.460004,-33.967618,184.6            25.459983,-33.967622,184.6            25.459962,-33.967627,184.6            25.459942,-33.967631,184.6            25.459924,-33.967635,184.6            25.45991,-33.967637,184.6            25.459895,-33.967641,184.6            25.459885,-33.967646,185            25.459879,-33.96765,185            25.459868,-33.967652,185            25.459852,-33.967655,185            25.459832,-33.967659,185            25.459809,-33.967663,185            25.459788,-33.967666,185            25.459765,-33.967668,185            25.459749,-33.96767,185            25.459736,-33.967674,185.2            25.459719,-33.967677,185.2            25.459705,-33.96768,185.2            25.459691,-33.967683,185.2            25.459679,-33.967687,185.2            25.459662,-33.967691,185.2            25.459654,-33.967695,185.2            25.459643,-33.9677,185.4            25.459633,-33.967703,185.4            25.459624,-33.967707,185.4            25.459607,-33.967715,185.4            25.459583,-33.967723,185.4            25.459563,-33.96773,185.4            25.459547,-33.967736,185.6            25.45953,-33.967742,185.6            25.459514,-33.967748,185.6            25.459498,-33.967752,185.6            25.459481,-33.967756,185.6            25.459463,-33.96776,185.8            25.459448,-33.967765,185.8            25.459425,-33.96777,185.8            25.459401,-33.967775,186            25.459383,-33.967779,186            25.459367,-33.967783,186            25.459347,-33.967787,186            25.459329,-33.967791,186            25.459316,-33.967794,186            25.459303,-33.967795,186            25.459291,-33.967799,186.2            25.459279,-33.967802,186.2            25.459268,-33.967807,186.2            25.459252,-33.967814,186.2            25.459237,-33.967822,186.2            25.45922,-33.96783,186.2            25.459201,-33.967839,186.4            25.459182,-33.967847,186.4            25.459165,-33.967855,186.6            25.459149,-33.967861,186.6            25.459136,-33.967866,186.8            25.459124,-33.967871,186.8            25.459112,-33.967873,186.8            25.459103,-33.967874,186.8            25.459093,-33.967877,186.8            25.45908,-33.96788,187            25.459063,-33.967883,187            25.459044,-33.967886,187            25.459026,-33.96789,187.2            25.459009,-33.967893,187.2            25.45899,-33.967897,187.4            25.458974,-33.9679,187.4            25.458953,-33.967903,187.4            25.458932,-33.967906,187.4            25.458912,-33.967911,187.4            25.458894,-33.967917,187.4            25.458875,-33.967922,187.4            25.45886,-33.967927,187.4            25.458845,-33.967931,187.6            25.458829,-33.967935,187.6            25.45881,-33.96794,187.6            25.458789,-33.967945,187.8            25.45877,-33.967951,187.8            25.458751,-33.967959,188            25.458733,-33.967963,188            25.45871,-33.967969,188.4            25.458689,-33.967974,188.4            25.458668,-33.967981,188.6            25.458654,-33.967987,188.8            25.458639,-33.967993,188.8            25.458624,-33.967999,188.8            25.45861,-33.968003,188.8            25.458597,-33.968006,188.8            25.458581,-33.96801,188.8            25.458563,-33.968013,188.8            25.458545,-33.968017,189            25.458528,-33.96802,189            25.458508,-33.968023,189            25.458491,-33.968025,189            25.458473,-33.968025,189            25.45846,-33.968025,189.2            25.45844,-33.968028,189.2            25.45842,-33.96803,189.2            25.458403,-33.968034,189.2            25.458388,-33.968038,189.4            25.458376,-33.968043,189.4            25.458369,-33.968045,189.4            25.45836,-33.968047,189.4            25.458344,-33.968049,189.4            25.458325,-33.968052,189.4            25.458307,-33.968056,189.6            25.458295,-33.968057,189.6            25.458275,-33.968062,189.6            25.45826,-33.968066,190.2            25.458243,-33.96807,190.4            25.458232,-33.968072,190.4            25.458221,-33.968076,190.4            25.458211,-33.96808,190.4            25.458193,-33.968084,190.2            25.458177,-33.968089,189.8            25.458157,-33.968093,189.6            25.458137,-33.968098,189.6            25.458117,-33.968104,189.6            25.458095,-33.968111,189.6            25.458074,-33.968118,189.6            25.458057,-33.968125,189.6            25.458037,-33.968132,189.6            25.458018,-33.968138,189.8            25.457998,-33.968142,189.8            25.457985,-33.968141,190            25.457966,-33.968137,190            25.457954,-33.968131,190            25.45794,-33.968122,190.2            25.457929,-33.968112,190.2            25.457924,-33.968099,190.2            25.457917,-33.968083,190.2            25.457907,-33.968067,190.2            25.457891,-33.968055,190.4            25.457875,-33.968048,190.4            25.457861,-33.96804,190.4            25.45785,-33.968033,190.4            25.457829,-33.96803,190.4            25.45781,-33.968024,190.4            25.457792,-33.96802,190.4            25.457776,-33.968013,190.4            25.457763,-33.968008,190.4            25.45775,-33.968001,190.4            25.45774,-33.967991,190.6            25.457746,-33.967975,190.6            25.457752,-33.967962,190.6            25.457756,-33.967949,190.6            25.457762,-33.967933,190.6            25.457765,-33.967917,190.6            25.457766,-33.967904,190.4            25.45777,-33.967893,190.4            25.457775,-33.967879,190.4            25.457774,-33.967863,190.4            25.457772,-33.967848,190.4            25.457769,-33.967833,190.4            25.457767,-33.967817,190.4            25.457763,-33.967807,190.4            25.457759,-33.967797,190.4            25.457751,-33.967787,190.4            25.457741,-33.967773,190.4            25.45773,-33.967762,190.6            25.457718,-33.967751,190.6            25.457708,-33.967739,190.6            25.457697,-33.967726,190.6            25.457687,-33.967716,190.6            25.457678,-33.967707,190.6            25.457671,-33.967694,190.4            25.457663,-33.967681,190.4            25.457656,-33.967669,190.4            25.45765,-33.967656,190.4            25.457644,-33.967644,190.4            25.457637,-33.967629,190.4            25.457629,-33.967616,190.4            25.457616,-33.967604,190.2            25.457604,-33.967591,190.2            25.457593,-33.967579,190.4            25.457583,-33.967568,190.4            25.457572,-33.967557,190.4            25.457564,-33.967548,190.2            25.457556,-33.967539,190.2            25.457546,-33.967527,190.2            25.457532,-33.967514,190            25.457515,-33.9675,190            25.457503,-33.96749,190            25.457493,-33.967481,190            25.457482,-33.967472,190            25.457469,-33.967465,190            25.457458,-33.967457,190            25.457447,-33.967451,190.2            25.457433,-33.967441,190.2            25.457421,-33.967431,190.4            25.457409,-33.96742,190.4            25.457398,-33.967407,190.4            25.457387,-33.967393,190.4            25.45738,-33.967379,190.4            25.457376,-33.967365,190.6            25.457369,-33.967353,190.6            25.457362,-33.967339,190.6            25.457356,-33.967324,190.6            25.457351,-33.967309,190.6            25.457346,-33.967295,190.6            25.457342,-33.967279,190.6            25.457341,-33.967265,190.6            25.457342,-33.96725,190.6            25.457344,-33.96724,190.4            25.457346,-33.967226,190.4            25.457346,-33.967214,190.4            25.457347,-33.967199,190.4            25.457348,-33.96718,190.2            25.457349,-33.967161,190.2            25.45735,-33.967147,190.2            25.457352,-33.967132,190.2            25.457354,-33.967121,190.2            25.457355,-33.967112,190.2            25.457355,-33.967093,190.2            25.457355,-33.967077,190.2            25.457353,-33.967061,190.2            25.457348,-33.967047,190.2            25.457342,-33.967034,190            25.457335,-33.967021,190            25.457329,-33.967008,190            25.457325,-33.96699,190            25.457313,-33.96698,190            25.457303,-33.966966,190            25.457297,-33.966953,189.8            25.457288,-33.96694,189.8            25.457276,-33.966928,189.8            25.457267,-33.966918,189.8            25.457257,-33.966911,189.8            25.457239,-33.966902,189.8            25.457224,-33.966898,189.8            25.45721,-33.966892,189.8            25.457198,-33.966888,189.8            25.457186,-33.966882,190            25.457174,-33.966875,190            25.45716,-33.966867,190            25.457147,-33.966858,190            25.457135,-33.966849,190            25.457123,-33.966839,190            25.457106,-33.966827,190            25.457089,-33.966815,190            25.457072,-33.966803,190            25.457056,-33.966792,190            25.457038,-33.966783,190.2            25.457023,-33.966774,190.2            25.457004,-33.966765,190.2            25.456987,-33.966758,190.2            25.456972,-33.966752,190.2            25.456956,-33.966747,190.2            25.456941,-33.966743,190.2            25.456924,-33.966738,190.2            25.456908,-33.966734,190.2            25.456894,-33.966731,190.2            25.456878,-33.96673,190.2            25.456864,-33.96673,190.4            25.456842,-33.966729,190.4            25.456821,-33.966728,190.4            25.456804,-33.966726,190.4            25.456792,-33.966728,190.4            25.456779,-33.966729,190.4            25.456765,-33.96673,190.4            25.456748,-33.966731,190.4            25.456728,-33.966735,190.4            25.456712,-33.966737,190.4            25.456697,-33.96674,190.6            25.456683,-33.966746,190.6            25.456665,-33.966753,190.6            25.456647,-33.966761,190.8            25.45663,-33.966768,190.8            25.456617,-33.966776,191            25.456603,-33.966783,191            25.456591,-33.966789,191.2            25.456581,-33.966794,191.2            25.456569,-33.9668,191.2            25.456557,-33.966806,191.2            25.456541,-33.966811,191.2            25.456524,-33.966814,191.2            25.456503,-33.966814,191.2            25.456478,-33.966815,191.4            25.456459,-33.966815,191.4            25.456445,-33.966815,191.4            25.456422,-33.966814,191.4            25.456397,-33.966814,191.6            25.456378,-33.966814,191.6            25.456361,-33.966813,191.6            25.456347,-33.966814,191.6            25.456335,-33.966816,191.6            25.456321,-33.966819,191.8            25.456305,-33.966821,191.8            25.45629,-33.966825,191.6            25.456277,-33.966829,191.6            25.456265,-33.966836,191.6            25.456251,-33.966842,191.8            25.456231,-33.966846,191.8            25.456211,-33.96685,191.8            25.456192,-33.966852,191.8            25.456173,-33.966852,191.8            25.456149,-33.966852,191.8            25.45613,-33.966851,192            25.456113,-33.96685,192            25.456095,-33.966849,192            25.456076,-33.966847,192            25.456059,-33.966842,192            25.456047,-33.966838,192.2            25.456031,-33.966835,192.2            25.456012,-33.96683,192.2            25.456001,-33.966829,192.2            25.455977,-33.966828,192.2            25.455961,-33.966828,192.4            25.455943,-33.966828,192.4            25.455925,-33.96683,192.4            25.455906,-33.966832,192.4            25.455888,-33.966836,192.6            25.455873,-33.966838,192.6            25.455859,-33.96684,192.6            25.455846,-33.966843,192.6            25.45583,-33.966846,192.6            25.455812,-33.966847,192.6            25.45579,-33.966848,192.6            25.455775,-33.966848,192.8            25.455759,-33.966848,192.8            25.455741,-33.966847,192.8            25.455727,-33.966846,192.8            25.455709,-33.966844,192.8            25.455693,-33.966843,192.8            25.45568,-33.966843,193            25.455658,-33.966842,193            25.455641,-33.966846,193            25.455622,-33.966852,193            25.455605,-33.966856,193            25.455589,-33.966862,193.2            25.455582,-33.966868,193            25.455579,-33.966874,193            25.455578,-33.966883,193.2            25.455576,-33.966894,193.2            25.455571,-33.966909,193.2            25.455569,-33.966923,193.2            25.45557,-33.966938,193.2            25.455571,-33.966949,193.2            25.455572,-33.966961,193.4            25.455572,-33.966967,193.4            25.455574,-33.966979,193.4            25.455576,-33.966986,193.6            25.455578,-33.966995,193.6            25.455576,-33.967003,193.6            25.455575,-33.967016,193.6            25.455576,-33.967034,193.8            25.455577,-33.967046,193.8            25.455578,-33.967064,193.8            25.455582,-33.967078,193.8            25.455586,-33.967094,193.8            25.45559,-33.967106,193.8            25.455594,-33.967118,193.8            25.4556,-33.967132,193.6            25.455604,-33.967147,193.6            25.455606,-33.967161,193.6            25.455608,-33.96718,193.6            25.455609,-33.967197,193.6            25.455611,-33.967212,193.4            25.455613,-33.967225,193.4            25.455616,-33.967243,193.4            25.455619,-33.967261,193.2            25.455624,-33.967278,193.2            25.455626,-33.967294,193.2            25.455626,-33.967309,193.2            25.455627,-33.967322,193.4            25.455627,-33.967337,193.4            25.455628,-33.967351,193.4            25.45563,-33.967366,193.4            25.455632,-33.96738,193.4            25.455637,-33.967393,193.4            25.455641,-33.967407,193.4            25.455639,-33.967421,193.4            25.455642,-33.967437,193.4            25.455644,-33.967449,193.4            25.455646,-33.967461,193.4            25.45565,-33.967473,193.4            25.455651,-33.967487,193.4            25.455651,-33.967501,193.4            25.455652,-33.967515,193.4            25.455654,-33.967529,193.4            25.455656,-33.967546,193.4            25.45566,-33.967561,193.4            25.45566,-33.967573,193.4            25.455662,-33.967585,193.4            25.455664,-33.967593,193.4            25.455666,-33.967606,193.2            25.455668,-33.967625,193.2            25.455672,-33.96764,193.2            25.455674,-33.967653,193.2            25.455676,-33.967667,193.2            25.45568,-33.967679,193.2            25.455682,-33.967691,193.2            25.455684,-33.967703,193.2            25.455687,-33.967713,193.2            25.455691,-33.967727,193.2            25.455694,-33.967739,193.2            25.455696,-33.967749,193.2            25.455695,-33.967764,193.2            25.455695,-33.967778,193.2            25.455694,-33.967791,193.2            25.455695,-33.967802,193.2            25.455696,-33.967808,193.2            25.455699,-33.967824,193.2            25.455703,-33.967836,193.2            25.455707,-33.967849,193            25.455712,-33.967864,193.2            25.455712,-33.96788,193.2            25.455716,-33.967895,193.2            25.455718,-33.967905,193.2            25.455723,-33.967922,193.2            25.455726,-33.967936,193.2            25.455729,-33.967954,193.2            25.455732,-33.967969,193.2            25.455734,-33.967981,193.2            25.455739,-33.967991,193.2            25.455741,-33.968,193            25.455745,-33.968016,192.8            25.455749,-33.968029,192.8            25.455754,-33.968047,192.8            25.455759,-33.968062,192.8            25.455757,-33.968078,192.8            25.455759,-33.968092,192.8            25.455761,-33.968102,192.8            25.455762,-33.968116,192.8            25.455763,-33.968128,192.8            25.455766,-33.96814,192.8            25.45577,-33.968152,192.8            25.455776,-33.968166,192.8            25.455776,-33.968178,192.8            25.45578,-33.968194,192.8            25.455788,-33.968209,192.8            25.455786,-33.968221,192.8            25.455787,-33.968236,192.8            25.455788,-33.968253,192.8            25.455792,-33.96827,192.8            25.455795,-33.968284,192.8            25.4558,-33.968296,192.6            25.455807,-33.968304,192.6            25.455813,-33.968316,192.6            25.455816,-33.968326,192.4            25.455816,-33.968338,192.4            25.45582,-33.968352,192.4            25.455826,-33.96837,192.4            25.45583,-33.968385,192.4            25.455833,-33.9684,192.4            25.455837,-33.968412,192.4            25.455844,-33.96842,192.4            25.455848,-33.968434,192.4            25.455855,-33.968446,192.4            25.455862,-33.968465,192.4            25.455864,-33.968481,192.4            25.455869,-33.968493,192.4            25.455874,-33.968505,192.4            25.455881,-33.968518,192.4            25.455887,-33.968531,192.4            25.455895,-33.968546,192.4            25.455898,-33.968558,192.2            25.455903,-33.96857,192.2            25.455907,-33.96858,192.2            25.455912,-33.968592,192.2            25.455919,-33.968602,192.2            25.455924,-33.968615,192.2            25.455933,-33.968632,192.2            25.455942,-33.968644,192.2            25.455952,-33.968655,192.2            25.455966,-33.968665,192            25.455977,-33.968675,192            25.455986,-33.968686,192            25.455998,-33.968701,192            25.456007,-33.968712,191.8            25.456017,-33.968725,191.8            25.456028,-33.968739,191.6            25.456038,-33.968753,191.6            25.456048,-33.968765,191.6            25.456059,-33.968773,191.6            25.456073,-33.968782,191.6            25.456087,-33.968788,191.6            25.456102,-33.968795,191.6            25.45612,-33.9688,191.6            25.456137,-33.968802,191.4            25.456154,-33.968803,191.4            25.456173,-33.968802,191.4            25.456193,-33.968804,191.4            25.456208,-33.968805,191.4            25.456221,-33.968804,191.2            25.456234,-33.968805,191.2            25.456252,-33.968807,191            25.456269,-33.968806,191            25.456281,-33.968803,191            25.456298,-33.968798,191            25.456313,-33.968793,191            25.456329,-33.968789,191            25.456348,-33.968786,191            25.456365,-33.968784,191            25.456383,-33.96878,191            25.456401,-33.968774,190.8            25.456417,-33.968767,190.8            25.456433,-33.968762,190.8            25.456447,-33.968757,190.6            25.456462,-33.968752,190.4            25.456478,-33.968748,190.4            25.456495,-33.968744,190.4            25.456511,-33.96874,190.4            25.456527,-33.968738,190.2            25.456545,-33.968734,190.2            25.456562,-33.968728,190.2            25.456577,-33.968723,190            25.456593,-33.968718,190            25.45661,-33.968714,190            25.456627,-33.968708,190            25.456641,-33.968703,190            25.456657,-33.968696,190            25.45667,-33.968694,190            25.456686,-33.96869,190            25.456701,-33.968688,190            25.456716,-33.968683,190            25.456732,-33.96868,190            25.456749,-33.968678,189.8            25.456764,-33.968674,189.8            25.456779,-33.968671,189.8            25.456792,-33.968669,189.8            25.456808,-33.968667,189.8            25.456826,-33.968666,189.8            25.456844,-33.968665,189.6            25.456863,-33.968662,189.6            25.456882,-33.968658,189.6            25.456897,-33.968656,189.6            25.456913,-33.968653,189.4            25.456928,-33.968649,189.4            25.456941,-33.968642,189.4            25.456953,-33.968636,189.4            25.456966,-33.968631,189.4            25.456984,-33.968626,189.4            25.457001,-33.968621,189.4            25.457016,-33.968615,189.4            25.457033,-33.968611,189.4            25.457051,-33.968604,189.4            25.45707,-33.9686,189.2            25.457088,-33.968596,189.2            25.457107,-33.968592,189.2            25.457124,-33.968589,189.2            25.457138,-33.968585,189.2            25.457153,-33.96858,189.2            25.45717,-33.968578,189.2            25.457187,-33.968574,189.2            25.457203,-33.968571,189.2            25.457213,-33.968564,189.2            25.457229,-33.968559,189.2            25.457245,-33.968555,189.2            25.457262,-33.968551,189            25.457279,-33.968549,189            25.457296,-33.968548,189            25.457312,-33.968546,189            25.457328,-33.968541,189            25.457344,-33.968534,189            25.457359,-33.96853,189            25.457375,-33.968526,189            25.457391,-33.968521,189            25.457408,-33.968515,189            25.457425,-33.968512,189            25.45744,-33.968506,189            25.457455,-33.9685,189            25.45747,-33.968495,189            25.457486,-33.968491,189            25.4575,-33.968488,189            25.457517,-33.968487,189            25.457533,-33.968486,189            25.457551,-33.968483,189            25.457569,-33.96848,189            25.457585,-33.968479,188.8            25.457602,-33.968479,188.8            25.457618,-33.968478,188.8            25.457632,-33.968477,188.8            25.457649,-33.968475,188.8            25.457667,-33.968474,188.8            25.457686,-33.968474,188.8            25.457708,-33.968476,188.8            25.457722,-33.968472,188.8            25.45774,-33.968471,188.8            25.457752,-33.968469,188.8            25.457765,-33.968466,188.8            25.457781,-33.968463,188.8            25.457794,-33.968461,188.8            25.457809,-33.968461,188.8            25.457826,-33.968459,188.8            25.457843,-33.968457,188.8            25.457861,-33.968456,188.8            25.457877,-33.968455,188.6            25.457891,-33.968453,188.6            25.457908,-33.968453,188.6            25.457924,-33.96845,188.6            25.45794,-33.96845,188.4            25.457958,-33.968453,188.4            25.457974,-33.968456,188.4            25.457987,-33.968462,188.4            25.457999,-33.968466,188.2            25.45801,-33.96847,188.2            25.458019,-33.968474,188.2            25.45803,-33.96848,188.2            25.458045,-33.968486,188            25.458058,-33.968493,187.8            25.458072,-33.968495,187.8            25.458085,-33.968494,187.8            25.458099,-33.968493,187.8            25.458118,-33.968493,187.8            25.458137,-33.968495,187.8            25.458155,-33.9685,187.8            25.458171,-33.968503,187.8            25.458188,-33.968506,187.8            25.458208,-33.968509,187.8            25.458222,-33.968511,187.6            25.458235,-33.968514,187.6            25.458249,-33.968516,187.4            25.458262,-33.968514,187.4            25.45828,-33.968515,187.4            25.458299,-33.968517,187.4            25.458321,-33.96852,187.4            25.458338,-33.968523,187.4            25.45835,-33.968525,187.4            25.458361,-33.968528,187.4            25.45837,-33.968535,187.4            25.458378,-33.968542,187.4            25.458388,-33.968552,187.4            25.458397,-33.968565,187.4            25.458407,-33.968583,187.4            25.458413,-33.9686,187.4            25.458414,-33.968612,187.4            25.458411,-33.968624,187.4            25.458406,-33.968633,187.4            25.458402,-33.968645,187.4            25.458398,-33.968662,187.4            25.458396,-33.968674,187.4            25.458395,-33.968686,187.4            25.458394,-33.968699,187.4            25.458393,-33.968709,187.4            25.458391,-33.968724,187.4            25.458391,-33.968736,187.4            25.45839,-33.968748,187.4            25.45839,-33.96876,187.6            25.458389,-33.968772,187.6            25.458388,-33.968787,187.6            25.458387,-33.968804,187.6            25.458386,-33.968819,187.4            25.458387,-33.968832,187.4            25.458386,-33.968846,187.4            25.458384,-33.968857,187.4            25.458382,-33.968868,187.4            25.458381,-33.96888,187.4            25.458377,-33.968898,187.4            25.458372,-33.968916,187.4            25.458367,-33.968933,187.4            25.458362,-33.968947,187.4            25.458357,-33.968964,187.4            25.45835,-33.968978,187.4            25.458343,-33.968992,187.4            25.458336,-33.969006,187.6            25.458327,-33.969015,187.6            25.458319,-33.969026,187.6            25.458314,-33.969033,187.6            25.458306,-33.969044,187.6            25.458297,-33.969059,187.6            25.458288,-33.969075,187.6            25.458278,-33.969089,187.6            25.458269,-33.969097,187.6            25.458263,-33.969107,187.6            25.458256,-33.96912,187.6            25.458253,-33.969128,187.6            25.458248,-33.969139,187.6            25.458247,-33.96915,187.6            25.458248,-33.969166,187.4            25.458255,-33.969177,187.4            25.458263,-33.96919,187.4            25.458272,-33.969201,187.4            25.45828,-33.969212,187.4            25.458287,-33.969228,187.4            25.458291,-33.969239,187.4            25.458294,-33.969252,187.4            25.458295,-33.969266,187.4            25.458296,-33.969281,187.4            25.458294,-33.969296,187.4            25.45829,-33.969311,187.2            25.458286,-33.969325,187            25.458276,-33.969335,187            25.458267,-33.969349,187            25.458256,-33.969361,187            25.458246,-33.96937,187            25.458235,-33.96938,186.8            25.458224,-33.969389,186.8            25.458218,-33.969399,186.8            25.458213,-33.969411,187            25.458208,-33.969421,187            25.458204,-33.969432,187            25.458201,-33.969443,187            25.458197,-33.969458,187            25.458193,-33.969472,187            25.458192,-33.969487,187            25.458194,-33.969502,187            25.458193,-33.969518,187            25.458192,-33.969532,187            25.458194,-33.969542,187            25.458193,-33.96955,187.2            25.458193,-33.969557,187.2            25.458195,-33.969562,187.2            25.458199,-33.969569,187.2            25.458201,-33.969579,187.2            25.458204,-33.969595,187            25.458204,-33.969609,186.8            25.458207,-33.969621,186.8            25.458211,-33.969633,186.6            25.458216,-33.969648,186.6            25.458222,-33.969661,186.6            25.458228,-33.969675,186.6            25.45823,-33.969683,186.6            25.458232,-33.969693,186.6            25.458233,-33.969709,186.6            25.458231,-33.969723,186.6            25.45823,-33.969736,186.6            25.458227,-33.969752,186.6            25.458224,-33.969767,186.6            25.458222,-33.969782,186.6            25.458217,-33.969796,186.6            25.458212,-33.969804,186.6            25.458201,-33.969817,186.6            25.458187,-33.969829,186.6            25.45817,-33.969838,186.6            25.458156,-33.969846,186.6            25.458146,-33.969857,186.6            25.458136,-33.969867,186.6            25.458124,-33.969879,186.6            25.458116,-33.969887,186.6            25.458106,-33.969898,186.6            25.458097,-33.969908,186.6            25.458092,-33.96992,186.6            25.458089,-33.969931,186.6            25.458087,-33.96994,186.6            25.458084,-33.969951,186.6            25.458081,-33.969964,186.6            25.45808,-33.969975,186.6            25.458077,-33.969985,186.6            25.458071,-33.969998,186.6            25.458062,-33.970011,186.6            25.45805,-33.970026,186.6            25.458039,-33.970041,186.6            25.45803,-33.970053,186.6            25.458023,-33.970062,186.6            25.458017,-33.970074,186.6            25.458014,-33.970085,186.8            25.458014,-33.970095,186.8            25.45802,-33.970104,187            25.458029,-33.970113,187            25.458036,-33.970118,187            25.458044,-33.970127,187            25.458053,-33.970136,187            25.458065,-33.97015,186.8            25.458075,-33.970162,186.8            25.458084,-33.970174,186.8            25.458092,-33.970186,186.6            25.458098,-33.970198,186.6            25.458102,-33.970209,186.6            25.458101,-33.97022,186.6            25.458103,-33.970229,186.6            25.458107,-33.970238,186.6            25.458112,-33.970247,186.6            25.458118,-33.970256,186.6            25.458125,-33.970263,186.6            25.458137,-33.970272,186.6            25.458151,-33.970277,186.6            25.458167,-33.970279,186.6            25.458182,-33.97028,186.6            25.458201,-33.970282,186.6            25.45822,-33.970283,186.6            25.458237,-33.970284,186.6            25.458251,-33.970281,186.6            25.458261,-33.970274,186.6            25.458264,-33.970269,186.6            25.458264,-33.97026,186.6            25.458262,-33.970251,186.6            25.458265,-33.970237,186.4            25.458269,-33.970224,186.2            25.458272,-33.97021,186.2            25.45827,-33.970198,186.2            25.458266,-33.970188,186.2            25.458259,-33.970177,186.2            25.458255,-33.970167,186.2            25.458254,-33.970157,186.2            25.458256,-33.970143,186.2            25.458261,-33.970128,186.2            25.458268,-33.970108,186.2            25.458274,-33.970086,186.2            25.458276,-33.970066,186.2            25.458274,-33.970053,186.2            25.458269,-33.970043,186.4            25.458264,-33.970037,186.4            25.458257,-33.970025,186.4            25.458253,-33.970016,186.4            25.458248,-33.970003,186.4            25.458247,-33.969984,186.4            25.458246,-33.969966,186.4            25.458247,-33.969947,186.4            25.458252,-33.969929,186.4            25.458259,-33.969913,186.4            25.45827,-33.969901,186.4            25.458284,-33.969891,186.4            25.4583,-33.969885,186.4            25.458319,-33.969885,186.2            25.458333,-33.969886,186.2            25.458348,-33.969891,186.2            25.458362,-33.969895,186.4            25.458376,-33.969898,186.4            25.458394,-33.969903,186.4            25.458412,-33.969903,186.4            25.458428,-33.969899,186.4            25.458442,-33.969894,186.4            25.458455,-33.969887,186.4            25.458468,-33.969879,186.2            25.458475,-33.969872,186.2            25.45848,-33.969864,186.2            25.458479,-33.969856,186            25.458478,-33.969847,186            25.458476,-33.969839,186            25.458475,-33.96983,186            25.458476,-33.969817,186            25.458478,-33.969804,186            25.45848,-33.96979,186            25.458484,-33.969776,186            25.458487,-33.969764,186            25.458491,-33.969752,186            25.458493,-33.969739,186            25.458496,-33.969727,186            25.458498,-33.969716,186            25.458503,-33.969702,186            25.458509,-33.969684,186            25.458514,-33.969669,186.2            25.458517,-33.969653,186.2            25.458518,-33.969635,186.2            25.458518,-33.969618,186.2            25.458516,-33.969603,186.2            25.458521,-33.969588,186.2            25.458528,-33.969569,186.4            25.458533,-33.969553,186.4            25.458539,-33.969539,186.4            25.458544,-33.969527,186.4            25.458548,-33.969509,186.4            25.45855,-33.9695,186.4            25.458554,-33.96949,186.4            25.458556,-33.969481,187            25.458558,-33.969463,187.2            25.458558,-33.969449,187.2            25.458557,-33.96944,187.2            25.458557,-33.969429,187.2            25.458556,-33.969414,187            25.458553,-33.969396,186.6            25.45855,-33.969379,186.6            25.458544,-33.969361,186.4            25.458537,-33.969348,186.4            25.45853,-33.969338,186.4            25.458522,-33.96933,186.4            25.45851,-33.969323,186.4            25.458496,-33.969316,186.6            25.458484,-33.969309,186.6            25.458469,-33.969301,186.6            25.458456,-33.969289,186.6            25.458451,-33.969275,186.6            25.458452,-33.969258,186.6            25.458458,-33.969242,186.6            25.458464,-33.969223,186.6            25.458476,-33.969214,186.6            25.458485,-33.969203,186.6            25.458496,-33.969191,186.6            25.458508,-33.96918,186.6            25.458521,-33.969169,186.6            25.458538,-33.969161,186.6            25.458556,-33.969156,186.6            25.458574,-33.969156,186.6            25.458592,-33.96916,186.4            25.458605,-33.969164,186.4            25.458618,-33.969171,186.4            25.458632,-33.969179,186.2            25.458644,-33.969185,186.2            25.458659,-33.969191,186.2            25.458676,-33.969198,186            25.458695,-33.969206,186            25.458714,-33.969211,186            25.458733,-33.969216,186            25.458752,-33.969221,186            25.458773,-33.969227,185.8            25.45879,-33.969234,185.8            25.458806,-33.969242,185.8            25.458818,-33.969251,185.6            25.458829,-33.96926,185.6            25.458837,-33.969269,185.6            25.458846,-33.969281,185.6            25.458852,-33.969297,185.6            25.458854,-33.969313,185.6            25.458854,-33.969333,185.6            25.45885,-33.969348,185.6            25.45884,-33.969362,185.6            25.458828,-33.969379,185.6            25.458815,-33.969395,185.6            25.458806,-33.969408,185.8            25.458799,-33.96942,185.8            25.458791,-33.969433,185.8            25.458783,-33.969445,185.8            25.458777,-33.969459,186            25.458772,-33.969468,186            25.458768,-33.969476,186            25.458763,-33.969484,186            25.458765,-33.969494,185.8            25.458765,-33.969508,185.8            25.458764,-33.969527,185.8            25.458763,-33.969544,185.8            25.458758,-33.969562,185.8            25.458753,-33.969575,185.8            25.458747,-33.969588,185.8            25.458741,-33.969602,185.8            25.458735,-33.969613,185.8            25.458726,-33.969628,185.8            25.458716,-33.96964,185.8            25.458711,-33.969649,185.8            25.458706,-33.969659,185.8            25.458701,-33.969669,185.8            25.458698,-33.969683,185.6            25.458694,-33.969699,185.4            25.458689,-33.969715,185.4            25.458685,-33.969729,185.4            25.458681,-33.969739,185.4            25.458674,-33.969752,185.8            25.458669,-33.969764,185.8            25.458665,-33.969776,185.8            25.458664,-33.969788,185.8            25.458666,-33.969798,185.8            25.458672,-33.969811,185.8            25.458682,-33.969823,185.8            25.458696,-33.969833,185.8            25.45871,-33.969838,185.8            25.458723,-33.96984,185.6            25.458738,-33.969841,185.6            25.458756,-33.969841,185.6            25.458771,-33.969843,185.6            25.458784,-33.969843,185.6            25.458797,-33.969841,185.6            25.458813,-33.969836,185.4            25.458824,-33.969833,185.4            25.458834,-33.969828,185.4            25.458844,-33.969824,185.4            25.458854,-33.96982,185.4            25.458873,-33.969814,185.4            25.458887,-33.969809,185.4            25.458901,-33.969807,185.4            25.458919,-33.969804,185.4            25.458934,-33.9698,185.4            25.458948,-33.969796,185.4            25.458969,-33.969792,185.2            25.458986,-33.969794,185.2            25.459011,-33.969796,185.2            25.459031,-33.969799,185.2            25.459049,-33.969802,185.2            25.459066,-33.969805,185.2            25.459084,-33.969808,185.2            25.4591,-33.96981,185.2            25.459115,-33.96981,185            25.459135,-33.969811,185            25.459153,-33.96981,185            25.459169,-33.969808,185            25.459184,-33.969805,185            25.459201,-33.969803,184.8            25.459216,-33.9698,184.8            25.459234,-33.969796,184.8            25.459254,-33.969791,184.8            25.459277,-33.969785,184.8            25.459296,-33.969782,184.8            25.459313,-33.969781,184.6            25.459324,-33.969783,184.6            25.459341,-33.969784,184.6            25.459358,-33.969786,184.6            25.459365,-33.969789,184.6            25.459376,-33.969792,184.6            25.459387,-33.969795,184.6            25.459399,-33.9698,184.6            25.459411,-33.969804,184.6            25.459425,-33.96981,184.6            25.459441,-33.969816,184.6            25.459454,-33.969823,184.6            25.45947,-33.96983,184.6            25.459484,-33.969835,184.4            25.459501,-33.969838,184.6            25.459517,-33.96984,184.4            25.459537,-33.969842,184.4            25.459558,-33.969844,184.4            25.459573,-33.969846,184.4            25.459586,-33.96985,184.4            25.4596,-33.969854,184.4            25.459619,-33.96986,184.4            25.459642,-33.969864,184.4            25.459659,-33.969868,184.4            25.459678,-33.969873,184.4            25.459697,-33.969877,184.4            25.459714,-33.96988,184.2            25.459731,-33.969883,184.2            25.459751,-33.969887,184.2            25.459767,-33.969888,184            25.459783,-33.96989,183.8            25.459801,-33.969897,183.8            25.459822,-33.969906,183.8            25.459834,-33.969918,183.8            25.459846,-33.969934,183.8            25.459854,-33.969948,184            25.459859,-33.969966,184            25.459863,-33.969985,184            25.459865,-33.97,184            25.459868,-33.970014,184.2            25.459871,-33.970028,184.2            25.459875,-33.970044,184.2            25.459878,-33.970059,184.2            25.459881,-33.970069,184.2            25.459884,-33.970082,184.2            25.459885,-33.970092,184.2            25.459889,-33.970104,184.2            25.459894,-33.970114,184.2            25.459901,-33.970124,184.2            25.459916,-33.970136,184            25.459927,-33.970146,184            25.459938,-33.970155,184            25.459948,-33.970164,184            25.45996,-33.970177,184            25.459969,-33.970186,183.8            25.459973,-33.970198,183.8            25.459981,-33.970207,183.8            25.459989,-33.970214,183.8            25.459999,-33.970222,183.8            25.460013,-33.970232,183.6            25.460029,-33.970241,183.6            25.460049,-33.970251,183.6            25.460067,-33.970264,183.6            25.460082,-33.970274,183.6            25.460097,-33.970285,183.6            25.460113,-33.970295,183.4            25.46013,-33.970304,183.4            25.460142,-33.97031,183.4            25.460155,-33.970313,183.4            25.460166,-33.970317,183.4            25.460175,-33.970319,183.4            25.460188,-33.970321,183.4            25.460205,-33.970325,183.4            25.460223,-33.970327,183.4            25.46024,-33.970333,183.4            25.460259,-33.970338,183.4            25.460274,-33.970339,183.4            25.46029,-33.970339,183.4            25.460299,-33.970336,183.2            25.460306,-33.970332,183.2            25.460312,-33.970321,183.2            25.460321,-33.97031,183.2            25.460328,-33.970299,183.2            25.460336,-33.970287,183.2            25.460345,-33.970274,183.2            25.460357,-33.970264,183.2            25.460368,-33.97025,183.2            25.460378,-33.970239,183            25.460386,-33.97023,183            25.4604,-33.970219,182.8            25.460411,-33.970209,182.8            25.460424,-33.9702,182.8            25.460437,-33.970194,182.6            25.46045,-33.970189,182.6            25.460461,-33.970184,182.6            25.460471,-33.97018,182.6            25.46048,-33.970175,182.6            25.460495,-33.970169,182.6            25.460507,-33.970163,182.4            25.460518,-33.970159,182.4            25.460528,-33.970152,182.4            25.460539,-33.970143,182.4            25.460549,-33.970135,182.4            25.460559,-33.970124,182.4            25.460564,-33.970111,182.4            25.460568,-33.970102,182.4            25.460575,-33.970092,182.2            25.460582,-33.97008,182.2            25.460589,-33.97007,182            25.460596,-33.970059,182            25.460607,-33.970046,182            25.460621,-33.97003,182            25.460633,-33.970018,182            25.460644,-33.970007,182            25.460654,-33.969996,182            25.460663,-33.96999,182            25.460671,-33.969983,182            25.460683,-33.969978,182            25.460696,-33.969972,182            25.46071,-33.969965,182            25.460726,-33.969959,182            25.460741,-33.96995,182            25.460755,-33.969941,182            25.460769,-33.969931,182            25.460783,-33.96992,181.8            25.460792,-33.969911,181.8            25.460801,-33.969898,181.8            25.460811,-33.969885,181.8            25.46082,-33.969872,181.6            25.460826,-33.969863,181.6            25.460833,-33.969855,181.6            25.460839,-33.969847,181.6            25.460847,-33.969837,181.6            25.460857,-33.969828,181.6            25.46087,-33.969815,181.6            25.460883,-33.9698,181.6            25.460895,-33.969785,181.6            25.460909,-33.969767,181.6            25.460922,-33.969751,181.6            25.460932,-33.969732,181.6            25.460935,-33.969717,181.6            25.460934,-33.969706,181.6            25.460931,-33.969694,181.6            25.460928,-33.969683,181.6            25.460925,-33.969671,181.6            25.46092,-33.969661,181.6            25.460916,-33.969654,181.6            25.460908,-33.969644,181.6            25.460899,-33.969636,181.4            25.460888,-33.969629,181.4            25.460872,-33.969622,181.4            25.460856,-33.969619,181.4            25.460841,-33.969614,181.4            25.460825,-33.969609,181.6            25.460808,-33.969603,181.6            25.460798,-33.9696,181.6            25.460786,-33.969594,181.6            25.460774,-33.969587,181.6            25.460765,-33.969579,181.6            25.460759,-33.969571,181.6            25.460755,-33.969559,181.6            25.460747,-33.969545,181.6            25.46074,-33.969532,181.8            25.46073,-33.969518,181.8            25.46072,-33.969506,181.8            25.460707,-33.969494,181.8            25.460696,-33.969488,181.8            25.460681,-33.969482,181.8            25.460666,-33.969477,181.8            25.460654,-33.969476,181.8            25.460637,-33.969474,181.8            25.460617,-33.969476,181.8            25.460603,-33.96948,181.8            25.46059,-33.969484,181.8            25.460571,-33.969489,181.8            25.460554,-33.969493,181.8            25.460536,-33.969494,181.8            25.460526,-33.969492,181.8            25.460509,-33.969488,181.8            25.460496,-33.969484,181.8            25.460478,-33.969478,181.8            25.460459,-33.969469,182            25.46044,-33.969461,182            25.460419,-33.969451,182            25.460402,-33.969442,182            25.460386,-33.969436,182            25.460375,-33.969432,182            25.460363,-33.969426,182.2            25.460348,-33.96942,182.2            25.460335,-33.969415,182.2            25.460322,-33.969407,182.2            25.460307,-33.969397,182.2            25.460296,-33.969387,182.2            25.460286,-33.969376,182.2            25.460277,-33.969362,182.4            25.460263,-33.969346,182.4            25.460248,-33.969332,182.4            25.460234,-33.969317,182.4            25.460224,-33.969307,182.4            25.460216,-33.969298,182.4            25.460208,-33.96929,182.4            25.460203,-33.969283,182.4            25.460198,-33.96928,182.4            25.46019,-33.96927,182.4            25.46018,-33.969256,182.6            25.460167,-33.969238,182.6            25.460156,-33.969222,182.6            25.460143,-33.969204,182.6            25.460134,-33.969191,182.6            25.460128,-33.969179,182.6            25.460123,-33.969167,182.8            25.460116,-33.969154,182.8            25.460107,-33.969142,182.8            25.460096,-33.969129,182.8            25.460086,-33.969117,182.8            25.460076,-33.969105,182.8            25.460068,-33.969094,182.8            25.460057,-33.969079,182.8            25.460047,-33.969067,182.8            25.460038,-33.969056,183            25.460032,-33.969049,183            25.460026,-33.969044,183            25.460016,-33.969037,183            25.460002,-33.969032,183            25.459987,-33.969029,183            25.459972,-33.96903,183            25.459959,-33.969034,183            25.459952,-33.969041,183            25.459948,-33.969053,183            25.459951,-33.969062,183.2            25.459955,-33.969072,183.2            25.459957,-33.96908,183.2            25.459956,-33.96909,183.2            25.459953,-33.969101,183            25.459948,-33.969113,183            25.459937,-33.969127,183            25.459925,-33.969144,183            25.459909,-33.969155,183            25.459894,-33.969163,183            25.459877,-33.969168,183            25.459856,-33.969175,183            25.459836,-33.969178,183.2            25.459819,-33.969177,183.2            25.459804,-33.969176,183.2            25.459789,-33.969172,183.2            25.459771,-33.969164,183.2            25.459755,-33.969156,183.2            25.459739,-33.969147,183.2            25.459727,-33.96914,183.2            25.459711,-33.969132,183.2            25.459698,-33.969126,183.2            25.459685,-33.969123,183.2            25.459673,-33.96912,183.2            25.459661,-33.969115,183.2            25.459648,-33.969109,183.2            25.459632,-33.969102,183.4            25.459614,-33.969092,183.4            25.459597,-33.96908,183.4            25.459583,-33.96907,183.4            25.459569,-33.969057,183.4            25.459555,-33.969045,183.4            25.459542,-33.969034,183.4            25.459529,-33.969022,183.4            25.459521,-33.969014,183.4            25.459512,-33.969003,183.4            25.459501,-33.968993,183.4            25.459484,-33.96898,183.4            25.459466,-33.968969,183.4            25.459449,-33.968962,183.6            25.459435,-33.968958,183.6            25.459426,-33.968958,183.6            25.459411,-33.968957,183.6            25.459397,-33.968956,183.6            25.459381,-33.968956,183.6            25.459365,-33.968954,183.6            25.459348,-33.968949,183.6            25.459334,-33.968943,183.6            25.459316,-33.968936,183.8            25.459297,-33.968926,183.8            25.459278,-33.968919,184            25.459263,-33.968913,184            25.459248,-33.968907,184            25.459233,-33.9689,184.2            25.459221,-33.968893,184.2            25.45921,-33.968888,184.2            25.459199,-33.968883,184.2            25.459189,-33.968878,184.4            25.459171,-33.968869,184.4            25.459152,-33.968861,184.4            25.459134,-33.968855,184.4            25.459115,-33.96885,184.6            25.4591,-33.968846,184.6            25.459084,-33.968842,184.6            25.459068,-33.968838,184.8            25.459053,-33.968835,184.8            25.459035,-33.968832,184.8            25.459017,-33.968827,185            25.458994,-33.968821,185            25.458974,-33.968814,185            25.458955,-33.96881,185.2            25.458939,-33.968806,185.2            25.458928,-33.968802,185.2            25.458917,-33.968799,185.2            25.458904,-33.968799,185.4            25.458888,-33.968795,185.4            25.458872,-33.96879,185.4            25.458853,-33.968782,185.6            25.458836,-33.968773,185.6            25.458826,-33.968762,185.6            25.458819,-33.968747,185.6            25.458812,-33.968733,185.8            25.458803,-33.968718,185.8            25.458795,-33.968705,185.8            25.458785,-33.968697,185.8            25.458775,-33.968691,185.8            25.458763,-33.968687,185.8            25.458746,-33.968685,185.8            25.458728,-33.968683,185.8            25.458707,-33.968677,185.8            25.458691,-33.96867,185.8            25.45868,-33.968662,185.8            25.458672,-33.968652,186            25.458669,-33.968641,186            25.458668,-33.96863,186            25.45867,-33.968617,186.2            25.458678,-33.968603,186.2            25.458687,-33.968589,186.4            25.458695,-33.968574,186.4            25.458697,-33.968563,186.4            25.458696,-33.968552,186.6            25.458692,-33.968541,186.6            25.458687,-33.968532,186.6            25.458684,-33.968516,186.6            25.45868,-33.968499,186.6            25.458674,-33.968479,186.6            25.458672,-33.968471,186.8            25.458666,-33.96846,186.8            25.45866,-33.968454,186.8            25.458656,-33.96845,186.8            25.458652,-33.968443,186.8            25.458649,-33.968428,186.8            25.458648,-33.968416,187            25.458646,-33.968402,187            25.458641,-33.968389,187            25.458636,-33.968378,187            25.45863,-33.968365,187            25.458628,-33.968355,187            25.458626,-33.96834,187            25.458628,-33.968326,187            25.458633,-33.96831,187            25.45864,-33.968294,187            25.458648,-33.968282,187            25.458658,-33.96827,187            25.458667,-33.968261,187            25.458676,-33.968253,187            25.458686,-33.968245,187            25.458699,-33.968236,186.8            25.458711,-33.968233,186.8            25.458724,-33.968231,186.8            25.45874,-33.968228,186.8            25.458753,-33.968224,186.6            25.458767,-33.96822,186.6            25.45878,-33.968216,186.6            25.458792,-33.968212,186.6            25.458804,-33.968207,186.4            25.458816,-33.968201,186.4            25.458827,-33.968196,186.4            25.458837,-33.968189,186.4            25.458848,-33.968183,186.4            25.45886,-33.968178,186.2            25.458874,-33.968173,186.2            25.458891,-33.968168,186.2            25.458908,-33.968162,186.2            25.458923,-33.968158,186.2            25.458938,-33.968155,186            25.458959,-33.96815,186            25.45898,-33.968145,186            25.459,-33.968141,185.8            25.459022,-33.968137,185.8            25.459043,-33.968135,185.8            25.459065,-33.968133,185.8            25.459085,-33.968132,185.6            25.459107,-33.968133,185.6            25.459127,-33.968136,185.6            25.459149,-33.968137,185.6            25.459167,-33.968138,185.4            25.459182,-33.968135,185.4            25.459197,-33.968131,185.4            25.459211,-33.968128,185.2            25.459219,-33.968125,185.2            25.459225,-33.96812,185.2            25.459233,-33.968113,185            25.459239,-33.968102,185            25.459253,-33.968093,185            25.459265,-33.968084,184.8            25.459277,-33.968079,184.8            25.459284,-33.968077,184.8            25.459291,-33.968075,184.8            25.459308,-33.96807,184.8            25.459324,-33.968063,184.8            25.459337,-33.968061,184.8            25.459344,-33.968058,184.8            25.459359,-33.968054,184.6            25.459372,-33.968051,184.6            25.45939,-33.968049,184.4            25.459413,-33.968047,184.4            25.45944,-33.968051,184.4            25.459461,-33.968055,184.4            25.459478,-33.968058,184.4            25.459492,-33.96806,184.2            25.459512,-33.968063,184.2            25.459529,-33.968065,184.2            25.45955,-33.968069,184.2            25.459566,-33.968071,184.2            25.45958,-33.968072,184.2            25.459597,-33.968075,184.2            25.459615,-33.968077,184            25.459634,-33.968078,184            25.45965,-33.968076,183.8            25.459663,-33.968074,183.8            25.459677,-33.96807,183.8            25.45969,-33.968067,183.8            25.459701,-33.968064,183.8            25.459715,-33.968058,183.8            25.459727,-33.968052,183.6            25.459739,-33.968044,183.6            25.45975,-33.968038,183.6            25.459762,-33.968031,183.6            25.459777,-33.968025,183.4            25.459792,-33.968017,183.4            25.459811,-33.968007,183.4            25.459822,-33.967999,183.4            25.459834,-33.967989,183.2            25.459842,-33.967979,183.2            25.459848,-33.967969,183.2            25.459852,-33.967959,183.2            25.459856,-33.967946,183.2            25.459855,-33.967937,183.2            25.459857,-33.967924,183.2            25.459858,-33.967908,183.2            25.459863,-33.967899,183.2            25.459874,-33.967891,183            25.459888,-33.967889,183            25.459905,-33.96789,183            25.459927,-33.967892,183            25.459945,-33.967893,183            25.459963,-33.96789,182.8            25.459981,-33.967887,182.8            25.459995,-33.967883,182.8            25.460009,-33.967881,182.8            25.460024,-33.967881,182.8            25.460039,-33.967878,182.8            25.460056,-33.967878,182.8            25.460074,-33.967881,182.8            25.460092,-33.967882,182.8            25.460107,-33.967884,182.8            25.460124,-33.967886,182.6            25.460143,-33.967888,182.6            25.460161,-33.967889,182.6            25.460181,-33.96789,182.6            25.460193,-33.96789,182.6            25.460205,-33.967888,182.6            25.460212,-33.967886,182.6            25.460222,-33.967884,182.4            25.460234,-33.967881,182.4            25.460249,-33.967876,182.4            25.460271,-33.967869,182.4            25.460287,-33.967866,182.4            25.460307,-33.967864,182.4            25.460327,-33.96786,182.2            25.460346,-33.967855,182.2            25.460364,-33.96785,182.2            25.460379,-33.967848,182.2            25.460392,-33.967846,182.2            25.46041,-33.967844,182.2            25.460423,-33.967842,182.2            25.460437,-33.96784,182.2            25.460451,-33.967838,182.2            25.460468,-33.967835,182.2            25.460484,-33.967829,182.2            25.4605,-33.967822,182.2            25.460521,-33.967813,182.2            25.460535,-33.967799,182.2            25.460545,-33.967785,182.2            25.460552,-33.967772,182            25.460559,-33.967758,182            25.460562,-33.967747,182            25.460564,-33.967735,182            25.460563,-33.967726,182            25.460559,-33.967715,182            25.460552,-33.967706,182            25.460545,-33.967693,182            25.460535,-33.967678,182            25.460524,-33.967662,182            25.460513,-33.967652,182            25.4605,-33.96764,182            25.460489,-33.96763,182            25.460478,-33.967621,182            25.460467,-33.967613,182            25.460453,-33.967603,182            25.460443,-33.9676,182            25.460432,-33.967591,182            25.460419,-33.96758,182            25.460408,-33.967569,182            25.460397,-33.967556,182.2            25.460383,-33.967544,182.2            25.460377,-33.967539,182.2            25.460366,-33.967531,182.2            25.460351,-33.967523,182.2            25.460338,-33.967515,182.2            25.460324,-33.967511,182.2            25.460311,-33.96751,182.2            25.460297,-33.967512,182.2            25.460284,-33.967517,182.2            25.460272,-33.967526,182.2            25.460258,-33.967535,182.2            25.460243,-33.967543,182.4            25.460228,-33.967551,182.4            25.460215,-33.967556,182.4            25.460201,-33.967561,182.4            25.460187,-33.967567,182.4            25.460172,-33.967574,182.4            25.460157,-33.967581,182.4            25.460142,-33.967589,182.4            25.460127,-33.967594,182.4            25.460109,-33.967599,182.6            25.46009,-33.967606,182.6            25.460073,-33.967611,182.6            25.460055,-33.967619,182.6            25.460039,-33.967623,182.6            25.460023,-33.967628,182.6            25.460003,-33.967633,182.6            25.459988,-33.967636,182.6            25.459971,-33.967639,182.6            25.459951,-33.967642,182.6            25.459933,-33.967645,182.6            25.45992,-33.967645,182.6            25.459909,-33.967646,182.6            25.459897,-33.967647,182.8            25.459885,-33.967648,183            25.459879,-33.967648,183            25.459875,-33.967647,183            25.459873,-33.967647,183            25.45986,-33.96765,183.2            25.459838,-33.967655,183.2            25.45982,-33.967659,183.2            25.459803,-33.967662,183.2            25.459788,-33.967665,183.2            25.459773,-33.967666,183.2            25.459764,-33.967669,183.2            25.459752,-33.967671,183.4            25.459737,-33.967675,183.6            25.459725,-33.967678,183.8            25.459709,-33.967682,183.8            25.459691,-33.967686,183.8            25.459674,-33.96769,183.8            25.459653,-33.967695,183.8            25.459627,-33.967705,183.8            25.459611,-33.967711,183.8            25.459597,-33.967716,183.8            25.459579,-33.967722,183.8            25.459565,-33.967727,183.8            25.459546,-33.967735,183.8            25.459522,-33.967744,183.8            25.459507,-33.96775,184            25.459493,-33.967755,184            25.459482,-33.967758,184            25.459472,-33.967762,184            25.45946,-33.967765,184.2            25.459448,-33.967768,184.2            25.45943,-33.967771,184.4            25.459411,-33.967775,184.4            25.459392,-33.96778,184.4            25.459376,-33.967784,184.6            25.459361,-33.967787,184.6            25.459345,-33.967791,184.6            25.45933,-33.967796,184.6            25.459319,-33.9678,184.6            25.459308,-33.967806,184.6            25.459292,-33.967811,184.6            25.459275,-33.967817,184.6            25.459259,-33.967823,184.8            25.459242,-33.967829,184.8            25.459226,-33.967834,184.8            25.459213,-33.96784,184.8            25.459195,-33.967847,185            25.45918,-33.967853,185            25.459164,-33.96786,185.2            25.459148,-33.967866,185.2            25.459136,-33.967871,185.4            25.45912,-33.967875,185.4            25.459103,-33.967882,185.6            25.459087,-33.967885,185.6            25.459068,-33.96789,185.6            25.459048,-33.967896,185.6            25.45903,-33.967901,185.6            25.459013,-33.967905,185.8            25.458996,-33.967909,185.8            25.458979,-33.967913,185.8            25.458964,-33.967916,186            25.458946,-33.967919,186            25.458929,-33.96792,186            25.458913,-33.967921,186            25.458897,-33.967922,186            25.45888,-33.967925,186            25.458858,-33.96793,186            25.458841,-33.967937,186.2            25.458829,-33.967943,186.2            25.458813,-33.96795,186.2            25.458796,-33.967955,186.4            25.458778,-33.967963,186.4            25.45876,-33.967972,186.6            25.458747,-33.967978,186.8            25.458734,-33.967984,186.8            25.458717,-33.967988,186.8            25.458703,-33.967991,187            25.45869,-33.967992,187            25.458678,-33.967994,187            25.458662,-33.967997,187.2            25.458648,-33.968001,187.2            25.458632,-33.968004,187.2            25.458614,-33.96801,187.4            25.458597,-33.968015,187.4            25.458578,-33.96802,187.4            25.45856,-33.968023,187.6            25.458543,-33.968028,187.6            25.458531,-33.96803,187.6            25.458517,-33.968033,187.8            25.458502,-33.968034,187.8            25.458486,-33.968036,187.8            25.458467,-33.968038,187.8            25.458447,-33.96804,187.8            25.45843,-33.968042,188            25.458413,-33.968045,188            25.458399,-33.968046,188            25.458384,-33.968047,188            25.45837,-33.968049,188            25.458355,-33.968051,188            25.45834,-33.968055,188            25.458324,-33.968058,188            25.458308,-33.96806,188.2            25.458294,-33.968063,188.2            25.458277,-33.968067,188.2            25.458262,-33.968071,188.2            25.458249,-33.968073,188.2            25.458232,-33.968075,188.2            25.458215,-33.968079,188.2            25.458195,-33.968083,188.2            25.458175,-33.968087,188.2            25.458153,-33.968092,188.2            25.458133,-33.968097,188.2            25.45812,-33.9681,188.4            25.458106,-33.968104,188.4            25.458093,-33.968107,188.4            25.458082,-33.968112,188.4            25.458068,-33.96812,188.4            25.458049,-33.968128,188.4            25.458028,-33.968136,188.6            25.458006,-33.968142,188.6            25.457984,-33.968141,188.6            25.457966,-33.968136,188.8            25.457948,-33.968128,189            25.457936,-33.968121,189            25.457926,-33.968109,189            25.457918,-33.968094,189.2            25.457909,-33.968077,189.2            25.457898,-33.968062,189.2            25.45788,-33.96805,189.2            25.457863,-33.968043,189.2            25.457849,-33.968032,189.2            25.457834,-33.968032,189.4            25.457819,-33.96803,189.4            25.457802,-33.968029,189.4            25.457782,-33.968025,189.4            25.457767,-33.968017,189.4            25.457757,-33.968004,189.4            25.457747,-33.967992,189.4            25.457736,-33.967978,189.4            25.457733,-33.967964,189.4            25.457737,-33.967949,189.4            25.457746,-33.967939,189.6            25.457751,-33.967928,189.6            25.457757,-33.967911,189.6            25.457766,-33.967897,189.6            25.457774,-33.967884,189.4            25.457776,-33.967868,189.4            25.457778,-33.967851,189.4            25.457779,-33.967835,189.4            25.457777,-33.967822,189.4            25.457768,-33.967809,189.4            25.457764,-33.967799,189.2            25.45776,-33.967794,189.2            25.457742,-33.967781,189.2            25.457729,-33.967769,189.2            25.457716,-33.967757,189.4            25.457707,-33.967744,189.4            25.457699,-33.967729,189.4            25.45769,-33.967717,189.2            25.457681,-33.967705,189.2            25.457671,-33.967695,189.2            25.457667,-33.967688,189.2            25.457664,-33.967679,189.2            25.457657,-33.967663,189.2            25.457651,-33.967647,189.2            25.457642,-33.967635,189.2            25.457634,-33.967624,189.2            25.457626,-33.967612,189.2            25.457621,-33.967604,189.2            25.457611,-33.967592,189            25.457599,-33.967579,189            25.45759,-33.967567,189            25.457578,-33.967554,189            25.457567,-33.967543,188.8            25.457553,-33.967532,188.8            25.457541,-33.967522,188.8            25.457527,-33.967512,188.8            25.457514,-33.967503,188.8            25.457501,-33.967493,188.8            25.457486,-33.967484,188.8            25.457474,-33.967478,189            25.457462,-33.967471,189            25.457449,-33.967463,189            25.457436,-33.967454,189.2            25.457425,-33.967447,189.2            25.457412,-33.967437,189.2            25.457399,-33.967424,189.4            25.45739,-33.967413,189.4            25.457379,-33.967399,189.4            25.45737,-33.967385,189.4            25.457363,-33.967371,189.6            25.457354,-33.967353,189.6            25.457348,-33.967337,189.6            25.457343,-33.967322,189.6            25.457339,-33.967305,189.4            25.457332,-33.96729,189.4            25.457328,-33.967275,189.4            25.457325,-33.96726,189.4            25.457325,-33.967244,189.4            25.457327,-33.967228,189.4            25.45733,-33.967215,189.4            25.45733,-33.967205,189.4            25.457334,-33.96719,189.4            25.457337,-33.967173,189.2            25.457338,-33.96716,189.2            25.457341,-33.967142,189.2            25.457344,-33.967122,189.2            25.457346,-33.967108,189.2            25.457346,-33.967093,189.2            25.457345,-33.967081,189            25.457342,-33.96707,189            25.457341,-33.967056,189            25.457338,-33.967046,189            25.457336,-33.967034,189            25.457332,-33.967023,189            25.457326,-33.967011,188.8            25.457318,-33.966999,188.8            25.45731,-33.966986,188.8            25.457302,-33.966971,188.8            25.457294,-33.966957,188.8            25.457284,-33.966946,188.6            25.457272,-33.966934,188.6            25.457258,-33.966922,188.6            25.457248,-33.966914,188.6            25.457237,-33.966906,188.6            25.457226,-33.966898,188.6            25.457216,-33.96689,188.6            25.457203,-33.96688,188.6            25.457193,-33.966873,188.6            25.457179,-33.966864,188.6            25.457166,-33.966856,188.6            25.457153,-33.966846,188.8            25.457142,-33.966836,188.8            25.457129,-33.966824,188.8            25.457118,-33.966814,188.8            25.457108,-33.966806,189            25.457096,-33.966801,189            25.45708,-33.966796,189.2            25.457066,-33.96679,189.2            25.457049,-33.966783,189.2            25.457033,-33.966776,189.2            25.457012,-33.966768,189.2            25.456995,-33.966761,189.2            25.456983,-33.966755,189.2            25.456967,-33.966746,189.2            25.456955,-33.966739,189            25.456942,-33.966732,189            25.456926,-33.966726,189            25.456909,-33.966721,189.2            25.456891,-33.966719,189.2            25.456877,-33.966718,189.2            25.456862,-33.966717,189.4            25.456848,-33.966719,189.4            25.45683,-33.966721,189.4            25.456813,-33.966723,189.4            25.456798,-33.966725,189.4            25.456787,-33.966726,189.6            25.456772,-33.966726,189.6            25.456761,-33.966732,189.6            25.456743,-33.966735,189.6            25.456727,-33.966739,189.8            25.456706,-33.966742,189.8            25.45669,-33.966751,189.8            25.456675,-33.966759,190            25.45666,-33.966767,190            25.456644,-33.966774,190.2            25.45663,-33.966779,190.2            25.456615,-33.966785,190.2            25.456602,-33.966789,190.2            25.456591,-33.966793,190.2            25.456583,-33.966796,190.2            25.456571,-33.9668,190.4            25.456553,-33.966803,190.4            25.45653,-33.966803,190.4            25.456509,-33.966801,190.4            25.456491,-33.966799,190.4            25.456473,-33.966797,190.6            25.456458,-33.966797,190.6            25.456443,-33.966797,190.6            25.456427,-33.966798,190.6            25.456409,-33.966799,190.8            25.456395,-33.966799,190.8            25.456375,-33.9668,190.8            25.456356,-33.966802,190.8            25.456335,-33.966804,190.8            25.456316,-33.966808,190.8            25.456304,-33.966811,190.8            25.456293,-33.966814,191            25.456282,-33.966818,191            25.456267,-33.966821,191.2            25.456252,-33.966825,191.2            25.456236,-33.966827,191.2            25.456215,-33.96683,191.2            25.456193,-33.966833,191.2            25.456171,-33.966837,191.2            25.456151,-33.966839,191.2            25.456136,-33.966838,191.2            25.456119,-33.966837,191.2            25.456103,-33.966837,191.2            25.456084,-33.966838,191.2            25.456067,-33.966837,191.2            25.456052,-33.966835,191.2            25.456038,-33.966835,191.4            25.456022,-33.966836,191.4            25.456008,-33.966838,191.4            25.455994,-33.966839,191.4            25.455976,-33.966839,191.6            25.455958,-33.966839,191.6            25.455939,-33.966839,191.6            25.455921,-33.96684,191.6            25.455901,-33.966839,191.6            25.455881,-33.966839,191.8            25.455865,-33.96684,191.8            25.455854,-33.96684,191.8            25.45584,-33.96684,192            25.455822,-33.966838,192.2            25.455823,-33.966841,192.4            25.455827,-33.966841,192.4            25.455824,-33.966843,192.6            25.455812,-33.966843,192.6            25.455802,-33.966846,192.4            25.455802,-33.966845,192.4            25.455804,-33.966844,192.4            25.455807,-33.966842,192.4            25.455806,-33.966842,192.6            25.455805,-33.966843,192.6            25.455806,-33.966842,192.6            25.455805,-33.966842,192.4            25.455805,-33.966841,192.4            25.455804,-33.966841,192.2            25.455803,-33.966838,192.2            25.455801,-33.966834,192.2            25.455798,-33.966832,192.2            25.4558,-33.966836,192.2            25.455794,-33.966837,192.2            25.455793,-33.966835,192.2            25.45579,-33.966834,192.2            25.455794,-33.966832,192.2            25.455793,-33.966834,192.2            25.455792,-33.966832,192.2            25.455788,-33.966833,192.2            25.455782,-33.966835,192.2            25.455772,-33.96684,192.2            25.455762,-33.966842,192.2            25.455742,-33.966845,192.2            25.455722,-33.966846,192.2            25.455705,-33.966844,192.4            25.455689,-33.966845,192.4            25.455673,-33.966847,192.4            25.455656,-33.966848,192.4            25.455642,-33.966849,192.4            25.45563,-33.96685,192.4            25.455614,-33.966857,192.6            25.455598,-33.966863,192.6            25.455589,-33.966874,192.6            25.455579,-33.966886,192.6            25.455575,-33.966897,192.8            25.45557,-33.966913,192.8            25.455566,-33.966932,192.8            25.455564,-33.966955,192.8            25.455563,-33.96697,192.8            25.455564,-33.966984,193            25.455566,-33.966995,193            25.45557,-33.967008,193            25.455571,-33.967019,193            25.455575,-33.96703,193.2            25.455577,-33.967044,193.2            25.455579,-33.967056,193.2            25.45558,-33.96707,193.2            25.455583,-33.967085,193.2            25.455584,-33.967097,193.2            25.455585,-33.96711,193.2            25.455588,-33.967127,193.2            25.45559,-33.967147,193.2            25.455594,-33.967162,193.2            25.455598,-33.967176,193            25.455605,-33.967195,193            25.455609,-33.967213,193            25.455612,-33.967231,193            25.455617,-33.967245,193            25.455621,-33.967261,193            25.455623,-33.967273,192.8            25.455626,-33.967288,192.8            25.455627,-33.967303,192.8            25.455629,-33.967317,192.8            25.455628,-33.967329,192.8            25.455627,-33.967344,192.8            25.455628,-33.967361,192.8            25.455629,-33.967372,192.8            25.45563,-33.967386,192.8            25.45563,-33.967396,192.8            25.45563,-33.967409,192.8            25.455632,-33.967424,192.8            25.455633,-33.967435,192.8            25.455635,-33.967448,192.8            25.455638,-33.967463,192.8            25.455644,-33.967478,192.8            25.455647,-33.967492,192.8            25.455652,-33.967504,192.8            25.455652,-33.967516,192.8            25.455655,-33.967529,192.8            25.455658,-33.967543,193            25.455661,-33.967561,193            25.455664,-33.967575,193            25.455667,-33.967589,193            25.455671,-33.967603,193            25.455675,-33.967617,193            25.455677,-33.967628,193            25.455678,-33.967637,193            25.455682,-33.967651,192.8            25.455685,-33.967666,192.8            25.45569,-33.967683,192.8            25.455693,-33.967696,192.8            25.455694,-33.967711,192.8            25.455696,-33.967724,192.8            25.455697,-33.967736,192.8            25.455696,-33.967746,192.8            25.455696,-33.967763,192.6            25.4557,-33.967774,192.6            25.455705,-33.96779,192.6            25.455707,-33.967803,192.6            25.455709,-33.96782,192.6            25.455709,-33.967827,192.6            25.455709,-33.967839,192.6            25.455709,-33.967852,192.6            25.455713,-33.967862,192.6            25.455718,-33.967875,192.6            25.455714,-33.967889,192.6            25.455716,-33.967899,192.6            25.455718,-33.967915,192.6            25.455722,-33.967929,192.6            25.455725,-33.967942,192.6            25.455726,-33.967956,192.6            25.455728,-33.967969,192.6            25.455731,-33.96798,192.4            25.455737,-33.967995,192.4            25.455743,-33.968011,192.4            25.455748,-33.968024,192.4            25.455755,-33.968042,192.4            25.455758,-33.968056,192.4            25.455762,-33.968077,192.4            25.455763,-33.968088,192.4            25.455766,-33.968099,192.4            25.455766,-33.968113,192.4            25.45576,-33.968129,192.4            25.455754,-33.968146,192.4            25.455724,-33.96817,192.4            25.455705,-33.968166,192.4            25.455688,-33.968161,192.4            25.455675,-33.968152,192.4            25.455662,-33.968144,192.4            25.455648,-33.968135,192.4            25.455635,-33.968123,192.4            25.455627,-33.96811,192.4            25.455615,-33.968101,192.4            25.455601,-33.968095,192.4            25.455584,-33.96809,192.4            25.455567,-33.968089,192.4            25.45555,-33.96809,192.4            25.455534,-33.968092,192.4            25.455522,-33.968095,192.4            25.455495,-33.968107,192.4            25.45548,-33.968113,192.4            25.455465,-33.96812,192.4            25.45545,-33.968125,192.6            25.455436,-33.968129,192.8            25.455422,-33.968133,192.8            25.45541,-33.968137,192.8            25.455397,-33.968141,192.8            25.455383,-33.968144,192.8            25.45537,-33.968149,192.8            25.455353,-33.968153,192.8            25.455337,-33.968158,192.8            25.45532,-33.968162,192.8            25.455304,-33.968167,192.8            25.455292,-33.96817,192.8            25.455278,-33.968177,192.8            25.455262,-33.968185,192.8            25.455249,-33.96819,192.8            25.455238,-33.968196,192.8            25.455224,-33.968204,192.8            25.455213,-33.968212,192.8            25.455197,-33.968221,192.8            25.455184,-33.968225,192.8            25.455169,-33.968231,192.8            25.455152,-33.968237,192.8            25.455132,-33.968243,192.8            25.455119,-33.968248,192.8            25.455109,-33.96825,192.8            25.455096,-33.968252,192.8            25.45508,-33.968254,192.8            25.455063,-33.968255,192.8            25.455044,-33.968258,192.8            25.455027,-33.968261,192.8            25.455012,-33.968265,192.8            25.455002,-33.968268,192.8            25.454991,-33.968273,192.8            25.454975,-33.968279,192.8            25.454968,-33.968282,192.8            25.45495,-33.968293,193            25.454937,-33.968301,193            25.454925,-33.96831,193            25.454913,-33.968321,193            25.454899,-33.968336,193.2            25.454889,-33.968346,193.2            25.45488,-33.968359,193.2            25.454878,-33.968366,193.2            25.45487,-33.968379,193.2            25.454859,-33.968393,193.4            25.454848,-33.968406,193.4            25.454838,-33.968416,193.4            25.454826,-33.968429,193.4            25.454816,-33.968442,193.4            25.454814,-33.968451,193.2            25.454811,-33.96846,193.2            25.454808,-33.96847,193.2            25.454809,-33.968481,193            25.454808,-33.968494,193            25.454805,-33.96851,193            25.454802,-33.968522,193            25.454798,-33.968538,193            25.454797,-33.968549,193            25.454796,-33.968562,193            25.454796,-33.968572,193.2            25.454796,-33.968581,193.2            25.454796,-33.96859,193.2            25.454796,-33.9686,193.2            25.454798,-33.968624,193            25.454799,-33.968634,193            25.454801,-33.968643,193            25.454807,-33.968661,193            25.454812,-33.968677,192.8            25.454818,-33.96869,192.8            25.454831,-33.968714,192.8            25.454836,-33.968721,192.8            25.454844,-33.968733,192.8            25.454857,-33.968749,192.6            25.454865,-33.968765,192.6            25.45487,-33.968779,192.6            25.454872,-33.96879,192.6            25.454873,-33.968802,192.6            25.454874,-33.968816,192.6            25.454876,-33.968829,192.6            25.454883,-33.968843,192.6            25.454886,-33.968856,192.6            25.45489,-33.968872,192.6            25.45489,-33.968883,192.6            25.454893,-33.9689,192.4            25.454897,-33.968911,192.4            25.454898,-33.968923,192.2            25.454898,-33.968936,192.2            25.454897,-33.968949,192.2            25.454899,-33.968962,192.2            25.454904,-33.968976,192.2            25.454908,-33.968988,192.2            25.454911,-33.969004,192.2            25.454914,-33.969018,192.2            25.454917,-33.969036,192            25.454916,-33.969047,192.2            25.454918,-33.969064,192.2            25.454922,-33.969079,192.2            25.454924,-33.969092,192.2            25.454923,-33.969101,192.2            25.454928,-33.969115,192.2            25.454931,-33.969133,192.2            25.454933,-33.969147,192.2            25.454935,-33.96916,192.2            25.454938,-33.969177,192.2            25.454944,-33.969192,192.4            25.454944,-33.969205,192.4            25.454939,-33.969216,192.4            25.454934,-33.969226,192.4            25.454934,-33.969236,192.2            25.454927,-33.969264,192.2            25.454926,-33.969276,192.2            25.454925,-33.969303,192.2            25.454921,-33.969318,192.2            25.454908,-33.969334,192.2            25.454909,-33.969339,192.2            25.454905,-33.969341,192.2          </coordinates></LineString></Placemark></Folder></Document></kml>