<?xml version="1.0" encoding="UTF-8"?><kml xmlns="http://www.opengis.net/kml/2.2"><Document><name>Nottingham Road parkrun (from Nov 2025)</name><description/><Style id="icon-1899-0F9D58-nodesc-normal"><IconStyle><color>ff589d0f</color><scale>1</scale><Icon><href>https://www.gstatic.com/mapspro/images/stock/503-wht-blank_maps.png</href></Icon><hotSpot x="32" xunits="pixels" y="64" yunits="insetPixels"/></IconStyle><LabelStyle><scale>0</scale></LabelStyle><BalloonStyle><text><![CDATA[<h3>$[name]</h3>]]></text></BalloonStyle></Style><Style id="icon-1899-0F9D58-nodesc-highlight"><IconStyle><color>ff589d0f</color><scale>1</scale><Icon><href>https://www.gstatic.com/mapspro/images/stock/503-wht-blank_maps.png</href></Icon><hotSpot x="32" xunits="pixels" y="64" yunits="insetPixels"/></IconStyle><LabelStyle><scale>1</scale></LabelStyle><BalloonStyle><text><![CDATA[<h3>$[name]</h3>]]></text></BalloonStyle></Style><StyleMap id="icon-1899-0F9D58-nodesc"><Pair><key>normal</key><styleUrl>#icon-1899-0F9D58-nodesc-normal</styleUrl></Pair><Pair><key>highlight</key><styleUrl>#icon-1899-0F9D58-nodesc-highlight</styleUrl></Pair></StyleMap><Style id="icon-1899-FF5252-nodesc-normal"><IconStyle><color>ff5252ff</color><scale>1</scale><Icon><href>https://www.gstatic.com/mapspro/images/stock/503-wht-blank_maps.png</href></Icon><hotSpot x="32" xunits="pixels" y="64" yunits="insetPixels"/></IconStyle><LabelStyle><scale>0</scale></LabelStyle><BalloonStyle><text><![CDATA[<h3>$[name]</h3>]]></text></BalloonStyle></Style><Style id="icon-1899-FF5252-nodesc-highlight"><IconStyle><color>ff5252ff</color><scale>1</scale><Icon><href>https://www.gstatic.com/mapspro/images/stock/503-wht-blank_maps.png</href></Icon><hotSpot x="32" xunits="pixels" y="64" yunits="insetPixels"/></IconStyle><LabelStyle><scale>1</scale></LabelStyle><BalloonStyle><text><![CDATA[<h3>$[name]</h3>]]></text></BalloonStyle></Style><StyleMap id="icon-1899-FF5252-nodesc"><Pair><key>normal</key><styleUrl>#icon-1899-FF5252-nodesc-normal</styleUrl></Pair><Pair><key>highlight</key><styleUrl>#icon-1899-FF5252-nodesc-highlight</styleUrl></Pair></StyleMap><Style id="line-0288D1-5000-nodesc-normal"><LineStyle><color>ffd18802</color><width>5</width></LineStyle><BalloonStyle><text><![CDATA[<h3>$[name]</h3>]]></text></BalloonStyle></Style><Style id="line-0288D1-5000-nodesc-highlight"><LineStyle><color>ffd18802</color><width>7.5</width></LineStyle><BalloonStyle><text><![CDATA[<h3>$[name]</h3>]]></text></BalloonStyle></Style><StyleMap id="line-0288D1-5000-nodesc"><Pair><key>normal</key><styleUrl>#line-0288D1-5000-nodesc-normal</styleUrl></Pair><Pair><key>highlight</key><styleUrl>#line-0288D1-5000-nodesc-highlight</styleUrl></Pair></StyleMap><Folder><name>Untitled layer</name><Placemark><name>Course</name><styleUrl>#line-0288D1-5000-nodesc</styleUrl><LineString><tessellate>1</tessellate><coordinates>            30.04905,-29.317269,1520            30.049052,-29.317284,1519.8            30.049055,-29.317293,1519.8            30.049056,-29.317293,1519.8            30.049058,-29.317304,1519.8            30.049079,-29.317332,1520            30.049088,-29.317346,1520.2            30.049093,-29.317356,1520.6            30.049098,-29.317367,1520.8            30.049106,-29.317383,1520.8            30.049111,-29.317397,1520.8            30.049118,-29.31741,1520.8            30.049126,-29.317427,1520.4            30.049134,-29.317445,1519.8            30.049146,-29.317456,1519.6            30.049158,-29.317476,1519.6            30.049166,-29.317495,1519.4            30.049186,-29.317535,1518.6            30.049196,-29.317558,1518            30.049206,-29.317568,1518            30.049228,-29.317578,1518            30.04927,-29.317587,1518            30.049294,-29.317585,1518            30.049318,-29.317583,1518            30.049338,-29.317578,1518.2            30.049357,-29.317573,1518.8            30.049372,-29.317563,1519            30.049402,-29.31754,1518.8            30.049415,-29.317529,1518.8            30.04943,-29.317522,1518.8            30.049442,-29.317516,1518.4            30.049453,-29.317514,1518.4            30.049466,-29.317511,1518.2            30.04948,-29.317508,1517.8            30.049494,-29.317503,1517.6            30.049507,-29.317497,1517.6            30.049525,-29.317494,1517.6            30.049543,-29.317497,1517.6            30.049572,-29.3175,1517.8            30.049587,-29.317505,1518            30.049597,-29.317513,1518.2            30.049603,-29.317522,1518.2            30.049613,-29.317533,1518.2            30.049627,-29.317544,1518.2            30.049632,-29.31755,1518.2            30.04964,-29.317558,1518            30.04965,-29.317569,1518            30.049659,-29.317574,1517.8            30.04967,-29.317584,1517.6            30.049679,-29.317597,1517.4            30.049689,-29.317609,1517.4            30.04971,-29.317631,1517.2            30.049721,-29.317638,1517.2            30.049733,-29.317644,1517.2            30.049747,-29.317651,1517.2            30.049762,-29.31766,1517.2            30.049777,-29.317669,1517            30.049792,-29.317674,1516.8            30.049804,-29.317674,1516.2            30.049815,-29.317674,1516            30.049819,-29.317678,1515.8            30.04981,-29.317677,1515.8            30.049808,-29.317674,1515.8            30.049805,-29.317675,1516            30.049809,-29.317675,1515.8            30.04982,-29.317673,1516            30.049828,-29.31767,1516.2            30.04983,-29.317672,1516.4            30.04983,-29.317671,1516.6            30.049838,-29.317666,1516.4            30.049846,-29.317659,1516.4            30.049855,-29.317652,1516.4            30.049862,-29.317646,1516.2            30.049869,-29.317641,1516.2            30.049875,-29.317636,1516.2            30.049879,-29.317629,1516.4            30.049887,-29.317623,1516.4            30.049894,-29.317619,1516.6            30.049902,-29.317613,1517            30.049909,-29.317608,1517            30.049915,-29.317606,1517.2            30.049923,-29.317602,1517            30.049928,-29.317599,1517            30.049942,-29.31759,1517            30.049951,-29.317584,1517            30.049969,-29.317573,1517.2            30.049982,-29.317568,1517.6            30.049995,-29.317563,1517.8            30.05,-29.317555,1517.8            30.050009,-29.317547,1518.2            30.050023,-29.317524,1518.4            30.05003,-29.317517,1518.6            30.050056,-29.3175,1519            30.050063,-29.317497,1519.2            30.050066,-29.317493,1519.2            30.05008,-29.317485,1519.4            30.050093,-29.317472,1519.4            30.050108,-29.317468,1519.4            30.050113,-29.317462,1519.4            30.050121,-29.317457,1519.4            30.050135,-29.317451,1519.4            30.050152,-29.317444,1519.4            30.050167,-29.317435,1519.4            30.050177,-29.317435,1519.4            30.050185,-29.317433,1519.4            30.0502,-29.317434,1519.2            30.050216,-29.317435,1519.2            30.050232,-29.317435,1519.2            30.050259,-29.31744,1519.2            30.050271,-29.317442,1519.2            30.050285,-29.317443,1519.2            30.0503,-29.317448,1519.2            30.050314,-29.317453,1519.2            30.050333,-29.317457,1519.2            30.050349,-29.31746,1519.4            30.050362,-29.317459,1519.4            30.050374,-29.31746,1519.2            30.050385,-29.317463,1519            30.050397,-29.317466,1519            30.050407,-29.317468,1518.6            30.050422,-29.317473,1518.6            30.050456,-29.31748,1518.6            30.050474,-29.317485,1518.4            30.050488,-29.317488,1518.4            30.050503,-29.317488,1518            30.050515,-29.317492,1517.8            30.050521,-29.317496,1517.6            30.050533,-29.3175,1517.4            30.050546,-29.317502,1517.4            30.050562,-29.317503,1517.4            30.050576,-29.317502,1517.4            30.050591,-29.317496,1517.4            30.050602,-29.317493,1517.6            30.050613,-29.317492,1517.6            30.050625,-29.317488,1517.6            30.050638,-29.317484,1517.6            30.050652,-29.317483,1517.6            30.050684,-29.31748,1517.6            30.050698,-29.317478,1517.6            30.050709,-29.317475,1517.4            30.050719,-29.317471,1517.4            30.050732,-29.317465,1517.2            30.050741,-29.317462,1517.2            30.050757,-29.317455,1517            30.05077,-29.317447,1517            30.050786,-29.317442,1517            30.050798,-29.317437,1517            30.050809,-29.317433,1517            30.050821,-29.317431,1517.2            30.050841,-29.317427,1517.2            30.050858,-29.317426,1517.2            30.050872,-29.317423,1517.2            30.050889,-29.317423,1517.2            30.05092,-29.317427,1517.2            30.050931,-29.317432,1517.2            30.050941,-29.317437,1517.2            30.05095,-29.317446,1517            30.05096,-29.317456,1516.8            30.050968,-29.317463,1516.8            30.050974,-29.317473,1516.6            30.050979,-29.317481,1516.6            30.050986,-29.317496,1516.6            30.050996,-29.317504,1516.6            30.051005,-29.317514,1516.6            30.051017,-29.317526,1516.6            30.051028,-29.317538,1516.4            30.051035,-29.317546,1516.4            30.051039,-29.317558,1516.6            30.051046,-29.317571,1516.8            30.051059,-29.317589,1517            30.051065,-29.317598,1516.8            30.051073,-29.317611,1516.8            30.051081,-29.317625,1516.6            30.051091,-29.31764,1516.6            30.051102,-29.317654,1516.4            30.051113,-29.317666,1516.4            30.051122,-29.317675,1516.4            30.05113,-29.317683,1516.6            30.05114,-29.317693,1516.6            30.051144,-29.317701,1516.4            30.051151,-29.317713,1516.4            30.051157,-29.317725,1516.2            30.051165,-29.31774,1516.2            30.051172,-29.31775,1516            30.051178,-29.31776,1515.6            30.051194,-29.317781,1515.2            30.051201,-29.31779,1515            30.051209,-29.317795,1514.8            30.051219,-29.317806,1514.6            30.05123,-29.317815,1515            30.051238,-29.317824,1515.6            30.051248,-29.317832,1516            30.051259,-29.31784,1516.4            30.051266,-29.317848,1516.6            30.051273,-29.317857,1516.4            30.051284,-29.317867,1516.2            30.051289,-29.317881,1516            30.051294,-29.31789,1516            30.051302,-29.317902,1516            30.051308,-29.317916,1516.2            30.051313,-29.317931,1516            30.051311,-29.317955,1516            30.05131,-29.317968,1516            30.051308,-29.317979,1516            30.051299,-29.317988,1516            30.05129,-29.318005,1516.2            30.051285,-29.318017,1516.2            30.051284,-29.318029,1516.2            30.051282,-29.318043,1516.2            30.051283,-29.318054,1516.2            30.051285,-29.318064,1516.2            30.051283,-29.318075,1516            30.051277,-29.318083,1516            30.051274,-29.318095,1515.8            30.051269,-29.318109,1515.8            30.051268,-29.318123,1515.8            30.05127,-29.318142,1515.8            30.051277,-29.318168,1515.8            30.051279,-29.31818,1515.8            30.051282,-29.318192,1515.8            30.051283,-29.318205,1516            30.051286,-29.31822,1516.2            30.051289,-29.318236,1516.2            30.051295,-29.31825,1516.4            30.051303,-29.318262,1516.6            30.051312,-29.318274,1516.8            30.05132,-29.318286,1516.8            30.051325,-29.318298,1516.8            30.05133,-29.318308,1516.8            30.051337,-29.318318,1516.8            30.051347,-29.318329,1516.8            30.051358,-29.318344,1516.8            30.051366,-29.318359,1516.8            30.051388,-29.318384,1516.8            30.0514,-29.318395,1517            30.051412,-29.318406,1516.8            30.051424,-29.318415,1516.8            30.051439,-29.318425,1516.8            30.051451,-29.318432,1516.6            30.051464,-29.31844,1516.4            30.051476,-29.318449,1516.2            30.051487,-29.318456,1516.2            30.051499,-29.318466,1516.2            30.051509,-29.318476,1516            30.05152,-29.318487,1516            30.051535,-29.318498,1516            30.051546,-29.318508,1516.2            30.051555,-29.318522,1516.2            30.051568,-29.31853,1516.4            30.051594,-29.318546,1516.6            30.051603,-29.318554,1516.6            30.051611,-29.318563,1516.6            30.05162,-29.318572,1516.6            30.05163,-29.318584,1516.4            30.051637,-29.318592,1516.4            30.051645,-29.318599,1516.4            30.051653,-29.318607,1516.4            30.051664,-29.31862,1516.4            30.051672,-29.31863,1516.4            30.051683,-29.31864,1516            30.051692,-29.318645,1515.8            30.051702,-29.318654,1515.2            30.051709,-29.318664,1515.2            30.051721,-29.318679,1515.4            30.051728,-29.318689,1515.8            30.051746,-29.31871,1516            30.051754,-29.318718,1516.2            30.051763,-29.318726,1516.4            30.051771,-29.318736,1516.6            30.051781,-29.318748,1516.8            30.051791,-29.318762,1517            30.051801,-29.318774,1517            30.051812,-29.318787,1517            30.051823,-29.318798,1517            30.051834,-29.318805,1517            30.051841,-29.318817,1517.2            30.051848,-29.318826,1517.2            30.051857,-29.318838,1517.4            30.051864,-29.318849,1517.6            30.051872,-29.318862,1517.8            30.051883,-29.318872,1517.8            30.051906,-29.318892,1517.8            30.051913,-29.3189,1517.8            30.051916,-29.318909,1518            30.051926,-29.318922,1518            30.051935,-29.318933,1517.6            30.051942,-29.318944,1517            30.051949,-29.318954,1516.6            30.05196,-29.318966,1516.2            30.051969,-29.318977,1515.8            30.051977,-29.318986,1516.4            30.051986,-29.318996,1517.2            30.051997,-29.319007,1517.4            30.052008,-29.319017,1517.4            30.052017,-29.319024,1517.4            30.052028,-29.319037,1517.4            30.052042,-29.319048,1517.4            30.052064,-29.319072,1517.4            30.052075,-29.319082,1517.4            30.052089,-29.319091,1517.4            30.052102,-29.319101,1517.4            30.052108,-29.319111,1517.6            30.052115,-29.31912,1517.6            30.052123,-29.319129,1517.8            30.052135,-29.319146,1517.8            30.052143,-29.319158,1517.8            30.052148,-29.31917,1517.8            30.052159,-29.319184,1517.8            30.052168,-29.319195,1517.8            30.052174,-29.319205,1517.8            30.05218,-29.319212,1517.8            30.052184,-29.319219,1517.8            30.052186,-29.319226,1517.8            30.052183,-29.319219,1517.8            30.052187,-29.319223,1517.6            30.052197,-29.319225,1517.2            30.052208,-29.319223,1517            30.052203,-29.319229,1517            30.052212,-29.319234,1517.2            30.05221,-29.319237,1517.4            30.052198,-29.319234,1517.8            30.05219,-29.319226,1518            30.052189,-29.319221,1518            30.05219,-29.319218,1517.8            30.052206,-29.319219,1517.6            30.05221,-29.319224,1517.6            30.052216,-29.319229,1517.8            30.052224,-29.319229,1517.8            30.052233,-29.319231,1518            30.052243,-29.31924,1518.4            30.052253,-29.319252,1518.4            30.052261,-29.319264,1518.6            30.052272,-29.319276,1518.6            30.052283,-29.319289,1518.8            30.052295,-29.319301,1518.8            30.052306,-29.319312,1518.8            30.052319,-29.319322,1518.8            30.052329,-29.319328,1518.6            30.052338,-29.319334,1518.4            30.052346,-29.319341,1518.2            30.052352,-29.319351,1518.2            30.052359,-29.319365,1518.4            30.052372,-29.319377,1518.4            30.052386,-29.319385,1518.4            30.052397,-29.319394,1518.4            30.05241,-29.319403,1518.4            30.052428,-29.319414,1518.6            30.05244,-29.31942,1518.6            30.05245,-29.319431,1518.8            30.052459,-29.319441,1518.8            30.052469,-29.319451,1519            30.052481,-29.319463,1519.2            30.052494,-29.319471,1519.4            30.052509,-29.319478,1519.4            30.05252,-29.319484,1519.4            30.05253,-29.319489,1519.4            30.052537,-29.319493,1519.4            30.052549,-29.319502,1519.4            30.052564,-29.319513,1519.4            30.05258,-29.319519,1519.4            30.052595,-29.319526,1519.4            30.05261,-29.319534,1519.4            30.05263,-29.319545,1519.2            30.052638,-29.31955,1519.2            30.052649,-29.319557,1519.2            30.052661,-29.319567,1519.4            30.052676,-29.319571,1519.6            30.05269,-29.319576,1519.6            30.052702,-29.319584,1519.8            30.052717,-29.319587,1520            30.052733,-29.319593,1520            30.052748,-29.3196,1520.2            30.052762,-29.319608,1520.2            30.05277,-29.319611,1520.2            30.052784,-29.319623,1520.4            30.052796,-29.319632,1520.4            30.05281,-29.319639,1520.4            30.052823,-29.319648,1520.4            30.052852,-29.31966,1520.4            30.052863,-29.319666,1520.4            30.052876,-29.319675,1520.6            30.052887,-29.319681,1520.6            30.052897,-29.319689,1520.8            30.05291,-29.319696,1520.8            30.052923,-29.319703,1520.8            30.052937,-29.319711,1520.6            30.05295,-29.319721,1520.4            30.052965,-29.319729,1520.2            30.052977,-29.319741,1520            30.05299,-29.319753,1520            30.053005,-29.319765,1519.8            30.053018,-29.319776,1519.8            30.053028,-29.319788,1519.6            30.053035,-29.319792,1519.4            30.053068,-29.319805,1519.6            30.053077,-29.319813,1519.6            30.053087,-29.319823,1519.6            30.053099,-29.319832,1519.6            30.05311,-29.319841,1519.6            30.053121,-29.319851,1519.6            30.053131,-29.31986,1519.6            30.053141,-29.319869,1519.8            30.053152,-29.319876,1519.8            30.053166,-29.319883,1520            30.053178,-29.319889,1520            30.053188,-29.319895,1519.8            30.053203,-29.319906,1519.6            30.053213,-29.319912,1519.6            30.053219,-29.31992,1519.4            30.05323,-29.31993,1519.2            30.053253,-29.319954,1519.6            30.053266,-29.319962,1519.8            30.05328,-29.31997,1520            30.053293,-29.319977,1520.2            30.053303,-29.319984,1520.2            30.053313,-29.319991,1520.2            30.053325,-29.319995,1520.2            30.053339,-29.320008,1520.2            30.053352,-29.320017,1519.8            30.053362,-29.320028,1519.4            30.053372,-29.32004,1519.2            30.053383,-29.320052,1518.8            30.053392,-29.320062,1518.6            30.053402,-29.320073,1518.4            30.05341,-29.320084,1518.4            30.053417,-29.320094,1518.4            30.053436,-29.320108,1518.4            30.053447,-29.320112,1518.4            30.053454,-29.32012,1518.6            30.05346,-29.32013,1518.8            30.053466,-29.320137,1519.4            30.053476,-29.320143,1520.2            30.053486,-29.320151,1520.8            30.053495,-29.320159,1520.6            30.053503,-29.320165,1520.6            30.053511,-29.320173,1520.4            30.053519,-29.320183,1520.2            30.053527,-29.320193,1520            30.053539,-29.320202,1520            30.053551,-29.320211,1520            30.053557,-29.320222,1520            30.053563,-29.320232,1520            30.053577,-29.320247,1520            30.053589,-29.320256,1519.8            30.053597,-29.320263,1519.8            30.053611,-29.320278,1519.8            30.053621,-29.32029,1520            30.053628,-29.320299,1520            30.053633,-29.320307,1520.2            30.053643,-29.320317,1520.2            30.053653,-29.320328,1520.4            30.053662,-29.320342,1520.4            30.053671,-29.320353,1520.6            30.053679,-29.320364,1520.6            30.053692,-29.320373,1520.8            30.053705,-29.320381,1521            30.05372,-29.320392,1521.2            30.053729,-29.320399,1521.2            30.053753,-29.320417,1521.2            30.053761,-29.320426,1521.2            30.053771,-29.320433,1521.2            30.053782,-29.320442,1521.2            30.053794,-29.320454,1521.2            30.053803,-29.320464,1521.4            30.05381,-29.320476,1521.4            30.053819,-29.320487,1521.4            30.053829,-29.320497,1521.6            30.053836,-29.320503,1522            30.053848,-29.320513,1522.2            30.053862,-29.320528,1522.4            30.053872,-29.320544,1522.4            30.053878,-29.320554,1522            30.053889,-29.32057,1521.6            30.053897,-29.320582,1521.2            30.053904,-29.320597,1521.4            30.05391,-29.320608,1521.4            30.053919,-29.320617,1521.4            30.053931,-29.320628,1521.4            30.053933,-29.320636,1521.4            30.053936,-29.320648,1521.6            30.05394,-29.320661,1521.6            30.053945,-29.320673,1521.8            30.053947,-29.320682,1522            30.053952,-29.320695,1522.2            30.053961,-29.320713,1522.2            30.053967,-29.320725,1522.2            30.053973,-29.320741,1522            30.053983,-29.320757,1521.8            30.053992,-29.320769,1521.6            30.054006,-29.32078,1521.4            30.054018,-29.320788,1521.2            30.054033,-29.320795,1521            30.054048,-29.320794,1520.6            30.054061,-29.320792,1520.6            30.054073,-29.320789,1520.6            30.05408,-29.320781,1520.6            30.054079,-29.320773,1521            30.054078,-29.320762,1521.4            30.054075,-29.320749,1521.4            30.054072,-29.320734,1521.4            30.054068,-29.320722,1521.6            30.054067,-29.320707,1521.6            30.054068,-29.320692,1521.6            30.054069,-29.320677,1521.6            30.054066,-29.320664,1521.4            30.054061,-29.320651,1521.4            30.054057,-29.320639,1521.4            30.054043,-29.32062,1521.6            30.054034,-29.320611,1521.6            30.054027,-29.320597,1521.8            30.054025,-29.320582,1521.8            30.054021,-29.320566,1522            30.054018,-29.320555,1522            30.054019,-29.320543,1522.2            30.054019,-29.320527,1522.4            30.054016,-29.320512,1522.4            30.054012,-29.320497,1522.6            30.054011,-29.320481,1522.8            30.054009,-29.320465,1522.8            30.054008,-29.32045,1522.8            30.054008,-29.320434,1522.8            30.054005,-29.320419,1523            30.054,-29.320403,1523            30.053995,-29.320387,1523            30.053988,-29.32036,1523            30.053985,-29.320344,1522.8            30.053978,-29.320329,1522.6            30.05397,-29.320317,1522.6            30.053964,-29.320304,1522.4            30.053959,-29.320293,1522.4            30.053953,-29.320282,1522.4            30.05395,-29.32027,1522.4            30.053948,-29.320258,1522.4            30.053944,-29.320243,1522.4            30.053941,-29.320229,1522.4            30.05394,-29.320214,1522.4            30.05394,-29.320197,1522.4            30.053938,-29.320181,1522.4            30.053937,-29.320165,1522.4            30.053934,-29.32015,1522.4            30.053921,-29.320119,1522.4            30.053913,-29.320106,1522.6            30.053907,-29.320089,1522.8            30.053901,-29.320071,1522.8            30.053896,-29.320057,1522.8            30.053888,-29.320042,1522.8            30.053884,-29.320026,1522.8            30.053879,-29.32001,1522.4            30.053877,-29.319995,1522.4            30.053873,-29.319982,1522.4            30.053868,-29.319964,1522.4            30.053863,-29.31995,1522.2            30.053858,-29.319937,1522.2            30.053854,-29.319924,1522.2            30.053853,-29.319911,1522            30.053851,-29.319896,1521.6            30.053841,-29.319868,1521.6            30.053838,-29.319853,1521.6            30.053835,-29.319839,1521.6            30.053833,-29.319826,1521.6            30.053831,-29.319812,1521.6            30.053828,-29.319797,1521.6            30.053823,-29.319786,1521.4            30.05382,-29.319777,1521.4            30.05382,-29.319768,1521.4            30.053818,-29.319752,1521.4            30.053815,-29.319733,1521.4            30.053811,-29.319718,1521.4            30.05381,-29.319702,1521.4            30.05381,-29.319687,1521.4            30.05381,-29.319675,1521.2            30.053808,-29.31966,1521.2            30.0538,-29.319633,1521            30.053797,-29.319615,1521            30.053794,-29.319597,1521            30.053792,-29.319583,1521.2            30.053791,-29.319568,1521.2            30.053787,-29.319556,1521.4            30.053784,-29.319543,1521.4            30.053781,-29.319533,1521.4            30.053779,-29.319525,1521.4            30.053779,-29.319513,1521.4            30.053778,-29.319503,1521.4            30.053778,-29.31949,1521.4            30.053778,-29.319477,1521.6            30.053778,-29.319464,1521.6            30.053777,-29.319449,1521.6            30.053777,-29.319434,1521.8            30.053775,-29.319401,1522            30.053769,-29.319386,1522            30.053766,-29.319372,1522.2            30.053762,-29.31936,1522.2            30.053757,-29.319346,1522.4            30.053752,-29.319334,1522.4            30.053747,-29.319321,1522.4            30.053747,-29.319309,1522.4            30.053745,-29.319295,1522.4            30.053747,-29.31928,1522.4            30.053752,-29.319269,1522.2            30.053752,-29.319255,1522.2            30.05375,-29.319241,1522.2            30.05375,-29.319223,1522.2            30.053749,-29.319208,1522            30.053745,-29.319193,1521.8            30.053736,-29.319162,1521.6            30.053733,-29.31915,1521.8            30.053729,-29.319137,1521.8            30.053727,-29.319123,1522            30.053724,-29.319113,1522            30.053724,-29.3191,1522            30.053723,-29.319087,1522            30.053722,-29.319073,1522            30.053722,-29.319059,1521.8            30.053721,-29.319046,1521.8            30.053724,-29.31903,1521.6            30.053727,-29.319013,1521.6            30.053728,-29.318999,1521.6            30.053727,-29.318982,1521.4            30.053724,-29.318966,1521.6            30.05372,-29.318953,1521.6            30.053715,-29.318918,1521.6            30.053714,-29.318903,1521.8            30.053709,-29.318886,1521.8            30.053703,-29.318872,1521.6            30.053701,-29.318858,1521.6            30.0537,-29.318844,1521.6            30.053698,-29.318829,1521.6            30.053694,-29.318816,1521.6            30.05369,-29.318804,1521.6            30.053689,-29.318792,1521.8            30.053687,-29.318778,1521.8            30.053684,-29.318765,1521.8            30.053681,-29.318753,1521.8            30.053681,-29.31874,1521.8            30.053679,-29.318727,1522            30.053681,-29.318715,1522.4            30.053682,-29.318687,1522.4            30.053678,-29.318676,1522.6            30.053676,-29.318665,1522.8            30.053671,-29.318651,1523            30.053668,-29.318637,1523.2            30.053664,-29.318627,1523.4            30.05366,-29.318614,1523.2            30.053658,-29.318598,1523            30.053657,-29.318582,1523            30.053656,-29.318567,1523            30.053655,-29.318552,1523            30.053654,-29.318537,1523            30.053654,-29.318525,1523.2            30.053652,-29.318509,1523.2            30.053652,-29.318496,1523.2            30.053653,-29.318483,1523.4            30.053653,-29.318468,1523.6            30.053655,-29.318453,1523.6            30.053653,-29.31844,1523.8            30.05365,-29.318425,1523.8            30.053648,-29.318409,1523.8            30.053649,-29.318398,1523.6            30.05365,-29.318382,1523.6            30.053651,-29.318369,1523.8            30.053651,-29.318355,1523.8            30.053647,-29.318345,1524            30.053643,-29.318329,1524.2            30.053641,-29.31832,1524.2            30.053637,-29.318311,1524.4            30.053633,-29.318301,1524.4            30.053631,-29.31829,1524.4            30.053627,-29.31828,1524.6            30.053624,-29.318269,1524.6            30.053621,-29.318257,1524.8            30.053623,-29.318244,1524.8            30.053624,-29.318231,1524.8            30.053623,-29.318219,1525            30.053622,-29.318206,1525.2            30.053618,-29.318194,1525.4            30.053616,-29.318178,1525.6            30.053615,-29.318164,1525.8            30.053614,-29.318151,1525.8            30.053612,-29.318136,1525.8            30.053609,-29.318123,1525.8            30.053608,-29.31811,1525.8            30.053607,-29.318095,1526            30.053605,-29.318082,1526            30.053603,-29.318068,1526            30.053599,-29.318054,1526            30.053598,-29.318039,1526            30.053597,-29.318025,1526            30.053599,-29.31801,1526.2            30.053598,-29.317997,1526.4            30.053596,-29.317983,1526.4            30.053594,-29.317969,1526.4            30.053594,-29.317954,1526.6            30.053593,-29.317941,1526.6            30.053594,-29.317926,1526.6            30.053593,-29.317911,1526.6            30.05359,-29.317901,1526.6            30.053587,-29.317888,1526.6            30.053586,-29.317873,1526.6            30.053587,-29.317858,1526.6            30.053585,-29.317842,1526.6            30.053582,-29.317827,1526.6            30.05358,-29.317814,1526.6            30.05358,-29.317789,1526.6            30.053579,-29.317776,1526.8            30.053576,-29.317763,1526.8            30.053573,-29.317752,1527            30.053567,-29.31774,1527            30.053565,-29.317728,1527.2            30.053564,-29.317715,1527.2            30.053565,-29.317701,1527.4            30.053566,-29.317684,1527.6            30.053565,-29.317669,1527.6            30.053569,-29.317652,1527.8            30.053573,-29.317636,1528            30.053571,-29.31762,1528            30.053567,-29.317604,1527.8            30.053562,-29.317591,1527.8            30.053559,-29.317576,1527.8            30.053554,-29.317563,1527.8            30.053546,-29.317539,1528            30.053543,-29.317524,1528            30.053541,-29.317512,1528.2            30.053542,-29.317497,1528.2            30.053537,-29.31748,1528.2            30.053533,-29.317466,1528.2            30.053532,-29.31745,1528.2            30.053532,-29.317434,1528.2            30.053532,-29.317418,1528.2            30.053531,-29.317401,1528.2            30.053534,-29.317384,1528.2            30.053534,-29.317369,1528.2            30.053534,-29.317355,1528.4            30.053534,-29.31734,1528.4            30.053532,-29.317329,1528.4            30.053532,-29.317314,1528.2            30.053526,-29.317287,1528            30.053522,-29.317273,1528            30.053513,-29.31726,1528.2            30.053507,-29.317249,1528.4            30.053507,-29.317237,1528.6            30.053507,-29.317223,1528.6            30.053505,-29.317208,1528.4            30.053505,-29.317195,1528.2            30.053507,-29.317179,1528            30.053506,-29.317168,1527.8            30.053505,-29.317154,1527.8            30.053505,-29.317142,1527.8            30.053504,-29.317126,1528            30.053503,-29.317107,1528.2            30.053497,-29.317092,1528.4            30.053493,-29.317074,1528.6            30.053488,-29.317051,1528.8            30.053488,-29.317041,1528.8            30.053488,-29.317028,1528.8            30.053485,-29.317015,1528.8            30.053482,-29.317003,1529            30.05348,-29.316988,1529            30.053483,-29.316974,1529            30.053485,-29.316958,1529            30.053485,-29.316943,1529            30.053484,-29.31693,1529            30.053483,-29.316917,1529            30.053479,-29.3169,1529            30.053474,-29.316885,1529            30.053467,-29.316872,1529.2            30.053463,-29.316859,1529.2            30.05346,-29.316844,1529.6            30.053458,-29.31682,1529.6            30.053462,-29.316806,1529.6            30.053459,-29.31679,1529.6            30.053462,-29.316773,1529.6            30.053464,-29.316757,1529.6            30.053462,-29.316743,1529.6            30.05346,-29.316728,1529.8            30.053457,-29.316715,1530            30.053452,-29.316703,1530            30.053449,-29.316693,1530.2            30.053448,-29.316682,1530.2            30.053445,-29.316669,1530            30.053443,-29.316657,1530.2            30.053442,-29.316642,1530.2            30.053441,-29.316627,1530.2            30.053441,-29.316614,1530.4            30.053437,-29.3166,1530.2            30.053439,-29.316586,1530            30.053438,-29.316571,1529.8            30.05343,-29.316559,1529.8            30.053432,-29.316543,1529.8            30.053429,-29.316532,1529.8            30.053422,-29.316519,1529.8            30.053419,-29.316506,1529.8            30.053416,-29.316491,1529.8            30.053413,-29.31648,1529.8            30.053412,-29.316467,1529.8            30.053411,-29.316454,1529.6            30.053409,-29.316441,1529.6            30.053406,-29.316426,1529.4            30.053404,-29.316414,1529.4            30.053404,-29.316399,1529.4            30.0534,-29.316384,1529.2            30.053401,-29.316356,1529            30.053402,-29.316342,1528.8            30.053402,-29.316326,1528.6            30.053397,-29.316313,1528.6            30.053393,-29.3163,1528.8            30.053388,-29.316287,1529            30.053384,-29.316278,1529            30.053383,-29.316267,1529.2            30.053382,-29.316253,1529.2            30.053382,-29.316237,1529            30.053383,-29.316223,1529            30.053383,-29.316206,1529            30.053384,-29.316191,1528.8            30.053382,-29.316175,1528.8            30.053375,-29.316157,1528.8            30.053373,-29.316143,1528.8            30.053367,-29.31613,1528.8            30.053362,-29.316121,1528.8            30.05336,-29.316113,1528.8            30.053358,-29.316098,1528.8            30.053355,-29.316081,1528.6            30.053352,-29.316068,1528.6            30.053352,-29.316058,1528.4            30.053362,-29.316054,1528.4            30.05336,-29.316056,1528.2            30.053358,-29.316059,1528.2            30.053355,-29.316062,1528.2            30.053354,-29.316052,1528            30.053351,-29.316041,1528            30.053344,-29.316029,1528.2            30.053341,-29.316016,1528.2            30.053339,-29.316006,1528.4            30.053336,-29.315995,1528.4            30.053336,-29.315986,1528.6            30.053335,-29.315976,1528.4            30.053334,-29.315962,1528.4            30.053333,-29.315948,1528.4            30.053332,-29.315935,1528.2            30.05333,-29.31592,1528.2            30.053327,-29.315908,1528.2            30.053325,-29.315894,1528.2            30.053325,-29.31588,1528.4            30.053323,-29.315866,1528.4            30.053324,-29.315852,1528.6            30.053323,-29.315838,1528.4            30.053323,-29.315824,1528.4            30.053321,-29.31581,1528.2            30.053319,-29.315798,1528.2            30.053318,-29.315785,1528.2            30.053316,-29.315772,1528.4            30.053311,-29.31576,1528.4            30.053307,-29.315746,1528.4            30.053307,-29.315733,1528.6            30.053306,-29.31572,1528.6            30.053307,-29.315706,1528.8            30.053311,-29.315692,1528.8            30.053315,-29.315679,1529            30.053321,-29.315666,1529.2            30.053332,-29.315653,1529.2            30.053347,-29.315642,1529.2            30.053363,-29.315632,1529.4            30.053379,-29.315627,1529.6            30.053396,-29.31562,1529.8            30.053412,-29.315615,1529.8            30.053427,-29.31561,1530            30.053442,-29.315607,1530            30.053472,-29.315601,1529.8            30.053487,-29.315597,1529.8            30.053502,-29.315595,1530            30.053516,-29.31559,1530            30.053532,-29.315586,1530.2            30.053547,-29.315582,1530.4            30.053563,-29.315577,1530.4            30.053578,-29.315569,1530.4            30.053591,-29.315564,1530.4            30.053604,-29.315558,1530.4            30.053619,-29.315555,1530.2            30.053635,-29.315549,1530.2            30.053652,-29.315544,1530.4            30.053667,-29.315541,1530.6            30.053682,-29.31554,1530.6            30.053695,-29.315538,1530.6            30.05371,-29.315532,1530.6            30.053726,-29.315526,1530.6            30.053743,-29.31552,1530.8            30.05376,-29.315512,1531            30.053778,-29.315503,1531            30.053792,-29.315498,1531.2            30.053807,-29.315494,1531.2            30.053823,-29.31549,1531.2            30.053837,-29.315488,1531.2            30.05385,-29.315485,1531.2            30.053863,-29.315481,1531.4            30.053876,-29.315476,1531.4            30.053889,-29.315471,1531.6            30.053902,-29.315464,1531.8            30.053916,-29.315455,1532            30.053929,-29.315451,1532            30.053943,-29.315445,1532            30.053958,-29.315444,1532            30.053972,-29.315442,1532            30.053988,-29.31544,1532            30.054005,-29.315436,1532            30.05402,-29.315432,1532            30.054034,-29.315424,1532            30.054051,-29.315418,1532.2            30.054067,-29.315409,1532.2            30.054084,-29.315403,1532.2            30.054099,-29.315398,1532.2            30.054114,-29.315394,1532.4            30.054128,-29.315389,1532.4            30.054142,-29.315383,1532.2            30.054157,-29.315378,1532.2            30.054174,-29.315374,1532.2            30.054189,-29.315369,1532.2            30.054205,-29.315364,1532.2            30.054218,-29.315358,1532.2            30.054232,-29.315354,1532            30.054243,-29.315349,1531.8            30.054258,-29.315343,1531.6            30.054271,-29.31534,1531.4            30.054289,-29.315334,1531.4            30.054304,-29.315331,1531.4            30.054321,-29.315326,1531.2            30.054336,-29.315321,1531            30.054351,-29.315315,1530.8            30.054366,-29.315308,1530.6            30.054381,-29.315303,1530.4            30.054396,-29.315299,1530.2            30.054413,-29.315294,1530            30.054428,-29.315289,1530            30.054443,-29.315284,1530            30.054475,-29.315275,1529.8            30.054493,-29.315268,1529.4            30.054508,-29.315263,1529.2            30.054523,-29.315257,1529            30.054538,-29.315252,1529            30.054553,-29.315246,1528.8            30.054567,-29.315244,1529            30.05458,-29.315241,1529            30.054594,-29.315239,1529            30.054609,-29.315236,1528.8            30.054624,-29.315232,1528.8            30.05464,-29.315228,1528.6            30.054655,-29.315226,1528.4            30.054671,-29.315222,1528.4            30.054686,-29.315219,1528.2            30.054702,-29.315217,1528            30.054716,-29.315212,1528            30.054745,-29.315203,1528            30.05476,-29.315197,1528            30.054776,-29.315194,1527.8            30.054791,-29.315188,1527.6            30.054807,-29.315182,1527.4            30.054822,-29.315174,1527.4            30.054839,-29.31517,1527.4            30.054856,-29.315165,1527.4            30.054869,-29.315159,1527.2            30.054883,-29.315151,1527.2            30.054895,-29.315145,1527            30.054905,-29.315137,1526.8            30.054919,-29.315128,1526.6            30.054932,-29.31512,1526.6            30.054945,-29.315113,1526.6            30.054959,-29.315106,1526.6            30.054987,-29.315091,1526.8            30.055002,-29.315087,1526.8            30.055016,-29.315082,1526.8            30.05503,-29.315077,1526.8            30.055044,-29.315075,1526.8            30.055059,-29.315073,1526.6            30.055074,-29.315071,1526.4            30.055089,-29.315068,1526.2            30.055102,-29.315067,1525.8            30.055116,-29.31506,1525.6            30.055124,-29.315057,1525.4            30.055136,-29.315055,1525.2            30.055149,-29.315053,1525            30.055162,-29.315047,1524.8            30.055173,-29.315043,1524.6            30.055187,-29.315039,1524.2            30.055217,-29.315035,1524            30.055233,-29.31503,1523.6            30.055249,-29.315023,1523.4            30.055265,-29.315017,1523            30.055279,-29.315013,1522.6            30.055295,-29.315005,1522.4            30.05531,-29.314996,1522.2            30.055322,-29.314991,1522            30.055337,-29.314985,1522            30.055353,-29.314978,1522            30.055367,-29.314973,1521.8            30.055381,-29.314969,1521.6            30.055397,-29.314964,1521.4            30.055412,-29.314958,1521.2            30.05543,-29.314953,1521.2            30.055444,-29.314948,1521.2            30.055459,-29.314944,1521            30.055472,-29.314942,1521            30.055486,-29.314937,1521            30.055501,-29.314931,1520.8            30.055514,-29.314927,1520.8            30.05553,-29.314923,1520.8            30.055546,-29.314919,1520.6            30.055562,-29.314914,1520.6            30.055574,-29.314908,1520.4            30.055589,-29.314906,1520.2            30.055602,-29.314904,1520            30.055618,-29.314898,1520            30.055632,-29.314894,1520            30.055644,-29.314888,1520            30.055658,-29.314882,1520.2            30.05567,-29.314876,1520.4            30.05568,-29.314873,1520.4            30.055691,-29.314867,1520.4            30.055696,-29.314862,1520.2            30.055698,-29.31486,1520            30.055694,-29.314857,1519.8            30.055694,-29.314856,1519.8            30.055697,-29.31486,1519.8            30.055694,-29.314858,1520            30.055697,-29.314856,1520            30.055699,-29.31485,1520            30.055706,-29.314844,1520            30.055716,-29.314849,1520            30.055732,-29.314856,1520            30.05575,-29.314856,1520            30.055769,-29.314855,1520.4            30.0558,-29.314849,1520.8            30.055818,-29.314848,1520.8            30.055835,-29.314844,1520.6            30.055849,-29.314839,1520.6            30.055869,-29.314835,1520.4            30.055882,-29.314832,1520.2            30.055895,-29.314827,1520            30.05591,-29.314822,1520.2            30.055926,-29.31482,1520.2            30.055942,-29.314816,1520.4            30.055958,-29.314811,1520.4            30.055972,-29.314808,1520.6            30.055987,-29.314804,1520.6            30.056002,-29.314801,1520.6            30.056016,-29.314798,1520.6            30.056028,-29.314793,1521.2            30.056055,-29.314783,1521.4            30.056069,-29.314777,1521.6            30.056084,-29.314773,1521.6            30.056098,-29.314769,1521.6            30.056113,-29.314766,1521.6            30.056128,-29.314762,1521.6            30.056141,-29.314759,1521.6            30.056156,-29.314752,1521.6            30.056171,-29.314747,1521.8            30.056183,-29.314745,1522            30.056195,-29.314741,1522            30.056208,-29.314737,1522            30.056221,-29.314733,1522.2            30.056237,-29.314728,1522.2            30.056253,-29.314724,1522.2            30.05627,-29.314719,1522.4            30.056286,-29.314714,1522.4            30.056302,-29.314709,1522.6            30.056316,-29.314704,1522.6            30.05633,-29.314699,1522.6            30.056344,-29.314694,1522.6            30.056357,-29.31469,1522.6            30.056373,-29.314685,1522.6            30.056389,-29.314679,1522.6            30.056405,-29.314675,1522.6            30.05642,-29.31467,1522.4            30.056435,-29.314666,1522.6            30.056451,-29.314662,1522.6            30.056465,-29.314658,1522.6            30.056479,-29.314654,1522.8            30.056493,-29.314649,1522.8            30.056508,-29.314644,1522.8            30.056538,-29.314634,1522.8            30.056552,-29.314628,1523            30.056564,-29.31462,1523            30.056578,-29.314615,1523            30.056592,-29.31461,1523            30.056606,-29.314604,1523            30.056621,-29.3146,1522.8            30.056635,-29.314595,1522.6            30.05665,-29.31459,1522.6            30.056666,-29.314586,1522.6            30.056681,-29.314581,1522.8            30.056697,-29.314575,1522.8            30.056712,-29.31457,1523            30.056728,-29.314564,1523            30.056743,-29.314557,1523            30.05676,-29.31455,1523            30.056785,-29.314539,1523            30.056798,-29.314536,1523            30.056814,-29.314533,1523.2            30.056829,-29.314529,1523.2            30.056843,-29.314525,1523.4            30.05686,-29.314523,1523.4            30.056873,-29.314519,1523.2            30.056891,-29.314514,1523.2            30.056907,-29.314508,1523.2            30.056924,-29.314503,1523.2            30.05694,-29.314498,1523.4            30.056955,-29.314493,1523.6            30.056965,-29.314484,1524            30.056981,-29.314479,1524            30.056995,-29.314473,1524            30.05701,-29.314467,1524            30.057025,-29.314461,1523.6            30.057057,-29.31445,1523.4            30.057073,-29.314446,1523.2            30.057089,-29.314442,1523            30.057106,-29.314441,1523            30.057123,-29.314438,1522.8            30.057138,-29.314436,1522.8            30.057153,-29.314428,1523            30.057167,-29.314424,1523.2            30.057181,-29.314419,1523.4            30.057195,-29.314415,1523.6            30.057211,-29.314408,1523.6            30.057224,-29.314403,1523.4            30.057241,-29.314398,1523.2            30.057255,-29.314393,1523            30.057267,-29.314388,1522.8            30.057295,-29.314382,1522.8            30.057309,-29.314378,1523            30.057325,-29.314376,1523            30.057343,-29.314375,1523.2            30.05736,-29.314372,1523.2            30.057377,-29.314366,1523.2            30.057392,-29.314358,1523            30.057406,-29.314348,1523            30.05742,-29.314337,1523            30.057432,-29.314324,1523            30.057439,-29.314307,1522.8            30.057442,-29.314291,1523            30.057445,-29.314274,1523            30.057442,-29.314262,1523            30.057439,-29.314246,1523.2            30.057434,-29.314232,1523.2            30.05743,-29.314216,1523.2            30.057423,-29.314204,1523.2            30.057418,-29.314193,1523.2            30.057416,-29.31418,1523.2            30.057413,-29.314167,1523.2            30.057409,-29.314154,1523.2            30.057405,-29.314141,1523.4            30.057399,-29.314129,1523.6            30.057393,-29.314117,1523.8            30.057387,-29.314104,1523.8            30.057381,-29.314091,1523.8            30.057378,-29.314077,1523.8            30.057371,-29.314065,1523.6            30.057366,-29.314053,1523.4            30.057364,-29.314039,1523.4            30.057364,-29.314025,1523.4            30.05736,-29.314012,1523.4            30.057355,-29.313997,1523.6            30.057348,-29.313972,1523.6            30.057341,-29.31396,1523.6            30.057337,-29.313946,1523.4            30.057333,-29.313933,1523.2            30.05733,-29.31392,1523.2            30.057324,-29.313907,1523.2            30.057318,-29.313896,1523.2            30.057313,-29.313884,1523.2            30.057307,-29.31387,1523.4            30.057302,-29.313855,1523.6            30.057296,-29.313841,1523.6            30.057291,-29.313827,1523.6            30.057285,-29.313813,1523.6            30.057279,-29.313801,1523.6            30.057277,-29.313789,1523.6            30.057274,-29.313777,1523.6            30.057272,-29.313764,1523.6            30.057268,-29.313751,1523.6            30.057265,-29.313736,1523.6            30.057262,-29.313722,1523.6            30.057258,-29.313708,1523.6            30.057254,-29.313696,1523.6            30.057251,-29.31368,1523.6            30.057246,-29.313668,1523.6            30.057239,-29.313654,1523.6            30.057232,-29.313641,1523.8            30.057229,-29.313626,1523.8            30.057225,-29.313611,1523.8            30.057225,-29.313595,1523.8            30.05723,-29.313577,1523.8            30.057232,-29.313562,1523.8            30.05724,-29.313551,1524            30.057273,-29.313552,1524.4            30.057292,-29.313554,1524.6            30.057306,-29.313556,1524.8            30.057325,-29.313559,1524.8            30.057344,-29.313562,1524.8            30.05736,-29.313564,1524.6            30.057376,-29.313569,1524.6            30.057394,-29.31357,1524.4            30.057411,-29.313569,1524.4            30.057426,-29.313571,1524.2            30.057441,-29.313573,1524.2            30.057456,-29.313575,1524            30.057473,-29.313583,1523.8            30.057485,-29.313589,1523.6            30.057497,-29.313593,1523.6            30.057514,-29.313598,1523.6            30.057526,-29.313602,1523.6            30.057556,-29.313608,1523.6            30.05757,-29.313612,1523.4            30.057588,-29.313614,1523.2            30.057604,-29.313617,1523            30.057617,-29.31362,1523            30.057631,-29.313624,1522.8            30.057644,-29.313629,1522.8            30.057657,-29.313633,1523            30.057668,-29.313635,1523.2            30.057679,-29.313628,1523.2            30.057694,-29.313623,1523.4            30.057703,-29.313619,1523.4            30.057711,-29.313616,1523.4            30.057723,-29.313612,1523.4            30.057736,-29.313607,1523.4            30.05775,-29.313601,1523.4            30.057765,-29.313599,1523.4            30.057777,-29.313598,1523.4            30.057789,-29.313595,1523.2            30.057801,-29.313592,1523.2            30.057814,-29.31359,1523.2            30.057829,-29.313586,1523.2            30.057845,-29.313582,1523.4            30.057861,-29.313578,1523.4            30.057874,-29.313576,1523.4            30.057888,-29.313574,1523.2            30.057902,-29.313572,1523            30.057916,-29.31357,1522.8            30.057925,-29.313568,1522.6            30.057939,-29.313565,1522.4            30.057954,-29.313562,1522.4            30.057964,-29.313561,1522.6            30.057976,-29.313559,1522.6            30.057989,-29.31356,1522.8            30.058004,-29.31356,1522.8            30.058017,-29.313564,1523            30.058031,-29.313564,1522.8            30.058045,-29.313563,1522.6            30.058059,-29.313563,1522.2            30.058074,-29.313564,1522            30.058089,-29.313563,1521.6            30.058102,-29.31356,1521.4            30.058118,-29.313556,1521.4            30.058133,-29.313558,1521.2            30.058148,-29.313559,1521            30.058164,-29.313559,1520.8            30.058179,-29.313561,1520.6            30.05819,-29.313566,1520.4            30.058202,-29.313572,1520.2            30.058228,-29.313586,1520            30.058238,-29.313594,1519.8            30.05825,-29.313602,1519.8            30.05826,-29.313612,1519.6            30.058268,-29.31362,1519.4            30.058279,-29.313627,1519            30.05829,-29.313633,1518.8            30.058304,-29.31364,1518.6            30.058318,-29.313647,1518.2            30.058331,-29.313653,1518            30.058342,-29.313659,1518            30.058353,-29.313666,1517.8            30.058363,-29.313674,1517.6            30.058371,-29.313681,1517.6            30.058382,-29.313689,1517.4            30.058392,-29.313696,1517.2            30.058403,-29.313702,1517.2            30.058413,-29.31371,1517            30.058423,-29.31372,1516.8            30.05844,-29.313729,1516.6            30.058451,-29.313736,1516.4            30.058465,-29.313743,1516            30.058479,-29.313747,1516            30.058491,-29.313753,1515.8            30.058501,-29.313759,1515.8            30.05851,-29.313767,1515.8            30.058519,-29.313776,1515.8            30.058528,-29.313784,1515.8            30.058539,-29.313793,1515.6            30.058549,-29.3138,1515.4            30.058561,-29.313806,1515            30.05857,-29.313812,1514.4            30.058578,-29.313816,1514            30.058601,-29.313828,1513            30.058613,-29.313837,1512.8            30.058626,-29.313846,1512.6            30.058637,-29.313853,1512.6            30.058649,-29.313861,1512.6            30.05866,-29.313871,1512.6            30.058669,-29.31388,1512.4            30.058679,-29.31389,1512.2            30.058689,-29.3139,1512            30.058698,-29.313911,1511.8            30.058704,-29.313922,1511.6            30.058713,-29.313933,1511.2            30.058723,-29.313945,1511.2            30.058734,-29.313957,1511.2            30.058746,-29.313972,1511.2            30.058759,-29.313981,1511.4            30.058773,-29.313991,1511.4            30.058783,-29.313998,1511.2            30.058795,-29.314009,1511.2            30.058805,-29.314018,1510.8            30.058815,-29.31403,1510.6            30.058827,-29.314037,1510            30.058836,-29.314047,1509.8            30.058844,-29.314057,1509.6            30.058852,-29.314068,1509.6            30.058859,-29.314081,1509.6            30.058866,-29.314089,1509.4            30.058872,-29.314098,1509.4            30.058878,-29.314109,1509.2            30.058887,-29.314118,1508.8            30.058898,-29.31413,1508.6            30.058908,-29.314143,1508.2            30.058914,-29.314156,1508            30.058932,-29.314174,1507.8            30.058942,-29.314183,1507.6            30.058952,-29.314195,1507.6            30.058962,-29.314205,1507.4            30.058972,-29.314219,1507.2            30.058982,-29.314229,1507.2            30.058992,-29.31424,1507            30.059002,-29.314254,1506.8            30.059011,-29.314262,1506.6            30.05902,-29.314274,1506.2            30.059025,-29.314284,1505.8            30.059029,-29.314292,1505.6            30.059035,-29.3143,1505.4            30.059043,-29.314307,1505.6            30.059048,-29.314321,1505.8            30.05905,-29.314333,1506            30.059056,-29.314342,1506.4            30.059068,-29.314366,1506.4            30.059079,-29.314379,1506.4            30.059085,-29.314391,1506            30.059093,-29.314404,1505.6            30.059096,-29.314418,1505            30.059101,-29.314429,1504.6            30.05911,-29.314443,1504.2            30.059114,-29.314457,1503.8            30.059117,-29.31447,1503.6            30.059118,-29.314483,1503.4            30.059117,-29.314495,1503.4            30.059115,-29.314507,1503.4            30.059114,-29.314522,1503.4            30.059116,-29.314536,1503.6            30.059114,-29.31455,1503.8            30.059114,-29.314563,1504            30.059113,-29.314576,1504            30.059112,-29.314587,1504            30.059108,-29.314599,1504            30.059106,-29.314613,1504            30.059106,-29.314628,1504.2            30.059107,-29.314639,1504.2            30.059106,-29.314651,1504.4            30.059103,-29.314665,1504.4            30.059098,-29.314682,1504.2            30.059105,-29.314694,1503.8            30.059114,-29.314709,1503.8            30.059123,-29.31472,1503.8            30.059134,-29.314721,1503.8            30.059145,-29.314728,1504            30.059153,-29.314737,1504.4            30.05916,-29.314745,1504.6            30.059168,-29.314755,1505            30.059193,-29.314782,1505            30.059204,-29.314791,1505            30.059214,-29.314799,1505            30.05922,-29.314807,1505            30.059228,-29.314818,1504.8            30.059233,-29.314829,1504.8            30.05924,-29.314841,1504.8            30.059248,-29.314854,1504.8            30.059254,-29.314867,1504.6            30.059256,-29.314876,1504.8            30.059261,-29.314885,1504.6            30.059268,-29.314893,1504.6            30.059268,-29.314907,1504.4            30.059272,-29.31492,1504.2            30.059271,-29.314936,1504            30.059268,-29.314952,1503.8            30.059269,-29.314966,1503.8            30.059276,-29.314979,1503.8            30.059281,-29.314989,1504            30.059283,-29.314999,1504            30.059281,-29.315007,1504            30.059282,-29.315021,1504.2            30.059282,-29.315036,1504.2            30.059283,-29.315053,1504.2            30.059282,-29.315071,1504            30.059283,-29.315086,1503.8            30.059284,-29.315101,1503.6            30.059289,-29.315116,1503.4            30.059296,-29.315126,1503.2            30.059298,-29.315136,1503.2            30.059301,-29.315146,1503.2            30.059302,-29.315156,1503.2            30.059303,-29.315169,1503.4            30.059306,-29.315183,1503.4            30.059305,-29.315197,1503.6            30.059307,-29.315211,1503.8            30.059311,-29.315226,1503.8            30.059316,-29.315238,1503.8            30.05932,-29.315248,1503.8            30.059327,-29.315257,1503.6            30.059331,-29.315266,1503.4            30.059336,-29.315277,1503.4            30.059337,-29.315287,1503.4            30.059342,-29.315301,1503.4            30.059347,-29.315316,1503.4            30.059351,-29.31533,1503.6            30.059356,-29.315347,1503.6            30.059364,-29.315358,1503.8            30.059367,-29.31537,1503.8            30.059374,-29.315378,1503.8            30.059386,-29.315394,1504            30.059392,-29.315406,1504            30.059403,-29.315421,1504            30.05941,-29.315437,1504            30.059415,-29.315453,1504.2            30.05942,-29.315467,1504.2            30.059424,-29.31548,1504            30.05943,-29.315486,1504            30.059436,-29.315495,1504            30.059443,-29.315504,1504            30.059452,-29.315513,1504            30.059464,-29.315529,1504            30.059471,-29.31554,1504.2            30.059478,-29.315548,1504            30.059492,-29.315557,1504            30.059502,-29.315567,1503.8            30.059518,-29.315589,1504            30.059525,-29.3156,1504.6            30.059535,-29.31561,1504.8            30.059545,-29.31562,1505.2            30.059555,-29.315629,1505.6            30.059569,-29.315638,1506            30.059585,-29.315644,1506            30.059594,-29.315652,1506.2            30.059603,-29.315658,1506.2            30.059617,-29.315663,1506.2            30.05963,-29.315667,1506            30.059643,-29.315675,1505.8            30.059657,-29.315679,1505.8            30.059672,-29.315684,1505.4            30.059682,-29.315691,1505            30.059696,-29.315697,1504.6            30.05973,-29.315708,1504.4            30.059745,-29.315715,1504            30.059762,-29.315716,1503.6            30.059777,-29.31572,1503            30.059794,-29.315724,1502.4            30.059802,-29.315731,1502.2            30.059815,-29.315737,1501.8            30.059829,-29.315741,1501.6            30.059839,-29.315748,1501.2            30.05985,-29.315753,1501            30.059863,-29.315757,1501            30.059875,-29.315763,1501            30.059887,-29.315768,1501            30.059897,-29.315771,1501            30.059908,-29.315776,1501            30.059922,-29.315783,1500.8            30.059957,-29.315798,1500.4            30.059974,-29.315811,1500            30.059987,-29.31582,1499.6            30.059999,-29.315826,1499.2            30.060014,-29.315835,1498.8            30.060031,-29.315843,1498.4            30.060045,-29.315852,1498.4            30.060058,-29.31586,1498.4            30.060073,-29.315868,1498.4            30.060084,-29.315876,1498.2            30.060096,-29.315886,1498            30.060114,-29.315891,1497.6            30.06013,-29.315892,1497            30.060138,-29.315892,1496.4            30.060152,-29.315893,1496            30.060165,-29.315892,1495.8            30.06018,-29.315894,1495.8            30.060195,-29.315892,1495.6            30.060208,-29.315887,1495.4            30.060223,-29.315884,1495.4            30.060239,-29.31588,1495.2            30.060254,-29.315879,1495.2            30.060267,-29.315874,1495.2            30.06028,-29.315866,1495.2            30.060287,-29.315858,1495.4            30.060298,-29.315853,1495.6            30.060318,-29.315844,1495.6            30.060335,-29.315834,1495.6            30.06035,-29.315823,1495.6            30.060364,-29.315811,1495.8            30.060376,-29.315797,1495.6            30.060384,-29.315787,1495.6            30.060403,-29.315765,1495.6            30.060411,-29.315756,1495.6            30.060415,-29.315748,1495.6            30.060419,-29.315737,1495.6            30.060429,-29.315726,1495.6            30.060441,-29.315715,1495.6            30.06045,-29.315701,1495.6            30.060461,-29.315682,1495.8            30.060473,-29.31567,1495.8            30.060483,-29.315658,1496            30.060494,-29.315646,1496            30.060496,-29.315636,1496            30.060499,-29.315624,1496            30.060504,-29.315614,1496            30.060505,-29.315602,1496.2            30.060509,-29.315586,1496.2            30.060514,-29.315571,1496.4            30.060533,-29.315542,1496.6            30.060534,-29.315528,1496.8            30.060538,-29.315516,1496.8            30.060546,-29.315507,1497            30.060555,-29.3155,1497.2            30.060569,-29.315494,1497.2            30.060582,-29.315491,1497.2            30.060594,-29.315486,1497.2            30.060609,-29.315477,1497.2            30.060621,-29.315472,1497            30.060638,-29.315471,1497            30.060644,-29.315471,1497            30.060653,-29.315474,1497            30.060669,-29.315472,1497            30.06068,-29.315472,1497.2            30.060686,-29.315473,1497.4            30.060696,-29.315478,1497.8            30.060696,-29.315493,1498            30.060697,-29.315509,1498.2            30.060699,-29.315518,1498.4            30.060702,-29.315527,1498.4            30.060703,-29.315537,1498.4            30.0607,-29.315548,1498.4            30.060697,-29.315563,1498.2            30.06069,-29.315573,1498.2            30.060688,-29.315589,1498            30.060688,-29.3156,1498            30.060686,-29.315615,1498            30.060686,-29.315628,1497.8            30.060684,-29.315641,1497.8            30.060675,-29.315655,1497.6            30.060672,-29.315668,1497.6            30.060671,-29.315692,1497.4            30.060668,-29.315702,1497.2            30.060666,-29.315713,1497            30.060662,-29.315727,1496.8            30.060656,-29.315737,1496.6            30.06065,-29.315746,1496.6            30.060644,-29.315761,1496.4            30.060639,-29.315774,1496.2            30.06063,-29.315787,1496.2            30.060625,-29.315801,1496.4            30.060624,-29.315814,1496.2            30.060626,-29.315827,1495.8            30.060627,-29.315842,1495.4            30.06063,-29.315855,1495.2            30.060634,-29.315868,1495            30.06064,-29.31588,1494.6            30.060646,-29.31589,1494.4            30.060659,-29.315915,1494.2            30.060666,-29.315927,1494            30.06067,-29.315942,1493.8            30.060678,-29.315952,1493.6            30.060688,-29.315966,1493.4            30.060694,-29.315979,1493.2            30.060697,-29.31599,1493            30.060699,-29.316005,1492.8            30.060706,-29.316019,1492.8            30.060715,-29.316032,1492.8            30.060725,-29.316047,1492.6            30.060736,-29.31606,1492.8            30.060747,-29.316069,1492.8            30.060757,-29.316076,1492.6            30.060767,-29.316085,1492.4            30.060775,-29.316092,1491.8            30.060793,-29.316109,1491.6            30.0608,-29.316121,1491.4            30.060808,-29.316133,1491            30.060819,-29.316146,1491            30.060828,-29.316154,1490.8            30.060839,-29.316163,1490.6            30.060861,-29.316183,1490.6            30.060872,-29.316194,1490.4            30.060882,-29.316203,1490.4            30.060891,-29.31621,1490.4            30.060899,-29.316217,1490.4            30.060906,-29.316226,1490.4            30.060915,-29.316234,1490.4            30.060926,-29.316246,1490.4            30.060936,-29.316259,1490.4            30.060949,-29.316267,1490.4            30.060974,-29.316289,1490.2            30.060983,-29.316298,1490.2            30.060992,-29.316304,1490            30.061003,-29.316309,1490            30.061016,-29.316318,1490            30.061025,-29.316328,1490            30.061032,-29.316342,1490            30.061037,-29.316359,1490            30.061034,-29.316377,1489.8            30.061021,-29.316394,1489.6            30.061007,-29.316403,1489.4            30.060989,-29.316409,1489.2            30.06098,-29.316414,1489            30.060973,-29.316416,1488.8            30.060959,-29.316422,1488.8            30.060946,-29.316421,1488.6            30.060933,-29.316417,1488.6            30.060917,-29.316413,1488.8            30.060904,-29.316411,1488.8            30.060893,-29.316411,1489            30.060892,-29.316414,1489.2            30.060891,-29.316416,1489.4            30.060888,-29.316417,1489.6            30.060883,-29.316413,1489.8            30.060871,-29.316405,1489.8            30.060857,-29.316401,1489.8            30.060848,-29.316398,1490            30.060843,-29.316401,1490            30.060831,-29.316391,1490.2            30.060818,-29.316379,1490.2            30.060805,-29.316369,1490.4            30.060792,-29.316361,1490.8            30.060783,-29.316354,1491            30.060775,-29.31635,1491.2            30.060765,-29.316343,1491.2            30.060754,-29.316342,1491.2            30.060744,-29.316336,1491.2            30.060735,-29.316333,1491.2            30.060723,-29.31633,1491.2            30.060713,-29.316321,1491.4            30.0607,-29.316311,1491.6            30.060689,-29.316298,1492            30.060678,-29.316285,1492.2            30.060668,-29.316277,1492.2            30.060657,-29.316273,1492.2            30.060649,-29.316268,1492.2            30.060634,-29.316257,1492.2            30.060623,-29.316247,1492.2            30.060611,-29.316241,1492.2            30.060597,-29.316232,1492.2            30.06059,-29.316229,1492.2            30.060578,-29.316226,1492.2            30.060573,-29.31622,1492.2            30.06056,-29.316208,1492.2            30.060551,-29.316198,1492.4            30.060541,-29.316193,1492.4            30.060533,-29.316189,1492.6            30.060522,-29.316183,1492.6            30.06051,-29.316174,1492.6            30.060495,-29.316163,1492.8            30.060483,-29.316154,1492.8            30.060472,-29.316148,1493            30.060461,-29.316145,1493.2            30.060449,-29.316141,1493.4            30.060438,-29.316133,1493.4            30.060426,-29.316124,1493.6            30.060411,-29.316112,1493.8            30.060393,-29.316106,1493.8            30.060381,-29.316096,1494            30.060372,-29.316085,1494            30.060363,-29.316076,1494.2            30.060354,-29.316071,1494.4            30.060347,-29.316066,1494.6            30.060332,-29.316056,1494.6            30.060319,-29.316045,1494.8            30.060305,-29.316041,1494.8            30.060302,-29.316046,1494.8            30.060292,-29.316051,1495            30.060289,-29.316058,1495.2            30.060285,-29.316077,1495.4            30.060292,-29.316086,1495.6            30.060293,-29.316095,1495.8            30.060293,-29.316108,1496.2            30.060294,-29.316137,1496.6            30.060296,-29.316151,1496.6            30.0603,-29.316168,1496.8            30.060303,-29.316181,1496.8            30.060308,-29.316192,1496.8            30.060311,-29.3162,1496.8            30.060315,-29.31621,1496.8            30.060317,-29.316225,1497            30.060319,-29.31624,1497            30.060321,-29.316256,1497            30.060322,-29.316273,1497.2            30.060324,-29.316291,1497.2            30.060328,-29.316307,1497.2            30.060334,-29.316322,1497.2            30.060337,-29.316338,1497            30.060342,-29.316349,1497            30.060347,-29.31636,1497            30.060349,-29.316372,1497.2            30.060351,-29.316385,1497.4            30.060354,-29.316396,1497.4            30.060354,-29.316405,1497.4            30.060355,-29.316422,1497.4            30.060361,-29.316436,1497.4            30.060366,-29.316453,1497.2            30.060371,-29.316473,1497.2            30.060375,-29.316491,1497            30.060376,-29.316509,1496.8            30.060378,-29.316524,1496.8            30.060381,-29.316539,1496.8            30.060382,-29.316556,1496.8            30.060388,-29.316572,1497            30.060392,-29.316584,1497            30.060394,-29.316595,1497            30.060396,-29.316605,1496.8            30.060396,-29.316617,1496.8            30.060397,-29.316629,1497            30.060397,-29.316647,1497            30.060399,-29.316663,1497            30.060398,-29.31668,1497.2            30.060402,-29.316695,1497.2            30.060411,-29.316707,1497.2            30.060418,-29.316717,1497.2            30.060422,-29.31673,1497.2            30.060426,-29.316739,1497.2            30.060431,-29.31675,1497.2            30.060433,-29.316764,1497.2            30.060436,-29.316774,1497.2            30.060438,-29.316785,1497.2            30.060438,-29.316796,1497.2            30.060444,-29.316813,1497.2            30.06045,-29.316841,1497.6            30.060452,-29.316853,1497.8            30.060458,-29.316861,1498            30.060463,-29.316876,1498            30.060462,-29.316892,1498.2            30.060461,-29.316909,1498.2            30.060461,-29.316924,1498.2            30.060461,-29.316937,1498.2            30.060462,-29.316954,1498            30.060462,-29.316967,1498            30.060464,-29.31698,1498            30.060468,-29.316986,1498            30.060472,-29.316993,1498.2            30.060475,-29.317003,1498.4            30.060474,-29.317016,1498.6            30.060472,-29.317032,1499            30.060474,-29.317064,1498.8            30.060477,-29.317081,1498.8            30.060479,-29.317096,1498.6            30.060482,-29.317107,1498.4            30.060486,-29.31712,1498.2            30.060487,-29.317131,1498.2            30.060486,-29.317143,1498            30.060486,-29.317156,1497.8            30.060483,-29.31717,1497.8            30.06048,-29.317188,1498            30.06048,-29.317202,1497.6            30.06048,-29.317219,1497.6            30.060479,-29.317233,1497.4            30.06048,-29.317246,1497.2            30.060483,-29.317259,1496.8            30.060489,-29.31727,1496.6            30.060493,-29.317295,1496.6            30.060494,-29.31731,1496.8            30.060492,-29.317322,1497.2            30.060493,-29.317339,1497.6            30.060492,-29.317359,1497.8            30.060495,-29.317377,1498            30.060496,-29.317392,1498            30.060499,-29.317414,1498.2            30.060499,-29.317433,1498.2            30.060503,-29.317446,1498.4            30.060506,-29.317461,1498.4            30.060509,-29.317474,1498.6            30.060514,-29.317483,1498.8            30.060516,-29.317497,1498.8            30.060518,-29.31751,1498.8            30.06052,-29.317521,1498.6            30.060526,-29.317547,1498.4            30.060528,-29.317562,1498.2            30.060529,-29.317576,1498.2            30.060533,-29.31759,1498.2            30.060533,-29.317607,1498            30.060531,-29.317621,1498            30.060533,-29.317634,1498            30.060538,-29.317647,1498.2            30.060539,-29.317661,1498.2            30.060533,-29.317679,1498.4            30.06053,-29.317695,1498.4            30.060528,-29.317711,1498.8            30.060531,-29.317725,1499            30.060533,-29.317738,1499.2            30.060532,-29.317753,1499.4            30.060536,-29.317769,1499.2            30.060537,-29.317784,1499            30.060541,-29.317799,1498.8            30.060542,-29.317814,1498.8            30.060543,-29.317831,1498.8            30.060544,-29.317847,1498.8            30.060547,-29.317865,1498.8            30.060551,-29.317879,1498.8            30.060553,-29.317893,1498.8            30.060552,-29.317907,1498.6            30.060554,-29.31792,1498.8            30.060556,-29.317939,1498.8            30.060557,-29.317951,1498.8            30.060556,-29.317967,1498.8            30.060554,-29.317984,1498.8            30.060551,-29.318002,1498.8            30.060549,-29.318016,1498.8            30.060548,-29.318032,1498.8            30.060548,-29.318049,1498.8            30.060544,-29.318066,1498.8            30.060538,-29.318081,1498.8            30.060533,-29.318097,1498.6            30.060529,-29.318116,1498.6            30.060524,-29.318134,1498.4            30.060517,-29.31815,1498.4            30.060508,-29.318166,1498.6            30.060505,-29.318182,1498.6            30.060502,-29.3182,1498.6            30.060501,-29.318211,1498.6            30.060499,-29.318224,1498.4            30.060501,-29.318238,1498.4            30.060504,-29.318252,1498.2            30.060506,-29.318268,1498.2            30.060505,-29.318282,1498            30.060505,-29.318301,1498            30.060511,-29.318331,1498.2            30.060512,-29.318347,1498.2            30.060512,-29.318359,1498.2            30.060515,-29.318371,1498.2            30.060518,-29.318386,1498.2            30.060518,-29.318401,1498            30.060517,-29.318414,1497.8            30.060515,-29.318428,1497.8            30.060514,-29.318444,1497.6            30.060515,-29.318461,1497.6            30.060511,-29.318476,1497.6            30.060509,-29.318491,1497.6            30.060506,-29.318511,1497.4            30.060502,-29.318527,1497.2            30.060499,-29.318543,1497            30.060495,-29.318559,1497            30.060489,-29.318589,1497.2            30.060485,-29.318605,1497.2            30.060481,-29.318619,1497.2            30.060481,-29.318634,1497.2            30.060479,-29.318649,1497            30.060478,-29.318663,1497            30.060476,-29.31868,1497            30.060475,-29.318696,1497.2            30.060477,-29.318712,1497.4            30.060477,-29.318728,1497.6            30.060477,-29.318741,1497.6            30.060476,-29.318753,1497.4            30.060474,-29.318766,1497.4            30.060474,-29.318778,1497.2            30.060474,-29.31879,1497            30.060476,-29.318802,1497            30.060479,-29.318827,1497            30.060477,-29.318839,1496.8            30.060477,-29.318854,1497            30.060478,-29.318868,1497            30.060476,-29.318881,1497            30.060473,-29.318899,1497            30.060471,-29.318917,1497.2            30.060467,-29.318934,1497.2            30.060462,-29.31895,1497.2            30.060458,-29.318967,1497.6            30.060455,-29.318983,1497.6            30.060453,-29.319001,1497.6            30.060449,-29.319015,1497.6            30.060443,-29.319031,1497.8            30.060441,-29.319046,1497.8            30.060439,-29.319062,1497.8            30.060439,-29.319078,1498            30.06044,-29.319092,1498            30.060441,-29.319105,1498            30.060442,-29.319119,1498            30.060444,-29.31913,1498            30.060448,-29.31914,1497.8            30.060447,-29.319154,1497.8            30.060444,-29.319165,1497.8            30.060442,-29.319175,1497.8            30.060439,-29.319191,1497.8            30.060436,-29.319208,1497.8            30.060437,-29.319224,1497.8            30.060434,-29.319242,1498            30.060429,-29.31926,1498            30.060428,-29.319273,1498            30.060432,-29.319289,1498            30.060432,-29.319296,1498            30.060432,-29.319307,1498            30.060432,-29.319317,1497.8            30.060428,-29.31933,1497.8            30.060424,-29.319346,1497.8            30.060422,-29.319358,1497.8            30.060422,-29.319371,1497.8            30.06042,-29.319382,1498            30.060422,-29.319395,1498            30.060425,-29.319402,1498            30.060426,-29.319408,1498.2            30.060422,-29.319422,1498.2            30.06042,-29.319435,1498            30.06042,-29.31945,1498            30.060418,-29.319466,1498            30.060411,-29.319484,1498            30.060404,-29.319498,1498            30.060395,-29.319514,1498            30.060387,-29.31953,1498            30.06038,-29.319545,1498            30.060375,-29.319558,1497.8            30.060372,-29.319569,1497.8            30.060368,-29.31958,1497.6            30.060362,-29.319593,1497.6            30.060357,-29.3196,1497.6            30.06035,-29.319612,1497.6            30.060344,-29.319627,1497.8            30.060335,-29.319635,1497.8            30.060325,-29.319647,1497.8            30.060316,-29.319663,1498            30.060307,-29.319677,1498.2            30.060296,-29.319687,1498.2            30.060289,-29.319702,1498.4            30.06028,-29.319717,1498.4            30.060275,-29.319729,1498.6            30.060275,-29.319739,1498.6            30.060267,-29.319749,1498.8            30.060253,-29.319762,1498.8            30.060248,-29.319772,1499            30.060238,-29.319787,1499.2            30.060225,-29.319802,1499.2            30.060213,-29.319813,1499.4            30.060203,-29.319825,1499.6            30.060194,-29.319834,1499.6            30.060186,-29.319843,1499.6            30.060179,-29.319851,1499.8            30.060172,-29.31986,1499.6            30.060158,-29.319867,1499.6            30.060147,-29.319875,1499.6            30.060135,-29.319884,1499.8            30.060131,-29.319894,1500            30.060128,-29.319902,1500.4            30.060123,-29.319909,1500.6            30.060115,-29.319919,1500.8            30.060102,-29.319929,1501            30.060088,-29.319941,1501.2            30.060074,-29.319948,1501.4            30.060056,-29.319959,1501.6            30.060042,-29.31997,1501.6            30.060035,-29.319975,1501.8            30.060025,-29.319982,1501.8            30.060014,-29.319988,1502            30.060002,-29.319997,1502            30.059991,-29.320006,1502            30.059981,-29.320015,1502.2            30.05997,-29.320025,1502.2            30.059962,-29.320038,1502.4            30.059955,-29.320054,1502.6            30.059946,-29.320062,1503            30.059936,-29.320067,1503.2            30.059932,-29.320069,1503.2            30.059922,-29.320082,1503.4            30.059911,-29.320093,1503.6            30.059901,-29.3201,1503.6            30.05989,-29.320114,1503.8            30.05988,-29.320127,1504            30.059871,-29.320136,1504.2            30.059866,-29.320144,1504.6            30.059857,-29.320156,1504.6            30.059842,-29.320169,1504.8            30.059823,-29.32018,1505            30.059804,-29.320189,1505            30.059794,-29.320195,1505.2            30.059789,-29.320197,1505.2            30.059794,-29.320194,1505.2            30.059793,-29.320195,1505.2            30.059793,-29.320194,1505.2            30.059782,-29.320202,1505.2            30.059771,-29.320212,1505.4            30.059756,-29.320217,1505.4            30.059751,-29.32022,1505.4            30.059744,-29.320223,1505.6            30.059733,-29.320231,1505.8            30.059721,-29.320239,1506            30.059707,-29.320246,1506.2            30.059692,-29.320254,1506.4            30.05968,-29.320261,1506.4            30.059664,-29.32027,1506.6            30.059651,-29.320278,1506.6            30.059644,-29.320288,1506.6            30.059641,-29.320297,1506.6            30.059627,-29.320315,1507            30.059615,-29.320328,1507.2            30.059601,-29.320343,1507.4            30.059588,-29.320354,1507.6            30.059572,-29.320364,1507.8            30.059554,-29.320377,1507.8            30.059544,-29.32039,1507.8            30.059533,-29.320399,1507.8            30.059523,-29.320409,1507.8            30.059514,-29.320418,1508            30.059503,-29.320426,1508            30.059493,-29.320433,1508.2            30.059483,-29.32044,1508.4            30.059475,-29.320445,1508.4            30.059461,-29.320456,1508.4            30.05945,-29.320464,1508.4            30.059424,-29.320484,1508.2            30.059412,-29.320492,1508.2            30.059398,-29.320501,1508.2            30.059385,-29.320507,1508.4            30.059375,-29.320517,1508.4            30.059363,-29.320526,1508.4            30.05936,-29.320534,1508.4            30.05935,-29.320539,1508.4            30.059336,-29.320547,1508.4            30.05932,-29.320556,1508.4            30.059306,-29.320564,1508.2            30.059293,-29.320571,1508.2            30.059282,-29.32058,1508.2            30.05927,-29.320588,1508.2            30.059259,-29.320597,1508.2            30.05925,-29.320606,1508.2            30.059239,-29.320618,1508.2            30.059231,-29.320628,1508.2            30.059217,-29.320634,1508            30.059205,-29.320641,1508            30.059189,-29.320651,1508            30.059174,-29.320659,1507.8            30.059157,-29.320667,1507.8            30.059142,-29.320675,1507.8            30.059128,-29.320682,1507.6            30.059117,-29.320688,1507.6            30.059105,-29.320696,1507.6            30.059095,-29.320707,1507.4            30.05909,-29.320715,1507.4            30.059078,-29.320723,1507.4            30.059071,-29.32073,1507.2            30.059061,-29.320739,1507.2            30.059049,-29.320742,1507            30.059036,-29.320748,1506.8            30.059024,-29.320758,1506.8            30.059012,-29.320775,1506.8            30.059006,-29.320786,1506.6            30.058997,-29.320798,1506.6            30.058989,-29.32081,1506.6            30.058983,-29.320822,1506.4            30.058975,-29.320837,1506.4            30.058967,-29.320849,1506.2            30.058961,-29.320861,1506.2            30.058955,-29.320873,1506            30.058947,-29.320887,1505.8            30.058938,-29.320902,1505.6            30.058932,-29.320913,1505.2            30.058927,-29.320922,1505            30.058923,-29.320934,1504.6            30.058908,-29.320944,1504.4            30.058898,-29.320952,1504.4            30.058889,-29.320965,1504.6            30.058883,-29.320978,1504.6            30.058876,-29.320988,1504.6            30.058864,-29.321,1504.6            30.058856,-29.321006,1504.4            30.058846,-29.321015,1504.2            30.05884,-29.321025,1504.2            30.05883,-29.321036,1504            30.058819,-29.321046,1503.8            30.05881,-29.321055,1503.8            30.058797,-29.321062,1503.6            30.058781,-29.321073,1503.6            30.058768,-29.321082,1503.4            30.058752,-29.321092,1503.4            30.058736,-29.321103,1503.2            30.058724,-29.321112,1503.2            30.058702,-29.321127,1503            30.058692,-29.321135,1503            30.058678,-29.321142,1502.8            30.058663,-29.321152,1502.8            30.058652,-29.321158,1502.6            30.058637,-29.321165,1502.6            30.05862,-29.321171,1502.4            30.058601,-29.321176,1502.4            30.058582,-29.321181,1502.4            30.058566,-29.321184,1502.4            30.058552,-29.321188,1502.4            30.058537,-29.321194,1502.4            30.058521,-29.321198,1502.4            30.058508,-29.3212,1502.2            30.058498,-29.321204,1502.4            30.058483,-29.321203,1502.4            30.058452,-29.32119,1502.6            30.058434,-29.321185,1503            30.058419,-29.32118,1503            30.058407,-29.321168,1503.2            30.058398,-29.32116,1503.2            30.058386,-29.321151,1503            30.058375,-29.321146,1503            30.058365,-29.32114,1503            30.058356,-29.321131,1503            30.058348,-29.321123,1502.8            30.058334,-29.321116,1503            30.058322,-29.321107,1503            30.058311,-29.321098,1503            30.0583,-29.321087,1503            30.058291,-29.321073,1502.8            30.058282,-29.321056,1502.6            30.058272,-29.321039,1502.6            30.058266,-29.321024,1502.4            30.05826,-29.321011,1502.2            30.058252,-29.320997,1502            30.058248,-29.320987,1501.8            30.058243,-29.320975,1501.8            30.058241,-29.320963,1501.4            30.058236,-29.320951,1501.4            30.058233,-29.320937,1501.2            30.05823,-29.320925,1501.2            30.058225,-29.320913,1501            30.058223,-29.320899,1501.2            30.058224,-29.320884,1501.2            30.05822,-29.32087,1501.2            30.058215,-29.320855,1501.2            30.058216,-29.32084,1501.2            30.058214,-29.320828,1501            30.058211,-29.320811,1501            30.05821,-29.320796,1500.8            30.058206,-29.320781,1500.8            30.058205,-29.32077,1500.6            30.058204,-29.320755,1500.6            30.058204,-29.320741,1500.4            30.058204,-29.320729,1500.4            30.058201,-29.320714,1500.2            30.058199,-29.320703,1500            30.058199,-29.32069,1499.8            30.058201,-29.320675,1499.6            30.058201,-29.32066,1499.6            30.058201,-29.320646,1499.6            30.0582,-29.320632,1499.6            30.058198,-29.320614,1499.6            30.058197,-29.3206,1499.4            30.058197,-29.320586,1499.4            30.058199,-29.320555,1499.4            30.058201,-29.320544,1499.4            30.058205,-29.320531,1499            30.058207,-29.320517,1499            30.058213,-29.320502,1499            30.058217,-29.320489,1499.2            30.058221,-29.320471,1499.6            30.058224,-29.320455,1500            30.058227,-29.32044,1500.2            30.058228,-29.320428,1500.2            30.058232,-29.320417,1500.4            30.058235,-29.320406,1500.4            30.058237,-29.320394,1500.4            30.058237,-29.32038,1500.4            30.058233,-29.320368,1500.2            30.058222,-29.320347,1500.2            30.058215,-29.320335,1500.2            30.058214,-29.320326,1500.2            30.05821,-29.320317,1500.2            30.058201,-29.320311,1500.2            30.058196,-29.320302,1500.2            30.058188,-29.320294,1500.2            30.058184,-29.320286,1500            30.058177,-29.32028,1500            30.05817,-29.32027,1499.8            30.05816,-29.32026,1499.6            30.05815,-29.320251,1499.4            30.05814,-29.320239,1499.2            30.05813,-29.320226,1498.8            30.058123,-29.320212,1498.4            30.058118,-29.320201,1498.2            30.058111,-29.320191,1497.8            30.058105,-29.32018,1497.4            30.058101,-29.32017,1497            30.058096,-29.320159,1496.8            30.0581,-29.320148,1496.6            30.058106,-29.320135,1496.4            30.058117,-29.32013,1496.4            30.058128,-29.320127,1496.4            30.058134,-29.320126,1496.2            30.058142,-29.320122,1496.4            30.058148,-29.320119,1496.6            30.058151,-29.320118,1496.6            30.058146,-29.320117,1496.8            30.058145,-29.320116,1496.8            30.058144,-29.320115,1496.8            30.058145,-29.320113,1496.6            30.058144,-29.320113,1496.4            30.058143,-29.320113,1496.2            30.058143,-29.320114,1496.4            30.058136,-29.320116,1496.6            30.058128,-29.320118,1496.6            30.058116,-29.320116,1496.4            30.058112,-29.320115,1496.4            30.058113,-29.320114,1496.2            30.058112,-29.320113,1495.8            30.05811,-29.320114,1495.6            30.058114,-29.320116,1495.4            30.058117,-29.320116,1495.4            30.058117,-29.320117,1495.4            30.058127,-29.320117,1495.6            30.058136,-29.320114,1495.8            30.058145,-29.320111,1495.8            30.058151,-29.32011,1495.8            30.058155,-29.320111,1495.8            30.058153,-29.320114,1495.8            30.058154,-29.320114,1496            30.058156,-29.320114,1496            30.058157,-29.320114,1496.2            30.058157,-29.320113,1496.2            30.058159,-29.320112,1496.2            30.058158,-29.320112,1496.2            30.058157,-29.320112,1496.4            30.058158,-29.320112,1496.8            30.058138,-29.320113,1497            30.05813,-29.320112,1497.2            30.058119,-29.32011,1497.4            30.058108,-29.320108,1497.2            30.058102,-29.320106,1497            30.058102,-29.320105,1496.6            30.058103,-29.320105,1496.2            30.058105,-29.320105,1495.8            30.058136,-29.320108,1496.4            30.058144,-29.320111,1496.6            30.058148,-29.320113,1496.8            30.058151,-29.320113,1497            30.058152,-29.320113,1497            30.058152,-29.320114,1497            30.058152,-29.320113,1497            30.058147,-29.320113,1497            30.058135,-29.320114,1496.8            30.058126,-29.320115,1496.8            30.058116,-29.320112,1496.6            30.05809,-29.320111,1496.4            30.05808,-29.320108,1496.4            30.058078,-29.320105,1496.4            30.058083,-29.320105,1496.2            30.058065,-29.320111,1495.6            30.058048,-29.320112,1495.4            30.058038,-29.320111,1495.4            30.058024,-29.320114,1495.6            30.05801,-29.320119,1495.6            30.057994,-29.320122,1495.8            30.057975,-29.320124,1496            30.057959,-29.32013,1496            30.057944,-29.32013,1496            30.057929,-29.320135,1495.8            30.057902,-29.320145,1495.4            30.057889,-29.320146,1495.2            30.057874,-29.320147,1495            30.057856,-29.320148,1495            30.057841,-29.320152,1495.2            30.057825,-29.320153,1495.6            30.057815,-29.32016,1495.8            30.057803,-29.320165,1496            30.057789,-29.32017,1496            30.057779,-29.320175,1496            30.057768,-29.320179,1495.8            30.057755,-29.320183,1495.8            30.057738,-29.320187,1495.8            30.057719,-29.320189,1495.8            30.057702,-29.320191,1495.8            30.057684,-29.320195,1495.8            30.05767,-29.3202,1495.8            30.057655,-29.320209,1495.8            30.057645,-29.320215,1495.8            30.057636,-29.320216,1495.8            30.057623,-29.320219,1495.8            30.05761,-29.320221,1495.8            30.057595,-29.320226,1495.8            30.057579,-29.320233,1496            30.057564,-29.320239,1496            30.057549,-29.320245,1496            30.057536,-29.320251,1496.2            30.057525,-29.320255,1496.2            30.057513,-29.32026,1496.2            30.057505,-29.320264,1496.2            30.05749,-29.320268,1496.2            30.057483,-29.320264,1496.2            30.057482,-29.320261,1496.2            30.057476,-29.320262,1496.2            30.057462,-29.320268,1496.2            30.057445,-29.320274,1496.2            30.057429,-29.320276,1496.2            30.057415,-29.32028,1496.2            30.057403,-29.320285,1496.2            30.057387,-29.32029,1496            30.05737,-29.320294,1495.8            30.057359,-29.3203,1495.8            30.057344,-29.320303,1495.6            30.057331,-29.320308,1495.6            30.057315,-29.320311,1495.6            30.057299,-29.320315,1495.4            30.057282,-29.320324,1495.4            30.057266,-29.320331,1495.4            30.057251,-29.320332,1495.4            30.057234,-29.320336,1495.4            30.057223,-29.320339,1495.4            30.057211,-29.320346,1495.4            30.057204,-29.320355,1495.6            30.057192,-29.320363,1495.6            30.05718,-29.320369,1495.6            30.057176,-29.32038,1495.8            30.057172,-29.320387,1495.8            30.057173,-29.320388,1495.8            30.057173,-29.320387,1495.6            30.057171,-29.32039,1495.6            30.057167,-29.320392,1495.8            30.057164,-29.320392,1496            30.057173,-29.320387,1496            30.057168,-29.320392,1496.2            30.05717,-29.320393,1496            30.057173,-29.320387,1496            30.057173,-29.320397,1496.2            30.057174,-29.320396,1496.2            30.057173,-29.320394,1496.2            30.057172,-29.32039,1496.2            30.057172,-29.320387,1496.2            30.057181,-29.320392,1496.2            30.057182,-29.320394,1496.2            30.057184,-29.320394,1496.4            30.057173,-29.320387,1496.4            30.057181,-29.320393,1496.8            30.057176,-29.320391,1496.8            30.057173,-29.320389,1496.8            30.057175,-29.32039,1496.8            30.057173,-29.320387,1496.8            30.057171,-29.320392,1497.2            30.057166,-29.320405,1497.2            30.057159,-29.320416,1497.2            30.057157,-29.32043,1497.2            30.057154,-29.320441,1497.2            30.057153,-29.32045,1497            30.057149,-29.320463,1496.8            30.057144,-29.320474,1496.6            30.057139,-29.320486,1496.8            30.057137,-29.3205,1497.2            30.057135,-29.320508,1497.4            30.057132,-29.320518,1498.2            30.057116,-29.320539,1498.6            30.057112,-29.320553,1498.8            30.057106,-29.320565,1499            30.057101,-29.320574,1499.2            30.057102,-29.320581,1499.4            30.057097,-29.320589,1499.6            30.057086,-29.320601,1499.8            30.057074,-29.320614,1499.8            30.057069,-29.320625,1499.8            30.057064,-29.320638,1499.6            30.057056,-29.32065,1499.4            30.057052,-29.32066,1498.4            30.057044,-29.320673,1498.6            30.057034,-29.320683,1498.8            30.057023,-29.320691,1499            30.057016,-29.320703,1499.4            30.057007,-29.320734,1499.6            30.056996,-29.320736,1499.8            30.056996,-29.320738,1500            30.056995,-29.320738,1500.2            30.056994,-29.320739,1500.4            30.056994,-29.320745,1500.4            30.056993,-29.320747,1500.4            30.056995,-29.320748,1500.4            30.057005,-29.320741,1500.4            30.056993,-29.320747,1500.4            30.057006,-29.320743,1500.2            30.057003,-29.320752,1500.2            30.057001,-29.320759,1500            30.056996,-29.32077,1500            30.056986,-29.320778,1500            30.056982,-29.320788,1500            30.056975,-29.320795,1500.2            30.056969,-29.320802,1500.4            30.056963,-29.320809,1500.6            30.056955,-29.320825,1501            30.056949,-29.320839,1501.2            30.05694,-29.320852,1501.4            30.056934,-29.320863,1501.4            30.056923,-29.320889,1501.2            30.056911,-29.320904,1501.2            30.056899,-29.320918,1501.4            30.056893,-29.320929,1501.4            30.056888,-29.320931,1501.6            30.056888,-29.32093,1501.6            30.056889,-29.320932,1501.6            30.056889,-29.320933,1501.8            30.05688,-29.320945,1502            30.05687,-29.320958,1502            30.056863,-29.320972,1502.2            30.056857,-29.320988,1502.4            30.056848,-29.321004,1502.6            30.056838,-29.321018,1502.8            30.056831,-29.32103,1502.8            30.056825,-29.321041,1502.8            30.056817,-29.321054,1503            30.056809,-29.321067,1503            30.056805,-29.321079,1503            30.0568,-29.321094,1503            30.056792,-29.321107,1503            30.056784,-29.321118,1503            30.056776,-29.321131,1503.2            30.056767,-29.321142,1503.2            30.056755,-29.321153,1503.4            30.056744,-29.321167,1503.4            30.056733,-29.32118,1503.4            30.056725,-29.321193,1503.6            30.056713,-29.321209,1503.8            30.056703,-29.321224,1504            30.056693,-29.321238,1504.2            30.056686,-29.32125,1504.2            30.056679,-29.321265,1504.2            30.056672,-29.321278,1504.2            30.056664,-29.321289,1504.2            30.056659,-29.321302,1504.2            30.056652,-29.321315,1504            30.056643,-29.321327,1504.2            30.056634,-29.321338,1504.2            30.056629,-29.32135,1504.2            30.056624,-29.321363,1504.4            30.056614,-29.321376,1504.4            30.056607,-29.321389,1504.6            30.056603,-29.321397,1504.6            30.056594,-29.321412,1504.6            30.056584,-29.321422,1504.8            30.056576,-29.321433,1504.6            30.056564,-29.321442,1504.8            30.056565,-29.321447,1504.8            30.056564,-29.321447,1505            30.056555,-29.321452,1505.2            30.056544,-29.321463,1505.2            30.056534,-29.321475,1505.2            30.056526,-29.321491,1505.2            30.056517,-29.321499,1505.4            30.056506,-29.321508,1505.4            30.056497,-29.321518,1505.6            30.056492,-29.321527,1505.6            30.056484,-29.321537,1505.6            30.056471,-29.321549,1505.8            30.056458,-29.32156,1505.8            30.056451,-29.321573,1505.8            30.056439,-29.321586,1506            30.056429,-29.321594,1506            30.056421,-29.321609,1506.2            30.056414,-29.321623,1506.4            30.05641,-29.321634,1506.8            30.056404,-29.321646,1507            30.056398,-29.321658,1507.2            30.05639,-29.321672,1507.4            30.056383,-29.321685,1507.4            30.056372,-29.3217,1507.4            30.056362,-29.321714,1507.4            30.056349,-29.321727,1507.4            30.056336,-29.321736,1507.6            30.05632,-29.321747,1507.8            30.056306,-29.321756,1508            30.056282,-29.321772,1508.6            30.056271,-29.321782,1508.8            30.056262,-29.32179,1509.2            30.056259,-29.321795,1509.4            30.056255,-29.321804,1509.8            30.056252,-29.321813,1510.2            30.056245,-29.321825,1510.6            30.056236,-29.321837,1510.8            30.056227,-29.321852,1511            30.05622,-29.321867,1511.4            30.056212,-29.321881,1511.6            30.056211,-29.321898,1511.8            30.056201,-29.32191,1511.8            30.056194,-29.321926,1512            30.056194,-29.321941,1512            30.056194,-29.321954,1512            30.056193,-29.321965,1512.4            30.056186,-29.32199,1512.4            30.05618,-29.322002,1512.6            30.05617,-29.322017,1512.8            30.056161,-29.322032,1513            30.056154,-29.322049,1513.4            30.056145,-29.322062,1513.6            30.056135,-29.322075,1513.8            30.056125,-29.322089,1514.2            30.056117,-29.322105,1514.2            30.05611,-29.322119,1514.4            30.056104,-29.322132,1514.4            30.056096,-29.322148,1514.6            30.056092,-29.322161,1514.6            30.056085,-29.322177,1514.8            30.056079,-29.32219,1515            30.056072,-29.322203,1515            30.056057,-29.322233,1515            30.056051,-29.322247,1515            30.056048,-29.322257,1515            30.056042,-29.322269,1515            30.056036,-29.322282,1515            30.056032,-29.322293,1515.2            30.056026,-29.322306,1515.4            30.05602,-29.322319,1515.4            30.056013,-29.322333,1515.6            30.056,-29.322347,1515.6            30.055986,-29.322358,1515.6            30.055968,-29.322369,1515.6            30.055958,-29.322379,1515.4            30.055948,-29.322389,1515.4            30.055939,-29.322395,1515.4            30.055935,-29.322396,1515.4            30.055926,-29.322404,1515.6            30.055927,-29.322405,1515.6            30.055928,-29.322408,1515.8            30.055916,-29.322419,1515.8            30.055908,-29.322429,1515.8            30.055902,-29.322439,1515.8            30.055894,-29.322449,1516            30.055886,-29.322461,1516            30.055875,-29.322472,1516            30.055859,-29.322482,1516.2            30.055843,-29.322488,1516.2            30.055826,-29.322493,1516.4            30.055806,-29.3225,1516.6            30.055793,-29.322507,1516.8            30.05578,-29.322513,1517            30.055764,-29.322519,1517.2            30.055748,-29.322525,1517.2            30.055733,-29.32253,1517.4            30.055718,-29.322535,1517.6            30.055688,-29.322551,1517.6            30.055671,-29.322556,1517.6            30.055651,-29.322563,1517.6            30.055632,-29.322567,1517.6            30.055616,-29.322572,1517.6            30.055597,-29.322579,1517.6            30.055582,-29.322583,1517.6            30.055565,-29.322589,1517.6            30.055551,-29.322593,1517.8            30.055535,-29.322593,1517.8            30.055519,-29.322594,1518            30.055501,-29.322595,1518            30.055484,-29.322595,1518.2            30.055465,-29.322598,1518.2            30.055446,-29.322601,1518.4            30.055429,-29.322604,1518.4            30.055411,-29.322608,1518.4            30.055396,-29.32261,1518.4            30.055379,-29.322612,1518.4            30.055364,-29.322615,1518.6            30.055349,-29.322616,1518.6            30.055331,-29.322618,1518.6            30.055315,-29.32262,1518.6            30.055297,-29.322622,1518.6            30.055279,-29.322628,1518.6            30.055262,-29.322632,1518.6            30.055243,-29.322634,1518.4            30.055223,-29.322637,1518.4            30.055206,-29.32264,1518.4            30.055189,-29.322646,1518.4            30.055171,-29.322648,1518.4            30.055153,-29.32265,1518.2            30.055139,-29.322652,1518.2            30.055124,-29.322657,1518.4            30.055106,-29.322661,1518.4            30.055089,-29.322663,1518.4            30.055072,-29.322667,1518.4            30.055053,-29.322669,1518.4            30.055036,-29.32267,1518.4            30.055021,-29.322669,1518.4            30.055004,-29.322669,1518.4            30.054985,-29.32267,1518.4            30.054966,-29.322673,1518.4            30.054944,-29.322673,1518.4            30.054927,-29.322675,1518.4            30.054909,-29.322675,1518.2            30.054887,-29.322675,1518.2            30.054867,-29.322673,1518            30.054852,-29.322676,1517.8            30.054833,-29.322675,1517.6            30.054813,-29.322674,1517.8            30.054793,-29.322676,1517.8            30.054776,-29.322676,1517.8            30.05476,-29.322677,1518            30.054744,-29.322677,1518            30.054726,-29.322677,1518            30.054708,-29.322675,1518            30.054692,-29.322673,1518            30.054674,-29.322671,1518.2            30.054657,-29.32267,1518.2            30.05464,-29.322668,1518.2            30.054621,-29.322663,1518.4            30.054585,-29.322657,1518.4            30.054565,-29.322649,1518.4            30.054546,-29.322645,1518.4            30.054528,-29.322641,1518.4            30.054511,-29.322636,1518.4            30.054497,-29.322631,1518.4            30.054477,-29.322625,1518.4            30.05446,-29.322623,1518.2            30.054443,-29.322622,1518.2            30.054427,-29.322613,1518.2            30.054408,-29.322604,1518.2            30.054392,-29.322598,1518.4            30.054375,-29.322592,1518.6            30.054358,-29.322588,1518.8            30.05434,-29.322581,1519            30.054323,-29.322574,1519            30.054306,-29.322567,1519            30.054288,-29.32256,1519            30.054273,-29.322552,1519            30.054258,-29.322549,1519            30.054241,-29.322544,1519.2            30.054224,-29.322541,1519.2            30.054205,-29.32254,1519.2            30.054189,-29.322539,1519.2            30.054175,-29.322535,1519.2            30.05416,-29.32253,1519            30.054145,-29.322527,1519            30.054128,-29.322521,1519            30.054111,-29.322516,1518.8            30.054094,-29.322512,1518.8            30.054079,-29.322509,1518.8            30.054059,-29.322505,1518.6            30.05404,-29.322501,1518.6            30.05401,-29.322493,1518.8            30.053995,-29.32249,1518.8            30.053977,-29.322486,1518.8            30.053959,-29.32248,1518.8            30.05394,-29.322475,1518.8            30.053926,-29.322469,1518.6            30.053909,-29.322462,1518.8            30.053892,-29.322455,1518.8            30.053875,-29.322448,1518.6            30.05386,-29.32244,1518.6            30.053845,-29.322432,1518.6            30.053826,-29.322422,1518.6            30.05381,-29.322413,1518.4            30.053795,-29.322404,1518.4            30.053777,-29.322391,1518.4            30.053749,-29.322369,1518.4            30.053735,-29.322356,1518.4            30.05372,-29.322345,1518.4            30.053706,-29.322334,1518.2            30.053694,-29.322326,1518.2            30.053682,-29.322316,1518            30.05367,-29.322303,1518            30.053656,-29.322293,1518            30.053645,-29.32228,1518            30.053635,-29.322264,1518            30.053627,-29.32225,1518            30.053617,-29.322237,1518.2            30.053609,-29.322222,1518.2            30.0536,-29.322209,1518.2            30.053588,-29.322194,1518.2            30.053577,-29.322184,1518.2            30.053569,-29.322168,1518            30.053551,-29.322141,1517.8            30.053543,-29.32213,1518            30.053532,-29.32212,1518            30.053524,-29.322107,1518.2            30.053518,-29.322091,1518.2            30.053513,-29.322075,1518.2            30.053506,-29.322059,1518.2            30.0535,-29.322041,1518.2            30.053491,-29.322028,1517.8            30.053494,-29.322016,1517.8            30.053493,-29.322,1517.8            30.053491,-29.321985,1517.8            30.053488,-29.32197,1518            30.053485,-29.321952,1518.2            30.053485,-29.321936,1518.4            30.053488,-29.32192,1518.4            30.053492,-29.321904,1518.6            30.053499,-29.321888,1518.6            30.053504,-29.321872,1518.6            30.05351,-29.321854,1518.6            30.053514,-29.321838,1518.8            30.05352,-29.321824,1518.8            30.053525,-29.321809,1518.8            30.053529,-29.321795,1519            30.053529,-29.32178,1519            30.053531,-29.321763,1519            30.053535,-29.32175,1519.2            30.053536,-29.321737,1519.2            30.053541,-29.321719,1519.4            30.05354,-29.321704,1519.4            30.053542,-29.321688,1519.4            30.053543,-29.321671,1519.6            30.053539,-29.321662,1519.4            30.053537,-29.321648,1519.4            30.053538,-29.321634,1519.4            30.053537,-29.32162,1519.4            30.053535,-29.321608,1519.6            30.053531,-29.321594,1519.8            30.053531,-29.32158,1520.2            30.053532,-29.321567,1520.4            30.053533,-29.321553,1520.6            30.053533,-29.321536,1520.6            30.053529,-29.321519,1520.8            30.053526,-29.321503,1520.8            30.053528,-29.321487,1520.8            30.053528,-29.32147,1521            30.053532,-29.321456,1521            30.053537,-29.321441,1521            30.053543,-29.321425,1521            30.05355,-29.321409,1521            30.053559,-29.321393,1521.2            30.053565,-29.321379,1521.2            30.053572,-29.321364,1521.2            30.05358,-29.321348,1521.4            30.053585,-29.321336,1521.4            30.053588,-29.321324,1521.4            30.05359,-29.321311,1521.6            30.053592,-29.3213,1521.6            30.053596,-29.321286,1521.6            30.053598,-29.321273,1521.6            30.053599,-29.321258,1521.8            30.053599,-29.321245,1521.8            30.053599,-29.32123,1521.8            30.053602,-29.321218,1522            30.053609,-29.321201,1522            30.053613,-29.321185,1522            30.053614,-29.321171,1521.8            30.053612,-29.321154,1521.8            30.053612,-29.321137,1521.8            30.053613,-29.321118,1521.8            30.053611,-29.321101,1521.8            30.053609,-29.321088,1522            30.053605,-29.321071,1522            30.053603,-29.321056,1522            30.053596,-29.321039,1522            30.053589,-29.321026,1522            30.053582,-29.321013,1522            30.053574,-29.321001,1522            30.053568,-29.320991,1522            30.053561,-29.320981,1522            30.053552,-29.320969,1522            30.053543,-29.320955,1522            30.053535,-29.320945,1522            30.053529,-29.320936,1522            30.053519,-29.320926,1522            30.053509,-29.320911,1522            30.053503,-29.320899,1522            30.053494,-29.320886,1521.8            30.053482,-29.320871,1521.6            30.053474,-29.320859,1521.4            30.053463,-29.320848,1521.2            30.05345,-29.320838,1521            30.05344,-29.320825,1520.8            30.05343,-29.320813,1520.8            30.053419,-29.320801,1520.8            30.053408,-29.32079,1520.8            30.053398,-29.320778,1520.6            30.053388,-29.320766,1520.6            30.053376,-29.320755,1520.6            30.053363,-29.320742,1520.4            30.053351,-29.320729,1520.2            30.053327,-29.320708,1519.8            30.053316,-29.320695,1519.4            30.053304,-29.320681,1519.2            30.053294,-29.320669,1519.2            30.053281,-29.320658,1519            30.053269,-29.320644,1519.2            30.053258,-29.320632,1519.2            30.053244,-29.32062,1519.2            30.05323,-29.320609,1519            30.053216,-29.320601,1518.8            30.053206,-29.32059,1518.8            30.053196,-29.320581,1518.6            30.053184,-29.320574,1518.6            30.053174,-29.320568,1518.8            30.053161,-29.32056,1518.8            30.05315,-29.320552,1518.8            30.053141,-29.320543,1518.8            30.053128,-29.320533,1518.6            30.053113,-29.320519,1518.4            30.053099,-29.320509,1518.4            30.053085,-29.320499,1518.2            30.053072,-29.320487,1518.2            30.053058,-29.320475,1518.2            30.053044,-29.320465,1518            30.053032,-29.320455,1518            30.053018,-29.320444,1517.8            30.053003,-29.320433,1517.8            30.052994,-29.320425,1517.8            30.05298,-29.320415,1517.8            30.052968,-29.320405,1517.8            30.052958,-29.320393,1517.8            30.052948,-29.320382,1517.6            30.05294,-29.320371,1517.6            30.052928,-29.32036,1517.4            30.052916,-29.320351,1517.4            30.052906,-29.320343,1517.4            30.052894,-29.320334,1517.2            30.052882,-29.320322,1517.2            30.05287,-29.320311,1517.2            30.052861,-29.3203,1517.2            30.052852,-29.320288,1517.2            30.052843,-29.320275,1517.2            30.052835,-29.320261,1517.2            30.052825,-29.320246,1517.2            30.052815,-29.320234,1517.2            30.052803,-29.320218,1517.2            30.052794,-29.320206,1517.2            30.052787,-29.320192,1517.4            30.052781,-29.320177,1517.4            30.052774,-29.320163,1517.6            30.052769,-29.32015,1517.6            30.052762,-29.320134,1517.8            30.052757,-29.320122,1517.8            30.052752,-29.320109,1517.8            30.052745,-29.320091,1517.8            30.052737,-29.320074,1517.8            30.052732,-29.320057,1517.8            30.052717,-29.320032,1517.8            30.052711,-29.320021,1518            30.052706,-29.32001,1518            30.0527,-29.319999,1518            30.052694,-29.319988,1518            30.052688,-29.319977,1518            30.052682,-29.319966,1517.8            30.052676,-29.319955,1517.8            30.052671,-29.319944,1517.6            30.052665,-29.319933,1517.6            30.052659,-29.319922,1517.6            30.052655,-29.319908,1517.6            30.052651,-29.319895,1517.6            30.052647,-29.319884,1517.4            30.05264,-29.319872,1517.4            30.052639,-29.319855,1517.4            30.052631,-29.319837,1517.6            30.052626,-29.319823,1517.8            30.052622,-29.319807,1518.2            30.052619,-29.319793,1518.6            30.052613,-29.319778,1518.8            30.052603,-29.319764,1518.8            30.052597,-29.319751,1518.8            30.052591,-29.319738,1518.8            30.052585,-29.319729,1518.8            30.05258,-29.319718,1519            30.052574,-29.319705,1519            30.05257,-29.31969,1519.2            30.052563,-29.319676,1519.2            30.052558,-29.31966,1519.2            30.052552,-29.319646,1519.2            30.052545,-29.319631,1519.4            30.052537,-29.319615,1519.4            30.052528,-29.319602,1519.4            30.052522,-29.319587,1519.6            30.052516,-29.319573,1519.6            30.052508,-29.319559,1519.6            30.052497,-29.319546,1519.6            30.052487,-29.319534,1519.6            30.052476,-29.319524,1519.6            30.052465,-29.319515,1519.8            30.052457,-29.319506,1519.8            30.052449,-29.319496,1520            30.052441,-29.319487,1520.2            30.052427,-29.319465,1520.2            30.052421,-29.319452,1520.2            30.052415,-29.319438,1520.2            30.052409,-29.319425,1520.2            30.052404,-29.31941,1520.4            30.052397,-29.319397,1520.2            30.052384,-29.319385,1520.4            30.052371,-29.319377,1520.2            30.052359,-29.319368,1520.2            30.052348,-29.319359,1520.2            30.052339,-29.319352,1520.2            30.05233,-29.319345,1520.2            30.05232,-29.319334,1520.2            30.052307,-29.319323,1520.2            30.052294,-29.319311,1520.2            30.052275,-29.319287,1520            30.052266,-29.319277,1520.2            30.052254,-29.31927,1520.2            30.052248,-29.31926,1520            30.052242,-29.319253,1520            30.052235,-29.319244,1520            30.052225,-29.319233,1519.8            30.052214,-29.319219,1519.8            30.052208,-29.319212,1519.6            30.052203,-29.31921,1519.6            30.052198,-29.319208,1519.4            30.052196,-29.319208,1519.2            30.052198,-29.319205,1519.2            30.052197,-29.319208,1519.2            30.052185,-29.319211,1519.2            30.052184,-29.319212,1519.2            30.052192,-29.319217,1519.2            30.052194,-29.319218,1519.2            30.052188,-29.319218,1519.2            30.052182,-29.319207,1519.2            30.052176,-29.319197,1519.4            30.052165,-29.319187,1519.6            30.052151,-29.319175,1519.8            30.052139,-29.319161,1519.8            30.052128,-29.319148,1519.8            30.052112,-29.31912,1519.6            30.052099,-29.319105,1519.4            30.052085,-29.319089,1519.2            30.052074,-29.319074,1519.2            30.052063,-29.319061,1519            30.05205,-29.31905,1519            30.052042,-29.319037,1519.2            30.052032,-29.319026,1519.2            30.05202,-29.319014,1519.4            30.052008,-29.319,1519.4            30.051998,-29.318986,1519.4            30.05199,-29.318972,1519.4            30.051975,-29.318959,1519.4            30.051966,-29.31895,1519.2            30.051956,-29.31894,1519.2            30.051943,-29.318929,1519.2            30.051934,-29.318919,1519.2            30.051923,-29.318909,1519.2            30.051913,-29.318898,1519.2            30.051903,-29.318888,1519.2            30.051893,-29.318877,1519.2            30.051884,-29.318866,1519.2            30.051873,-29.318855,1519.4            30.051865,-29.318845,1519.4            30.051854,-29.318834,1519.4            30.051844,-29.318821,1519.4            30.051832,-29.318808,1519.2            30.051823,-29.318793,1519.2            30.051814,-29.318779,1519            30.051803,-29.318763,1519            30.051793,-29.318749,1518.8            30.051782,-29.318735,1518.6            30.051774,-29.318726,1518.4            30.051764,-29.318715,1518            30.051754,-29.318706,1517.4            30.051744,-29.318695,1517            30.051732,-29.318683,1517            30.051719,-29.318673,1517            30.051706,-29.318662,1517.4            30.051698,-29.318645,1517.6            30.051688,-29.318632,1518            30.051677,-29.318618,1518.4            30.051666,-29.318608,1518.4            30.051653,-29.318597,1518.4            30.051642,-29.318585,1518.2            30.051632,-29.318575,1518.2            30.051622,-29.318566,1518            30.05161,-29.318558,1518            30.051597,-29.318549,1518            30.051582,-29.318539,1518            30.051563,-29.318519,1517.8            30.051551,-29.318506,1517.8            30.051541,-29.318497,1517.8            30.051529,-29.31849,1517.6            30.051514,-29.318479,1517.4            30.051501,-29.318466,1517.2            30.05149,-29.318455,1517.2            30.051479,-29.318444,1517.4            30.051466,-29.318434,1517.6            30.051454,-29.318424,1517.8            30.051443,-29.318414,1518            30.051431,-29.318404,1518            30.05142,-29.318394,1518            30.051408,-29.318385,1518            30.051394,-29.318375,1518            30.051381,-29.318365,1518            30.051368,-29.318354,1518            30.051357,-29.318342,1518            30.051345,-29.318332,1518            30.051334,-29.318321,1518            30.051324,-29.31831,1518            30.051318,-29.318296,1518            30.051313,-29.318283,1518            30.051306,-29.31827,1518            30.051298,-29.318252,1518            30.051294,-29.318236,1518            30.051292,-29.31822,1518            30.051291,-29.318202,1518            30.051288,-29.318188,1518            30.05129,-29.318171,1518            30.051287,-29.318157,1517.8            30.051285,-29.318142,1517.8            30.051282,-29.318128,1517.6            30.051282,-29.318113,1517.6            30.051284,-29.3181,1517.4            30.051285,-29.31809,1517.4            30.051283,-29.318076,1517.4            30.051282,-29.318062,1517.4            30.051279,-29.318054,1517.6            30.051288,-29.31804,1517.6            30.051296,-29.318026,1517.8            30.051302,-29.318011,1517.8            30.051309,-29.317996,1518            30.051314,-29.317981,1518            30.051315,-29.317965,1518            30.051313,-29.317948,1518            30.051304,-29.317933,1518            30.051297,-29.31792,1518            30.051291,-29.317906,1518            30.051284,-29.317897,1518            30.051273,-29.317885,1517.8            30.051267,-29.317875,1517.6            30.051259,-29.317865,1517.6            30.051252,-29.317852,1517.4            30.051245,-29.317848,1517.2            30.051238,-29.317838,1517            30.051229,-29.317826,1517            30.051217,-29.317816,1517.2            30.051215,-29.317812,1517.2            30.051213,-29.317809,1517.2            30.051212,-29.317808,1517.2            30.05121,-29.317803,1516.4            30.051206,-29.317796,1516.4            30.051203,-29.317791,1516.4            30.051196,-29.317782,1516.6            30.051188,-29.317773,1516.8            30.051182,-29.317764,1517            30.051178,-29.317758,1517.2            30.051167,-29.317747,1517.4            30.051157,-29.317736,1517.4            30.051149,-29.317726,1517.4            30.051144,-29.317715,1517.2            30.051138,-29.317706,1517.2            30.051129,-29.317701,1517.2            30.05112,-29.317691,1517.2            30.051114,-29.317678,1517.2            30.051105,-29.317666,1517.2            30.051096,-29.317653,1517.2            30.051088,-29.317642,1517.4            30.051083,-29.317633,1517.4            30.051077,-29.317624,1517.4            30.051069,-29.317615,1517.4            30.051064,-29.317603,1517.4            30.051056,-29.31759,1517.4            30.051048,-29.317577,1517.2            30.051039,-29.317565,1517.2            30.051033,-29.317556,1517.2            30.051026,-29.317551,1517.2            30.051018,-29.317544,1517.4            30.051013,-29.317534,1517.4            30.051008,-29.317521,1517.4            30.051,-29.317507,1517.4            30.050994,-29.317493,1517.4            30.050991,-29.317483,1517.4            30.050987,-29.317474,1517.2            30.050973,-29.317458,1517            30.050959,-29.317446,1516.8            30.050945,-29.317437,1516.8            30.050935,-29.31743,1517            30.050927,-29.317426,1517            30.050918,-29.317421,1517.2            30.050903,-29.317415,1517.2            30.050884,-29.317408,1517.2            30.050868,-29.31741,1517.2            30.050855,-29.317412,1517.2            30.050841,-29.317414,1517.2            30.050826,-29.317417,1517.2            30.050815,-29.317422,1517.4            30.050805,-29.317424,1517.4            30.050794,-29.317431,1517.4            30.05078,-29.31744,1517.6            30.050766,-29.317447,1517.4            30.050747,-29.317453,1517.4            30.050731,-29.317459,1517.4            30.050716,-29.317462,1517.2            30.050702,-29.317465,1517.2            30.050691,-29.317467,1517.2            30.050679,-29.317469,1517            30.050671,-29.317472,1517.2            30.050657,-29.317481,1517            30.05064,-29.317481,1517            30.050625,-29.317481,1517            30.050609,-29.317486,1517            30.050594,-29.31749,1517            30.050584,-29.317493,1516.8            30.05057,-29.317497,1516.8            30.050557,-29.317498,1516.8            30.050546,-29.317498,1516.8            30.05053,-29.317491,1517            30.050516,-29.317486,1517.2            30.050498,-29.317483,1517.4            30.050481,-29.317482,1517.4            30.050467,-29.31748,1517.4            30.050455,-29.317479,1517.6            30.050441,-29.317475,1517.6            30.050432,-29.317473,1517.6            30.050418,-29.317471,1517.8            30.050402,-29.317465,1517.8            30.050385,-29.31746,1517.8            30.050367,-29.317457,1517.8            30.05035,-29.317455,1517.8            30.050332,-29.317452,1517.8            30.050315,-29.317448,1517.8            30.050303,-29.317447,1517.8            30.050289,-29.317445,1517.8            30.050256,-29.317441,1518            30.050244,-29.31744,1518            30.050225,-29.317442,1518            30.050205,-29.317441,1518            30.050194,-29.317439,1518            30.050181,-29.317442,1518.2            30.050168,-29.317445,1518.2            30.050153,-29.317448,1518.2            30.050142,-29.317452,1518.2            30.050129,-29.317458,1518.2            30.050117,-29.317464,1517.8            30.050103,-29.317473,1517.4            30.05009,-29.317482,1517.2            30.050078,-29.317491,1517            30.050064,-29.317502,1517            30.05005,-29.317513,1517.4            30.050022,-29.31753,1518.2            30.05001,-29.317537,1518.2            30.05,-29.317545,1518.2            30.049992,-29.317555,1518            30.049983,-29.317564,1517.8            30.04997,-29.317574,1517.8            30.049959,-29.317583,1517.6            30.049946,-29.317593,1517.6            30.049934,-29.317603,1517.4            30.049922,-29.317612,1517.2            30.049907,-29.317621,1517.2            30.049896,-29.317631,1517            30.049883,-29.317641,1517            30.049871,-29.317651,1516.8            30.049856,-29.317661,1516.8            30.049844,-29.31767,1516.6            30.04983,-29.317677,1516.6            30.049798,-29.317687,1516.4            30.049785,-29.317689,1516.4            30.049771,-29.317688,1516.2            30.049756,-29.317684,1516.2            30.049739,-29.317671,1516            30.049728,-29.317664,1516            30.049715,-29.317654,1515.8            30.049702,-29.317641,1515.8            30.049687,-29.317628,1515.6            30.049673,-29.317617,1515.6            30.049662,-29.317604,1515.8            30.049647,-29.317586,1516            30.049636,-29.317577,1516.2            30.04963,-29.317568,1516.4            30.049618,-29.317559,1516.4            30.049606,-29.31755,1516.4            30.049595,-29.317542,1516.6            30.049584,-29.317533,1516.6            30.049576,-29.317521,1516.8            30.049564,-29.317511,1517            30.049551,-29.317496,1517.4            30.04954,-29.317486,1517.4            30.049532,-29.317478,1517.6            30.049518,-29.317475,1517.6            30.049507,-29.317476,1517.6            30.049494,-29.317482,1517.6            30.04948,-29.317489,1517.6            30.049467,-29.317495,1517.6            30.049455,-29.317506,1517.6            30.049442,-29.317516,1517.6            30.049425,-29.317527,1517.4            30.049408,-29.317537,1517            30.049391,-29.317547,1517            30.049376,-29.317555,1516.8            30.049359,-29.317563,1516.8            30.049342,-29.317571,1516.8            30.049328,-29.317575,1516.8            30.049314,-29.317577,1516.6            30.049296,-29.317581,1516.6            30.04928,-29.317584,1516.4            30.04926,-29.317582,1516.4            30.049242,-29.317578,1516.4            30.049223,-29.317574,1516.6            30.04921,-29.317566,1516.8            30.049198,-29.317559,1517            30.049186,-29.31755,1517.4            30.049173,-29.317538,1517.6            30.049166,-29.317524,1517.8            30.049159,-29.317512,1518            30.049157,-29.317496,1518            30.049139,-29.317469,1518            30.049134,-29.317461,1518.2            30.049133,-29.317456,1518.4            30.049129,-29.317457,1518.6            30.049125,-29.317449,1518.8            30.04912,-29.317432,1519            30.049113,-29.317417,1519            30.049106,-29.317402,1519.2            30.049104,-29.317384,1519.4            30.049112,-29.317369,1519.6            30.049124,-29.317359,1519.8            30.049143,-29.317358,1520            30.04916,-29.317368,1520            30.049165,-29.317387,1520            30.049172,-29.317405,1520            30.049181,-29.31742,1520.2            30.049188,-29.317432,1520.6            30.049199,-29.317442,1520.8            30.04921,-29.317454,1521.4            30.049221,-29.317463,1521.8            30.049233,-29.317466,1521.8            30.049248,-29.317473,1521.6            30.049258,-29.317479,1521.4            30.049275,-29.317488,1521            30.049292,-29.317493,1521            30.049308,-29.317492,1520.6            30.049322,-29.317486,1520.4            30.049333,-29.317478,1520.4            30.049341,-29.31747,1520.2            30.049352,-29.317464,1520.2            30.049365,-29.31746,1520.2            30.049377,-29.317453,1520.4            30.049394,-29.317446,1520.4            30.049404,-29.317439,1520.4            30.049416,-29.317429,1520.4            30.04943,-29.317419,1520.2            30.049442,-29.317412,1520.2            30.049456,-29.317405,1520            30.049464,-29.317399,1520.2            30.049474,-29.317395,1520.2            30.049486,-29.31739,1520.2            30.0495,-29.317385,1520.4            30.049518,-29.31738,1520.4            30.049532,-29.317372,1520.4            30.049547,-29.317364,1520.6            30.049556,-29.317357,1520.6            30.049557,-29.317347,1520.6            30.049557,-29.317338,1520.6            30.04955,-29.317327,1520.6            30.049544,-29.31731,1520.6            30.049536,-29.3173,1520.8            30.049526,-29.317284,1520.8            30.049515,-29.317268,1520.8            30.049504,-29.317254,1520.8            30.049497,-29.31724,1520.8            30.049488,-29.317229,1520.8            30.049478,-29.317222,1520.8            30.049469,-29.317212,1520.6            30.049464,-29.317205,1520.4            30.049459,-29.317194,1520.4            30.049454,-29.317186,1520.2            30.049442,-29.317173,1520.2            30.049425,-29.317168,1520.2            30.049412,-29.317169,1520            30.049401,-29.317171,1520            30.049389,-29.317176,1520            30.049379,-29.317182,1520            30.049368,-29.317186,1520            30.049351,-29.317189,1520            30.049337,-29.317192,1520            30.049324,-29.317195,1519.8            30.049309,-29.317197,1519.6            30.049292,-29.317205,1519.4            30.049272,-29.317217,1519.2            30.049257,-29.317225,1519.2            30.049245,-29.317231,1519.2            30.049233,-29.317238,1519.6            30.049221,-29.317243,1519.6            30.049203,-29.31725,1519.8            30.049197,-29.317256,1520            30.049183,-29.317261,1520            30.049166,-29.317269,1520            30.049151,-29.317274,1520            30.049135,-29.317279,1519.8            30.049117,-29.31729,1519.6            30.049103,-29.317297,1519.6            30.049091,-29.317298,1519.4            30.049075,-29.317303,1519.4            30.049053,-29.317309,1519.4            30.049056,-29.317313,1519.4            30.049063,-29.317318,1519.4            30.049064,-29.31732,1519.4            30.049065,-29.317321,1519.6            30.049079,-29.317306,1518.4            30.04908,-29.317307,1518.4            30.049082,-29.317314,1518.2            30.04908,-29.31732,1518          </coordinates></LineString></Placemark><Placemark><name>Finish</name><styleUrl>#icon-1899-FF5252-nodesc</styleUrl><Point><coordinates>            30.04908,-29.31732,1518          </coordinates></Point></Placemark><Placemark><name>Start</name><styleUrl>#icon-1899-0F9D58-nodesc</styleUrl><Point><coordinates>            30.04905,-29.317269,1520          </coordinates></Point></Placemark></Folder></Document></kml>