<?xml version="1.0" encoding="UTF-8"?><kml xmlns="http://www.opengis.net/kml/2.2"><Document><name>Rietvlei parkrun (from Apr 2026)</name><description/><Style id="icon-1899-0F9D58-nodesc-normal"><IconStyle><color>ff589d0f</color><scale>1</scale><Icon><href>https://www.gstatic.com/mapspro/images/stock/503-wht-blank_maps.png</href></Icon><hotSpot x="32" xunits="pixels" y="64" yunits="insetPixels"/></IconStyle><LabelStyle><scale>0</scale></LabelStyle><BalloonStyle><text><![CDATA[<h3>$[name]</h3>]]></text></BalloonStyle></Style><Style id="icon-1899-0F9D58-nodesc-highlight"><IconStyle><color>ff589d0f</color><scale>1</scale><Icon><href>https://www.gstatic.com/mapspro/images/stock/503-wht-blank_maps.png</href></Icon><hotSpot x="32" xunits="pixels" y="64" yunits="insetPixels"/></IconStyle><LabelStyle><scale>1</scale></LabelStyle><BalloonStyle><text><![CDATA[<h3>$[name]</h3>]]></text></BalloonStyle></Style><StyleMap id="icon-1899-0F9D58-nodesc"><Pair><key>normal</key><styleUrl>#icon-1899-0F9D58-nodesc-normal</styleUrl></Pair><Pair><key>highlight</key><styleUrl>#icon-1899-0F9D58-nodesc-highlight</styleUrl></Pair></StyleMap><Style id="icon-1899-FF5252-nodesc-normal"><IconStyle><color>ff5252ff</color><scale>1</scale><Icon><href>https://www.gstatic.com/mapspro/images/stock/503-wht-blank_maps.png</href></Icon><hotSpot x="32" xunits="pixels" y="64" yunits="insetPixels"/></IconStyle><LabelStyle><scale>0</scale></LabelStyle><BalloonStyle><text><![CDATA[<h3>$[name]</h3>]]></text></BalloonStyle></Style><Style id="icon-1899-FF5252-nodesc-highlight"><IconStyle><color>ff5252ff</color><scale>1</scale><Icon><href>https://www.gstatic.com/mapspro/images/stock/503-wht-blank_maps.png</href></Icon><hotSpot x="32" xunits="pixels" y="64" yunits="insetPixels"/></IconStyle><LabelStyle><scale>1</scale></LabelStyle><BalloonStyle><text><![CDATA[<h3>$[name]</h3>]]></text></BalloonStyle></Style><StyleMap id="icon-1899-FF5252-nodesc"><Pair><key>normal</key><styleUrl>#icon-1899-FF5252-nodesc-normal</styleUrl></Pair><Pair><key>highlight</key><styleUrl>#icon-1899-FF5252-nodesc-highlight</styleUrl></Pair></StyleMap><Style id="line-0288D1-6425-nodesc-normal"><LineStyle><color>ffd18802</color><width>6.425</width></LineStyle><BalloonStyle><text><![CDATA[<h3>$[name]</h3>]]></text></BalloonStyle></Style><Style id="line-0288D1-6425-nodesc-highlight"><LineStyle><color>ffd18802</color><width>9.6375</width></LineStyle><BalloonStyle><text><![CDATA[<h3>$[name]</h3>]]></text></BalloonStyle></Style><StyleMap id="line-0288D1-6425-nodesc"><Pair><key>normal</key><styleUrl>#line-0288D1-6425-nodesc-normal</styleUrl></Pair><Pair><key>highlight</key><styleUrl>#line-0288D1-6425-nodesc-highlight</styleUrl></Pair></StyleMap><Folder><name>Untitled layer</name><Placemark><name>Course</name><styleUrl>#line-0288D1-6425-nodesc</styleUrl><LineString><tessellate>1</tessellate><coordinates>            28.079852,-26.310332,1563.6            28.079849,-26.310333,1563.6            28.079845,-26.310336,1563.5            28.079838,-26.310341,1563.5            28.079829,-26.310347,1563.5            28.07982,-26.310356,1563.5            28.079814,-26.310366,1563.5            28.079808,-26.310376,1563.4            28.079801,-26.310387,1563.4            28.079792,-26.310398,1563.4            28.079784,-26.310412,1563.3            28.079776,-26.310425,1563.3            28.079768,-26.310437,1563.3            28.079761,-26.31045,1563.2            28.079754,-26.310462,1563.2            28.079747,-26.310475,1563.2            28.079739,-26.310486,1563.1            28.079731,-26.310498,1563.1            28.079722,-26.310508,1563.1            28.079713,-26.310517,1563.1            28.079704,-26.310526,1563            28.079695,-26.310534,1563            28.079685,-26.310541,1563            28.079677,-26.310548,1563            28.079671,-26.310556,1563            28.079667,-26.310561,1562.9            28.079664,-26.310565,1562.9            28.079662,-26.310569,1562.9            28.079659,-26.310572,1562.9            28.079655,-26.310575,1562.9            28.07965,-26.310577,1562.9            28.079646,-26.310579,1562.9            28.079641,-26.31058,1562.9            28.079636,-26.310582,1562.9            28.079631,-26.310582,1562.9            28.079625,-26.310584,1562.9            28.079619,-26.310586,1562.9            28.079611,-26.310587,1562.8            28.079603,-26.310587,1562.8            28.079595,-26.310586,1562.8            28.079586,-26.310587,1562.8            28.079577,-26.310588,1562.8            28.079567,-26.31059,1562.8            28.079556,-26.310591,1562.8            28.079545,-26.310592,1562.8            28.079534,-26.310593,1562.7            28.079522,-26.310592,1562.7            28.07951,-26.310592,1562.7            28.079499,-26.310592,1562.7            28.079488,-26.310592,1562.7            28.079478,-26.310591,1562.7            28.079469,-26.310591,1562.7            28.079459,-26.310592,1562.7            28.079449,-26.310594,1562.6            28.079439,-26.310596,1562.6            28.079428,-26.310598,1562.6            28.079417,-26.310599,1562.6            28.079407,-26.310601,1562.6            28.079397,-26.310604,1562.6            28.079386,-26.310605,1562.6            28.079374,-26.310607,1562.5            28.079362,-26.31061,1562.5            28.07935,-26.310614,1562.5            28.079338,-26.310617,1562.5            28.079325,-26.31062,1562.5            28.079313,-26.310623,1562.5            28.079301,-26.310625,1562.4            28.079287,-26.310627,1562.4            28.079273,-26.310629,1562.4            28.07926,-26.31063,1562.4            28.079248,-26.310631,1562.4            28.079238,-26.310631,1562.4            28.079228,-26.310631,1562.3            28.079217,-26.310632,1562.3            28.079207,-26.310632,1562.3            28.079197,-26.310632,1562.3            28.079185,-26.310633,1562.3            28.079174,-26.310633,1562.3            28.079164,-26.310634,1562.3            28.079153,-26.310635,1562.2            28.079142,-26.310637,1562.2            28.07913,-26.31064,1562.2            28.079116,-26.310642,1562.2            28.079103,-26.310645,1562.2            28.07909,-26.310648,1562.2            28.079079,-26.310651,1562.1            28.079068,-26.310653,1562.1            28.079056,-26.310655,1562.1            28.079044,-26.310658,1562.1            28.079033,-26.310661,1562.1            28.07902,-26.310664,1562.1            28.079008,-26.310666,1562            28.078997,-26.310668,1562            28.078984,-26.31067,1562            28.078973,-26.31067,1562            28.078962,-26.310671,1562            28.078949,-26.31067,1561.9            28.078936,-26.31067,1561.9            28.078924,-26.310671,1561.9            28.078911,-26.310673,1561.9            28.078898,-26.310676,1561.8            28.078885,-26.310679,1561.8            28.078872,-26.310682,1561.8            28.078859,-26.310684,1561.7            28.078847,-26.310687,1561.7            28.078835,-26.310689,1561.7            28.078823,-26.310692,1561.7            28.07881,-26.310694,1561.6            28.078797,-26.310696,1561.6            28.078784,-26.310699,1561.6            28.078771,-26.3107,1561.5            28.078758,-26.310703,1561.5            28.078745,-26.310707,1561.5            28.078731,-26.310711,1561.4            28.078716,-26.310716,1561.4            28.078702,-26.31072,1561.4            28.078688,-26.310722,1561.4            28.078678,-26.310723,1561.3            28.078663,-26.310724,1561.3            28.07865,-26.310726,1561.3            28.078636,-26.310728,1561.2            28.078622,-26.31073,1561.2            28.078609,-26.310732,1561.2            28.078594,-26.310733,1561.2            28.07858,-26.310735,1561.1            28.078565,-26.310736,1561.1            28.078551,-26.310738,1561.1            28.078537,-26.31074,1561.1            28.078523,-26.310742,1561            28.07851,-26.310744,1561            28.078496,-26.310746,1561            28.078482,-26.310748,1561            28.078468,-26.31075,1560.9            28.078458,-26.31075,1560.9            28.078443,-26.310752,1560.9            28.078428,-26.310754,1560.9            28.078414,-26.310757,1560.8            28.078401,-26.310759,1560.8            28.078389,-26.310761,1560.8            28.078377,-26.310762,1560.8            28.078366,-26.310763,1560.7            28.078355,-26.310764,1560.7            28.078343,-26.310765,1560.7            28.07833,-26.310765,1560.7            28.078318,-26.310768,1560.7            28.078305,-26.31077,1560.6            28.078292,-26.310774,1560.6            28.078279,-26.310777,1560.6            28.078267,-26.310779,1560.5            28.078255,-26.31078,1560.5            28.078242,-26.310779,1560.5            28.07823,-26.310779,1560.4            28.078217,-26.310777,1560.4            28.078205,-26.310776,1560.4            28.078194,-26.310774,1560.4            28.078183,-26.310771,1560.3            28.078171,-26.310767,1560.3            28.078162,-26.310761,1560.3            28.078152,-26.310754,1560.2            28.078143,-26.310745,1560.2            28.078136,-26.310736,1560.1            28.078131,-26.310727,1560.1            28.078128,-26.31072,1560.1            28.078125,-26.310713,1560            28.078121,-26.310706,1560            28.078115,-26.310698,1560            28.07811,-26.31069,1560            28.078105,-26.310683,1559.9            28.078101,-26.310678,1559.9            28.078097,-26.310671,1559.9            28.078091,-26.310665,1559.8            28.078082,-26.310659,1559.8            28.078073,-26.310652,1559.8            28.078063,-26.310646,1559.7            28.078054,-26.310641,1559.7            28.078043,-26.310636,1559.6            28.078031,-26.310631,1559.6            28.078018,-26.310625,1559.5            28.078007,-26.31062,1559.5            28.077996,-26.310616,1559.5            28.077982,-26.31061,1559.4            28.077969,-26.310602,1559.3            28.077955,-26.310594,1559.3            28.077943,-26.310585,1559.2            28.077931,-26.310576,1559.2            28.077919,-26.310568,1559.1            28.077907,-26.31056,1559.1            28.077895,-26.310552,1559            28.077883,-26.310545,1559            28.077871,-26.310537,1558.9            28.077858,-26.310529,1558.9            28.077844,-26.310521,1558.8            28.077829,-26.310512,1558.7            28.077815,-26.310504,1558.7            28.077801,-26.310495,1558.6            28.077787,-26.310488,1558.6            28.077774,-26.31048,1558.6            28.077761,-26.310474,1558.5            28.077746,-26.310466,1558.5            28.077731,-26.310461,1558.4            28.077717,-26.310455,1558.4            28.077704,-26.310449,1558.4            28.077691,-26.310444,1558.4            28.077679,-26.310439,1558.3            28.077668,-26.310435,1558.3            28.077657,-26.31043,1558.3            28.077645,-26.310425,1558.3            28.077634,-26.310419,1558.2            28.077624,-26.310412,1558.2            28.077614,-26.310404,1558.2            28.077604,-26.310397,1558.2            28.077595,-26.310389,1558.2            28.077587,-26.310381,1558.2            28.07758,-26.310372,1558.2            28.077573,-26.310363,1558.2            28.077565,-26.310352,1558.1            28.077558,-26.310341,1558.1            28.07755,-26.310329,1558.1            28.077544,-26.310318,1558.1            28.077538,-26.310307,1558.1            28.077531,-26.310296,1558.1            28.077525,-26.310286,1558.1            28.077518,-26.310275,1558.1            28.077512,-26.310265,1558.1            28.077507,-26.310254,1558.1            28.077501,-26.310244,1558.1            28.077496,-26.310233,1558.1            28.077491,-26.310223,1558.1            28.077486,-26.310212,1558.1            28.07748,-26.310201,1558.1            28.077473,-26.310189,1558.1            28.077466,-26.310178,1558            28.07746,-26.310166,1558            28.077453,-26.310155,1558            28.077447,-26.310144,1558            28.07744,-26.310133,1558            28.077433,-26.310122,1558            28.077428,-26.310115,1558            28.077421,-26.310102,1558            28.077414,-26.31009,1558            28.077407,-26.31008,1558            28.077401,-26.310069,1558            28.077395,-26.310058,1558            28.077389,-26.310047,1558            28.077383,-26.310035,1558            28.077374,-26.310022,1558            28.077366,-26.310009,1558            28.077357,-26.309997,1558            28.077349,-26.309985,1558            28.077342,-26.309975,1558            28.077333,-26.309967,1558            28.077323,-26.30996,1558            28.077313,-26.309953,1558            28.077306,-26.309949,1558            28.077295,-26.30994,1558            28.077285,-26.309931,1558            28.077274,-26.309921,1558            28.077264,-26.309911,1558            28.077254,-26.309902,1558            28.077244,-26.309895,1558            28.077235,-26.309886,1558.1            28.077226,-26.309877,1558.1            28.077217,-26.309869,1558.1            28.077209,-26.309859,1558.1            28.0772,-26.309849,1558.1            28.077191,-26.309841,1558.1            28.077181,-26.309831,1558.1            28.077172,-26.309822,1558.1            28.077164,-26.309813,1558.1            28.077156,-26.309804,1558.1            28.077146,-26.309796,1558.1            28.077136,-26.309787,1558.1            28.077126,-26.309777,1558.1            28.077116,-26.309768,1558.1            28.077106,-26.309758,1558.1            28.077095,-26.30975,1558.2            28.077085,-26.309742,1558.2            28.077078,-26.309737,1558.2            28.077067,-26.309729,1558.2            28.077056,-26.309722,1558.2            28.077046,-26.309716,1558.2            28.077035,-26.30971,1558.2            28.077023,-26.309704,1558.2            28.077011,-26.309698,1558.2            28.076999,-26.309691,1558.2            28.076987,-26.309685,1558.2            28.076975,-26.309679,1558.3            28.076964,-26.309673,1558.3            28.076952,-26.309667,1558.3            28.07694,-26.309661,1558.3            28.07693,-26.309655,1558.3            28.076918,-26.309649,1558.3            28.076906,-26.309642,1558.3            28.076894,-26.309636,1558.3            28.076881,-26.309631,1558.3            28.076868,-26.309625,1558.4            28.076856,-26.309621,1558.4            28.076843,-26.309616,1558.4            28.076832,-26.30961,1558.4            28.07682,-26.309604,1558.4            28.076808,-26.309597,1558.4            28.076801,-26.309593,1558.4            28.076786,-26.309586,1558.5            28.076771,-26.309579,1558.5            28.076757,-26.309573,1558.5            28.076743,-26.309566,1558.5            28.07673,-26.30956,1558.5            28.076717,-26.309553,1558.5            28.076706,-26.309547,1558.6            28.076694,-26.309541,1558.6            28.076683,-26.309534,1558.6            28.076671,-26.309527,1558.6            28.07666,-26.309521,1558.6            28.076649,-26.309514,1558.6            28.076638,-26.309508,1558.7            28.076627,-26.309502,1558.7            28.076616,-26.309496,1558.7            28.076605,-26.30949,1558.7            28.076594,-26.309484,1558.7            28.076586,-26.309481,1558.7            28.076573,-26.309475,1558.7            28.076559,-26.309469,1558.7            28.076545,-26.309463,1558.8            28.076531,-26.309456,1558.8            28.076518,-26.309451,1558.8            28.076505,-26.309445,1558.8            28.076493,-26.30944,1558.8            28.076482,-26.309434,1558.8            28.076471,-26.309428,1558.8            28.07646,-26.309422,1558.9            28.076449,-26.309416,1558.9            28.076438,-26.30941,1558.9            28.076427,-26.309405,1558.8            28.076417,-26.3094,1558.8            28.076407,-26.309395,1558.8            28.076396,-26.309389,1558.8            28.076385,-26.309383,1558.8            28.076374,-26.309377,1558.8            28.076362,-26.309371,1558.7            28.07635,-26.309367,1558.7            28.076339,-26.309362,1558.7            28.076328,-26.309358,1558.7            28.076317,-26.309355,1558.7            28.076305,-26.309352,1558.6            28.076293,-26.309349,1558.6            28.07628,-26.309347,1558.6            28.076254,-26.309343,1558.5            28.076241,-26.309342,1558.5            28.076229,-26.30934,1558.5            28.076216,-26.309339,1558.5            28.076204,-26.309337,1558.4            28.076191,-26.309337,1558.4            28.076179,-26.309338,1558.4            28.076167,-26.309338,1558.3            28.076154,-26.309339,1558.3            28.076141,-26.30934,1558.3            28.076128,-26.30934,1558.2            28.076114,-26.309342,1558.2            28.0761,-26.309344,1558.2            28.076087,-26.309347,1558.1            28.076075,-26.309349,1558.1            28.076062,-26.309353,1558.1            28.076049,-26.309357,1558            28.076034,-26.309361,1558            28.07602,-26.309366,1557.9            28.076007,-26.30937,1557.9            28.075994,-26.309374,1557.9            28.07598,-26.309378,1557.8            28.075968,-26.309381,1557.8            28.075955,-26.309384,1557.8            28.075943,-26.309387,1557.7            28.07593,-26.309393,1557.7            28.075917,-26.309399,1557.7            28.075904,-26.309405,1557.6            28.075891,-26.309411,1557.6            28.075878,-26.309417,1557.5            28.075865,-26.309424,1557.5            28.075853,-26.309429,1557.5            28.075841,-26.309435,1557.4            28.07583,-26.309439,1557.4            28.075818,-26.309444,1557.4            28.075806,-26.30945,1557.3            28.075794,-26.309456,1557.3            28.075783,-26.309461,1557.3            28.075772,-26.309465,1557.2            28.075762,-26.309469,1557.2            28.075752,-26.309474,1557.2            28.075742,-26.309478,1557.2            28.075731,-26.309482,1557.1            28.075719,-26.309485,1557.1            28.075708,-26.30949,1557.1            28.075695,-26.309493,1557            28.075683,-26.309497,1557            28.075671,-26.309501,1557            28.075659,-26.309506,1557            28.075648,-26.30951,1556.9            28.075635,-26.309514,1556.9            28.075622,-26.309517,1556.9            28.075609,-26.30952,1556.8            28.075598,-26.309522,1556.8            28.075586,-26.309524,1556.8            28.075577,-26.309525,1556.8            28.075567,-26.309527,1556.8            28.075557,-26.309528,1556.7            28.075548,-26.309529,1556.7            28.07554,-26.30953,1556.7            28.075531,-26.309531,1556.7            28.075522,-26.309532,1556.7            28.075513,-26.309533,1556.7            28.075504,-26.309535,1556.6            28.075494,-26.309537,1556.6            28.075485,-26.30954,1556.6            28.075477,-26.309541,1556.6            28.07547,-26.309541,1556.6            28.075465,-26.309541,1556.6            28.075461,-26.30954,1556.5            28.075459,-26.309541,1556.5            28.075456,-26.309541,1556.5            28.075453,-26.309544,1556.5            28.07545,-26.309547,1556.5            28.075447,-26.30955,1556.5            28.075445,-26.309554,1556.5            28.075444,-26.309557,1556.5            28.075443,-26.30956,1556.5            28.075442,-26.309561,1556.5            28.07544,-26.309562,1556.5            28.075438,-26.309562,1556.5            28.075436,-26.309563,1556.5            28.075435,-26.309563,1556.5            28.075434,-26.309563,1556.5            28.075433,-26.309564,1556.5            28.075432,-26.309564,1556.5            28.075431,-26.309563,1556.5            28.07543,-26.309563,1556.5            28.075429,-26.309563,1556.5            28.075427,-26.309563,1556.4            28.075426,-26.309562,1556.4            28.075427,-26.309563,1556.4            28.075427,-26.309562,1556.4            28.075427,-26.309561,1556.4            28.075426,-26.309561,1556.4            28.075424,-26.309562,1556.4            28.07542,-26.309564,1556.4            28.075412,-26.309566,1556.4            28.075403,-26.30957,1556.4            28.075392,-26.309573,1556.4            28.075379,-26.309577,1556.3            28.075367,-26.309581,1556.3            28.075354,-26.309587,1556.3            28.075341,-26.309594,1556.2            28.075327,-26.3096,1556.2            28.075314,-26.309607,1556.1            28.075301,-26.309614,1556.1            28.075287,-26.30962,1556.1            28.075274,-26.309627,1556            28.075261,-26.309633,1556            28.075248,-26.309641,1555.9            28.075234,-26.309647,1555.9            28.075221,-26.309654,1555.8            28.075208,-26.30966,1555.8            28.075197,-26.309667,1555.8            28.075186,-26.309674,1555.7            28.075175,-26.30968,1555.7            28.075165,-26.309686,1555.6            28.075153,-26.309691,1555.6            28.075141,-26.309697,1555.6            28.075129,-26.309702,1555.5            28.075116,-26.309709,1555.5            28.075104,-26.309715,1555.4            28.075093,-26.309723,1555.4            28.075081,-26.30973,1555.4            28.075071,-26.309739,1555.3            28.075061,-26.309746,1555.3            28.075052,-26.309755,1555.2            28.075044,-26.309762,1555.2            28.075035,-26.30977,1555.2            28.075027,-26.309778,1555.2            28.075018,-26.309787,1555.1            28.075009,-26.309796,1555.1            28.074999,-26.309806,1555            28.074988,-26.309816,1555            28.074977,-26.309826,1555            28.074966,-26.309835,1554.9            28.074955,-26.309845,1554.9            28.074944,-26.309855,1554.9            28.074934,-26.309863,1554.8            28.074924,-26.30987,1554.8            28.074913,-26.309876,1554.8            28.074902,-26.309882,1554.7            28.074891,-26.309887,1554.7            28.074879,-26.309893,1554.7            28.074867,-26.3099,1554.7            28.074855,-26.30991,1554.6            28.074843,-26.30992,1554.6            28.074832,-26.30993,1554.6            28.074822,-26.30994,1554.5            28.074812,-26.309951,1554.5            28.074803,-26.309961,1554.5            28.074793,-26.309971,1554.5            28.074784,-26.309981,1554.4            28.074773,-26.309992,1554.4            28.074763,-26.310003,1554.4            28.074751,-26.310013,1554.4            28.074741,-26.310024,1554.3            28.074729,-26.310034,1554.3            28.074719,-26.310045,1554.3            28.07471,-26.310056,1554.3            28.074701,-26.310064,1554.2            28.07469,-26.310071,1554.2            28.074679,-26.310078,1554.2            28.074668,-26.310085,1554.2            28.074657,-26.310091,1554.2            28.074644,-26.310097,1554.1            28.074632,-26.310103,1554.1            28.074621,-26.310108,1554.1            28.07461,-26.310112,1554.1            28.074598,-26.310117,1554.1            28.074585,-26.310122,1554            28.074571,-26.310127,1554            28.074557,-26.310131,1554            28.074543,-26.310135,1554            28.07453,-26.310141,1553.9            28.074517,-26.310146,1553.9            28.074505,-26.310151,1553.9            28.074493,-26.310156,1553.9            28.074479,-26.31016,1553.9            28.074465,-26.310164,1553.8            28.074451,-26.310169,1553.8            28.07444,-26.310173,1553.8            28.07443,-26.310176,1553.8            28.07442,-26.310178,1553.8            28.07441,-26.310181,1553.7            28.074399,-26.310185,1553.7            28.074388,-26.31019,1553.7            28.074378,-26.310196,1553.7            28.074367,-26.310203,1553.7            28.074356,-26.310209,1553.7            28.074345,-26.310216,1553.7            28.074334,-26.310223,1553.6            28.074322,-26.310231,1553.6            28.074309,-26.310237,1553.6            28.074297,-26.310244,1553.6            28.074288,-26.310248,1553.6            28.074275,-26.310255,1553.5            28.074263,-26.310262,1553.5            28.074251,-26.310268,1553.5            28.074241,-26.310274,1553.5            28.07423,-26.310279,1553.5            28.07422,-26.310285,1553.5            28.07421,-26.310291,1553.4            28.0742,-26.310297,1553.4            28.07419,-26.310301,1553.4            28.07418,-26.310303,1553.4            28.07417,-26.310304,1553.4            28.074159,-26.310304,1553.4            28.074147,-26.310305,1553.4            28.074134,-26.310307,1553.3            28.074122,-26.310309,1553.3            28.074109,-26.310311,1553.3            28.074096,-26.310312,1553.3            28.074083,-26.310313,1553.3            28.07407,-26.310314,1553.3            28.074059,-26.310315,1553.2            28.074051,-26.310315,1553.2            28.074045,-26.310315,1553.2            28.074041,-26.310315,1553.2            28.074038,-26.310315,1553.2            28.074035,-26.310317,1553.2            28.07403,-26.310318,1553.2            28.074023,-26.31032,1553.2            28.074014,-26.310323,1553.2            28.074003,-26.310327,1553.2            28.073989,-26.31033,1553.1            28.073975,-26.310333,1553.1            28.07396,-26.310335,1553.1            28.073945,-26.310336,1553.1            28.07393,-26.310338,1553.1            28.073916,-26.310339,1553            28.073902,-26.31034,1553            28.073888,-26.310341,1553            28.073874,-26.310342,1553            28.07386,-26.310343,1553            28.073844,-26.310344,1552.9            28.07383,-26.310346,1552.9            28.073815,-26.310348,1552.9            28.0738,-26.310351,1552.9            28.073784,-26.310352,1552.8            28.073768,-26.310353,1552.8            28.073753,-26.310354,1552.8            28.073739,-26.310355,1552.8            28.073725,-26.310356,1552.7            28.073712,-26.310357,1552.7            28.073698,-26.310357,1552.7            28.073685,-26.310358,1552.7            28.073672,-26.310359,1552.6            28.073659,-26.31036,1552.6            28.073647,-26.310362,1552.6            28.073634,-26.310362,1552.6            28.073621,-26.310362,1552.6            28.073609,-26.310362,1552.5            28.073596,-26.310361,1552.5            28.073582,-26.310359,1552.5            28.073568,-26.310356,1552.5            28.073554,-26.310353,1552.4            28.073541,-26.31035,1552.4            28.073528,-26.310346,1552.4            28.073515,-26.310342,1552.4            28.073503,-26.310337,1552.4            28.073491,-26.310332,1552.3            28.07348,-26.310326,1552.3            28.07347,-26.310321,1552.3            28.073458,-26.310315,1552.3            28.073446,-26.310308,1552.2            28.073434,-26.310301,1552.2            28.073422,-26.310295,1552.2            28.07341,-26.310289,1552.2            28.073399,-26.310283,1552.1            28.073387,-26.310276,1552.1            28.073375,-26.31027,1552.1            28.073363,-26.310263,1552            28.07335,-26.310258,1552            28.073337,-26.310253,1552            28.073324,-26.310248,1552            28.073313,-26.310243,1551.9            28.073302,-26.310237,1551.9            28.073291,-26.310232,1551.9            28.07328,-26.310225,1551.9            28.07327,-26.310218,1551.9            28.073261,-26.31021,1551.8            28.073253,-26.310201,1551.8            28.073245,-26.310193,1551.8            28.073238,-26.310185,1551.8            28.073231,-26.310177,1551.8            28.073223,-26.310169,1551.8            28.073215,-26.310159,1551.8            28.073207,-26.310151,1551.8            28.073199,-26.310142,1551.8            28.07319,-26.310133,1551.8            28.073182,-26.310125,1551.8            28.073173,-26.310117,1551.8            28.073166,-26.310109,1551.8            28.073158,-26.310101,1551.8            28.07315,-26.310093,1551.8            28.073143,-26.310085,1551.8            28.073134,-26.310075,1551.8            28.073127,-26.310066,1551.8            28.07312,-26.310056,1551.8            28.073113,-26.310046,1551.8            28.073106,-26.310036,1551.8            28.0731,-26.310028,1551.8            28.073094,-26.310018,1551.8            28.07309,-26.310007,1551.8            28.073085,-26.309997,1551.8            28.073081,-26.309986,1551.8            28.073078,-26.309974,1551.8            28.073076,-26.309962,1551.8            28.073073,-26.309952,1551.8            28.07307,-26.30994,1551.8            28.073069,-26.309927,1551.8            28.073067,-26.309914,1551.8            28.073067,-26.309902,1551.8            28.073066,-26.30989,1551.8            28.073066,-26.309882,1551.8            28.073066,-26.309869,1551.9            28.073067,-26.309855,1551.9            28.073068,-26.309842,1551.9            28.07307,-26.30983,1551.9            28.073072,-26.309819,1551.9            28.073074,-26.309808,1551.9            28.073077,-26.309796,1551.9            28.07308,-26.309785,1552            28.073085,-26.309773,1552            28.07309,-26.309762,1552            28.073095,-26.309751,1552            28.073101,-26.30974,1552            28.073107,-26.309731,1552            28.073114,-26.309722,1552.1            28.073119,-26.309713,1552.1            28.073123,-26.309704,1552.1            28.073128,-26.309695,1552.1            28.073133,-26.309687,1552.1            28.073138,-26.309678,1552.1            28.073143,-26.309669,1552.2            28.073148,-26.309658,1552.2            28.073154,-26.309648,1552.2            28.073161,-26.309639,1552.2            28.073167,-26.309629,1552.2            28.073173,-26.30962,1552.3            28.073178,-26.30961,1552.3            28.073184,-26.309599,1552.3            28.073189,-26.309588,1552.3            28.073196,-26.309577,1552.4            28.073202,-26.309566,1552.4            28.073208,-26.309556,1552.4            28.073213,-26.309545,1552.4            28.073217,-26.309534,1552.5            28.073222,-26.309523,1552.5            28.073226,-26.309511,1552.5            28.073232,-26.3095,1552.5            28.073236,-26.309488,1552.5            28.073241,-26.309477,1552.6            28.073245,-26.309467,1552.6            28.07325,-26.309457,1552.6            28.073254,-26.309448,1552.6            28.073257,-26.309439,1552.6            28.073261,-26.309428,1552.7            28.073263,-26.309418,1552.7            28.073267,-26.309409,1552.7            28.073271,-26.3094,1552.7            28.073274,-26.30939,1552.7            28.073277,-26.309381,1552.8            28.073279,-26.309372,1552.8            28.073281,-26.309362,1552.8            28.073284,-26.309351,1552.8            28.073287,-26.30934,1552.9            28.07329,-26.309329,1552.9            28.073293,-26.309317,1552.9            28.073295,-26.309307,1552.9            28.073297,-26.309296,1553            28.073298,-26.309287,1553            28.0733,-26.309277,1553            28.073302,-26.309268,1553            28.073306,-26.309257,1553            28.07331,-26.309247,1553.1            28.073314,-26.309237,1553.1            28.073318,-26.309227,1553.1            28.073323,-26.309214,1553.1            28.073327,-26.309201,1553.2            28.073331,-26.309188,1553.2            28.073333,-26.309177,1553.2            28.073335,-26.309167,1553.3            28.073338,-26.309158,1553.3            28.073342,-26.309149,1553.3            28.073346,-26.309139,1553.3            28.073349,-26.309131,1553.3            28.073352,-26.309122,1553.4            28.073355,-26.309113,1553.4            28.073358,-26.309105,1553.4            28.073357,-26.309097,1553.4            28.073356,-26.309089,1553.4            28.073358,-26.309079,1553.5            28.073358,-26.30907,1553.5            28.073356,-26.309059,1553.5            28.073355,-26.309048,1553.5            28.073354,-26.309038,1553.6            28.073353,-26.309027,1553.6            28.073353,-26.309017,1553.6            28.073353,-26.309007,1553.7            28.073354,-26.308998,1553.7            28.073352,-26.308991,1553.7            28.073351,-26.308983,1553.8            28.073353,-26.308976,1553.8            28.073355,-26.308968,1553.8            28.073358,-26.30896,1553.8            28.073361,-26.308951,1553.9            28.073365,-26.308942,1553.9            28.07337,-26.308933,1553.9            28.073375,-26.308922,1554            28.07338,-26.308912,1554            28.073386,-26.308901,1554            28.073392,-26.308889,1554.1            28.073397,-26.308878,1554.1            28.073402,-26.308867,1554.2            28.073407,-26.308857,1554.2            28.073413,-26.308849,1554.3            28.07342,-26.30884,1554.3            28.073429,-26.308832,1554.3            28.073438,-26.308824,1554.4            28.07345,-26.308817,1554.4            28.073461,-26.308811,1554.5            28.073479,-26.308805,1554.5            28.073495,-26.308801,1554.6            28.07351,-26.308796,1554.6            28.073526,-26.308792,1554.7            28.073543,-26.308788,1554.8            28.073559,-26.308785,1554.8            28.073576,-26.308781,1554.9            28.073592,-26.308779,1554.9            28.073606,-26.308776,1555            28.073616,-26.308774,1555            28.073622,-26.308771,1555            28.073628,-26.308768,1555.1            28.073634,-26.308765,1555.1            28.073638,-26.308763,1555.1            28.07364,-26.308761,1555.1            28.073641,-26.308763,1555.1            28.073643,-26.308765,1555.1            28.073646,-26.308767,1555.1            28.073649,-26.308768,1555.2            28.073652,-26.308768,1555.2            28.073656,-26.308766,1555.2            28.07366,-26.308763,1555.2            28.073665,-26.308759,1555.2            28.07367,-26.308754,1555.3            28.073676,-26.308749,1555.3            28.073682,-26.308743,1555.3            28.073687,-26.308739,1555.3            28.073691,-26.308733,1555.4            28.073695,-26.308727,1555.4            28.073698,-26.30872,1555.4            28.073702,-26.308712,1555.5            28.073707,-26.308703,1555.5            28.07371,-26.308693,1555.5            28.073714,-26.308684,1555.6            28.073718,-26.308673,1555.6            28.073721,-26.308662,1555.7            28.073726,-26.308651,1555.7            28.073731,-26.30864,1555.8            28.073736,-26.308631,1555.8            28.07374,-26.308622,1555.8            28.073744,-26.308614,1555.9            28.073748,-26.308606,1555.9            28.073751,-26.308599,1556            28.073755,-26.308591,1556            28.073758,-26.308583,1556            28.073761,-26.308575,1556.1            28.073765,-26.308564,1556.1            28.073769,-26.308553,1556.2            28.073773,-26.308543,1556.2            28.073776,-26.308534,1556.2            28.073778,-26.308525,1556.3            28.07378,-26.308515,1556.3            28.073779,-26.308507,1556.4            28.073779,-26.308499,1556.4            28.073781,-26.30849,1556.4            28.073784,-26.308483,1556.5            28.073787,-26.308478,1556.5            28.073789,-26.308475,1556.5            28.073794,-26.308472,1556.5            28.073798,-26.30847,1556.5            28.073802,-26.30847,1556.6            28.073807,-26.308471,1556.6            28.073812,-26.308472,1556.6            28.073819,-26.308473,1556.6            28.073827,-26.308474,1556.6            28.073836,-26.308475,1556.7            28.073845,-26.308475,1556.7            28.073856,-26.308475,1556.8            28.073866,-26.308474,1556.8            28.073877,-26.308474,1556.8            28.073889,-26.308474,1556.9            28.073903,-26.308475,1556.9            28.073916,-26.308476,1557            28.073929,-26.308477,1557            28.073944,-26.308478,1557.1            28.07396,-26.308478,1557.2            28.073977,-26.308477,1557.2            28.073994,-26.308477,1557.3            28.07401,-26.308476,1557.3            28.074025,-26.308477,1557.4            28.074039,-26.308478,1557.5            28.074052,-26.308479,1557.5            28.074065,-26.308479,1557.5            28.074078,-26.308481,1557.6            28.074091,-26.308484,1557.6            28.074103,-26.308487,1557.7            28.074114,-26.308491,1557.8            28.074125,-26.308495,1557.8            28.074136,-26.3085,1557.1            28.074149,-26.308505,1557.2            28.07416,-26.308511,1557.2            28.074171,-26.308515,1557.3            28.074182,-26.308519,1557.3            28.074194,-26.308521,1557.5            28.074205,-26.308524,1557.6            28.074218,-26.308528,1557.6            28.07423,-26.308533,1557.6            28.074241,-26.308537,1557.4            28.074251,-26.308541,1557.4            28.074261,-26.308544,1557.5            28.074271,-26.308548,1557.5            28.074282,-26.308551,1557.8            28.074292,-26.308554,1557.9            28.074302,-26.308557,1557.9            28.074312,-26.308559,1558            28.074322,-26.308562,1558.3            28.074332,-26.308564,1558.3            28.074344,-26.308567,1558.4            28.074355,-26.308571,1558.4            28.074366,-26.308575,1558.4            28.074377,-26.308578,1558.4            28.074389,-26.308582,1558.4            28.074401,-26.308587,1558.5            28.074413,-26.308592,1558.7            28.074425,-26.308596,1558.7            28.074436,-26.308601,1558.8            28.074448,-26.308604,1558.9            28.074459,-26.308607,1559            28.07447,-26.30861,1559            28.074482,-26.308612,1559            28.074494,-26.308615,1559            28.074505,-26.308618,1559            28.074517,-26.308621,1559            28.07453,-26.308624,1558.9            28.074542,-26.308626,1558.9            28.074553,-26.308628,1558.9            28.074563,-26.30863,1558.9            28.074574,-26.308632,1558.9            28.074586,-26.308633,1558.9            28.074597,-26.308634,1558.9            28.074609,-26.308636,1558.9            28.074622,-26.308636,1558.9            28.074634,-26.308637,1558.9            28.074645,-26.308637,1558.9            28.074656,-26.308638,1558.9            28.074666,-26.308639,1558.9            28.074677,-26.308642,1558.9            28.074687,-26.308645,1558.9            28.0747,-26.308646,1558.9            28.074712,-26.308648,1558.8            28.074722,-26.30865,1558.8            28.074731,-26.308653,1558.8            28.07474,-26.308656,1558.8            28.074749,-26.308659,1558.8            28.074758,-26.308662,1558.8            28.074769,-26.308666,1558.8            28.074778,-26.30867,1558.8            28.074787,-26.308674,1558.8            28.074795,-26.308678,1558.8            28.074803,-26.308681,1558.8            28.074809,-26.308683,1558.8            28.074815,-26.308685,1558.8            28.074819,-26.308686,1558.8            28.074822,-26.308686,1558.7            28.074825,-26.308688,1558.7            28.074826,-26.308688,1558.7            28.074828,-26.308689,1558.7            28.07483,-26.308688,1558.7            28.074834,-26.308689,1558.7            28.074839,-26.30869,1558.7            28.074845,-26.308691,1558.7            28.074852,-26.308692,1558.7            28.07486,-26.308693,1558.7            28.074868,-26.308694,1558.7            28.074878,-26.308694,1558.7            28.074887,-26.308695,1558.7            28.074898,-26.308697,1558.7            28.07491,-26.308699,1558.7            28.074921,-26.308702,1558.7            28.074934,-26.308705,1558.7            28.074947,-26.308707,1558.7            28.074962,-26.308708,1558.7            28.074977,-26.308709,1558.7            28.074991,-26.308711,1558.7            28.075004,-26.308715,1558.7            28.075017,-26.308719,1558.7            28.075029,-26.308723,1558.7            28.07504,-26.308728,1558.7            28.07505,-26.308732,1558.7            28.07506,-26.308736,1558.7            28.075069,-26.30874,1558.7            28.075078,-26.308745,1558.7            28.075087,-26.308751,1558.7            28.075098,-26.308756,1558.7            28.075108,-26.308762,1558.7            28.075118,-26.308768,1558.7            28.075128,-26.308774,1558.7            28.075137,-26.30878,1558.7            28.075146,-26.308786,1558.7            28.075154,-26.308791,1558.7            28.075163,-26.308797,1558.7            28.075175,-26.308801,1558.7            28.075185,-26.308804,1558.7            28.075194,-26.308807,1558.7            28.075205,-26.30881,1558.7            28.075216,-26.308814,1558.8            28.075227,-26.308819,1558.8            28.075238,-26.308825,1558.8            28.075249,-26.308831,1558.8            28.07526,-26.308836,1558.8            28.075271,-26.308841,1558.8            28.075282,-26.308847,1558.8            28.075292,-26.308853,1558.8            28.075303,-26.308858,1558.8            28.075313,-26.308863,1558.8            28.075323,-26.308868,1558.8            28.075334,-26.308872,1558.8            28.075344,-26.308876,1558.8            28.075354,-26.30888,1558.8            28.075364,-26.308884,1558.9            28.075376,-26.308888,1558.9            28.075387,-26.308892,1558.9            28.075399,-26.308895,1558.9            28.07541,-26.308898,1558.9            28.075421,-26.3089,1558.9            28.075432,-26.308903,1558.9            28.075442,-26.308904,1558.9            28.075452,-26.308906,1558.9            28.07546,-26.308908,1558.9            28.075467,-26.30891,1558.9            28.075475,-26.308913,1558.9            28.075482,-26.308915,1558.9            28.07549,-26.308917,1558.9            28.075499,-26.30892,1558.9            28.07551,-26.308922,1558.9            28.075519,-26.308924,1558.9            28.075527,-26.308927,1558.9            28.075536,-26.30893,1558.9            28.075544,-26.308933,1558.9            28.075554,-26.308936,1558.9            28.075563,-26.30894,1558.9            28.075573,-26.308943,1558.9            28.075583,-26.308948,1558.9            28.075594,-26.308953,1558.9            28.075603,-26.308959,1558.9            28.075612,-26.308965,1558.9            28.075622,-26.308972,1558.9            28.075633,-26.308978,1558.9            28.075644,-26.308983,1558.9            28.075655,-26.308988,1558.9            28.075667,-26.308993,1558.9            28.075679,-26.308997,1558.9            28.07569,-26.309003,1558.9            28.0757,-26.309008,1558.9            28.075712,-26.309015,1558.9            28.075724,-26.309021,1558.9            28.075736,-26.309028,1558.9            28.07575,-26.309034,1558.9            28.075762,-26.30904,1558.9            28.075775,-26.309045,1558.9            28.075786,-26.30905,1558.9            28.075798,-26.309055,1558.9            28.075808,-26.309063,1558.9            28.075818,-26.30907,1558.9            28.075828,-26.309076,1558.9            28.075837,-26.309081,1558.9            28.07585,-26.309087,1558.9            28.075863,-26.309092,1558.9            28.075875,-26.309098,1558.9            28.075889,-26.309103,1558.9            28.075903,-26.309108,1558.9            28.075914,-26.309114,1558.9            28.075924,-26.309119,1558.9            28.075931,-26.309125,1558.9            28.075939,-26.309131,1558.9            28.075949,-26.309135,1558.9            28.075958,-26.309139,1558.9            28.075968,-26.309143,1558.9            28.075978,-26.309147,1558.9            28.075987,-26.309152,1558.9            28.075997,-26.309157,1558.9            28.076008,-26.309161,1558.8            28.076019,-26.309166,1558.8            28.076031,-26.309172,1558.8            28.076042,-26.309178,1558.8            28.076054,-26.309185,1558.8            28.076065,-26.309191,1558.8            28.076076,-26.309195,1558.8            28.076085,-26.3092,1558.8            28.076096,-26.309206,1558.8            28.076107,-26.309213,1558.8            28.076116,-26.30922,1558.8            28.076126,-26.309227,1558.8            28.076136,-26.309233,1558.8            28.076146,-26.309239,1558.8            28.076158,-26.309245,1558.8            28.076169,-26.309249,1558.8            28.076182,-26.309254,1558.8            28.076196,-26.309258,1558.8            28.07621,-26.309262,1558.8            28.076222,-26.309266,1558.8            28.076232,-26.30927,1558.8            28.076244,-26.309273,1558.7            28.076256,-26.309276,1558.7            28.076267,-26.30928,1558.7            28.076276,-26.309283,1558.7            28.076282,-26.309287,1558.7            28.076287,-26.309288,1558.7            28.076291,-26.30929,1558.7            28.076294,-26.309292,1558.7            28.076297,-26.309293,1558.7            28.076301,-26.309295,1558.7            28.076302,-26.309296,1558.7            28.076304,-26.309296,1558.7            28.076304,-26.309297,1558.7            28.076304,-26.309298,1558.7            28.076305,-26.309298,1558.7            28.076306,-26.309298,1558.7            28.076308,-26.309297,1558.7            28.07631,-26.309296,1558.7            28.076313,-26.309294,1558.7            28.076315,-26.309293,1558.7            28.076317,-26.309292,1558.7            28.076319,-26.309291,1558.7            28.076321,-26.309291,1558.7            28.076324,-26.309292,1558.7            28.076326,-26.309293,1558.7            28.076328,-26.309294,1558.7            28.07633,-26.309296,1558.7            28.076332,-26.309296,1558.7            28.076333,-26.309296,1558.7            28.076335,-26.309296,1558.7            28.076336,-26.309296,1558.7            28.076337,-26.309296,1558.7            28.076338,-26.309296,1558.7            28.076339,-26.309296,1558.7            28.076339,-26.309297,1558.7            28.076339,-26.309298,1558.7            28.07634,-26.309297,1558.7            28.076341,-26.309297,1558.7            28.076344,-26.309298,1558.7            28.076348,-26.309299,1558.7            28.076352,-26.309301,1558.7            28.076357,-26.309303,1558.7            28.076363,-26.309306,1558.7            28.076369,-26.309308,1558.8            28.076376,-26.309308,1558.8            28.076385,-26.309305,1558.8            28.076393,-26.309301,1558.8            28.076401,-26.309297,1558.8            28.076408,-26.309292,1558.8            28.076415,-26.309287,1558.9            28.076422,-26.309282,1558.9            28.07643,-26.309276,1558.9            28.076437,-26.309268,1559            28.076443,-26.309261,1559            28.076447,-26.309253,1559            28.076451,-26.309244,1559.1            28.076456,-26.309235,1559.1            28.076462,-26.309225,1559.1            28.076467,-26.309216,1559.2            28.076473,-26.309205,1559.2            28.076478,-26.309196,1559.3            28.076481,-26.309186,1559.3            28.076484,-26.309177,1559.3            28.076488,-26.309166,1559.4            28.076491,-26.309156,1559.4            28.076494,-26.309145,1559.5            28.076496,-26.309136,1559.5            28.076499,-26.309126,1559.6            28.076502,-26.309117,1559.6            28.076505,-26.309108,1559.7            28.076509,-26.3091,1559.7            28.076513,-26.309092,1559.8            28.076518,-26.309084,1559.8            28.076525,-26.309075,1559.9            28.076531,-26.309066,1559.9            28.076537,-26.309056,1560            28.076544,-26.309046,1560.1            28.076549,-26.309036,1560.1            28.076552,-26.309025,1560.2            28.076554,-26.309016,1560.3            28.076558,-26.309006,1560.3            28.076562,-26.308996,1560.4            28.076567,-26.308985,1560.5            28.076573,-26.308974,1560.5            28.076578,-26.308962,1560.6            28.076586,-26.308948,1560.7            28.076595,-26.308934,1560.8            28.076604,-26.308921,1560.9            28.076613,-26.308909,1561            28.076622,-26.308897,1561            28.076631,-26.308886,1561.1            28.076639,-26.308875,1561.2            28.076646,-26.308864,1561.3            28.076653,-26.308853,1561.4            28.076659,-26.308842,1561.4            28.076663,-26.308833,1561.5            28.076667,-26.308823,1561.5            28.07667,-26.308813,1561.6            28.076673,-26.308804,1561.7            28.076676,-26.308793,1561.7            28.07668,-26.308782,1561.8            28.076684,-26.308771,1561.9            28.076688,-26.308761,1561.9            28.076691,-26.308752,1562            28.076695,-26.308743,1562            28.076696,-26.308735,1562.1            28.076698,-26.308727,1562.1            28.076701,-26.308719,1562.2            28.076705,-26.30871,1562.2            28.076708,-26.308701,1562.3            28.076711,-26.30869,1562.3            28.076715,-26.308679,1562.4            28.076721,-26.308668,1562.5            28.076727,-26.308658,1562.5            28.076734,-26.308649,1562.6            28.076742,-26.308641,1562.7            28.076754,-26.308634,1562.7            28.076766,-26.308629,1562.8            28.076776,-26.308627,1562.8            28.076784,-26.308625,1562.9            28.07679,-26.308624,1562.9            28.076797,-26.308623,1563            28.076804,-26.308621,1563            28.076809,-26.308619,1563            28.076813,-26.308618,1563            28.076815,-26.308617,1563.1            28.076818,-26.308617,1563.1            28.07682,-26.308617,1563.1            28.076824,-26.308617,1563.1            28.076827,-26.308615,1563.1            28.07683,-26.308612,1563.1            28.076835,-26.308608,1563.2            28.076841,-26.308602,1563.2            28.076848,-26.308595,1563.3            28.076855,-26.308589,1563.3            28.076862,-26.308583,1563.3            28.076871,-26.308577,1563.4            28.07688,-26.30857,1563.4            28.076889,-26.308565,1563.5            28.076897,-26.308559,1563.5            28.076905,-26.308554,1563.6            28.076915,-26.308548,1563.6            28.076923,-26.308542,1563.6            28.076931,-26.308536,1563.7            28.076941,-26.308529,1563.7            28.07695,-26.308523,1563.8            28.07696,-26.308518,1563.8            28.07697,-26.308513,1563.8            28.076981,-26.308507,1563.9            28.076992,-26.308501,1563.9            28.077004,-26.308495,1563.9            28.077018,-26.308489,1564            28.077033,-26.308485,1564            28.077046,-26.308482,1564            28.077059,-26.308479,1564            28.077072,-26.308478,1564.1            28.077086,-26.308477,1564.1            28.077101,-26.308476,1564.1            28.077116,-26.308476,1564.1            28.077129,-26.308476,1564.1            28.077141,-26.308476,1564.1            28.077155,-26.308476,1564.2            28.077168,-26.308476,1564.2            28.077182,-26.308477,1564.2            28.077196,-26.308478,1564.2            28.077211,-26.308479,1564.2            28.077224,-26.30848,1564.2            28.077237,-26.308482,1564.2            28.07725,-26.308483,1564.2            28.077263,-26.308485,1564.1            28.077277,-26.308486,1564.1            28.077291,-26.308487,1564.1            28.077305,-26.308488,1564.1            28.077319,-26.30849,1564.1            28.077333,-26.308491,1564.1            28.077346,-26.308494,1564.1            28.077358,-26.308497,1564.1            28.077372,-26.308499,1564            28.077384,-26.308502,1564            28.077398,-26.308504,1564            28.077412,-26.308506,1564            28.077425,-26.308508,1564            28.077438,-26.308508,1564            28.07745,-26.308509,1564            28.077461,-26.308509,1564            28.077473,-26.30851,1564            28.077486,-26.308513,1564            28.077499,-26.308516,1564            28.077511,-26.308519,1563.9            28.077523,-26.308521,1563.9            28.077535,-26.308524,1563.9            28.077548,-26.308527,1563.9            28.077561,-26.30853,1563.9            28.077574,-26.308533,1563.9            28.077587,-26.308537,1563.9            28.077599,-26.308539,1563.9            28.077611,-26.308541,1563.9            28.077622,-26.308542,1563.9            28.077633,-26.308543,1563.9            28.077646,-26.308546,1563.9            28.077659,-26.308547,1563.9            28.077672,-26.308547,1563.9            28.077684,-26.308547,1563.9            28.077696,-26.308548,1563.9            28.077707,-26.308548,1563.9            28.077719,-26.308548,1563.9            28.077731,-26.308547,1563.9            28.077745,-26.308546,1563.9            28.077758,-26.308544,1563.9            28.077771,-26.308542,1563.9            28.077783,-26.308539,1563.9            28.077796,-26.308537,1563.9            28.077809,-26.308535,1563.9            28.077823,-26.308533,1563.9            28.077837,-26.308532,1563.9            28.077852,-26.308531,1563.9            28.077867,-26.30853,1563.9            28.077881,-26.308528,1563.9            28.077895,-26.308527,1563.9            28.077908,-26.308527,1563.9            28.077921,-26.308526,1563.9            28.077935,-26.308525,1563.9            28.077948,-26.308524,1563.9            28.07796,-26.308522,1563.9            28.077972,-26.308521,1563.9            28.077983,-26.30852,1563.9            28.077994,-26.30852,1563.9            28.078007,-26.308518,1563.9            28.07802,-26.308517,1563.9            28.078032,-26.308516,1563.9            28.078045,-26.308516,1563.9            28.078058,-26.308516,1563.9            28.07807,-26.308516,1563.9            28.078083,-26.308515,1563.9            28.078095,-26.308513,1563.9            28.078109,-26.308512,1563.9            28.078122,-26.308511,1563.9            28.078134,-26.308509,1563.9            28.078147,-26.308508,1563.9            28.078159,-26.308508,1564            28.078172,-26.308509,1564            28.078187,-26.308509,1564            28.078201,-26.30851,1564            28.078215,-26.30851,1564            28.078226,-26.30851,1564            28.078237,-26.308509,1564            28.078247,-26.30851,1564            28.078258,-26.308511,1564            28.078269,-26.308511,1564            28.078281,-26.308512,1564            28.078293,-26.308512,1564            28.078304,-26.308511,1564            28.078314,-26.308511,1564            28.078325,-26.308511,1564            28.078336,-26.30851,1564            28.078347,-26.308509,1564.1            28.078358,-26.308509,1564.1            28.078368,-26.308508,1564.1            28.078379,-26.308508,1564.1            28.07839,-26.308508,1564.1            28.078399,-26.308507,1564.1            28.078407,-26.308506,1564.1            28.078417,-26.308505,1564.1            28.078426,-26.308504,1564.1            28.078435,-26.308502,1564.1            28.078444,-26.3085,1564.1            28.078454,-26.308499,1564.1            28.078465,-26.308497,1564.1            28.078477,-26.308496,1564.1            28.078488,-26.308494,1564.1            28.078499,-26.308493,1564.1            28.078508,-26.308492,1564.1            28.078518,-26.308491,1564.1            28.07853,-26.30849,1564.1            28.078542,-26.308489,1564.1            28.078555,-26.308488,1564.1            28.078566,-26.308487,1564.1            28.078577,-26.308485,1564.2            28.078585,-26.308486,1564.2            28.078591,-26.308488,1564.2            28.078597,-26.308491,1564.2            28.078603,-26.308493,1564.2            28.078607,-26.308495,1564.2            28.078611,-26.308496,1564.2            28.078613,-26.308497,1564.2            28.078615,-26.308497,1564.2            28.078616,-26.308497,1564.2            28.078616,-26.308496,1564.2            28.078618,-26.308495,1564.2            28.078622,-26.308493,1564.2            28.078628,-26.308491,1564.2            28.078635,-26.30849,1564.2            28.078644,-26.308488,1564.2            28.078655,-26.308487,1564.2            28.078668,-26.308486,1564.2            28.078682,-26.308485,1564.2            28.078695,-26.308483,1564.2            28.078708,-26.308481,1564.2            28.078721,-26.308478,1564.2            28.078732,-26.308476,1564.2            28.078745,-26.308475,1564.2            28.078758,-26.308474,1564.2            28.078772,-26.308472,1564.2            28.078784,-26.308472,1564.2            28.078795,-26.30847,1564.2            28.078806,-26.308469,1564.2            28.078816,-26.308467,1564.2            28.078827,-26.308466,1564.2            28.07884,-26.308466,1564.3            28.078851,-26.308465,1564.3            28.078862,-26.308465,1564.3            28.078874,-26.308466,1564.3            28.078886,-26.308466,1564.3            28.078897,-26.308466,1564.3            28.078907,-26.308465,1564.3            28.078917,-26.308463,1564.3            28.078926,-26.308463,1564.3            28.078934,-26.308463,1564.3            28.078943,-26.308465,1564.3            28.078952,-26.308466,1564.3            28.07896,-26.308469,1564.3            28.078967,-26.308472,1564.3            28.078974,-26.308476,1564.3            28.078982,-26.308479,1564.4            28.078989,-26.308481,1564.4            28.078997,-26.308481,1564.4            28.079005,-26.308482,1564.4            28.079013,-26.308482,1564.4            28.07902,-26.308481,1564.4            28.079027,-26.30848,1564.4            28.079035,-26.308477,1564.4            28.079046,-26.308473,1564.4            28.079058,-26.308468,1564.4            28.07907,-26.308463,1564.5            28.07908,-26.30846,1564.5            28.079091,-26.308457,1564.5            28.079101,-26.308453,1564.5            28.079113,-26.308449,1564.5            28.079123,-26.308446,1564.6            28.079133,-26.308444,1564.6            28.079142,-26.308442,1564.6            28.079149,-26.308441,1564.6            28.079156,-26.308438,1564.6            28.079162,-26.308436,1564.6            28.079168,-26.308434,1564.6            28.079171,-26.308431,1564.7            28.079175,-26.30843,1564.7            28.079177,-26.308429,1564.7            28.079179,-26.308427,1564.7            28.079182,-26.308425,1564.7            28.079184,-26.308423,1564.7            28.079188,-26.308421,1564.7            28.079194,-26.308419,1564.7            28.0792,-26.308416,1564.7            28.079208,-26.308411,1564.8            28.079216,-26.308406,1564.8            28.079226,-26.308401,1564.8            28.079237,-26.308396,1564.8            28.079249,-26.308393,1564.9            28.079261,-26.30839,1564.9            28.079273,-26.308386,1564.9            28.079286,-26.308381,1565            28.079301,-26.308379,1565            28.079315,-26.308376,1565            28.079329,-26.308374,1565.1            28.079342,-26.308373,1565.1            28.079355,-26.308372,1565.1            28.079368,-26.30837,1565.1            28.079382,-26.308369,1565.2            28.079395,-26.308368,1565.2            28.079408,-26.308367,1565.2            28.079421,-26.308366,1565.2            28.079435,-26.308366,1565.3            28.079448,-26.308366,1565.3            28.079459,-26.308366,1565.3            28.079469,-26.308368,1565.3            28.079478,-26.308369,1565.3            28.079487,-26.30837,1565.4            28.079495,-26.308371,1565.4            28.079503,-26.308372,1565.4            28.079511,-26.308373,1565.4            28.07952,-26.308374,1565.4            28.079532,-26.308376,1565.4            28.079544,-26.308376,1565.4            28.079555,-26.308377,1565.4            28.079566,-26.308377,1565.5            28.079577,-26.308377,1565.5            28.079588,-26.308377,1565.5            28.079601,-26.308377,1565.5            28.079613,-26.308378,1565.5            28.079625,-26.308379,1565.5            28.079636,-26.30838,1565.5            28.079648,-26.308379,1565.5            28.07966,-26.308379,1565.6            28.079674,-26.308379,1565.6            28.079688,-26.30838,1565.6            28.079699,-26.308382,1565.6            28.079709,-26.308383,1565.6            28.07972,-26.308385,1565.6            28.079731,-26.308387,1565.6            28.079743,-26.308389,1565.7            28.079756,-26.30839,1565.7            28.07977,-26.308392,1565.7            28.079785,-26.308395,1565.7            28.079799,-26.308398,1565.7            28.079814,-26.3084,1565.8            28.079829,-26.308403,1565.8            28.079843,-26.308407,1565.8            28.079858,-26.308409,1565.8            28.079872,-26.30841,1565.8            28.079886,-26.308412,1565.9            28.079899,-26.308414,1565.9            28.079912,-26.308416,1565.9            28.079925,-26.308417,1565.9            28.079937,-26.308418,1565.9            28.079949,-26.308419,1565.9            28.079961,-26.308422,1566            28.079969,-26.308424,1566            28.079984,-26.308427,1566            28.079996,-26.308429,1566            28.080006,-26.308432,1566            28.080017,-26.308436,1566            28.080046,-26.308446,1566.1            28.080058,-26.308449,1566.1            28.08007,-26.308452,1566.1            28.080082,-26.308453,1566.1            28.080094,-26.308455,1566.1            28.080107,-26.308456,1566.2            28.080121,-26.308456,1566.2            28.080135,-26.308458,1566.2            28.080149,-26.308461,1566.2            28.080162,-26.308465,1566.2            28.080173,-26.308469,1566.3            28.080185,-26.308473,1566.3            28.080195,-26.308477,1566.3            28.080206,-26.308482,1566.3            28.080217,-26.308487,1566.3            28.080228,-26.308491,1566.3            28.08024,-26.308495,1566.4            28.080253,-26.308499,1566.4            28.080266,-26.308502,1566.4            28.080279,-26.308505,1566.4            28.080292,-26.308507,1566.4            28.080305,-26.308508,1566.5            28.080318,-26.30851,1566.5            28.080331,-26.308514,1566.5            28.080342,-26.308517,1566.5            28.080354,-26.30852,1566.5            28.080366,-26.308524,1566.5            28.080375,-26.308528,1566.5            28.080385,-26.308533,1566.5            28.080394,-26.308537,1566.6            28.080405,-26.308541,1566.6            28.080415,-26.308546,1566.6            28.080426,-26.308551,1566.6            28.080437,-26.308556,1566.6            28.080448,-26.30856,1566.6            28.08046,-26.308566,1566.6            28.080472,-26.308571,1566.6            28.080484,-26.308576,1566.6            28.080496,-26.30858,1566.6            28.080507,-26.308584,1566.6            28.080518,-26.308589,1566.6            28.080529,-26.308593,1566.6            28.08054,-26.308598,1566.6            28.080553,-26.308602,1566.7            28.080566,-26.308606,1566.7            28.080578,-26.30861,1566.7            28.080589,-26.308614,1566.7            28.0806,-26.308619,1566.7            28.080612,-26.308623,1566.7            28.080624,-26.308626,1566.7            28.080635,-26.30863,1566.7            28.080646,-26.308634,1566.7            28.080656,-26.308639,1566.7            28.080665,-26.308644,1566.7            28.080676,-26.30865,1566.7            28.080688,-26.308656,1566.7            28.080699,-26.308662,1566.7            28.08071,-26.308667,1566.7            28.080721,-26.308672,1566.7            28.080733,-26.308677,1566.8            28.080746,-26.308683,1566.8            28.080759,-26.308688,1566.8            28.080771,-26.308692,1566.8            28.080783,-26.308696,1566.8            28.080794,-26.308699,1566.8            28.080804,-26.308702,1566.8            28.080815,-26.308706,1566.8            28.080827,-26.30871,1566.8            28.080839,-26.308714,1566.8            28.08085,-26.308718,1566.8            28.080862,-26.308723,1566.8            28.080874,-26.308727,1566.8            28.080888,-26.308731,1566.8            28.080902,-26.308735,1566.8            28.080915,-26.308739,1566.8            28.080928,-26.308744,1566.8            28.080939,-26.308748,1566.8            28.08095,-26.308751,1566.9            28.080962,-26.308754,1566.9            28.080973,-26.308758,1566.9            28.080985,-26.308762,1566.9            28.080997,-26.308765,1566.9            28.081007,-26.308769,1566.9            28.081018,-26.308772,1566.9            28.08103,-26.308775,1566.9            28.081042,-26.308778,1566.9            28.081054,-26.308782,1566.9            28.081066,-26.308787,1566.9            28.081078,-26.308792,1566.9            28.08109,-26.308797,1566.9            28.081102,-26.3088,1566.9            28.081114,-26.308804,1567            28.081125,-26.308809,1567            28.081138,-26.308814,1567            28.08115,-26.308818,1567            28.081161,-26.308823,1567            28.081172,-26.308827,1567            28.081184,-26.308832,1567            28.081196,-26.308836,1567            28.081209,-26.308841,1567            28.081221,-26.308845,1567            28.081232,-26.308849,1567            28.081243,-26.308854,1567            28.081255,-26.308858,1567.1            28.081267,-26.308863,1567.1            28.08128,-26.308868,1567.1            28.081292,-26.308873,1567.1            28.081303,-26.308877,1567.1            28.081314,-26.308882,1567.1            28.081325,-26.308886,1567.1            28.081336,-26.30889,1567.1            28.081348,-26.308896,1567.1            28.081359,-26.308899,1567.1            28.081369,-26.308903,1567.1            28.08138,-26.308907,1567.2            28.081392,-26.308911,1567.2            28.081404,-26.308916,1567.2            28.081416,-26.30892,1567.2            28.081428,-26.308925,1567.2            28.08144,-26.308929,1567.2            28.081453,-26.308932,1567.2            28.081466,-26.308935,1567.2            28.081479,-26.308938,1567.2            28.081492,-26.308941,1567.2            28.081504,-26.308944,1567.2            28.081515,-26.308947,1567.2            28.081526,-26.308949,1567.2            28.081538,-26.308952,1567.2            28.081551,-26.308955,1567.3            28.081563,-26.308958,1567.3            28.081574,-26.30896,1567.3            28.081583,-26.30896,1567.3            28.081593,-26.308959,1567.3            28.081603,-26.308957,1567.3            28.081612,-26.308955,1567.3            28.08162,-26.308953,1567.4            28.081628,-26.30895,1567.4            28.081636,-26.308947,1567.4            28.081643,-26.308943,1567.4            28.08165,-26.308938,1567.4            28.081655,-26.308934,1567.4            28.081658,-26.30893,1567.4            28.081659,-26.308927,1567.4            28.081658,-26.308924,1567.4            28.081657,-26.308922,1567.4            28.081656,-26.308921,1567.4            28.081655,-26.30892,1567.4            28.081654,-26.308919,1567.4            28.081656,-26.308917,1567.4            28.081659,-26.308914,1567.5            28.081662,-26.308911,1567.5            28.081666,-26.308906,1567.5            28.081669,-26.3089,1567.5            28.081672,-26.308894,1567.5            28.081674,-26.308888,1567.5            28.081677,-26.30888,1567.5            28.081679,-26.308872,1567.5            28.08168,-26.308867,1567.6            28.081682,-26.308855,1567.6            28.081683,-26.308843,1567.6            28.081685,-26.308832,1567.6            28.081685,-26.308821,1567.7            28.081685,-26.30881,1567.7            28.081686,-26.3088,1567.7            28.081686,-26.308789,1567.7            28.081686,-26.308778,1567.7            28.081686,-26.308768,1567.8            28.081686,-26.308758,1567.8            28.081686,-26.30875,1567.8            28.081685,-26.308745,1567.8            28.081684,-26.308736,1567.8            28.081683,-26.308727,1567.9            28.081683,-26.308718,1567.9            28.081682,-26.308709,1567.9            28.081681,-26.308698,1567.9            28.081681,-26.308686,1568            28.081681,-26.308674,1568            28.081681,-26.308661,1568            28.081681,-26.308648,1568.1            28.081681,-26.308635,1568.1            28.081681,-26.308622,1568.1            28.081681,-26.308609,1568.2            28.081681,-26.308595,1568.2            28.081681,-26.308582,1568.2            28.081681,-26.308568,1568.3            28.08168,-26.308555,1568.3            28.08168,-26.308543,1568.4            28.08168,-26.308532,1568.4            28.081678,-26.308521,1568.5            28.081677,-26.30851,1568.5            28.081676,-26.308499,1568.5            28.081674,-26.308488,1568.6            28.081672,-26.308476,1568.6            28.08167,-26.308466,1568.7            28.081668,-26.308456,1568.7            28.081665,-26.308446,1568.7            28.081663,-26.308435,1568.8            28.081661,-26.308424,1568.8            28.08166,-26.308414,1568.8            28.081659,-26.308403,1568.9            28.081658,-26.308392,1568.9            28.081657,-26.308379,1569            28.081656,-26.308367,1569            28.081656,-26.308356,1569.1            28.081656,-26.308345,1569.1            28.081654,-26.308334,1569.2            28.081653,-26.308323,1569.2            28.081652,-26.308312,1569.3            28.081651,-26.3083,1569.3            28.08165,-26.308289,1569.4            28.081648,-26.30828,1569.4            28.081646,-26.30827,1569.4            28.081645,-26.308259,1569.5            28.081645,-26.308248,1569.5            28.081646,-26.308236,1569.6            28.081646,-26.308224,1569.6            28.081645,-26.308211,1569.7            28.081645,-26.308199,1569.7            28.081646,-26.308187,1569.8            28.081647,-26.308175,1569.8            28.081647,-26.308162,1569.9            28.081648,-26.308149,1569.9            28.081647,-26.308137,1570            28.081647,-26.308126,1570            28.081648,-26.308115,1570            28.081647,-26.308103,1570.1            28.081646,-26.308091,1570.1            28.081646,-26.308078,1570.2            28.081647,-26.308067,1570.2            28.081646,-26.308057,1570.2            28.081647,-26.308047,1570.3            28.081648,-26.308037,1570.3            28.081648,-26.308026,1570.4            28.081647,-26.308015,1570.4            28.081645,-26.308003,1570.4            28.081643,-26.307994,1570.5            28.08164,-26.307986,1570.5            28.081637,-26.30798,1570.5            28.081635,-26.307971,1570.5            28.081633,-26.307963,1570.6            28.081632,-26.307954,1570.6            28.081631,-26.307945,1570.6            28.08163,-26.307935,1570.7            28.081629,-26.307926,1570.7            28.081629,-26.307916,1570.7            28.08163,-26.307905,1570.8            28.081632,-26.307895,1570.8            28.081633,-26.307884,1570.8            28.081634,-26.307872,1570.9            28.081635,-26.307859,1570.9            28.081637,-26.307847,1571            28.08164,-26.307838,1571            28.081641,-26.30783,1571            28.081643,-26.307823,1571            28.081645,-26.307815,1571.1            28.081646,-26.307805,1571.1            28.081647,-26.307795,1571.1            28.081649,-26.307785,1571.2            28.081649,-26.307773,1571.2            28.081647,-26.307762,1571.3            28.081645,-26.307751,1571.3            28.081643,-26.30774,1571.3            28.081642,-26.307729,1571.4            28.081641,-26.307718,1571.4            28.08164,-26.307706,1571.5            28.081637,-26.307695,1571.5            28.081637,-26.307683,1571.6            28.081636,-26.307671,1571.6            28.081634,-26.307658,1571.6            28.081632,-26.307646,1571.7            28.08163,-26.307635,1571.7            28.081629,-26.307623,1571.8            28.081627,-26.307611,1571.8            28.081627,-26.307598,1571.9            28.081628,-26.307586,1571.9            28.081628,-26.307575,1571.9            28.081629,-26.307564,1572            28.081631,-26.307554,1572            28.081634,-26.307545,1572.1            28.081637,-26.307535,1572.1            28.08164,-26.307526,1572.1            28.081644,-26.307518,1572.2            28.081647,-26.307513,1572.2            28.081653,-26.307502,1572.2            28.081661,-26.307492,1572.3            28.081669,-26.307483,1572.3            28.081679,-26.307477,1572.3            28.081689,-26.307472,1572.4            28.081698,-26.307468,1572.4            28.081709,-26.307467,1572.4            28.081721,-26.307466,1572.5            28.081736,-26.307465,1572.5            28.08175,-26.307464,1572.6            28.081764,-26.307463,1572.6            28.081778,-26.307462,1572.7            28.081793,-26.307461,1572.7            28.081807,-26.307459,1572.7            28.081821,-26.307458,1572.8            28.081834,-26.307458,1572.8            28.081846,-26.307457,1572.8            28.081857,-26.307456,1572.9            28.081868,-26.307455,1572.9            28.081879,-26.307454,1572.9            28.081891,-26.307453,1572.9            28.081904,-26.307452,1573            28.081916,-26.307452,1573            28.081928,-26.307451,1573            28.081939,-26.307451,1573.1            28.081952,-26.307451,1573.1            28.081965,-26.307452,1573.1            28.081979,-26.307454,1573.2            28.081991,-26.307456,1573.2            28.082003,-26.307457,1573.2            28.082014,-26.307457,1573.2            28.082026,-26.307458,1573.3            28.082039,-26.307457,1573.3            28.082052,-26.307455,1573.3            28.082065,-26.307455,1573.4            28.082076,-26.307454,1573.4            28.082087,-26.307452,1573.4            28.082099,-26.307452,1573.5            28.082112,-26.307451,1573.5            28.082124,-26.307452,1573.5            28.082137,-26.307454,1573.6            28.08215,-26.307457,1573.6            28.082161,-26.307458,1573.6            28.082172,-26.307458,1573.6            28.082184,-26.307457,1573.7            28.082198,-26.307455,1573.7            28.082212,-26.307453,1573.7            28.082225,-26.307451,1573.8            28.082238,-26.307451,1573.8            28.08225,-26.307451,1573.8            28.082263,-26.307453,1573.9            28.082277,-26.307453,1573.9            28.08229,-26.307453,1573.9            28.082302,-26.307451,1574            28.082313,-26.307449,1574            28.082324,-26.307446,1574            28.082335,-26.307443,1574            28.082346,-26.307441,1574.1            28.082359,-26.307439,1574.1            28.082372,-26.307439,1574.1            28.082384,-26.307439,1574.2            28.082395,-26.307439,1574.2            28.082406,-26.307438,1574.2            28.082418,-26.307435,1574.2            28.082431,-26.307432,1574.3            28.082443,-26.30743,1574.3            28.082454,-26.307428,1574.3            28.082466,-26.307426,1574.3            28.082479,-26.307423,1574.4            28.082492,-26.30742,1574.4            28.082504,-26.307417,1574.4            28.082516,-26.307415,1574.4            28.082528,-26.307413,1574.5            28.082539,-26.307412,1574.5            28.08255,-26.30741,1574.5            28.082561,-26.307408,1574.5            28.082572,-26.307405,1574.6            28.082584,-26.307399,1574.6            28.082595,-26.307393,1574.6            28.082604,-26.307385,1574.7            28.082613,-26.307376,1574.7            28.08262,-26.307366,1574.8            28.082627,-26.307355,1574.8            28.082632,-26.307344,1574.8            28.082637,-26.307332,1574.9            28.08264,-26.307321,1574.9            28.082644,-26.30731,1575            28.082646,-26.3073,1575            28.082648,-26.30729,1575.1            28.082649,-26.307279,1575.1            28.082649,-26.307268,1575.1            28.082649,-26.307257,1575.2            28.082648,-26.307246,1575.2            28.082649,-26.307235,1575.3            28.08265,-26.307223,1575.3            28.08265,-26.30721,1575.4            28.082651,-26.307197,1575.4            28.082653,-26.307185,1575.4            28.082656,-26.307173,1575.5            28.082659,-26.307162,1575.5            28.082661,-26.307152,1575.6            28.082663,-26.307141,1575.6            28.082664,-26.307129,1575.7            28.082666,-26.307118,1575.7            28.082668,-26.307109,1575.8            28.082669,-26.307103,1575.8            28.082669,-26.307099,1575.8            28.082669,-26.307096,1575.8            28.082669,-26.307094,1575.8            28.082669,-26.307092,1575.8            28.08267,-26.307088,1575.9            28.082671,-26.307084,1575.9            28.082672,-26.307077,1575.9            28.082673,-26.30707,1575.9            28.082675,-26.307061,1576            28.082677,-26.307051,1576            28.08268,-26.30704,1576.1            28.082682,-26.307028,1576.1            28.082684,-26.307015,1576.2            28.082686,-26.307004,1576.2            28.082689,-26.306993,1576.3            28.082692,-26.306981,1576.3            28.082693,-26.306969,1576.4            28.082695,-26.306957,1576.5            28.082695,-26.306947,1576.5            28.082695,-26.306938,1576.5            28.082696,-26.306928,1576.6            28.082696,-26.306917,1576.6            28.082697,-26.306907,1576.7            28.082699,-26.306898,1576.7            28.082699,-26.306888,1576.8            28.082699,-26.306879,1576.8            28.0827,-26.306872,1576.9            28.0827,-26.306865,1576.9            28.082701,-26.306861,1576.9            28.082701,-26.306858,1576.9            28.082701,-26.306848,1577            28.082702,-26.306838,1577            28.082704,-26.306829,1577.1            28.082706,-26.30682,1577.1            28.082708,-26.306809,1577.2            28.082711,-26.306799,1577.2            28.082713,-26.306789,1577.3            28.082716,-26.306778,1577.3            28.082719,-26.306768,1577.4            28.082722,-26.306756,1577.4            28.082726,-26.306744,1577.5            28.08273,-26.306732,1577.5            28.082732,-26.30672,1577.6            28.082735,-26.306708,1577.6            28.082737,-26.306696,1577.7            28.08274,-26.306683,1577.7            28.082743,-26.306671,1577.8            28.082745,-26.306659,1577.9            28.082747,-26.306649,1577.9            28.082749,-26.306638,1577.9            28.08275,-26.306627,1578            28.082751,-26.306615,1578            28.082752,-26.306604,1578.1            28.082753,-26.306594,1578.1            28.082753,-26.306583,1578.2            28.082755,-26.306572,1578.2            28.082756,-26.306559,1578.2            28.082757,-26.306545,1578.3            28.082759,-26.306533,1578.3            28.08276,-26.306521,1578.4            28.08276,-26.30651,1578.4            28.082761,-26.306499,1578.5            28.082761,-26.306489,1578.5            28.082762,-26.306478,1578.6            28.082764,-26.306467,1578.6            28.082765,-26.306457,1578.6            28.082767,-26.306447,1578.7            28.082768,-26.306437,1578.7            28.082769,-26.306426,1578.8            28.08277,-26.306413,1578.8            28.082772,-26.306402,1578.9            28.082774,-26.306391,1578.9            28.082776,-26.306381,1578.9            28.082778,-26.30637,1579            28.082781,-26.306359,1579            28.082784,-26.306348,1579.1            28.082788,-26.306337,1579.1            28.082791,-26.306326,1579.2            28.082793,-26.306315,1579.2            28.082795,-26.306304,1579.2            28.082796,-26.306293,1579.3            28.082798,-26.306281,1579.3            28.082801,-26.306269,1579.4            28.082802,-26.306258,1579.4            28.082804,-26.306247,1579.5            28.082805,-26.306236,1579.5            28.082807,-26.306224,1579.6            28.082809,-26.306212,1579.6            28.082811,-26.306201,1579.7            28.082813,-26.30619,1579.7            28.082816,-26.30618,1579.8            28.082818,-26.306169,1579.8            28.08282,-26.306158,1579.8            28.082822,-26.306145,1579.9            28.082824,-26.306134,1579.9            28.082825,-26.306122,1580            28.082826,-26.30611,1580            28.082825,-26.306098,1580.1            28.082824,-26.306084,1580.1            28.082824,-26.306071,1580.2            28.082824,-26.306059,1580.3            28.082824,-26.306047,1580.3            28.082825,-26.306036,1580.3            28.082827,-26.306026,1580.4            28.082828,-26.306016,1580.4            28.082829,-26.306006,1580.5            28.082831,-26.305996,1580.5            28.082834,-26.305987,1580.5            28.082837,-26.305978,1580.6            28.08284,-26.305968,1580.6            28.082844,-26.305959,1580.7            28.082849,-26.305951,1580.7            28.082853,-26.305944,1580.7            28.082859,-26.305937,1580.8            28.082869,-26.305931,1580.8            28.08288,-26.305925,1580.8            28.082892,-26.305922,1580.9            28.082905,-26.30592,1580.9            28.082917,-26.30592,1581            28.082927,-26.30592,1581            28.082937,-26.30592,1581            28.082947,-26.305918,1581            28.082958,-26.305917,1581.1            28.082971,-26.305916,1581.1            28.082986,-26.305915,1581.1            28.083001,-26.305914,1581.2            28.083016,-26.305914,1581.2            28.083031,-26.305915,1581.2            28.083047,-26.305916,1581.2            28.083062,-26.305918,1581.2            28.083077,-26.30592,1581.2            28.083091,-26.305922,1581.3            28.083105,-26.305925,1581.3            28.083119,-26.305929,1581.3            28.083133,-26.305933,1581.3            28.083148,-26.305936,1581.3            28.083162,-26.305939,1581.3            28.083177,-26.305943,1581.3            28.08319,-26.305947,1581.4            28.083202,-26.305952,1581.4            28.083214,-26.305955,1581.4            28.083226,-26.305958,1581.4            28.083237,-26.305961,1581.4            28.083248,-26.305964,1581.4            28.083259,-26.305966,1581.4            28.083272,-26.305968,1581.5            28.083286,-26.305969,1581.5            28.083299,-26.305971,1581.5            28.083311,-26.305972,1581.5            28.083322,-26.305975,1581.5            28.083333,-26.305978,1581.5            28.083344,-26.305981,1581.5            28.083355,-26.305984,1581.6            28.083368,-26.305986,1581.6            28.083381,-26.305989,1581.6            28.083393,-26.305992,1581.6            28.083406,-26.305994,1581.6            28.083419,-26.305995,1581.6            28.083431,-26.305996,1581.7            28.083444,-26.305998,1581.7            28.083458,-26.305999,1581.7            28.083472,-26.306,1581.7            28.083485,-26.306002,1581.7            28.083498,-26.306003,1581.7            28.083511,-26.306005,1581.7            28.083524,-26.306007,1581.7            28.083536,-26.306009,1581.8            28.083548,-26.306011,1581.8            28.083561,-26.306013,1581.8            28.083573,-26.306015,1581.8            28.083585,-26.306016,1581.8            28.083598,-26.306018,1581.8            28.083611,-26.306021,1581.8            28.083624,-26.306023,1581.8            28.083637,-26.306027,1581.8            28.08365,-26.30603,1581.8            28.083663,-26.306033,1581.8            28.083676,-26.306036,1581.8            28.083688,-26.30604,1581.8            28.083699,-26.306043,1581.8            28.08371,-26.306045,1581.8            28.083722,-26.306047,1581.8            28.083735,-26.306049,1581.8            28.083748,-26.30605,1581.8            28.083761,-26.306051,1581.8            28.083773,-26.306053,1581.8            28.083785,-26.306054,1581.8            28.083796,-26.306056,1581.8            28.083806,-26.306058,1581.8            28.083817,-26.30606,1581.8            28.083828,-26.306061,1581.8            28.08384,-26.306061,1581.8            28.083853,-26.306061,1581.8            28.083866,-26.306061,1581.8            28.08388,-26.306061,1581.8            28.083893,-26.30606,1581.8            28.083908,-26.30606,1581.8            28.083923,-26.30606,1581.8            28.083937,-26.30606,1581.8            28.08395,-26.30606,1581.8            28.083964,-26.306059,1581.8            28.083976,-26.306059,1581.8            28.083989,-26.306057,1581.8            28.084004,-26.306056,1581.8            28.084021,-26.306055,1581.8            28.084037,-26.306053,1581.8            28.084053,-26.30605,1581.8            28.084069,-26.306049,1581.8            28.084084,-26.306048,1581.8            28.084098,-26.306047,1581.7            28.084111,-26.306048,1581.7            28.084126,-26.306049,1581.7            28.084141,-26.306051,1581.7            28.084155,-26.306053,1581.7            28.084168,-26.306055,1581.7            28.08418,-26.306058,1581.7            28.084191,-26.30606,1581.6            28.084201,-26.306061,1581.6            28.084211,-26.306061,1581.6            28.084222,-26.306061,1581.6            28.084232,-26.30606,1581.6            28.084239,-26.30606,1581.6            28.084243,-26.306059,1581.6            28.084246,-26.306058,1581.6            28.084249,-26.306058,1581.6            28.084253,-26.306058,1581.6            28.084259,-26.306059,1581.6            28.084266,-26.30606,1581.6            28.084274,-26.306061,1581.6            28.084284,-26.306063,1581.5            28.084295,-26.306064,1581.5            28.084307,-26.306065,1581.5            28.08432,-26.306067,1581.5            28.084334,-26.306067,1581.5            28.084346,-26.306068,1581.5            28.084358,-26.306068,1581.5            28.08437,-26.306069,1581.4            28.084383,-26.30607,1581.4            28.084397,-26.306072,1581.4            28.084411,-26.306074,1581.4            28.084426,-26.306076,1581.4            28.08444,-26.306077,1581.4            28.084454,-26.306078,1581.3            28.084468,-26.306079,1581.3            28.084482,-26.306081,1581.3            28.084497,-26.306084,1581.3            28.084512,-26.306088,1581.2            28.084527,-26.306091,1581.2            28.084542,-26.306094,1581.2            28.084558,-26.306098,1581.2            28.084573,-26.306102,1581.2            28.084587,-26.306105,1581.1            28.0846,-26.306109,1581.1            28.084613,-26.306114,1581.1            28.084627,-26.306119,1581.1            28.084641,-26.306124,1581.1            28.084655,-26.306128,1581            28.084668,-26.306131,1581            28.084683,-26.306133,1581            28.084697,-26.306136,1581            28.08471,-26.30614,1581            28.084724,-26.306144,1581            28.084738,-26.306147,1580.9            28.084753,-26.306151,1580.9            28.084768,-26.306154,1580.9            28.084782,-26.306158,1580.9            28.084796,-26.306161,1580.9            28.08481,-26.306165,1580.8            28.084824,-26.306168,1580.8            28.084838,-26.306171,1580.8            28.08485,-26.306174,1580.8            28.084862,-26.306177,1580.8            28.084874,-26.306179,1580.8            28.084885,-26.306182,1580.7            28.084898,-26.306184,1580.7            28.084912,-26.306185,1580.7            28.084926,-26.306186,1580.7            28.08494,-26.306186,1580.7            28.084953,-26.306187,1580.7            28.084966,-26.30619,1580.7            28.084979,-26.306193,1580.6            28.084993,-26.306196,1580.6            28.085007,-26.3062,1580.6            28.08502,-26.306204,1580.6            28.085034,-26.306207,1580.6            28.085049,-26.30621,1580.6            28.085063,-26.306213,1580.6            28.085077,-26.306214,1580.6            28.085091,-26.306215,1580.5            28.085104,-26.306217,1580.5            28.085118,-26.306219,1580.5            28.085132,-26.306222,1580.5            28.085145,-26.306224,1580.5            28.085158,-26.306227,1580.5            28.085171,-26.30623,1580.5            28.085183,-26.306233,1580.5            28.085195,-26.306235,1580.5            28.085208,-26.306238,1580.5            28.08522,-26.306241,1580.5            28.085233,-26.306245,1580.5            28.085247,-26.306249,1580.5            28.08526,-26.306252,1580.5            28.085272,-26.306255,1580.5            28.085284,-26.306258,1580.5            28.085297,-26.306261,1580.5            28.08531,-26.306266,1580.5            28.085323,-26.30627,1580.5            28.085336,-26.306274,1580.5            28.085348,-26.306278,1580.5            28.08536,-26.306283,1580.5            28.085371,-26.306286,1580.5            28.085384,-26.306289,1580.5            28.085396,-26.30629,1580.5            28.08541,-26.306292,1580.5            28.085422,-26.306293,1580.5            28.085435,-26.306294,1580.5            28.085447,-26.306295,1580.5            28.085458,-26.306297,1580.5            28.08547,-26.306299,1580.5            28.085481,-26.306302,1580.5            28.085494,-26.306303,1580.5            28.085507,-26.306305,1580.5            28.085521,-26.306305,1580.5            28.085536,-26.306307,1580.5            28.085549,-26.30631,1580.5            28.085562,-26.306313,1580.5            28.085576,-26.306316,1580.5            28.08559,-26.306319,1580.5            28.085604,-26.306322,1580.5            28.085617,-26.306325,1580.5            28.085631,-26.306327,1580.5            28.085644,-26.306329,1580.5            28.085655,-26.30633,1580.5            28.085668,-26.306331,1580.5            28.08568,-26.306331,1580.5            28.085693,-26.306332,1580.5            28.085704,-26.306334,1580.5            28.085716,-26.306335,1580.5            28.085728,-26.306337,1580.5            28.085739,-26.306339,1580.5            28.085751,-26.30634,1580.5            28.085763,-26.306341,1580.6            28.085776,-26.30634,1580.6            28.085788,-26.306341,1580.6            28.0858,-26.306341,1580.6            28.085812,-26.306341,1580.6            28.085823,-26.306342,1580.6            28.085835,-26.306344,1580.6            28.085847,-26.306345,1580.6            28.085859,-26.306347,1580.6            28.085873,-26.306349,1580.6            28.085887,-26.306352,1580.6            28.085901,-26.306354,1580.6            28.085913,-26.306357,1580.6            28.085926,-26.30636,1580.6            28.085939,-26.306363,1580.7            28.085953,-26.306368,1580.7            28.085967,-26.306372,1580.7            28.08598,-26.306376,1580.7            28.085992,-26.30638,1580.7            28.086004,-26.306383,1580.7            28.086016,-26.306387,1580.7            28.086029,-26.30639,1580.7            28.086041,-26.306395,1580.7            28.086053,-26.306398,1580.7            28.086064,-26.306403,1580.7            28.086075,-26.306406,1580.7            28.086086,-26.30641,1580.7            28.086099,-26.306414,1580.7            28.086113,-26.306417,1580.7            28.086127,-26.306419,1580.7            28.086141,-26.306422,1580.7            28.086153,-26.306426,1580.7            28.086165,-26.306429,1580.7            28.086176,-26.306432,1580.7            28.086188,-26.306436,1580.8            28.086201,-26.306439,1580.8            28.086215,-26.306441,1580.8            28.086227,-26.306444,1580.8            28.086239,-26.306447,1580.8            28.086251,-26.306452,1580.8            28.086263,-26.306455,1580.8            28.086274,-26.306456,1580.8            28.086286,-26.306457,1580.8            28.086298,-26.306456,1580.8            28.086309,-26.306454,1580.8            28.08632,-26.306453,1580.8            28.08633,-26.306451,1580.8            28.086337,-26.30645,1580.8            28.086343,-26.306448,1580.8            28.086348,-26.306446,1580.8            28.086351,-26.306442,1580.8            28.086353,-26.306439,1580.8            28.086354,-26.306435,1580.8            28.086355,-26.306432,1580.8            28.086354,-26.306431,1580.8            28.086353,-26.30643,1580.8            28.086351,-26.306429,1580.8            28.08635,-26.306428,1580.8            28.086349,-26.306428,1580.8            28.086348,-26.306428,1580.8            28.086349,-26.306428,1580.8            28.086351,-26.306429,1580.8            28.086354,-26.306429,1580.9            28.086359,-26.306427,1580.9            28.086363,-26.306425,1580.9            28.086369,-26.306423,1580.9            28.086373,-26.306419,1580.9            28.086376,-26.306415,1581            28.08638,-26.306408,1581            28.086383,-26.3064,1581            28.086387,-26.30639,1581.1            28.08639,-26.306381,1581.1            28.086394,-26.306371,1581.1            28.086399,-26.30636,1581.2            28.086403,-26.30635,1581.2            28.086407,-26.30634,1581.3            28.086412,-26.306328,1581.3            28.086416,-26.306317,1581.4            28.08642,-26.306308,1581.4            28.086423,-26.306299,1581.5            28.086425,-26.30629,1581.5            28.086429,-26.306282,1581.6            28.086432,-26.306273,1581.6            28.086435,-26.306264,1581.7            28.086438,-26.306256,1581.7            28.086441,-26.306246,1581.8            28.086442,-26.306237,1581.8            28.086443,-26.306228,1581.9            28.086444,-26.306221,1582            28.086446,-26.306213,1582            28.086448,-26.306204,1582.1            28.08645,-26.306196,1582.1            28.086453,-26.306187,1582.2            28.086456,-26.30618,1582.2            28.086457,-26.306171,1582.3            28.086457,-26.306162,1582.4            28.086455,-26.306153,1582.4            28.086453,-26.306144,1582.5            28.086452,-26.306133,1582.6            28.086452,-26.306122,1582.7            28.086453,-26.306111,1582.7            28.086454,-26.306101,1582.8            28.086455,-26.306091,1582.9            28.086457,-26.306079,1583            28.086459,-26.306068,1583.1            28.08646,-26.306057,1583.2            28.086462,-26.306046,1583.2            28.086462,-26.306034,1583.3            28.086464,-26.306024,1583.4            28.086464,-26.306014,1583.5            28.086464,-26.306005,1583.6            28.086464,-26.305997,1583.6            28.086465,-26.305989,1583.7            28.086466,-26.305981,1583.8            28.086466,-26.305972,1583.8            28.086466,-26.305962,1583.9            28.086465,-26.305951,1584            28.086465,-26.30594,1584.1            28.086464,-26.305929,1584.2            28.086463,-26.305917,1584.3            28.086463,-26.305906,1584.3            28.086462,-26.305896,1584.4            28.086459,-26.305886,1584.5            28.086456,-26.305877,1584.6            28.086453,-26.30587,1584.6            28.086452,-26.305864,1584.7            28.086455,-26.305861,1584.7            28.086457,-26.30586,1584.7            28.08646,-26.305858,1584.7            28.086462,-26.305856,1584.8            28.086463,-26.305854,1584.8            28.086463,-26.305853,1584.8            28.086463,-26.305854,1584.8            28.086463,-26.305855,1584.8            28.086462,-26.305855,1584.8            28.086463,-26.305855,1584.8            28.086464,-26.305855,1584.8            28.086463,-26.305853,1584.8            28.086461,-26.305849,1584.9            28.086457,-26.305845,1584.9            28.086454,-26.305842,1584.9            28.086447,-26.305837,1585            28.08644,-26.305833,1585            28.086434,-26.305828,1585.1            28.086427,-26.305821,1585.1            28.08642,-26.305813,1585.2            28.086415,-26.305805,1585.3            28.086409,-26.305796,1585.3            28.086401,-26.305787,1585.4            28.086394,-26.305778,1585.5            28.086387,-26.305769,1585.6            28.08638,-26.30576,1585.6            28.086373,-26.305751,1585.7            28.086365,-26.305742,1585.8            28.086359,-26.305733,1585.8            28.086354,-26.305722,1585.9            28.086349,-26.30571,1586            28.086346,-26.305699,1586.1            28.086345,-26.305687,1586.2            28.086346,-26.305676,1586.2            28.086347,-26.305663,1586.3            28.086349,-26.30565,1586.4            28.086351,-26.305638,1586.5            28.086353,-26.305626,1586.6            28.086355,-26.305614,1586.7            28.086358,-26.305602,1586.8            28.086362,-26.305589,1586.9            28.086366,-26.305576,1587            28.08637,-26.305564,1587            28.086374,-26.305553,1587.1            28.086379,-26.305543,1587.2            28.086384,-26.305532,1587.3            28.086389,-26.30552,1587.4            28.086394,-26.305508,1587.5            28.086398,-26.305497,1587.5            28.086402,-26.305485,1587.6            28.086406,-26.305475,1587.7            28.08641,-26.305464,1587.8            28.086414,-26.305452,1587.9            28.086417,-26.305441,1588            28.08642,-26.305431,1588            28.086423,-26.305421,1588.1            28.086425,-26.305412,1588.2            28.086426,-26.305402,1588.3            28.086428,-26.305393,1588.3            28.086428,-26.305385,1588.4            28.086429,-26.305375,1588.5            28.086429,-26.305365,1588.5            28.086428,-26.305355,1588.6            28.086428,-26.305345,1588.7            28.086427,-26.305336,1588.7            28.086426,-26.305328,1588.8            28.086424,-26.305321,1588.9            28.086422,-26.305317,1588.9            28.08642,-26.305315,1588.9            28.086418,-26.305314,1588.9            28.086417,-26.305313,1588.9            28.086416,-26.305313,1588.9            28.086415,-26.305312,1588.9            28.086415,-26.305313,1589            28.086414,-26.305313,1589            28.086415,-26.305314,1589            28.086416,-26.305313,1589            28.086416,-26.305311,1589            28.086417,-26.305306,1589            28.086419,-26.3053,1589.1            28.086419,-26.305294,1589.1            28.086419,-26.305288,1589.2            28.086418,-26.305281,1589.2            28.086417,-26.305275,1589.3            28.086416,-26.305267,1589.3            28.086413,-26.305258,1589.4            28.086412,-26.305249,1589.5            28.086409,-26.30524,1589.5            28.086408,-26.30523,1589.6            28.086409,-26.30522,1589.7            28.08641,-26.30521,1589.8            28.086411,-26.305199,1589.8            28.086413,-26.305189,1589.9            28.086416,-26.305177,1590            28.086417,-26.305165,1590.1            28.08642,-26.305155,1590.2            28.086422,-26.305145,1590.2            28.086423,-26.305135,1590.3            28.086426,-26.305125,1590.4            28.086428,-26.305115,1590.5            28.086432,-26.305107,1590.5            28.086436,-26.305098,1590.6            28.086439,-26.305089,1590.7            28.086442,-26.30508,1590.7            28.086444,-26.305071,1590.8            28.086447,-26.305062,1590.9            28.086449,-26.305053,1590.9            28.086451,-26.305044,1591            28.086452,-26.305035,1591.1            28.086453,-26.305025,1591.1            28.086455,-26.305013,1591.2            28.086458,-26.305002,1591.3            28.08646,-26.304991,1591.4            28.086461,-26.304981,1591.4            28.086462,-26.304969,1591.5            28.086465,-26.304956,1591.6            28.086466,-26.304943,1591.7            28.086467,-26.30493,1591.8            28.086467,-26.304919,1591.8            28.086467,-26.304908,1591.9            28.086467,-26.304897,1592            28.086467,-26.304885,1592            28.086468,-26.304873,1592.1            28.086469,-26.304862,1592.2            28.086471,-26.304852,1592.2            28.086474,-26.30484,1592.3            28.086476,-26.304828,1592.4            28.086478,-26.304817,1592.5            28.086479,-26.304805,1592.5            28.08648,-26.304794,1592.6            28.086482,-26.304783,1592.7            28.086484,-26.304772,1592.7            28.086487,-26.304762,1592.8            28.086489,-26.304751,1592.9            28.086491,-26.30474,1592.9            28.086495,-26.30473,1593            28.086498,-26.30472,1593.1            28.086501,-26.30471,1593.1            28.086503,-26.304701,1593.2            28.086505,-26.304692,1593.2            28.086506,-26.304683,1593.3            28.086506,-26.304677,1593.3            28.086508,-26.304667,1593.4            28.086509,-26.304658,1593.4            28.08651,-26.304649,1593.5            28.086511,-26.304639,1593.5            28.086512,-26.304627,1593.6            28.086513,-26.304615,1593.7            28.086514,-26.304602,1593.7            28.086513,-26.30459,1593.8            28.086514,-26.304579,1593.9            28.086515,-26.304567,1593.9            28.086518,-26.304556,1594            28.086521,-26.304544,1594.1            28.086524,-26.304533,1594.1            28.086527,-26.304521,1594.2            28.086531,-26.30451,1594.3            28.086535,-26.304498,1594.3            28.086538,-26.304487,1594.4            28.086542,-26.304475,1594.5            28.086545,-26.304465,1594.5            28.086549,-26.304454,1594.6            28.086553,-26.304443,1594.6            28.086558,-26.304433,1594.7            28.086565,-26.304424,1594.8            28.086572,-26.304417,1594.8            28.086579,-26.304411,1594.9            28.086586,-26.304406,1594.9            28.086595,-26.3044,1595            28.086604,-26.304395,1595            28.086612,-26.30439,1595.1            28.086621,-26.304387,1595.1            28.086633,-26.304383,1595.2            28.086644,-26.304378,1595.3            28.086657,-26.304375,1595.3            28.08667,-26.304373,1595.3            28.086682,-26.304371,1595.4            28.086696,-26.304371,1595.4            28.086709,-26.304373,1595.5            28.086722,-26.304376,1595.5            28.086734,-26.30438,1595.5            28.086746,-26.304384,1595.5            28.086758,-26.304388,1595.6            28.086769,-26.304392,1595.6            28.086782,-26.304397,1595.6            28.086794,-26.304402,1595.6            28.086806,-26.304408,1595.6            28.086816,-26.304414,1595.7            28.086827,-26.30442,1595.7            28.086838,-26.304426,1595.7            28.086849,-26.304432,1595.7            28.086861,-26.304437,1595.7            28.086873,-26.304441,1595.7            28.086886,-26.304445,1595.7            28.086897,-26.304451,1595.8            28.086909,-26.304457,1595.8            28.086921,-26.304462,1595.8            28.086934,-26.304467,1595.8            28.086948,-26.304472,1595.8            28.086961,-26.304476,1595.8            28.086973,-26.30448,1595.8            28.086985,-26.304484,1595.8            28.086996,-26.304488,1595.8            28.087007,-26.304492,1595.8            28.087017,-26.304497,1595.8            28.087028,-26.304502,1595.8            28.087037,-26.304507,1595.8            28.087045,-26.304512,1595.8            28.087053,-26.30452,1595.8            28.087062,-26.304529,1595.8            28.087071,-26.304538,1595.8            28.087079,-26.304547,1595.8            28.087087,-26.304555,1595.8            28.087093,-26.304565,1595.8            28.087098,-26.304574,1595.8            28.087101,-26.304584,1595.7            28.087107,-26.304594,1595.7            28.087112,-26.304605,1595.7            28.087119,-26.304614,1595.7            28.087125,-26.304624,1595.7            28.087132,-26.304633,1595.7            28.087139,-26.304641,1595.6            28.087145,-26.30465,1595.6            28.087152,-26.30466,1595.6            28.087159,-26.304669,1595.6            28.087166,-26.304677,1595.5            28.087172,-26.304685,1595.5            28.087179,-26.304692,1595.5            28.087185,-26.304701,1595.4            28.087191,-26.30471,1595.4            28.087197,-26.304718,1595.4            28.087201,-26.304727,1595.4            28.087204,-26.304735,1595.3            28.087208,-26.304743,1595.3            28.087212,-26.30475,1595.3            28.087216,-26.304756,1595.3            28.087219,-26.304762,1595.3            28.087222,-26.304768,1595.2            28.087226,-26.304772,1595.2            28.087229,-26.304777,1595.2            28.087233,-26.304782,1595.2            28.087236,-26.304787,1595.1            28.087239,-26.304791,1595.1            28.087241,-26.304795,1595.1            28.087242,-26.304799,1595.1            28.087243,-26.304801,1595.1            28.087244,-26.304804,1595.1            28.087246,-26.304807,1595.1            28.087247,-26.30481,1595.1            28.087249,-26.304813,1595            28.087252,-26.304817,1595            28.087255,-26.304822,1595            28.087259,-26.304827,1595            28.087264,-26.304832,1595            28.087268,-26.304837,1594.9            28.087271,-26.304843,1594.9            28.087274,-26.304849,1594.9            28.087275,-26.304854,1594.9            28.087275,-26.304857,1594.9            28.087276,-26.30486,1594.8            28.087278,-26.304863,1594.8            28.087279,-26.304868,1594.8            28.08728,-26.304875,1594.8            28.087283,-26.304883,1594.8            28.087288,-26.30489,1594.7            28.087294,-26.304898,1594.7            28.087301,-26.304908,1594.6            28.087307,-26.304918,1594.6            28.087313,-26.30493,1594.5            28.087317,-26.304942,1594.5            28.08732,-26.304955,1594.4            28.087325,-26.304967,1594.4            28.087328,-26.30498,1594.3            28.087332,-26.304993,1594.3            28.087335,-26.305005,1594.2            28.087338,-26.305017,1594.2            28.087342,-26.305028,1594.1            28.087346,-26.305039,1594.1            28.08735,-26.305048,1594            28.087353,-26.305057,1594            28.087355,-26.305067,1593.9            28.087357,-26.305077,1593.9            28.087358,-26.305088,1593.8            28.087358,-26.305099,1593.8            28.087358,-26.305108,1593.8            28.087356,-26.305118,1593.7            28.087354,-26.305126,1593.7            28.08735,-26.305135,1593.6            28.087344,-26.305144,1593.6            28.087339,-26.305153,1593.5            28.087334,-26.305161,1593.4            28.087328,-26.305169,1593.4            28.087323,-26.305176,1593.3            28.087318,-26.305184,1593.3            28.087312,-26.305193,1593.2            28.087308,-26.305202,1593.2            28.087303,-26.305211,1593.1            28.087298,-26.30522,1593            28.087292,-26.305228,1593            28.087286,-26.305236,1592.9            28.087279,-26.305245,1592.8            28.087274,-26.305253,1592.8            28.087271,-26.305261,1592.7            28.087267,-26.305268,1592.7            28.087264,-26.305277,1592.6            28.087261,-26.305286,1592.6            28.087256,-26.305295,1592.5            28.087252,-26.305305,1592.4            28.087248,-26.305314,1592.4            28.087244,-26.305324,1592.3            28.087242,-26.305331,1592.2            28.087237,-26.305342,1592.2            28.087231,-26.305351,1592.1            28.087224,-26.305361,1592            28.087219,-26.305369,1592            28.087213,-26.305379,1591.9            28.087207,-26.305389,1591.8            28.0872,-26.305398,1591.7            28.087192,-26.305406,1591.7            28.087184,-26.305414,1591.6            28.087174,-26.305421,1591.5            28.087168,-26.305425,1591.4            28.087155,-26.305431,1591.4            28.087141,-26.305437,1591.3            28.087128,-26.305442,1591.2            28.087115,-26.305447,1591.1            28.087103,-26.305449,1591            28.087092,-26.305451,1590.9            28.08708,-26.305452,1590.9            28.087068,-26.305453,1590.8            28.087056,-26.305453,1590.7            28.087044,-26.305455,1590.6            28.087033,-26.305456,1590.5            28.087024,-26.305457,1590.5            28.087015,-26.30546,1590.4            28.087006,-26.305464,1590.3            28.086996,-26.30547,1590.3            28.086987,-26.305477,1590.2            28.08698,-26.305485,1590.1            28.086972,-26.305492,1590            28.086966,-26.3055,1589.9            28.086959,-26.305507,1589.9            28.086955,-26.305516,1589.8            28.086951,-26.305527,1589.7            28.086948,-26.305538,1589.6            28.086947,-26.30555,1589.5            28.086946,-26.305562,1589.4            28.086946,-26.305574,1589.3            28.086946,-26.305586,1589.2            28.086946,-26.305596,1589.2            28.086946,-26.305607,1589.1            28.086945,-26.305618,1589            28.086945,-26.305628,1588.9            28.086944,-26.305639,1588.8            28.086945,-26.30565,1588.7            28.086947,-26.305661,1588.7            28.086949,-26.305671,1588.6            28.086952,-26.305681,1588.5            28.086954,-26.305691,1588.4            28.086955,-26.305701,1588.4            28.086957,-26.305711,1588.3            28.086959,-26.30572,1588.2            28.086961,-26.305731,1588.1            28.086964,-26.305742,1588            28.086967,-26.305752,1588            28.08697,-26.305761,1587.9            28.086972,-26.305771,1587.8            28.086973,-26.305779,1587.7            28.086975,-26.305789,1587.7            28.086978,-26.305798,1587.6            28.086981,-26.305808,1587.5            28.086983,-26.305817,1587.5            28.086986,-26.305825,1587.4            28.086992,-26.305833,1587.3            28.086997,-26.305843,1587.2            28.087001,-26.305853,1587.1            28.087006,-26.305863,1587.1            28.08701,-26.305874,1587            28.087014,-26.305884,1586.9            28.087017,-26.305894,1586.8            28.087021,-26.305904,1586.7            28.087026,-26.305914,1586.6            28.087029,-26.305924,1586.6            28.087034,-26.305934,1586.5            28.087038,-26.305944,1586.4            28.087042,-26.305954,1586.3            28.087048,-26.305965,1586.2            28.087053,-26.305976,1586.1            28.087059,-26.305986,1586            28.087066,-26.305996,1585.9            28.087072,-26.306006,1585.8            28.087077,-26.306016,1585.7            28.087083,-26.306026,1585.7            28.087088,-26.306035,1585.6            28.087094,-26.306045,1585.5            28.087098,-26.306053,1585.4            28.087102,-26.306061,1585.3            28.087106,-26.306068,1585.3            28.087112,-26.306076,1585.2            28.087118,-26.306084,1585.1            28.087124,-26.306093,1585            28.087129,-26.306102,1584.9            28.087135,-26.306111,1584.9            28.08714,-26.30612,1584.8            28.087145,-26.30613,1584.7            28.087149,-26.306138,1584.6            28.087153,-26.306147,1584.5            28.087158,-26.306158,1584.4            28.087163,-26.306169,1584.4            28.087169,-26.30618,1584.3            28.087174,-26.306191,1584.2            28.087179,-26.306201,1584.1            28.087183,-26.306212,1584            28.087187,-26.306222,1583.9            28.087191,-26.306231,1583.9            28.087198,-26.306242,1583.8            28.087204,-26.306252,1583.7            28.087211,-26.306263,1583.6            28.087217,-26.306273,1583.5            28.087223,-26.306283,1583.4            28.08723,-26.306293,1583.4            28.087236,-26.306302,1583.3            28.087243,-26.306311,1583.2            28.087249,-26.30632,1583.1            28.087255,-26.30633,1583.1            28.087262,-26.30634,1583            28.087268,-26.306349,1582.9            28.087275,-26.306358,1582.9            28.087283,-26.306367,1582.8            28.087291,-26.306374,1582.7            28.087299,-26.306382,1582.7            28.087306,-26.306389,1582.6            28.087313,-26.306398,1582.5            28.087321,-26.306406,1582.5            28.087329,-26.306415,1582.4            28.087335,-26.306423,1582.4            28.087344,-26.306432,1582.3            28.087352,-26.30644,1582.3            28.08736,-26.30645,1582.2            28.087368,-26.306459,1582.2            28.087376,-26.306468,1582.1            28.087386,-26.306477,1582            28.087393,-26.306484,1582            28.087397,-26.306488,1582            28.087409,-26.306499,1581.9            28.08742,-26.30651,1581.9            28.087429,-26.30652,1581.8            28.087446,-26.306551,1581.7            28.087451,-26.306563,1581.6            28.087456,-26.306574,1581.6            28.08746,-26.306584,1581.6            28.087464,-26.306594,1581.5            28.087466,-26.306606,1581.5            28.087468,-26.306617,1581.4            28.087469,-26.306628,1581.4            28.08747,-26.30664,1581.3            28.087471,-26.30665,1581.3            28.087471,-26.306661,1581.3            28.087471,-26.306672,1581.2            28.08747,-26.306683,1581.2            28.087468,-26.306693,1581.1            28.087466,-26.306704,1581.1            28.087464,-26.306714,1581            28.087462,-26.306723,1581            28.08746,-26.306732,1581            28.087458,-26.306741,1581            28.087455,-26.30675,1580.9            28.087453,-26.306759,1580.9            28.087451,-26.306767,1580.9            28.087447,-26.306776,1580.9            28.087442,-26.306783,1580.9            28.087438,-26.306791,1580.9            28.087433,-26.306799,1580.8            28.08743,-26.306808,1580.8            28.087425,-26.306817,1580.8            28.087419,-26.306822,1580.8            28.087413,-26.306825,1580.8            28.087408,-26.306827,1580.8            28.087403,-26.306829,1580.7            28.087399,-26.306832,1580.7            28.087395,-26.306835,1580.7            28.087392,-26.306836,1580.7            28.087388,-26.306838,1580.7            28.087386,-26.306839,1580.7            28.087385,-26.30684,1580.7            28.087384,-26.306841,1580.7            28.087385,-26.306841,1580.6            28.087384,-26.306842,1580.6            28.087384,-26.306843,1580.6            28.087382,-26.306846,1580.6            28.087378,-26.30685,1580.6            28.087373,-26.306855,1580.6            28.087365,-26.30686,1580.5            28.087355,-26.306865,1580.5            28.087344,-26.30687,1580.4            28.087332,-26.306875,1580.4            28.087321,-26.306881,1580.3            28.087309,-26.306886,1580.3            28.0873,-26.30689,1580.2            28.087287,-26.306896,1580.2            28.087275,-26.306899,1580.1            28.087265,-26.306903,1580.1            28.087254,-26.306907,1580.1            28.087244,-26.306912,1580            28.087234,-26.306918,1580            28.087225,-26.306925,1579.9            28.087216,-26.306932,1579.9            28.087208,-26.306938,1579.9            28.087201,-26.306945,1579.8            28.087194,-26.306952,1579.8            28.087187,-26.30696,1579.8            28.08718,-26.306969,1579.7            28.087172,-26.306976,1579.7            28.087167,-26.306982,1579.7            28.087162,-26.306986,1579.6            28.08716,-26.306988,1579.6            28.087158,-26.306992,1579.6            28.087157,-26.306998,1579.6            28.087156,-26.307006,1579.6            28.087154,-26.307013,1579.6            28.08715,-26.307022,1579.5            28.087145,-26.307032,1579.5            28.087141,-26.307042,1579.5            28.087136,-26.307052,1579.4            28.087132,-26.307063,1579.4            28.087129,-26.307074,1579.4            28.087126,-26.307084,1579.3            28.087123,-26.307093,1579.3            28.08712,-26.307102,1579.3            28.087117,-26.307112,1579.3            28.087113,-26.307122,1579.2            28.087111,-26.307133,1579.2            28.087108,-26.307143,1579.2            28.087105,-26.307152,1579.2            28.087102,-26.307161,1579.1            28.087101,-26.307171,1579.1            28.087101,-26.307181,1579.1            28.0871,-26.307191,1579.1            28.0871,-26.3072,1579.1            28.087099,-26.30721,1579.1            28.087098,-26.307221,1579.1            28.087097,-26.307231,1579.1            28.087097,-26.307241,1579            28.087097,-26.307251,1579            28.087099,-26.30726,1579            28.087101,-26.307268,1579            28.087103,-26.307275,1579            28.087105,-26.307281,1579            28.087107,-26.307286,1579            28.087107,-26.307289,1579            28.087108,-26.307291,1579            28.087108,-26.307292,1579            28.08711,-26.307292,1579            28.087113,-26.307294,1579            28.087117,-26.307296,1579            28.087123,-26.307298,1579            28.08713,-26.307302,1579            28.087138,-26.307306,1579            28.087143,-26.307308,1579            28.087153,-26.307315,1579            28.087163,-26.307322,1579            28.087175,-26.307329,1578.9            28.087186,-26.307336,1578.9            28.087195,-26.307341,1578.9            28.087202,-26.307344,1578.9            28.087209,-26.307348,1578.9            28.087215,-26.307352,1578.9            28.087221,-26.307356,1578.9            28.087228,-26.307361,1578.9            28.087235,-26.307367,1578.9            28.087243,-26.307372,1578.9            28.087251,-26.307376,1578.9            28.087259,-26.30738,1578.9            28.087267,-26.307382,1578.9            28.087273,-26.307384,1578.9            28.087276,-26.307385,1578.9            28.087278,-26.307387,1578.9            28.087279,-26.307387,1578.9            28.087283,-26.307388,1578.9            28.087288,-26.307388,1578.9            28.087296,-26.30739,1578.9            28.087305,-26.307391,1578.9            28.087317,-26.307392,1578.9            28.08733,-26.307393,1578.9            28.087344,-26.307395,1578.9            28.087358,-26.307398,1578.9            28.087371,-26.307403,1578.9            28.087383,-26.307408,1578.9            28.087395,-26.307414,1578.9            28.087409,-26.307421,1578.9            28.087423,-26.307428,1578.9            28.087437,-26.307435,1579            28.087451,-26.307443,1579            28.087465,-26.307451,1579            28.087477,-26.307458,1579            28.087488,-26.307464,1579            28.087499,-26.307471,1579            28.08751,-26.307478,1579            28.087522,-26.307487,1579            28.087534,-26.307495,1579            28.087545,-26.307504,1579            28.087555,-26.307512,1579            28.087563,-26.307519,1579            28.087573,-26.307526,1579            28.087583,-26.307534,1579            28.087593,-26.307541,1579.1            28.087603,-26.307549,1579.1            28.087613,-26.307556,1579.1            28.087623,-26.307563,1579.1            28.087632,-26.307571,1579.1            28.087641,-26.307578,1579.1            28.087652,-26.307586,1579.1            28.087663,-26.307594,1579.1            28.087674,-26.307603,1579.1            28.087684,-26.307611,1579.1            28.087694,-26.30762,1579.1            28.087701,-26.307625,1579.1            28.08771,-26.307634,1579.1            28.087719,-26.307642,1579.1            28.087728,-26.30765,1579.1            28.087738,-26.307658,1579.1            28.087746,-26.307667,1579.1            28.087755,-26.307675,1579.1            28.087761,-26.307684,1579.1            28.087767,-26.307693,1579.1            28.087773,-26.307702,1579.1            28.087779,-26.307711,1579.1            28.087785,-26.30772,1579            28.087792,-26.307728,1579            28.0878,-26.307735,1579            28.087807,-26.307741,1579            28.087815,-26.307746,1579            28.087821,-26.30775,1579            28.087828,-26.307754,1579            28.087834,-26.307756,1579            28.087839,-26.307758,1579            28.087842,-26.307759,1579            28.087845,-26.307759,1579            28.087846,-26.307758,1579            28.087847,-26.307757,1579            28.087848,-26.307756,1579            28.087849,-26.307756,1579            28.08785,-26.307758,1579            28.087852,-26.307761,1578.9            28.087854,-26.307765,1578.9            28.087858,-26.307771,1578.9            28.087862,-26.307776,1578.9            28.087866,-26.307781,1578.9            28.087873,-26.307787,1578.9            28.087881,-26.307794,1578.9            28.087886,-26.307798,1578.9            28.087895,-26.307803,1578.9            28.087904,-26.307808,1578.7            28.087912,-26.307813,1578.7            28.08792,-26.307817,1578.7            28.087928,-26.307821,1578.6            28.087936,-26.307826,1578.6            28.087947,-26.307831,1578.6            28.087958,-26.307837,1578.6            28.08797,-26.307842,1578.6            28.087983,-26.307848,1578.3            28.087995,-26.307852,1578.3            28.088009,-26.307857,1578.4            28.088023,-26.307861,1578.4            28.088037,-26.307865,1578.4            28.08805,-26.307868,1578.5            28.088062,-26.307872,1578.5            28.088075,-26.307875,1578.5            28.088087,-26.30788,1578.5            28.0881,-26.307884,1578.5            28.088113,-26.307889,1578.5            28.088125,-26.307895,1578.5            28.088137,-26.3079,1578.8            28.088149,-26.307905,1578.8            28.088157,-26.307909,1578.8            28.088169,-26.307916,1578.8            28.088181,-26.307923,1579            28.088193,-26.30793,1579            28.088205,-26.307938,1579            28.088216,-26.307945,1579            28.088227,-26.307952,1579.5            28.088238,-26.307959,1579.4            28.088248,-26.307964,1579.4            28.088258,-26.307971,1579.4            28.088268,-26.307979,1580            28.088278,-26.307988,1580            28.088288,-26.307996,1580            28.088298,-26.308004,1580            28.088308,-26.308012,1580.5            28.088316,-26.308019,1580.5            28.088326,-26.308026,1580.5            28.088336,-26.308032,1580.5            28.088346,-26.308039,1580.6            28.088357,-26.308045,1581            28.088367,-26.30805,1581            28.088376,-26.308053,1581            28.088386,-26.308056,1581            28.088398,-26.308057,1581.4            28.08841,-26.308059,1581.4            28.088422,-26.30806,1581.4            28.088433,-26.308063,1581.4            28.088444,-26.308067,1581.6            28.088454,-26.308071,1581.6            28.088465,-26.308076,1581.6            28.088475,-26.308081,1581.6            28.088485,-26.308088,1581.8            28.088494,-26.308094,1581.8            28.088504,-26.3081,1581.8            28.088514,-26.308105,1581.8            28.088525,-26.308109,1581.9            28.088535,-26.308114,1581.8            28.088545,-26.308118,1581.8            28.088554,-26.308123,1581.8            28.088563,-26.308129,1581.8            28.08857,-26.308135,1581.8            28.088579,-26.308142,1581.8            28.08859,-26.308149,1581.8            28.088602,-26.308156,1581.7            28.088613,-26.308162,1581.6            28.088624,-26.308169,1581.6            28.088633,-26.308175,1581.6            28.088642,-26.308182,1581.7            28.088652,-26.308187,1581.6            28.088662,-26.308193,1581.3            28.088673,-26.308199,1581.3            28.088684,-26.308204,1581.3            28.088694,-26.30821,1581.3            28.088704,-26.308216,1581.3            28.088714,-26.308222,1581.3            28.088724,-26.308229,1581            28.088734,-26.308237,1581            28.088744,-26.308246,1580.9            28.088755,-26.308254,1580.9            28.088766,-26.308263,1580.9            28.088773,-26.308268,1580.7            28.088784,-26.308277,1580.7            28.088795,-26.308286,1580.7            28.088807,-26.308295,1580.7            28.088819,-26.308303,1580.7            28.088831,-26.308312,1580.7            28.088842,-26.30832,1580.7            28.088853,-26.308327,1580.7            28.088863,-26.308334,1580.7            28.088872,-26.308341,1580.9            28.088882,-26.308349,1581            28.088893,-26.308357,1581            28.088903,-26.308366,1581            28.088912,-26.308375,1581.1            28.08892,-26.308384,1581.1            28.088928,-26.308392,1581.1            28.088935,-26.308401,1581.1            28.088942,-26.308411,1581.1            28.088949,-26.308421,1580.9            28.088957,-26.308432,1580.9            28.088966,-26.308442,1580.9            28.088973,-26.308452,1580.9            28.08898,-26.30846,1580.6            28.088983,-26.308465,1580.6            28.088985,-26.308469,1580.6            28.088986,-26.308471,1580.6            28.088989,-26.308473,1580.6            28.088992,-26.308475,1580.6            28.088997,-26.308478,1580.5            28.089004,-26.308481,1580.5            28.089011,-26.308485,1580.5            28.089018,-26.30849,1580.5            28.089024,-26.308495,1580.5            28.089028,-26.308498,1580.2            28.089031,-26.3085,1580.2            28.089033,-26.308501,1580.2            28.089033,-26.308502,1580.2            28.089034,-26.308501,1580.2            28.089034,-26.3085,1580.2            28.089036,-26.308499,1580.3            28.08904,-26.3085,1580.2            28.089046,-26.308503,1580.2            28.089053,-26.308507,1580.2            28.08906,-26.308511,1580.2            28.089068,-26.308516,1580.2            28.089078,-26.308522,1580.2            28.089089,-26.308528,1580.2            28.0891,-26.308536,1580            28.089112,-26.308545,1580            28.089124,-26.308554,1580            28.089135,-26.308563,1580            28.089144,-26.308572,1580            28.089152,-26.308582,1579.9            28.089161,-26.308591,1579.9            28.089168,-26.308602,1579.9            28.089176,-26.308612,1579.9            28.089182,-26.308621,1579.9            28.089188,-26.30863,1579.9            28.089191,-26.30864,1579.9            28.089192,-26.308651,1579.9            28.089194,-26.308659,1579.9            28.089195,-26.30867,1579.9            28.089194,-26.308681,1579.9            28.089192,-26.308691,1579.9            28.089189,-26.308701,1579.9            28.089185,-26.308711,1579.9            28.08918,-26.308722,1579.9            28.089175,-26.308733,1580            28.089171,-26.308744,1580            28.089165,-26.308755,1580            28.089158,-26.308766,1580            28.089151,-26.308776,1580            28.089142,-26.308785,1580            28.089132,-26.308795,1580            28.089122,-26.308803,1580            28.089111,-26.308812,1580            28.089099,-26.308819,1580            28.089088,-26.308825,1580            28.089076,-26.308829,1580            28.089063,-26.308832,1580            28.089049,-26.308833,1580            28.089034,-26.308834,1580.1            28.08902,-26.308835,1580.1            28.089007,-26.308834,1580.1            28.088994,-26.308833,1580.1            28.088981,-26.30883,1580.1            28.088968,-26.308827,1580.1            28.088954,-26.308823,1580.1            28.088941,-26.308817,1580.1            28.088929,-26.308811,1580.1            28.088918,-26.308804,1580.1            28.088908,-26.308797,1580.1            28.088898,-26.30879,1580.1            28.088888,-26.308783,1580.1            28.088877,-26.308777,1580.1            28.088865,-26.308769,1580            28.088854,-26.308762,1579.9            28.088844,-26.308755,1579.9            28.088834,-26.308749,1579.9            28.088825,-26.308741,1580            28.088814,-26.308733,1579.7            28.088803,-26.308724,1579.7            28.088792,-26.308716,1579.7            28.088781,-26.308709,1579.7            28.088769,-26.308703,1579.4            28.088758,-26.308697,1579.4            28.088746,-26.308691,1579.4            28.088734,-26.308685,1579.1            28.088723,-26.308677,1579.1            28.088712,-26.30867,1579.1            28.0887,-26.308664,1579.1            28.088689,-26.308657,1578.9            28.088678,-26.30865,1578.9            28.088669,-26.308642,1578.9            28.08866,-26.308633,1578.9            28.088651,-26.308626,1578.9            28.088643,-26.308618,1578.8            28.088635,-26.308611,1579            28.088627,-26.308604,1579            28.08862,-26.308595,1579            28.088614,-26.30859,1579            28.088608,-26.308582,1579            28.088601,-26.308576,1579            28.088595,-26.308567,1579.2            28.088587,-26.308558,1579.2            28.08858,-26.30855,1579.2            28.088573,-26.308542,1579.2            28.088565,-26.308534,1579.4            28.088556,-26.308526,1579.5            28.088548,-26.308519,1579.5            28.088538,-26.308512,1579.5            28.088528,-26.308505,1579.5            28.088516,-26.308499,1579.5            28.088504,-26.308494,1579.8            28.088493,-26.308491,1579.8            28.088481,-26.308489,1579.8            28.08847,-26.308488,1579.7            28.08846,-26.30849,1579.7            28.088449,-26.308494,1579.7            28.088438,-26.3085,1579.3            28.088429,-26.308507,1579.2            28.088421,-26.308515,1579.2            28.088415,-26.308521,1579.2            28.088409,-26.308525,1579.2            28.088403,-26.308529,1579.2            28.088399,-26.308532,1579.2            28.088396,-26.308535,1578.7            28.088392,-26.308536,1578.4            28.08839,-26.308537,1578.4            28.088389,-26.308538,1578.5            28.088388,-26.308538,1578.5            28.088388,-26.308539,1578.5            28.088389,-26.308539,1578.5            28.088389,-26.308538,1578.5            28.088387,-26.308541,1578.4            28.088384,-26.308546,1578.4            28.088381,-26.308552,1578.4            28.088378,-26.30856,1578.4            28.088376,-26.308569,1578.4            28.088376,-26.308579,1578.4            28.088378,-26.308589,1578.4            28.088381,-26.308599,1578.4            28.088385,-26.308608,1578.4            28.08839,-26.308618,1578.4            28.088396,-26.308628,1578.4            28.088403,-26.308637,1578.4            28.088411,-26.308645,1578.4            28.088419,-26.308654,1578.3            28.088426,-26.308663,1578.3            28.088433,-26.308673,1578.3            28.08844,-26.308683,1578.3            28.088446,-26.308692,1578.3            28.088452,-26.308701,1578.3            28.088457,-26.308709,1578.3            28.088463,-26.308717,1578.2            28.088468,-26.308726,1578.2            28.088474,-26.308736,1578.2            28.088481,-26.308747,1578.2            28.088487,-26.308758,1578.2            28.088492,-26.308766,1578.1            28.088499,-26.308777,1578.1            28.088506,-26.308788,1578.1            28.088513,-26.308798,1578.1            28.088521,-26.308808,1578.1            28.088528,-26.308819,1578.1            28.088536,-26.30883,1578            28.088542,-26.308841,1578            28.088549,-26.308852,1578            28.088553,-26.308862,1578            28.088557,-26.308872,1578            28.088559,-26.308883,1578            28.088564,-26.308894,1578            28.088568,-26.308904,1578            28.088573,-26.308914,1578            28.088575,-26.308924,1578            28.088579,-26.308933,1578            28.088583,-26.308942,1578            28.088589,-26.308953,1578            28.088596,-26.308965,1578            28.088603,-26.308975,1578            28.08861,-26.308983,1578            28.088616,-26.308992,1578            28.088622,-26.309001,1578            28.088629,-26.309012,1578            28.088636,-26.309022,1578            28.088644,-26.309033,1578            28.088652,-26.309042,1578            28.088659,-26.309052,1578            28.088666,-26.30906,1578            28.088674,-26.309068,1578.1            28.088682,-26.309078,1578.1            28.088691,-26.309087,1578.1            28.088699,-26.309097,1578.1            28.088707,-26.309107,1578.1            28.088716,-26.309116,1578.1            28.088723,-26.309125,1578.1            28.088731,-26.309134,1578.1            28.088739,-26.309143,1578.1            28.088747,-26.309152,1578.1            28.088755,-26.309161,1578.1            28.088762,-26.309169,1578.1            28.088769,-26.309178,1578.1            28.088775,-26.309186,1578.1            28.088783,-26.309195,1578.1            28.08879,-26.309204,1578.1            28.088797,-26.309213,1578.1            28.088804,-26.309222,1578.1            28.08881,-26.309232,1578.1            28.088815,-26.309241,1578.1            28.08882,-26.309251,1578.1            28.088824,-26.309263,1578            28.088828,-26.309274,1578            28.088831,-26.309286,1578            28.088833,-26.309297,1578            28.088835,-26.309307,1578            28.088835,-26.309318,1578            28.088834,-26.309329,1578            28.088832,-26.30934,1578            28.088828,-26.30935,1577.9            28.088826,-26.309357,1577.9            28.088819,-26.309366,1577.9            28.088812,-26.309373,1577.9            28.088801,-26.30938,1577.9            28.08879,-26.309387,1577.9            28.088778,-26.309392,1577.9            28.088767,-26.309397,1577.9            28.088756,-26.309402,1577.8            28.088744,-26.309406,1577.8            28.088731,-26.30941,1577.8            28.088718,-26.309414,1577.8            28.088706,-26.309417,1577.8            28.088693,-26.30942,1577.8            28.08868,-26.309424,1577.8            28.088666,-26.309427,1577.8            28.088652,-26.309431,1577.8            28.088638,-26.309434,1577.8            28.088625,-26.309439,1577.8            28.088613,-26.309442,1577.8            28.0886,-26.309445,1577.8            28.088587,-26.309447,1577.7            28.088574,-26.30945,1577.7            28.088559,-26.309454,1577.7            28.088546,-26.309459,1577.7            28.088534,-26.309465,1577.7            28.088522,-26.309469,1577.7            28.08851,-26.309474,1577.7            28.088498,-26.309477,1577.7            28.088485,-26.30948,1577.7            28.088472,-26.309484,1577.7            28.088459,-26.309489,1577.7            28.088447,-26.309494,1577.7            28.088436,-26.309497,1577.7            28.088426,-26.309501,1577.7            28.088415,-26.309504,1577.7            28.088402,-26.309507,1577.7            28.088391,-26.30951,1577.7            28.088379,-26.309513,1577.7            28.088367,-26.309515,1577.7            28.088355,-26.309517,1577.7            28.088342,-26.309518,1577.7            28.088329,-26.30952,1577.7            28.088316,-26.309523,1577.6            28.088304,-26.309525,1577.6            28.088294,-26.309528,1577.6            28.088284,-26.309532,1577.6            28.088274,-26.309538,1577.6            28.088265,-26.309547,1577.6            28.088257,-26.309557,1577.6            28.088249,-26.309568,1577.5            28.088243,-26.309579,1577.5            28.088239,-26.30959,1577.5            28.088235,-26.309602,1577.5            28.088232,-26.309613,1577.5            28.088229,-26.309624,1577.5            28.088226,-26.309634,1577.4            28.088225,-26.309644,1577.4            28.088225,-26.309653,1577.4            28.088224,-26.309662,1577.4            28.088225,-26.309671,1577.4            28.088225,-26.309678,1577.4            28.088226,-26.309686,1577.4            28.088227,-26.309695,1577.3            28.088227,-26.309704,1577.3            28.088228,-26.309713,1577.3            28.088229,-26.309721,1577.3            28.08823,-26.30973,1577.3            28.08823,-26.30974,1577.3            28.08823,-26.309751,1577.3            28.08823,-26.309762,1577.3            28.08823,-26.309772,1577.2            28.08823,-26.309782,1577.2            28.08823,-26.309792,1577.2            28.088231,-26.309802,1577.2            28.088232,-26.309811,1577.2            28.088234,-26.309819,1577.2            28.088237,-26.309827,1577.2            28.088241,-26.309834,1577.2            28.088245,-26.309843,1577.2            28.088247,-26.309853,1577.2            28.088248,-26.309864,1577.1            28.088249,-26.309874,1577.1            28.08825,-26.309884,1577.1            28.088252,-26.309895,1577.1            28.088255,-26.309904,1577.1            28.088257,-26.309914,1577.1            28.088258,-26.309924,1577.1            28.088259,-26.309934,1577.1            28.088258,-26.309944,1577.1            28.088258,-26.309955,1577.1            28.088258,-26.309967,1577            28.088258,-26.309976,1577            28.088259,-26.309985,1577            28.088261,-26.309993,1577            28.088263,-26.310001,1577            28.088265,-26.310009,1577            28.088267,-26.310017,1577            28.088269,-26.310027,1577            28.08827,-26.310038,1577            28.088271,-26.310049,1577            28.088272,-26.310059,1576.9            28.088271,-26.310069,1576.9            28.08827,-26.310078,1576.9            28.088271,-26.310089,1576.9            28.088272,-26.3101,1576.9            28.088273,-26.31011,1576.9            28.088274,-26.310119,1576.9            28.088274,-26.310127,1576.9            28.088274,-26.310135,1576.9            28.088275,-26.310144,1576.9            28.088276,-26.310152,1576.8            28.088277,-26.310161,1576.8            28.088279,-26.310171,1576.8            28.088282,-26.310182,1576.8            28.088285,-26.310193,1576.8            28.088287,-26.310204,1576.8            28.088287,-26.310214,1576.8            28.088286,-26.310226,1576.8            28.088285,-26.310237,1576.7            28.088283,-26.310249,1576.7            28.088282,-26.310257,1576.7            28.08828,-26.310269,1576.7            28.08828,-26.310281,1576.7            28.08828,-26.310292,1576.7            28.088279,-26.310302,1576.6            28.088279,-26.310311,1576.6            28.08828,-26.31032,1576.6            28.08828,-26.310329,1576.6            28.088279,-26.310338,1576.6            28.088277,-26.310348,1576.6            28.088272,-26.310358,1576.6            28.088268,-26.310367,1576.5            28.088264,-26.310377,1576.5            28.088259,-26.310387,1576.5            28.088254,-26.310396,1576.5            28.08825,-26.310405,1576.5            28.088245,-26.310415,1576.5            28.08824,-26.310425,1576.4            28.088234,-26.310434,1576.4            28.088229,-26.310443,1576.4            28.088225,-26.310452,1576.4            28.088223,-26.310462,1576.4            28.08822,-26.310472,1576.4            28.088217,-26.310484,1576.3            28.088215,-26.310496,1576.3            28.088213,-26.310508,1576.3            28.08821,-26.31052,1576.3            28.088207,-26.310531,1576.3            28.088204,-26.310542,1576.2            28.088201,-26.310552,1576.2            28.088199,-26.310563,1576.2            28.088197,-26.310575,1576.2            28.088195,-26.310585,1576.2            28.088194,-26.310593,1576.1            28.088192,-26.310599,1576.1            28.088191,-26.310603,1576.1            28.08819,-26.310607,1576.1            28.088189,-26.310612,1576.1            28.088188,-26.310619,1576.1            28.088185,-26.310628,1576.1            28.088182,-26.310635,1576.1            28.088177,-26.310644,1576            28.088172,-26.310651,1576            28.088167,-26.310659,1576            28.088162,-26.310667,1576            28.088155,-26.310676,1576            28.088149,-26.310685,1575.9            28.088144,-26.310692,1575.9            28.08814,-26.3107,1575.9            28.088135,-26.310707,1575.9            28.088131,-26.310715,1575.9            28.088128,-26.310723,1575.9            28.088126,-26.31073,1575.8            28.088124,-26.310736,1575.8            28.088121,-26.310741,1575.8            28.088119,-26.310746,1575.8            28.088118,-26.310752,1575.8            28.088117,-26.310759,1575.8            28.088116,-26.310766,1575.8            28.088115,-26.310774,1575.8            28.088114,-26.310779,1575.7            28.088111,-26.31079,1575.7            28.088107,-26.3108,1575.7            28.088101,-26.310811,1575.7            28.088094,-26.310821,1575.7            28.088087,-26.31083,1575.6            28.088081,-26.310839,1575.6            28.088076,-26.310847,1575.6            28.088069,-26.310855,1575.6            28.088062,-26.310864,1575.6            28.088055,-26.310873,1575.5            28.088047,-26.310882,1575.5            28.088038,-26.310891,1575.5            28.088027,-26.310899,1575.5            28.088016,-26.310906,1575.5            28.088009,-26.31091,1575.5            28.087996,-26.310916,1575.5            28.087987,-26.310919,1575.4            28.087974,-26.310923,1575.4            28.08796,-26.310926,1575.4            28.087947,-26.310929,1575.4            28.087934,-26.310931,1575.4            28.087921,-26.310935,1575.4            28.087907,-26.310939,1575.4            28.087892,-26.310943,1575.4            28.087878,-26.310947,1575.4            28.087863,-26.310952,1575.3            28.087849,-26.310955,1575.3            28.087836,-26.310959,1575.3            28.087823,-26.310962,1575.3            28.087811,-26.310965,1575.3            28.087797,-26.310968,1575.3            28.087783,-26.310972,1575.3            28.087769,-26.310976,1575.3            28.087756,-26.310979,1575.3            28.087744,-26.310983,1575.3            28.087732,-26.310985,1575.3            28.08772,-26.310987,1575.3            28.087707,-26.31099,1575.3            28.087694,-26.310992,1575.3            28.087683,-26.310994,1575.3            28.087671,-26.310997,1575.3            28.087662,-26.311,1575.2            28.087651,-26.311004,1575.2            28.08764,-26.311009,1575.2            28.087628,-26.311014,1575.2            28.087616,-26.311019,1575.2            28.087606,-26.311022,1575.2            28.087596,-26.311025,1575.2            28.087586,-26.31103,1575.2            28.087577,-26.311035,1575.2            28.087568,-26.311041,1575.2            28.087559,-26.311049,1575.2            28.087551,-26.311056,1575.2            28.087544,-26.311064,1575.2            28.087535,-26.311072,1575.2            28.087526,-26.31108,1575.2            28.087516,-26.311088,1575.2            28.08751,-26.311092,1575.2            28.087499,-26.3111,1575.2            28.087488,-26.311107,1575.2            28.087477,-26.311112,1575.2            28.087466,-26.311117,1575.2            28.087455,-26.311124,1575.2            28.087448,-26.311128,1575.2            28.087438,-26.311135,1575.2            28.087427,-26.311143,1575.2            28.087416,-26.311151,1575.2            28.087405,-26.31116,1575.2            28.087396,-26.311167,1575.2            28.08739,-26.311173,1575.2            28.087384,-26.311177,1575.2            28.087378,-26.311183,1575.2            28.087371,-26.31119,1575.2            28.087365,-26.311198,1575.2            28.087358,-26.311205,1575.2            28.08735,-26.311213,1575.2            28.087341,-26.311221,1575.2            28.087332,-26.311229,1575.2            28.087322,-26.311238,1575.2            28.087313,-26.311246,1575.2            28.087304,-26.311254,1575.2            28.087296,-26.311261,1575.2            28.087287,-26.311267,1575.2            28.087276,-26.311273,1575.2            28.087266,-26.311279,1575.2            28.087255,-26.311285,1575.2            28.087245,-26.311289,1575.2            28.087235,-26.311294,1575.2            28.087224,-26.311296,1575.2            28.087212,-26.311295,1575.2            28.087201,-26.311292,1575.2            28.087191,-26.311289,1575.2            28.08718,-26.311285,1575.2            28.08717,-26.311279,1575.2            28.08716,-26.311271,1575.2            28.08715,-26.311263,1575.2            28.087141,-26.311255,1575.2            28.087133,-26.311247,1575.2            28.087125,-26.311238,1575.2            28.087117,-26.311228,1575.2            28.087108,-26.311218,1575.2            28.087098,-26.311208,1575.2            28.087088,-26.311198,1575.2            28.08708,-26.311188,1575.2            28.087073,-26.311177,1575.2            28.087066,-26.311166,1575.2            28.08706,-26.311156,1575.2            28.087053,-26.311146,1575.2            28.087046,-26.311136,1575.2            28.08704,-26.311126,1575.2            28.087033,-26.311117,1575.2            28.087027,-26.311109,1575.2            28.08702,-26.3111,1575.2            28.087013,-26.311089,1575.2            28.087006,-26.311078,1575.2            28.087,-26.311067,1575.2            28.086995,-26.311057,1575.2            28.086993,-26.311047,1575.2            28.08699,-26.311035,1575.2            28.086988,-26.311028,1575.2            28.086983,-26.311017,1575.2            28.086979,-26.311006,1575.2            28.086976,-26.310996,1575.2            28.086972,-26.310985,1575.2            28.086968,-26.310975,1575.2            28.086964,-26.310965,1575.2            28.086961,-26.310954,1575.2            28.086958,-26.310944,1575.2            28.086956,-26.310933,1575.2            28.086953,-26.310922,1575.2            28.086951,-26.31091,1575.2            28.086949,-26.310899,1575.2            28.086948,-26.31089,1575.2            28.086946,-26.310883,1575.2            28.086943,-26.310876,1575.2            28.086939,-26.310869,1575.2            28.086935,-26.310863,1575.1            28.08693,-26.310858,1575.1            28.086924,-26.310854,1575.1            28.086918,-26.310852,1575.1            28.086909,-26.31085,1575            28.086899,-26.310848,1575            28.086887,-26.310846,1575            28.086874,-26.310843,1574.9            28.086861,-26.310841,1574.9            28.086847,-26.310839,1574.8            28.086833,-26.310836,1574.8            28.086818,-26.310833,1574.7            28.086805,-26.31083,1574.7            28.086793,-26.310826,1574.7            28.086782,-26.310823,1574.7            28.086772,-26.310819,1574.6            28.086762,-26.310816,1574.6            28.086751,-26.310812,1574.6            28.086741,-26.310809,1574.6            28.086731,-26.310806,1574.6            28.08672,-26.310802,1574.6            28.086709,-26.310798,1574.6            28.0867,-26.310794,1574.6            28.086691,-26.310788,1574.5            28.086681,-26.310782,1574.5            28.086671,-26.310776,1574.5            28.086663,-26.31077,1574.5            28.086655,-26.310763,1574.6            28.086648,-26.310755,1574.6            28.08664,-26.310747,1574.6            28.086632,-26.310739,1574.6            28.086624,-26.31073,1574.6            28.086615,-26.310722,1574.6            28.086607,-26.310714,1574.6            28.086599,-26.310706,1574.6            28.086592,-26.310698,1574.6            28.086585,-26.310689,1574.6            28.086579,-26.31068,1574.7            28.086572,-26.310671,1574.7            28.086567,-26.310662,1574.7            28.086562,-26.310652,1574.7            28.086556,-26.310642,1574.7            28.086551,-26.310633,1574.8            28.086547,-26.310626,1574.8            28.086543,-26.310615,1574.8            28.086539,-26.310603,1574.8            28.086534,-26.310591,1574.8            28.086528,-26.310579,1574.9            28.086523,-26.310568,1574.9            28.086518,-26.310557,1574.9            28.086514,-26.310546,1574.9            28.086509,-26.310536,1575            28.086504,-26.310524,1575            28.086498,-26.310513,1575            28.086493,-26.310502,1575            28.086488,-26.310491,1575.1            28.086482,-26.310481,1575.1            28.086477,-26.31047,1575.1            28.086471,-26.310458,1575.1            28.086465,-26.310447,1575.1            28.08646,-26.310435,1575.1            28.086457,-26.310423,1575.2            28.086453,-26.310411,1575.2            28.086449,-26.310399,1575.2            28.086444,-26.310387,1575.2            28.086441,-26.310375,1575.2            28.086437,-26.310364,1575.3            28.086435,-26.310353,1575.3            28.086432,-26.310341,1575.3            28.086428,-26.310328,1575.3            28.086425,-26.310316,1575.3            28.086421,-26.310303,1575.3            28.086418,-26.310292,1575.3            28.086414,-26.310282,1575.4            28.08641,-26.310271,1575.4            28.086403,-26.310259,1575.4            28.086395,-26.310249,1575.4            28.086387,-26.310239,1575.4            28.086379,-26.31023,1575.4            28.086372,-26.310222,1575.4            28.086366,-26.310214,1575.4            28.08636,-26.310205,1575.4            28.086353,-26.310195,1575.5            28.086348,-26.310185,1575.5            28.086343,-26.310175,1575.5            28.086339,-26.310165,1575.5            28.086333,-26.310155,1575.5            28.086328,-26.310144,1575.5            28.086324,-26.310133,1575.5            28.086321,-26.310123,1575.5            28.086317,-26.310113,1575.5            28.086315,-26.310103,1575.5            28.086312,-26.310093,1575.6            28.086309,-26.310082,1575.6            28.086305,-26.310071,1575.6            28.086301,-26.31006,1575.6            28.086297,-26.310049,1575.6            28.086292,-26.310039,1575.6            28.086287,-26.310029,1575.6            28.08628,-26.310018,1575.6            28.086274,-26.310007,1575.6            28.086267,-26.309997,1575.6            28.086262,-26.309988,1575.7            28.086259,-26.309982,1575.7            28.086254,-26.309971,1575.7            28.086249,-26.309959,1575.7            28.086245,-26.309947,1575.7            28.086241,-26.309937,1575.7            28.086238,-26.309928,1575.7            28.086235,-26.30992,1575.7            28.086232,-26.309913,1575.7            28.086229,-26.309905,1575.7            28.086225,-26.309898,1575.7            28.08622,-26.309891,1575.7            28.086215,-26.309882,1575.7            28.086209,-26.309872,1575.7            28.086203,-26.309863,1575.7            28.086197,-26.309854,1575.7            28.086191,-26.309846,1575.7            28.086185,-26.309838,1575.7            28.086179,-26.30983,1575.6            28.086175,-26.309822,1575.6            28.086172,-26.309813,1575.6            28.086169,-26.309804,1575.6            28.086165,-26.309796,1575.6            28.086159,-26.309788,1575.6            28.086153,-26.309779,1575.6            28.086145,-26.309771,1575.6            28.086137,-26.309763,1575.6            28.086129,-26.309755,1575.6            28.086119,-26.309746,1575.6            28.086111,-26.309738,1575.6            28.086101,-26.30973,1575.6            28.086092,-26.309725,1575.6            28.086085,-26.309722,1575.5            28.086079,-26.30972,1575.5            28.086076,-26.309718,1575.5            28.086074,-26.309716,1575.5            28.086072,-26.309716,1575.5            28.086071,-26.309715,1575.5            28.08607,-26.309714,1575.5            28.08607,-26.309713,1575.5            28.086069,-26.309712,1575.5            28.08607,-26.309712,1575.5            28.086069,-26.309712,1575.5            28.086068,-26.309712,1575.5            28.086065,-26.309711,1575.5            28.086063,-26.30971,1575.5            28.086062,-26.30971,1575.5            28.086061,-26.30971,1575.5            28.08606,-26.309709,1575.5            28.086059,-26.309708,1575.5            28.08606,-26.309708,1575.5            28.086059,-26.309706,1575.5            28.086058,-26.309705,1575.5            28.086056,-26.309703,1575.5            28.086053,-26.309702,1575.5            28.086049,-26.309702,1575.5            28.086041,-26.309703,1575.5            28.086031,-26.309704,1575.5            28.08602,-26.309706,1575.5            28.086009,-26.30971,1575.4            28.085998,-26.309715,1575.4            28.085987,-26.309719,1575.4            28.085976,-26.309724,1575.4            28.085965,-26.30973,1575.4            28.085952,-26.309736,1575.4            28.085941,-26.30974,1575.4            28.08593,-26.309744,1575.4            28.08592,-26.309748,1575.4            28.085908,-26.309751,1575.4            28.085899,-26.309754,1575.3            28.085888,-26.309758,1575.3            28.085875,-26.309763,1575.3            28.085862,-26.309767,1575.3            28.085848,-26.309772,1575.3            28.085835,-26.309776,1575.3            28.085822,-26.30978,1575.3            28.08581,-26.309785,1575.3            28.0858,-26.309789,1575.3            28.085789,-26.309794,1575.2            28.085778,-26.309799,1575.2            28.085771,-26.309803,1575.2            28.085757,-26.309808,1575.2            28.085744,-26.30981,1575.2            28.08573,-26.309812,1575.2            28.085716,-26.309815,1575.2            28.085702,-26.309819,1575.2            28.085687,-26.309823,1575.2            28.085674,-26.309828,1575.1            28.085663,-26.309832,1575.1            28.085652,-26.309837,1575.1            28.085639,-26.309841,1575.1            28.085625,-26.309846,1575.1            28.085612,-26.309852,1575.1            28.085599,-26.309857,1575.1            28.085587,-26.309861,1575.1            28.085574,-26.309867,1575            28.085562,-26.309872,1575            28.085549,-26.309876,1575            28.085537,-26.30988,1575            28.085525,-26.309883,1575            28.085513,-26.309886,1575            28.085502,-26.309887,1575            28.085491,-26.309888,1575            28.085481,-26.309889,1575            28.085472,-26.309891,1574.9            28.085462,-26.309893,1574.9            28.085451,-26.309896,1574.9            28.08544,-26.309899,1574.9            28.08543,-26.309903,1574.9            28.085419,-26.309906,1574.9            28.085408,-26.309908,1574.9            28.085397,-26.309911,1574.9            28.085384,-26.309913,1574.9            28.085372,-26.309916,1574.9            28.08536,-26.309919,1574.8            28.085348,-26.309923,1574.8            28.08534,-26.309925,1574.8            28.085328,-26.309931,1574.8            28.085316,-26.309937,1574.8            28.085305,-26.309944,1574.8            28.085295,-26.309949,1574.8            28.085285,-26.309953,1574.8            28.085276,-26.309958,1574.8            28.085267,-26.309962,1574.7            28.085256,-26.309967,1574.7            28.085245,-26.309971,1574.7            28.085233,-26.309974,1574.7            28.08522,-26.309976,1574.7            28.085206,-26.309977,1574.7            28.085195,-26.309978,1574.7            28.085183,-26.309979,1574.7            28.085171,-26.309981,1574.6            28.085158,-26.309984,1574.6            28.085145,-26.309986,1574.6            28.085133,-26.309988,1574.6            28.085121,-26.30999,1574.6            28.085109,-26.309992,1574.6            28.085095,-26.309995,1574.6            28.085082,-26.309998,1574.5            28.085069,-26.310001,1574.5            28.085055,-26.310004,1574.5            28.085042,-26.310007,1574.5            28.085029,-26.310011,1574.5            28.085017,-26.310014,1574.5            28.085004,-26.310018,1574.5            28.084991,-26.310023,1574.5            28.084978,-26.310027,1574.4            28.084964,-26.310031,1574.4            28.084951,-26.310035,1574.4            28.084938,-26.310039,1574.4            28.084925,-26.310044,1574.4            28.084914,-26.310049,1574.4            28.084903,-26.310054,1574.4            28.084892,-26.310058,1574.3            28.08488,-26.310063,1574.3            28.084867,-26.310067,1574.3            28.084854,-26.310072,1574.3            28.084841,-26.310077,1574.3            28.084829,-26.310083,1574.3            28.084816,-26.310087,1574.3            28.084804,-26.31009,1574.2            28.084793,-26.310093,1574.2            28.08478,-26.310096,1574.2            28.084767,-26.310098,1574.2            28.084754,-26.3101,1574.2            28.084741,-26.310102,1574.2            28.084729,-26.310104,1574.2            28.084716,-26.310106,1574.1            28.084704,-26.310108,1574.1            28.084692,-26.31011,1574.1            28.084679,-26.310112,1574.1            28.084666,-26.310114,1574.1            28.084653,-26.310115,1574.1            28.084641,-26.310116,1574            28.084629,-26.310116,1574            28.084616,-26.310116,1574            28.084607,-26.310116,1574            28.084592,-26.310118,1574            28.084578,-26.310118,1574            28.084564,-26.310119,1574            28.084551,-26.310121,1573.9            28.084539,-26.310121,1573.9            28.084526,-26.310123,1573.9            28.084513,-26.310124,1573.9            28.084499,-26.310125,1573.9            28.084485,-26.310127,1573.9            28.084472,-26.310129,1573.8            28.084458,-26.310131,1573.8            28.084446,-26.310133,1573.8            28.084433,-26.310133,1573.8            28.084419,-26.310134,1573.8            28.084405,-26.310135,1573.7            28.084391,-26.310135,1573.7            28.084377,-26.310137,1573.7            28.084363,-26.310138,1573.6            28.08435,-26.310139,1573.6            28.084337,-26.310141,1573.6            28.084325,-26.310143,1573.6            28.084312,-26.310144,1573.5            28.084299,-26.310146,1573.5            28.084287,-26.310147,1573.5            28.084275,-26.310149,1573.5            28.084264,-26.31015,1573.5            28.084254,-26.310151,1573.4            28.084243,-26.310152,1573.4            28.084231,-26.310154,1573.4            28.084218,-26.310156,1573.4            28.084205,-26.31016,1573.3            28.084191,-26.310163,1573.3            28.084177,-26.310166,1573.3            28.084164,-26.310168,1573.2            28.084152,-26.310171,1573.2            28.084139,-26.310173,1573.2            28.084126,-26.310175,1573.1            28.084113,-26.310177,1573.1            28.084101,-26.310178,1573.1            28.084089,-26.31018,1573.1            28.084076,-26.310181,1573            28.084063,-26.310181,1573            28.08405,-26.310182,1573            28.084037,-26.310182,1573            28.084025,-26.310183,1572.9            28.084012,-26.310185,1572.9            28.084001,-26.310186,1572.9            28.083989,-26.310188,1572.8            28.083978,-26.31019,1572.8            28.083966,-26.310191,1572.8            28.083955,-26.31019,1572.8            28.083944,-26.310188,1572.7            28.083933,-26.310187,1572.7            28.083923,-26.310186,1572.7            28.083911,-26.310185,1572.7            28.083898,-26.310184,1572.6            28.083885,-26.310183,1572.6            28.083871,-26.310183,1572.6            28.083858,-26.310183,1572.6            28.08385,-26.310183,1572.5            28.083836,-26.310183,1572.5            28.083822,-26.310183,1572.5            28.083808,-26.310185,1572.4            28.083795,-26.310186,1572.4            28.083783,-26.310187,1572.4            28.083772,-26.310188,1572.4            28.08376,-26.31019,1572.3            28.083748,-26.310192,1572.3            28.083737,-26.310193,1572.3            28.083726,-26.310195,1572.3            28.083717,-26.310195,1572.2            28.083708,-26.310194,1572.2            28.083699,-26.310193,1572.2            28.083689,-26.310191,1572.2            28.083678,-26.31019,1572.1            28.083668,-26.310189,1572.1            28.08366,-26.310185,1572.1            28.083655,-26.310182,1572.1            28.083653,-26.310179,1572.1            28.083651,-26.310177,1572.1            28.08365,-26.310176,1572.1            28.083649,-26.310175,1572            28.083648,-26.310174,1572            28.083648,-26.310173,1572            28.083648,-26.310172,1572            28.083648,-26.310171,1572            28.083648,-26.31017,1572            28.083647,-26.31017,1572            28.083644,-26.31017,1572            28.083637,-26.31017,1572            28.083629,-26.31017,1572            28.08362,-26.310169,1572            28.083609,-26.310169,1571.9            28.083596,-26.310169,1571.9            28.083583,-26.310169,1571.9            28.08357,-26.310169,1571.8            28.083557,-26.310168,1571.8            28.083546,-26.310165,1571.8            28.083535,-26.310162,1571.7            28.083523,-26.31016,1571.7            28.083511,-26.310159,1571.7            28.083498,-26.310158,1571.6            28.083485,-26.310156,1571.6            28.083473,-26.310155,1571.6            28.083461,-26.310154,1571.6            28.083449,-26.310152,1571.6            28.083437,-26.31015,1571.6            28.083424,-26.310147,1571.6            28.083412,-26.310143,1571.5            28.083398,-26.31014,1571.5            28.083385,-26.310137,1571.5            28.083373,-26.310134,1571.5            28.08336,-26.310132,1571.4            28.083347,-26.310129,1571.4            28.083334,-26.310125,1571.4            28.083321,-26.310121,1571.2            28.083307,-26.310118,1571.2            28.083295,-26.310116,1571.2            28.083286,-26.310114,1571            28.083272,-26.310114,1570.9            28.083257,-26.310113,1570.9            28.083243,-26.310112,1570.3            28.08323,-26.31011,1570.3            28.083217,-26.310109,1570.3            28.083204,-26.310108,1570.3            28.083191,-26.310106,1570            28.083179,-26.310105,1570            28.083165,-26.310104,1570            28.083151,-26.310102,1569.8            28.083138,-26.3101,1569.8            28.083127,-26.310097,1569.8            28.083115,-26.310094,1569.8            28.083104,-26.310091,1569.6            28.083094,-26.310087,1569.6            28.083083,-26.310083,1569.6            28.083071,-26.31008,1569.4            28.083059,-26.310078,1569.4            28.083048,-26.310076,1569.4            28.083037,-26.310075,1569.4            28.083025,-26.310076,1569.1            28.083014,-26.310076,1569.1            28.083002,-26.310078,1569.1            28.082989,-26.310079,1569.1            28.082976,-26.31008,1568.8            28.082964,-26.310081,1568.8            28.082952,-26.310082,1568.8            28.082941,-26.310084,1568.5            28.082929,-26.310085,1568.5            28.082918,-26.310086,1568.5            28.082905,-26.310087,1568.5            28.082894,-26.310087,1568.2            28.082882,-26.310088,1568.2            28.08287,-26.310088,1568.2            28.082858,-26.310088,1568.2            28.082847,-26.310089,1568.1            28.082836,-26.310089,1568.1            28.082824,-26.310089,1568.1            28.082812,-26.310089,1568            28.0828,-26.310089,1568            28.082788,-26.310089,1568            28.082777,-26.310088,1568            28.082765,-26.310088,1568            28.082753,-26.310087,1568            28.082741,-26.310086,1568            28.08273,-26.310085,1568            28.082718,-26.310084,1568            28.082707,-26.310082,1568            28.082696,-26.31008,1568            28.082686,-26.310078,1568            28.082675,-26.310076,1568            28.082663,-26.310073,1568.1            28.082651,-26.31007,1568.1            28.082639,-26.310068,1568.1            28.082627,-26.310066,1568.1            28.082615,-26.310064,1568.1            28.082604,-26.310061,1568            28.082592,-26.310059,1568            28.082583,-26.310058,1568            28.082575,-26.310057,1568            28.082569,-26.310058,1568            28.082565,-26.310058,1568            28.082561,-26.310059,1568            28.082558,-26.31006,1568            28.082556,-26.310062,1568            28.082554,-26.310063,1568            28.082553,-26.310063,1568            28.082552,-26.310064,1568            28.082551,-26.310063,1567.9            28.082549,-26.310061,1567.9            28.082545,-26.310057,1567.9            28.08254,-26.310053,1567.9            28.082535,-26.310047,1567.9            28.082527,-26.310042,1567.9            28.082519,-26.310037,1567.9            28.082511,-26.31003,1567.9            28.082504,-26.310024,1567.9            28.082497,-26.310016,1567.9            28.082489,-26.310007,1567.9            28.082481,-26.309999,1567.9            28.082473,-26.309991,1567.9            28.082466,-26.309984,1567.9            28.08246,-26.309977,1567.9            28.082454,-26.30997,1567.9            28.082448,-26.309963,1567.9            28.082442,-26.309954,1567.7            28.082435,-26.309945,1567.7            28.082428,-26.309937,1567.7            28.082421,-26.309929,1567.7            28.082415,-26.309922,1567.7            28.082408,-26.309916,1567.4            28.082402,-26.309908,1567.4            28.082396,-26.3099,1567.4            28.082391,-26.309892,1567.4            28.082386,-26.309886,1567.4            28.082383,-26.309882,1567.4            28.082377,-26.309877,1567.1            28.082371,-26.309871,1567.1            28.082365,-26.309863,1567.1            28.082359,-26.309855,1567.1            28.082355,-26.309849,1567.1            28.082349,-26.309841,1566.8            28.082343,-26.309834,1566.8            28.082337,-26.309826,1566.8            28.08233,-26.309819,1566.8            28.082324,-26.309811,1566.8            28.082315,-26.309804,1566.6            28.082306,-26.309798,1566.6            28.082295,-26.309792,1566.6            28.082285,-26.309786,1566.6            28.082276,-26.309781,1566.6            28.082268,-26.309776,1566.6            28.082259,-26.309773,1566.5            28.08225,-26.30977,1566.5            28.082242,-26.309767,1566.5            28.082236,-26.309765,1566.5            28.082229,-26.309764,1566.5            28.082222,-26.309763,1566.5            28.082217,-26.309762,1566.5            28.08221,-26.309761,1566.5            28.082205,-26.309759,1566.5            28.082203,-26.309758,1566.5            28.082201,-26.309758,1566.5            28.082201,-26.309757,1566.5            28.0822,-26.309757,1566.4            28.082199,-26.309757,1566.4            28.082195,-26.309757,1566.4            28.082188,-26.309757,1566.4            28.082179,-26.309757,1566.4            28.082168,-26.309756,1566.4            28.082158,-26.309755,1566.4            28.082147,-26.309755,1566.4            28.082136,-26.309753,1566.4            28.082124,-26.309752,1566.3            28.082113,-26.30975,1566.3            28.082102,-26.309748,1566.3            28.08209,-26.309747,1566.3            28.082079,-26.309746,1566.2            28.082068,-26.309745,1566.2            28.082056,-26.309744,1566.2            28.082045,-26.309743,1566.2            28.082034,-26.309743,1566            28.082024,-26.309742,1566            28.082014,-26.309742,1566            28.082006,-26.309742,1566            28.081999,-26.309741,1566            28.081995,-26.309741,1565.8            28.081992,-26.309741,1565.8            28.08199,-26.30974,1565.8            28.081988,-26.30974,1565.8            28.081987,-26.30974,1565.8            28.081986,-26.30974,1565.8            28.081984,-26.30974,1565.8            28.081983,-26.30974,1565.8            28.081981,-26.30974,1565.8            28.081979,-26.30974,1565.8            28.081978,-26.30974,1565.8            28.081977,-26.30974,1565.8            28.081976,-26.30974,1565.8            28.081975,-26.30974,1565.8            28.081974,-26.30974,1565.8            28.081973,-26.30974,1565.7            28.081972,-26.30974,1565.7            28.081972,-26.309739,1565.7            28.081971,-26.30974,1565.7            28.081971,-26.309739,1565.7            28.081971,-26.309738,1565.7            28.081972,-26.309739,1565.7            28.081974,-26.309739,1565.7            28.081976,-26.309739,1565.7            28.081979,-26.309738,1565.7            28.081982,-26.309737,1565.6            28.081984,-26.309736,1565.6            28.081984,-26.309734,1565.6            28.081984,-26.309733,1565.6            28.081984,-26.309732,1565.6            28.081984,-26.309731,1565.6            28.081984,-26.30973,1565.6            28.081984,-26.309729,1565.6            28.081985,-26.309729,1565.6            28.081985,-26.30973,1565.6            28.081986,-26.30973,1565.6            28.081987,-26.30973,1565.6            28.081987,-26.309731,1565.5            28.081988,-26.30973,1565.5            28.081988,-26.309731,1565.5            28.081988,-26.309732,1565.5            28.081988,-26.309733,1565.5            28.081989,-26.309733,1565.5            28.081988,-26.309733,1565.5            28.081989,-26.309735,1565.5            28.081989,-26.309737,1565.5            28.081987,-26.309739,1565.4            28.081986,-26.30974,1565.4            28.081984,-26.309742,1565.4            28.081982,-26.309743,1565.4            28.081981,-26.309742,1565.4            28.08198,-26.309742,1565.4            28.081979,-26.309742,1565.4            28.081977,-26.309742,1565.4            28.081976,-26.309742,1565.4            28.081975,-26.309742,1565.4            28.081974,-26.309742,1565.4            28.081974,-26.309741,1565.4            28.081974,-26.30974,1565.4            28.081973,-26.30974,1565.4            28.081972,-26.30974,1565.3            28.08197,-26.30974,1565.3            28.081968,-26.309739,1565.3            28.081966,-26.309738,1565.3            28.081965,-26.309737,1565.3            28.081964,-26.309736,1565.3            28.081962,-26.309735,1565.3            28.08196,-26.309734,1565.3            28.081957,-26.309732,1565.3            28.081953,-26.309731,1565.1            28.081948,-26.30973,1565.1            28.08194,-26.30973,1565.1            28.081931,-26.309729,1565.1            28.081924,-26.309729,1565.1            28.081911,-26.309729,1564.9            28.081899,-26.309728,1564.9            28.081888,-26.309727,1564.7            28.081875,-26.309727,1564.7            28.081862,-26.309726,1564.6            28.081849,-26.309724,1564.6            28.081837,-26.309722,1564.6            28.081826,-26.30972,1564.5            28.081814,-26.309717,1564.5            28.081803,-26.309714,1564.5            28.081792,-26.30971,1564.5            28.081781,-26.309707,1564.4            28.081772,-26.309702,1564.4            28.081762,-26.309698,1564.4            28.081751,-26.309693,1564.4            28.081739,-26.309689,1564.4            28.081728,-26.309685,1564.6            28.081716,-26.309682,1564.5            28.081705,-26.309679,1564.5            28.081694,-26.309678,1564.5            28.081684,-26.309676,1564.5            28.081673,-26.309674,1564.5            28.08166,-26.309672,1564.5            28.081648,-26.30967,1564.6            28.081634,-26.309668,1564.6            28.081621,-26.309667,1564.6            28.081609,-26.309665,1564.7            28.081596,-26.309663,1564.7            28.081584,-26.309661,1564.7            28.081573,-26.30966,1564.7            28.081564,-26.309658,1565            28.081558,-26.309656,1565            28.081553,-26.309654,1565            28.08155,-26.309652,1565            28.081548,-26.30965,1565.3            28.081546,-26.309648,1565.3            28.081545,-26.309647,1565.3            28.081544,-26.309647,1565.3            28.081544,-26.309646,1565.3            28.081543,-26.309646,1565.2            28.081539,-26.309646,1565.2            28.081533,-26.309647,1565.2            28.081524,-26.309647,1565.5            28.081514,-26.309647,1565.5            28.081504,-26.309646,1565.5            28.081493,-26.309646,1565.5            28.081481,-26.309645,1565.7            28.081472,-26.309645,1565.7            28.081465,-26.309644,1565.7            28.08146,-26.309645,1565.7            28.081454,-26.309645,1565.7            28.081446,-26.309646,1565.7            28.081438,-26.309647,1565.9            28.081429,-26.309649,1565.9            28.081419,-26.309651,1565.8            28.081409,-26.309653,1565.8            28.081399,-26.309657,1565.8            28.081388,-26.309661,1566.1            28.081381,-26.309663,1566.1            28.081369,-26.309667,1566.1            28.081357,-26.309671,1566.1            28.081346,-26.309674,1566.3            28.081333,-26.309677,1566.3            28.081321,-26.309681,1566.3            28.081311,-26.309685,1566.5            28.081301,-26.309689,1566.5            28.081291,-26.309692,1566.5            28.081283,-26.309694,1566.5            28.081277,-26.309696,1566.5            28.08127,-26.309698,1566.5            28.081264,-26.309699,1566.5            28.081258,-26.309699,1566.5            28.081254,-26.309699,1566.5            28.081251,-26.309699,1566.5            28.081249,-26.3097,1566.5            28.081247,-26.309701,1566.4            28.081246,-26.309703,1566.4            28.081245,-26.309703,1566.4            28.081244,-26.309703,1566.4            28.081243,-26.309703,1566.4            28.081242,-26.309703,1566.4            28.081243,-26.309703,1566.4            28.081242,-26.309703,1566.4            28.081242,-26.309704,1566.4            28.081241,-26.309704,1566.4            28.08124,-26.309705,1566.3            28.081239,-26.309705,1566.3            28.081239,-26.309704,1566.3            28.081239,-26.309703,1566.3            28.081239,-26.309702,1566.3            28.08124,-26.309702,1566.3            28.081241,-26.309702,1566.3            28.08124,-26.309702,1566.2            28.081239,-26.309702,1566.2            28.081239,-26.309701,1566.2            28.08124,-26.309701,1566.2            28.08124,-26.309702,1566.2            28.081239,-26.309703,1566.2            28.081239,-26.309704,1566.2            28.081236,-26.309708,1566.2            28.081231,-26.309711,1566.2            28.081224,-26.309715,1566.1            28.081216,-26.30972,1566.1            28.081206,-26.309725,1566.1            28.081195,-26.30973,1566.1            28.081185,-26.309731,1566.1            28.081177,-26.309732,1566            28.081171,-26.30973,1566            28.081168,-26.309729,1566            28.081165,-26.309727,1566            28.081164,-26.309726,1566            28.081163,-26.309725,1566            28.08116,-26.309726,1565.9            28.081155,-26.309727,1565.9            28.081148,-26.309729,1565.9            28.081139,-26.309734,1565.9            28.081129,-26.30974,1565.9            28.081118,-26.309747,1565.9            28.081106,-26.309754,1565.9            28.081094,-26.309761,1565.8            28.081083,-26.309768,1565.9            28.081072,-26.309773,1565.9            28.081062,-26.309777,1565.9            28.081052,-26.309781,1565.9            28.081041,-26.309786,1565.9            28.081029,-26.309791,1565.9            28.081018,-26.309798,1565.9            28.081011,-26.309802,1565.9            28.081003,-26.309803,1565.9            28.080998,-26.309804,1565.9            28.080994,-26.309804,1565.9            28.080989,-26.309805,1565.8            28.080982,-26.309808,1565.8            28.080975,-26.309812,1565.8            28.080969,-26.309817,1565.8            28.080961,-26.309824,1565.8            28.080953,-26.309832,1565.8            28.080943,-26.309839,1565.8            28.080935,-26.309847,1565.8            28.080927,-26.309856,1565.8            28.080918,-26.309863,1565.8            28.080911,-26.30987,1565.9            28.080903,-26.309877,1565.9            28.080893,-26.309884,1565.9            28.080884,-26.309891,1565.9            28.080875,-26.309899,1565.9            28.080867,-26.309906,1565.9            28.08086,-26.309913,1565.9            28.080853,-26.309921,1565.9            28.080848,-26.309928,1565.9            28.080845,-26.309933,1565.9            28.080843,-26.309936,1566            28.080841,-26.309938,1566            28.08084,-26.309939,1566            28.080839,-26.309941,1566            28.080837,-26.309944,1566            28.080834,-26.309949,1566            28.080832,-26.309953,1566            28.080827,-26.309961,1566            28.080822,-26.30997,1566            28.080816,-26.30998,1566            28.080811,-26.309988,1566            28.080806,-26.309997,1566            28.080802,-26.310005,1566            28.080796,-26.310013,1566            28.08079,-26.310019,1566            28.080787,-26.310024,1566            28.080784,-26.310028,1566.1            28.080779,-26.310032,1566.1            28.080772,-26.310035,1566.1            28.080765,-26.310039,1566.1            28.080757,-26.310043,1566.1            28.080747,-26.310046,1566.1            28.080736,-26.310046,1566.1            28.080724,-26.310045,1566.1            28.080711,-26.310042,1566.1            28.080697,-26.310039,1566.1            28.080685,-26.310035,1566.1            28.080672,-26.310031,1566.1            28.080659,-26.310029,1566.1            28.080646,-26.310029,1566.1            28.080633,-26.31003,1566.1            28.08062,-26.310032,1566.1            28.080607,-26.310035,1566.1            28.080596,-26.310038,1566.1            28.080584,-26.310042,1566.1            28.080572,-26.310045,1566.2            28.080559,-26.310049,1566.2            28.080546,-26.310051,1566.2            28.080533,-26.310054,1566.2            28.080521,-26.310057,1566.2            28.08051,-26.31006,1566.2            28.080499,-26.310063,1566.2            28.080488,-26.310065,1566.2            28.080475,-26.310067,1566.2            28.080462,-26.31007,1566.2            28.080449,-26.310073,1566.2            28.080438,-26.310076,1566.2            28.080427,-26.31008,1566.2            28.080416,-26.310084,1566.2            28.080404,-26.310086,1566.2            28.080391,-26.310089,1566.2            28.080378,-26.310092,1566.2            28.080365,-26.310097,1566.2            28.080353,-26.310101,1566.2            28.080341,-26.310105,1566.2            28.080329,-26.31011,1566.2            28.080316,-26.310114,1566.2            28.080302,-26.310117,1566.2            28.080288,-26.310119,1566.2            28.080276,-26.31012,1566.2            28.080264,-26.310121,1566.2            28.080253,-26.310122,1566.2            28.080241,-26.310125,1566.2            28.080229,-26.310128,1566.2            28.080218,-26.31013,1566.2            28.080207,-26.310132,1566.2            28.080199,-26.310134,1566.2            28.080186,-26.310137,1566.2            28.080173,-26.310139,1566.2            28.080162,-26.310141,1566.2            28.080151,-26.310142,1566.2            28.080139,-26.310144,1566.2            28.080127,-26.310146,1566.2            28.080116,-26.310146,1566.2            28.080105,-26.310147,1566.2            28.080094,-26.310148,1566.2            28.080084,-26.31015,1566.2            28.080074,-26.310152,1566.2            28.080064,-26.310154,1566.2            28.080057,-26.310158,1566.2            28.08005,-26.310161,1566.2            28.080043,-26.310168,1566.2            28.080034,-26.310174,1566.2            28.080026,-26.310179,1566.2            28.080018,-26.310185,1566.2            28.080009,-26.310191,1566.2            28.08,-26.310199,1566.2            28.079991,-26.310206,1566.2            28.079983,-26.310213,1566.2            28.079976,-26.310219,1566.2            28.079969,-26.310226,1566.1            28.079962,-26.310233,1566.1            28.079957,-26.310238,1566.1            28.079953,-26.310243,1566.1            28.079948,-26.310248,1566.1            28.079942,-26.310253,1566.1            28.079936,-26.310259,1566.1            28.079931,-26.310265,1566.1            28.079924,-26.310271,1566.1            28.079917,-26.310278,1566.1            28.079911,-26.310284,1566.1            28.079905,-26.310291,1566.1            28.079899,-26.310297,1566.1            28.079894,-26.310302,1566.1            28.079887,-26.310306,1566            28.07988,-26.31031,1566            28.079874,-26.310312,1566            28.07987,-26.310314,1566            28.079868,-26.310316,1566            28.079867,-26.310318,1566            28.079867,-26.31032,1566            28.079867,-26.310322,1566            28.079867,-26.310323,1566            28.079866,-26.310324,1566            28.079866,-26.310325,1566            28.079866,-26.310326,1566            28.079865,-26.310326,1566            28.079864,-26.310325,1566            28.079863,-26.310324,1566            28.079862,-26.310322,1566            28.079861,-26.310322,1566            28.079861,-26.310321,1566            28.07986,-26.310321,1566            28.07986,-26.31032,1566            28.07986,-26.310322,1566            28.079859,-26.310324,1566            28.079857,-26.310325,1566            28.079856,-26.310324,1566            28.079855,-26.310323,1566            28.079855,-26.310322,1566            28.079854,-26.310321,1566            28.079855,-26.31032,1566            28.079855,-26.310319,1566            28.079855,-26.310318,1566            28.079856,-26.310318,1566            28.079856,-26.310317,1566            28.079855,-26.310317,1566            28.079856,-26.310317,1566            28.079856,-26.310316,1566            28.079855,-26.310316,1566            28.079855,-26.310317,1566            28.079856,-26.310317,1566          </coordinates></LineString></Placemark><Placemark><name>Finish</name><styleUrl>#icon-1899-FF5252-nodesc</styleUrl><Point><coordinates>            28.0798394,-26.3103216,0          </coordinates></Point></Placemark><Placemark><name>Start</name><styleUrl>#icon-1899-0F9D58-nodesc</styleUrl><Point><coordinates>            28.0798474,-26.3103249,0          </coordinates></Point></Placemark></Folder></Document></kml>