<?xml version="1.0" encoding="UTF-8"?><kml xmlns="http://www.opengis.net/kml/2.2"><Document><name>Sardinia Bay parkrun (from Jan 2025)</name><description/><Style id="icon-1899-0F9D58-nodesc-normal"><IconStyle><color>ff589d0f</color><scale>1</scale><Icon><href>https://www.gstatic.com/mapspro/images/stock/503-wht-blank_maps.png</href></Icon><hotSpot x="32" xunits="pixels" y="64" yunits="insetPixels"/></IconStyle><LabelStyle><scale>0</scale></LabelStyle><BalloonStyle><text><![CDATA[<h3>$[name]</h3>]]></text></BalloonStyle></Style><Style id="icon-1899-0F9D58-nodesc-highlight"><IconStyle><color>ff589d0f</color><scale>1</scale><Icon><href>https://www.gstatic.com/mapspro/images/stock/503-wht-blank_maps.png</href></Icon><hotSpot x="32" xunits="pixels" y="64" yunits="insetPixels"/></IconStyle><LabelStyle><scale>1</scale></LabelStyle><BalloonStyle><text><![CDATA[<h3>$[name]</h3>]]></text></BalloonStyle></Style><StyleMap id="icon-1899-0F9D58-nodesc"><Pair><key>normal</key><styleUrl>#icon-1899-0F9D58-nodesc-normal</styleUrl></Pair><Pair><key>highlight</key><styleUrl>#icon-1899-0F9D58-nodesc-highlight</styleUrl></Pair></StyleMap><Style id="icon-1899-FF5252-nodesc-normal"><IconStyle><color>ff5252ff</color><scale>1</scale><Icon><href>https://www.gstatic.com/mapspro/images/stock/503-wht-blank_maps.png</href></Icon><hotSpot x="32" xunits="pixels" y="64" yunits="insetPixels"/></IconStyle><LabelStyle><scale>0</scale></LabelStyle><BalloonStyle><text><![CDATA[<h3>$[name]</h3>]]></text></BalloonStyle></Style><Style id="icon-1899-FF5252-nodesc-highlight"><IconStyle><color>ff5252ff</color><scale>1</scale><Icon><href>https://www.gstatic.com/mapspro/images/stock/503-wht-blank_maps.png</href></Icon><hotSpot x="32" xunits="pixels" y="64" yunits="insetPixels"/></IconStyle><LabelStyle><scale>1</scale></LabelStyle><BalloonStyle><text><![CDATA[<h3>$[name]</h3>]]></text></BalloonStyle></Style><StyleMap id="icon-1899-FF5252-nodesc"><Pair><key>normal</key><styleUrl>#icon-1899-FF5252-nodesc-normal</styleUrl></Pair><Pair><key>highlight</key><styleUrl>#icon-1899-FF5252-nodesc-highlight</styleUrl></Pair></StyleMap><Style id="line-0288D1-5000-nodesc-normal"><LineStyle><color>ffd18802</color><width>5</width></LineStyle><BalloonStyle><text><![CDATA[<h3>$[name]</h3>]]></text></BalloonStyle></Style><Style id="line-0288D1-5000-nodesc-highlight"><LineStyle><color>ffd18802</color><width>7.5</width></LineStyle><BalloonStyle><text><![CDATA[<h3>$[name]</h3>]]></text></BalloonStyle></Style><StyleMap id="line-0288D1-5000-nodesc"><Pair><key>normal</key><styleUrl>#line-0288D1-5000-nodesc-normal</styleUrl></Pair><Pair><key>highlight</key><styleUrl>#line-0288D1-5000-nodesc-highlight</styleUrl></Pair></StyleMap><Folder><name>Untitled layer</name><Placemark><name>Course</name><styleUrl>#line-0288D1-5000-nodesc</styleUrl><LineString><tessellate>1</tessellate><coordinates>            25.4956127330661,-34.01207302697,84.8000030517578            25.4956159181893,-34.0120780561119,85            25.4956435784698,-34.0120686683804,85            25.4956429917365,-34.0120738651603,85            25.4956470988691,-34.012078139931,85            25.4956438299268,-34.0120815765113,85            25.4956454224885,-34.0120815765113,85            25.495644165203,-34.012083504349,85            25.495639052242,-34.0120947360992,84.8000030517578            25.4956365376711,-34.0121032018214,84.8000030517578            25.4956344421953,-34.0121114160866,84.8000030517578            25.4956388007849,-34.0121148526669,84.8000030517578            25.4956275690347,-34.0121223963797,84.8000030517578            25.495617762208,-34.0121242403984,84.8000030517578            25.4956093803048,-34.012125749141,84.8000030517578            25.4956087097526,-34.0121265035123,84.8000030517578            25.4955977294594,-34.0121306944638,84.8000030517578            25.4955819714814,-34.0121334604919,84.8000030517578            25.4955645371228,-34.012133711949,84.8000030517578            25.4955474380404,-34.0121351368725,84.8000030517578            25.4955284111202,-34.0121405012906,84.8000030517578            25.4955091327429,-34.0121426805854,84.8000030517578            25.4954996611923,-34.0121438540518,84.8000030517578            25.4954850766808,-34.0121493022889,84.8000030517578            25.4954731743783,-34.0121545828879,84.8000030517578            25.4954607691616,-34.0121595282108,84.8000030517578            25.4954395629466,-34.0121684968472,84.8000030517578            25.4954259004444,-34.0121783874929,84.8000030517578            25.4954001680017,-34.0121920499951,84.8000030517578            25.4953761957586,-34.0122092328966,84.8000030517578            25.4953531455249,-34.0122212190181,84.8000030517578            25.4953333642334,-34.012236725539,84.8000030517578            25.4953167680651,-34.0122482087463,84.8000030517578            25.4953023511916,-34.0122557524592,84.8000030517578            25.4952839948237,-34.0122614521533,84.8000030517578            25.4952710028738,-34.0122639667243,84.5999984741211            25.4952547419816,-34.0122715104371,84.5999984741211            25.4952389001846,-34.0122793056071,84.5999984741211            25.495218699798,-34.012289782986,84.4000015258789            25.4951890278608,-34.0123022720218,84.4000015258789            25.495168408379,-34.0123095642775,84.1999969482422            25.4951232299209,-34.0123046189547,84.1999969482422            25.4950902890414,-34.0123095642775,84            25.495065394789,-34.012308055535,84            25.4950249101967,-34.0123053733259,84            25.4950083978474,-34.0122963208705,84            25.4949905443937,-34.0122833289206,83.8000030517578            25.494972858578,-34.0122723486274,83.8000030517578            25.4949561785907,-34.0122506394982,83.8000030517578            25.4949366487563,-34.0122353006154,83.8000030517578            25.4949130956084,-34.012223565951,83.5999984741211            25.4948941525072,-34.0122087299824,83.5999984741211            25.4948703479022,-34.0121872723103,83.5999984741211            25.494851320982,-34.0121736098081,83.5999984741211            25.4948299471289,-34.0121564269066,83.8000030517578            25.4948147758842,-34.0121463686228,83.8000030517578            25.4947913903743,-34.0121319517493,84            25.4947778116912,-34.0121214743704,84.4000015258789            25.4947587009519,-34.012104710564,84.5999984741211            25.4947486426681,-34.0120909642428,85            25.4947286937386,-34.0120718535036,85.4000015258789            25.4947144445032,-34.0120534133166,85.5999984741211            25.4946933221072,-34.0120335482061,85.5999984741211            25.4946807492524,-34.0120139345527,85.8000030517578            25.4946699365973,-34.0119928121567,85.8000030517578            25.4946617223322,-34.0119686722755,85.8000030517578            25.4946561064571,-34.0119491424412,85.8000030517578            25.4946617223322,-34.0119260922074,85.8000030517578            25.4946674220264,-34.0119026228786,85.5999984741211            25.4946820065379,-34.0118781477213,85.5999984741211            25.4946887958795,-34.0118560194969,85.5999984741211            25.4947137739509,-34.011840429157,85.5999984741211            25.4947198089212,-34.0118203125894,85.8000030517578            25.4947134386748,-34.0117792412639,85.8000030517578            25.4947176296264,-34.0117601305246,86            25.4947242513299,-34.0117431990802,86            25.4947306215763,-34.0117287822068,86.1999969482422            25.4947383329272,-34.0117146167904,86.1999969482422            25.4947497323155,-34.011700367555,86.8000030517578            25.4947592038661,-34.0116869565099,87            25.4947732016444,-34.0116771496832,87.1999969482422            25.494785187766,-34.0116618946195,87.5999984741211            25.4947952460498,-34.0116567816585,87.8000030517578            25.49481167458,-34.0116406045854,88            25.4948229901493,-34.011628869921,88.4000015258789            25.4948376584798,-34.0116126928478,88.5999984741211            25.4948551766574,-34.0115976054221,88.8000030517578            25.4948705993593,-34.0115915704519,88.8000030517578            25.4948902130127,-34.0115803387016,89            25.4949063062668,-34.0115675143898,89            25.4949231538922,-34.0115596354008,89.1999969482422            25.4949377384037,-34.0115450508893,89.1999969482422            25.4949494730681,-34.0115297120064,89.1999969482422            25.4949622135609,-34.0115108527243,89.1999969482422            25.4949630517513,-34.0114882215858,89.1999969482422            25.494962381199,-34.0114663448185,89.1999969482422            25.4949577711523,-34.011449329555,89.1999969482422            25.494954334572,-34.01143332012,89.1999969482422            25.4949499759823,-34.0114156343043,89.1999969482422            25.4949384089559,-34.0113958530128,89.1999969482422            25.4949274286628,-34.0113810170442,89.1999969482422            25.4949076473713,-34.0113607328385,89.4000015258789            25.4948854353279,-34.0113456454128,89.5999984741211            25.49485928379,-34.0113315638155,89.5999984741211            25.4948332998902,-34.0113279595971,90            25.4948167037219,-34.0113215055317,90            25.4947996884584,-34.0113153867424,90.1999969482422            25.4947706032544,-34.0113119501621,90.1999969482422            25.4947501514107,-34.0113111119717,90.1999969482422            25.4947288613766,-34.0113123692572,90.1999969482422            25.4947029612958,-34.0113204997033,90.1999969482422            25.4946827609092,-34.0113272890449,90.1999969482422            25.4946642369032,-34.0113402809948,90.1999969482422            25.4946477245539,-34.0113547816873,90.1999969482422            25.4946359060705,-34.011367270723,90.1999969482422            25.4946246743202,-34.011380597949,90            25.494616208598,-34.011391159147,90            25.4946023784578,-34.011401552707,89.8000030517578            25.4945840220898,-34.0114112757146,89.8000030517578            25.4945631511509,-34.0114161372185,89.5999984741211            25.4945326410234,-34.0114186517894,89.5999984741211            25.4945116024464,-34.0114289615303,89.5999984741211            25.494478661567,-34.0114287100732,89.4000015258789            25.4944517556578,-34.0114261955023,89.4000015258789            25.4944295436144,-34.0114220883697,89.4000015258789            25.494402050972,-34.0114105213434,89.4000015258789            25.4943795874715,-34.0113988704979,89.1999969482422            25.4943579621613,-34.0113890636712,89.1999969482422            25.4943375941366,-34.0113782510161,89.1999969482422            25.4943070840091,-34.0113628283143,89.1999969482422            25.4942863807082,-34.011354194954,89.1999969482422            25.4942661803216,-34.0113445557654,89.1999969482422            25.4942365922034,-34.0113398618996,89.1999969482422            25.4942179005593,-34.0113332401961,89.1999969482422            25.4941920004785,-34.0113309770823,89            25.4941650945693,-34.0113402809948,88.8000030517578            25.4941371828318,-34.0113504230976,88.8000030517578            25.4941233526915,-34.0113721322268,88.8000030517578            25.4941226821393,-34.0113929193467,88.5999984741211            25.4941240232438,-34.0114158857614,88.4000015258789            25.4941177368164,-34.0114340744913,88.4000015258789            25.49410876818,-34.0114511735737,88.1999969482422            25.4940949380398,-34.0114652551711,88.1999969482422            25.4940788447857,-34.0114745590836,88.1999969482422            25.494055878371,-34.0114769060165,88.1999969482422            25.4940269608051,-34.0114781633019,88            25.4940024018288,-34.0114793367684,88            25.4939715564251,-34.0114752296358,88            25.4939499311149,-34.0114691946656,88            25.4939179960638,-34.0114567056298,87.8000030517578            25.4938901681453,-34.0114401932806,87.8000030517578            25.4938636813313,-34.0114212501794,87.5999984741211            25.4938314948231,-34.0114071685821,87.4000015258789            25.4938043374568,-34.0114085096866,87.4000015258789            25.4937780182809,-34.0114204958081,87.4000015258789            25.4937550518662,-34.0114369243383,87.4000015258789            25.4937373660505,-34.0114567056298,87.4000015258789            25.4937247931957,-34.0114826895297,87.1999969482422            25.4937147349119,-34.011507499963,87.1999969482422            25.4937014915049,-34.0115377586335,87            25.4936856497079,-34.0115590486676,87            25.4936580732465,-34.0115721244365,86.8000030517578            25.4936256352812,-34.0115749742836,86.8000030517578            25.4936021659523,-34.011573465541,86.8000030517578            25.4935778584331,-34.0115639101714,86.8000030517578            25.4935596697032,-34.0115534327924,86.8000030517578            25.4935500305146,-34.0115350764245,86.8000030517578            25.4935442470014,-34.0115144569427,86.8000030517578            25.4935410618782,-34.0114954300225,86.8000030517578            25.4935372062027,-34.0114768221974,86.8000030517578            25.4935317579657,-34.0114649198949,86.8000030517578            25.4935149103403,-34.0114525146782,86.8000030517578            25.4934925306588,-34.0114375110716,87            25.493474509567,-34.0114285424352,87            25.4934471007437,-34.0114184841514,87            25.4934227932245,-34.0114134550095,87            25.4933972284198,-34.0114180650562,87.1999969482422            25.4933694005013,-34.0114264469594,87.1999969482422            25.4933465179056,-34.0114382654428,87.1999969482422            25.4933233000338,-34.0114494133741,87            25.4932950530201,-34.0114567056298,87            25.4932651296258,-34.0114609804004,87            25.4932298418134,-34.0114660933614,86.8000030517578            25.4932083003223,-34.0114639978856,86.8000030517578            25.4931756108999,-34.0114584658295,86.4000015258789            25.4931481182575,-34.0114529337734,86.4000015258789            25.4931260738522,-34.011449161917,86.4000015258789            25.493096485734,-34.0114535205066,86.1999969482422            25.4930716753006,-34.0114620700479,86.1999969482422            25.493051726371,-34.0114727988839,86.1999969482422            25.493027837947,-34.0114905685186,86.1999969482422            25.4930114094168,-34.0115016326308,86.1999969482422            25.4929928015918,-34.0115197375417,86.1999969482422            25.4929769597948,-34.0115420334041,86.1999969482422            25.4929606989026,-34.0115617308766,86.1999969482422            25.4929448571056,-34.0115801710635,86.1999969482422            25.4929255787283,-34.011591905728,86            25.4928974993527,-34.0115996170789,86            25.4928679112345,-34.0115991141647,85.8000030517578            25.4928440228105,-34.0115967672318,85.8000030517578            25.4928132612258,-34.011594671756,85.8000030517578            25.492787277326,-34.0115934144706,85.5999984741211            25.4927606228739,-34.0115887206048,85.5999984741211            25.492729190737,-34.0115851163864,85.5999984741211            25.4927084036171,-34.0115794166923,85.5999984741211            25.4926814138889,-34.0115741360933,85.5999984741211            25.4926529992372,-34.0115721244365,85.4000015258789            25.4926308710128,-34.0115683525801,85.4000015258789            25.4926047194749,-34.0115596354008,85.4000015258789            25.4925908055156,-34.011546894908,85.4000015258789            25.4925761371851,-34.0115321427584,85.4000015258789            25.4925566911697,-34.011509930715,85.4000015258789            25.492539005354,-34.011494088918,85.1999969482422            25.4925086628646,-34.0114867966622,85.1999969482422            25.4924765601754,-34.0114928316325,85.1999969482422            25.4924523364753,-34.0114975254983,85            25.4924235027283,-34.0115032251924,85            25.492404056713,-34.0115080866963,84.8000030517578            25.492380419746,-34.0115041472018,84.8000030517578            25.4923505801708,-34.0115035604686,84.8000030517578            25.4923296254128,-34.0115039795637,84.8000030517578            25.4923022165895,-34.0115051530302,84.8000030517578            25.4922736342996,-34.0115034766495,85            25.4922517575324,-34.0115024708211,85            25.4922212474048,-34.0115095116198,85            25.4921950120479,-34.0115110203624,85            25.4921727161855,-34.0115096792579,85            25.4921468161047,-34.0115086734295,85.1999969482422            25.4921220894903,-34.0115050692111,85.1999969482422            25.4920848738402,-34.0115018840879,85.1999969482422            25.4920593090355,-34.0115006268024,85.4000015258789            25.492031397298,-34.0115011297166,85.5999984741211            25.4920066706836,-34.0115041472018,85.5999984741211            25.4919828660786,-34.011510014534,85.8000030517578            25.491954870522,-34.011515295133,85.8000030517578            25.4919296409935,-34.0115194022655,86            25.4918976221234,-34.0115247666836,86            25.4918725602329,-34.0115254372358,86.1999969482422            25.4918507672846,-34.0115251857787,86.1999969482422            25.4918288066983,-34.0115280356258,86.4000015258789            25.4918100312352,-34.0115292090923,86.4000015258789            25.4917872324586,-34.0115304663777,86.8000030517578            25.4917682893574,-34.0115307178348,86.8000030517578            25.4917438980192,-34.0115296281874,86.8000030517578            25.4917154833674,-34.0115295443684,87            25.4916934389621,-34.0115269459784,87            25.4916675388813,-34.0115290414542,86.8000030517578            25.4916363582015,-34.0115331485868,86.8000030517578            25.491611128673,-34.0115376748145,86.5999984741211            25.4915810376406,-34.0115409437567,86.4000015258789            25.491555640474,-34.0115429554135,86.4000015258789            25.4915237892419,-34.011544464156,86.4000015258789            25.4914909321815,-34.0115501638502,86.1999969482422            25.4914672952145,-34.0115503314883,86.1999969482422            25.491436868906,-34.0115521755069,86            25.4914079513401,-34.0115517564118,86            25.4913837276399,-34.0115512534976,86            25.4913529660553,-34.0115529298782,86            25.4913279041648,-34.0115525946021,85.8000030517578            25.4912983160466,-34.011555025354,85.8000030517578            25.491270236671,-34.0115527622402,85.8000030517578            25.4912505391985,-34.0115513373166,85.8000030517578            25.49122790806,-34.0115532651544,85.8000030517578            25.4912062827498,-34.0115599706769,85.8000030517578            25.4911834839731,-34.0115736331791,85.5999984741211            25.491159427911,-34.011586708948,85.5999984741211            25.4911430831999,-34.0115906484425,85.5999984741211            25.4911180213094,-34.0115763992071,85.5999984741211            25.4911009222269,-34.011568101123,85.4000015258789            25.4910730943084,-34.0115633234382,85.1999969482422            25.4910525586456,-34.0115659218282,85.1999969482422            25.491021964699,-34.0115665923804,85.1999969482422            25.4909859225154,-34.0115715377033,85.1999969482422            25.4909539036453,-34.0115744713694,85.1999969482422            25.4909146763384,-34.0115833561867,85.1999969482422            25.4908825736493,-34.0115857031196,85.1999969482422            25.4908456094563,-34.0115846972913,85.1999969482422            25.4908103216439,-34.0115891396999,85            25.4907803982496,-34.0115982759744,85            25.4907547496259,-34.0116159617901,85            25.4907359741628,-34.0116348210722,85            25.4907163605094,-34.0116546861827,85            25.4907006025314,-34.0116665046662,85            25.4906762111932,-34.0116662532091,85            25.4906546697021,-34.011660553515,85            25.4906335473061,-34.0116505790502,84.8000030517578            25.4906150233001,-34.0116390958428,84.8000030517578            25.4905975051224,-34.0116324741393,84.8000030517578            25.4905648995191,-34.0116260200739,84.8000030517578            25.4905442800373,-34.01162895374,85            25.4905162844807,-34.0116318874061,85            25.4904871992767,-34.0116375032812,85            25.4904592037201,-34.0116340667009,85            25.4904271010309,-34.0116255171597,85            25.4904025420547,-34.0116214100271,85            25.4903671704233,-34.0116204041988,85.1999969482422            25.4903378337622,-34.0116245113313,85.1999969482422            25.4903086647391,-34.0116243436933,85.1999969482422            25.4902758076787,-34.0116267744452,85.4000015258789            25.4902488179505,-34.0116259362549,85.4000015258789            25.4902126081288,-34.0116271935403,85.4000015258789            25.4901892226189,-34.01162895374,85.1999969482422            25.4901609756052,-34.0116298757493,85            25.4901274479926,-34.0116294566542,84.8000030517578            25.4901018831879,-34.0116280317307,84.5999984741211            25.4900630749762,-34.0116323903203,84.1999969482422            25.4900330677629,-34.0116411913186,84.1999969482422            25.4900051560253,-34.011644795537,83.8000030517578            25.4899712931365,-34.0116478968412,83.4000015258789            25.4899451415986,-34.011647393927,83.4000015258789            25.4899072553962,-34.0116518363357,83.1999969482422            25.4898812714964,-34.0116551052779,83.1999969482422            25.4898486658931,-34.0116575360298,83            25.4898204188794,-34.0116604696959,82.8000030517578            25.4897971171886,-34.0116600506008,82.5999984741211            25.4897622484714,-34.0116648282856,82.4000015258789            25.4897379409522,-34.0116675104946,82.1999969482422            25.4897113703191,-34.01167396456,82            25.4896795190871,-34.011676479131,81.8000030517578            25.4896523617208,-34.0116732101887,81.8000030517578            25.4896157328039,-34.0116727910936,81.8000030517578            25.4895875696093,-34.011671282351,81.5999984741211            25.4895547125489,-34.0116743836552,81.5999984741211            25.4895284771919,-34.0116805024445,81.5999984741211            25.4895003139973,-34.0116813406348,81.4000015258789            25.4894696362317,-34.0116878785193,81.4000015258789            25.4894442390651,-34.0116884652525,81.4000015258789            25.4894076101482,-34.0116904769093,81.1999969482422            25.4893815424293,-34.0116925723851,81.1999969482422            25.4893583245575,-34.0116908121854,81            25.4893269762397,-34.0116954222322,80.8000030517578            25.4893035907298,-34.0116939973086,80.8000030517578            25.4892708174884,-34.0116920694709,80.5999984741211            25.4892436601222,-34.0116918180138,80.5999984741211            25.4892135690898,-34.0116963442415,80.5999984741211            25.4891837295145,-34.011705648154,80.4000015258789            25.4891544766724,-34.0117121022195,80.4000015258789            25.4891198594123,-34.0117177180946,80.4000015258789            25.4890931211412,-34.0117207355797,80.1999969482422            25.4890654608607,-34.0117178857327,80            25.4890327714384,-34.011721406132,79.8000030517578            25.4890067875385,-34.0117166284472,79.8000030517578            25.488976445049,-34.0117150358856,79.5999984741211            25.4889521375299,-34.0117209870368,79.5999984741211            25.4889267403632,-34.0117271058261,79.4000015258789            25.4889036063105,-34.0117349009961,79.4000015258789            25.4888766165823,-34.0117416065186,79.4000015258789            25.4888477828354,-34.0117485634983,79.1999969482422            25.4888209607452,-34.0117468871176,79            25.4887855052948,-34.0117424447089,78.8000030517578            25.4887588508427,-34.0117397624999,78.8000030517578            25.4887267481536,-34.0117390919477,78.8000030517578            25.488704117015,-34.0117397624999,78.8000030517578            25.4886787198484,-34.0117404330522,78.5999984741211            25.4886517301202,-34.0117507427931,78.5999984741211            25.4886315297335,-34.0117595437914,78.8000030517578            25.4886156879365,-34.0117766428739,78.8000030517578            25.4886043723673,-34.0117903891951,78.8000030517578            25.4885949008167,-34.0118066500872,78.8000030517578            25.488587943837,-34.0118226595223,78.8000030517578            25.4885855969042,-34.0118396747857,78.5999984741211            25.4885814897716,-34.0118550974876,78.1999969482422            25.4885809868574,-34.0118733700365,77.8000030517578            25.4885812383145,-34.0118945762515,77.5999984741211            25.4885802324861,-34.0119128488004,77            25.4885765444487,-34.0119386650622,76.5999984741211            25.4885755386204,-34.0119613800198,76.1999969482422            25.4885794781148,-34.0119877830148,75.8000030517578            25.4885831661522,-34.0120135992765,75.4000015258789            25.4885815735906,-34.0120357275009,74.8000030517578            25.488582663238,-34.0120654832572,74.4000015258789            25.4885809030384,-34.0120824147016,74.1999969482422            25.4885757062584,-34.012115355581,73.8000030517578            25.4885737784207,-34.0121410042048,73.8000030517578            25.4885712638497,-34.0121739450842,73.5999984741211            25.4885704256594,-34.012197162956,73.5999984741211            25.4885662347078,-34.0122203808278,73.4000015258789            25.4885626304895,-34.0122385695577,73.4000015258789            25.4885608702898,-34.012258015573,73.4000015258789            25.4885589424521,-34.0122807305306,73.5999984741211            25.4885564278811,-34.0122985839844,73.8000030517578            25.4885522369295,-34.0123193711042,74            25.4885492194444,-34.0123376436532,74.4000015258789            25.4885453637689,-34.0123600233346,74.5999984741211            25.4885436035693,-34.0123746916652,74.8000030517578            25.4885387420654,-34.0124022681266,75            25.4885357245803,-34.0124223846942,75            25.4885337967426,-34.0124478656799,75.4000015258789            25.488532204181,-34.0124700777233,75.4000015258789            25.4885298572481,-34.0124942176044,75.4000015258789            25.4885306954384,-34.0125104784966,75.4000015258789            25.4885275103152,-34.012535540387,75.4000015258789            25.4885266721249,-34.0125543996692,75.1999969482422            25.4885247442871,-34.0125811379403,75            25.4885245766491,-34.012604104355,74.8000030517578            25.4885241575539,-34.0126344468445,74.1999969482422            25.488516530022,-34.0126580838114,73.8000030517578            25.4885155241936,-34.0126844868064,73.1999969482422            25.4885136801749,-34.0127090457827,72.5999984741211            25.4885100759566,-34.0127325989306,72.5999984741211            25.4885055497289,-34.0127634443343,72.4000015258789            25.4885021969676,-34.0127840638161,72.1999969482422            25.4884976707399,-34.0128123946488,72.1999969482422            25.4884958267212,-34.0128324273974,72.1999969482422            25.488495407626,-34.0128544718027,72.1999969482422            25.4884931445122,-34.0128765162081,72.1999969482422            25.4884882830083,-34.0128961298615,72.1999969482422            25.4884790629148,-34.0129211079329,72.4000015258789            25.4884747043252,-34.0129396319389,72.4000015258789            25.4884669929743,-34.0129649452865,72.4000015258789            25.4884655680507,-34.0129910968244,72.4000015258789            25.4884653165936,-34.0130174998194,72.4000015258789            25.4884625505656,-34.0130413044244,72.1999969482422            25.4884619638324,-34.0130619239062,71.8000030517578            25.4884652327746,-34.0130892489106,71.5999984741211            25.4884652327746,-34.0131134726107,71.4000015258789            25.4884843435138,-34.0131418872625,71            25.4885075613856,-34.0131639316678,70.8000030517578            25.4885361436754,-34.01318019256,70.8000030517578            25.4885685816407,-34.0131968725473,70.5999984741211            25.4885995108634,-34.0132096130401,70.5999984741211            25.4886297695339,-34.0132224373519,70.5999984741211            25.4886463657022,-34.0132340043783,70.5999984741211            25.4886674042791,-34.0132552944124,70.5999984741211            25.4886823240668,-34.0132750757039,70.5999984741211            25.4886977467686,-34.0132998023182,70.8000030517578            25.4887216351926,-34.0133215114474,70.8000030517578            25.4887465294451,-34.0133341681212,70.8000030517578            25.4887783806771,-34.0133409574628,70.8000030517578            25.4888014309108,-34.0133470762521,70.8000030517578            25.4888395685703,-34.013344226405,70.8000030517578            25.4888630378991,-34.013333581388,70.8000030517578            25.4888813104481,-34.0133184939623,70.8000030517578            25.4888948891312,-34.0133012272418,70.8000030517578            25.4889031872153,-34.0132836252451,70.8000030517578            25.4889041930437,-34.0132635924965,71            25.4889057856053,-34.0132466610521,71            25.4889057856053,-34.0132246166468,71            25.4889037739486,-34.0132086072117,71.1999969482422            25.4888979066163,-34.0131894964725,71.4000015258789            25.4888947214931,-34.0131727326661,71.5999984741211            25.4888946376741,-34.0131518617272,71.8000030517578            25.4888974037021,-34.0131299011409,72.1999969482422            25.4888974037021,-34.0131154842675,72.5999984741211            25.4888980742544,-34.0130908414721,72.8000030517578            25.488904947415,-34.0130752511322,73.1999969482422            25.4889068752527,-34.013050692156,73.8000030517578            25.4889080487192,-34.0130258817226,73.8000030517578            25.4889084678143,-34.0130050107837,74            25.488902349025,-34.0129781048745,74            25.4888987448066,-34.0129605866969,74            25.488883908838,-34.0129342675209,74            25.4888642113656,-34.0129113849252,74            25.4888528957963,-34.0128924418241,74.1999969482422            25.4888482019305,-34.0128668770194,74.1999969482422            25.4888429213315,-34.0128469280899,74.1999969482422            25.4888399876654,-34.0128267277032,74            25.4888392332941,-34.0128002408892,74            25.4888457711786,-34.012778615579,73.8000030517578            25.4888516385108,-34.0127504523844,73.5999984741211            25.488854823634,-34.0127282403409,73.4000015258789            25.488846693188,-34.0127066988498,73.4000015258789            25.4888250678778,-34.012686079368,73.4000015258789            25.4888068791479,-34.0126683097333,73.1999969482422            25.488783409819,-34.0126485284418,73.1999969482422            25.4887694958597,-34.0126356203109,73.1999969482422            25.4887607786804,-34.0126196108758,73.1999969482422            25.4887613654137,-34.0126012545079,73.1999969482422            25.488762371242,-34.0125841554254,73.1999969482422            25.4887670651078,-34.0125664696097,73.1999969482422            25.4887725971639,-34.0125492028892,73.4000015258789            25.4887769557536,-34.0125279966742,73.5999984741211            25.48878072761,-34.0125111490488,73.8000030517578            25.488780643791,-34.0124882664531,74            25.4887850023806,-34.01247468777,74.1999969482422            25.4887908697128,-34.012456079945,74.4000015258789            25.4888013470918,-34.0124352090061,74.4000015258789            25.4888090584427,-34.0124103147537,74.5999984741211            25.4888119921088,-34.0123808942735,74.8000030517578            25.4888106510043,-34.0123604424298,74.8000030517578            25.4888104833663,-34.0123407449573,75            25.4888078849763,-34.0123272500932,75            25.4888066276908,-34.0123175270855,75            25.4887944739312,-34.0123026072979,75            25.4887819010764,-34.0122889447957,75            25.4887642990798,-34.0122717618942,75            25.488743679598,-34.0122584346682,75            25.4887310229242,-34.0122436825186,74.8000030517578            25.4887238983065,-34.0122241526842,74.4000015258789            25.4887185338885,-34.0122040361166,74.4000015258789            25.4887168575078,-34.0121844224632,74.1999969482422            25.4887242335826,-34.0121579356492,74            25.488730603829,-34.0121408365667,73.5999984741211            25.4887399915606,-34.0121182054281,73.5999984741211            25.4887477867305,-34.0121011063457,73.5999984741211            25.4887553304434,-34.0120852645487,73.5999984741211            25.4887626226991,-34.0120696742088,73.5999984741211            25.4887661430985,-34.0120561793447,73.5999984741211            25.4887741059065,-34.0120373200625,73.8000030517578            25.4887822363526,-34.0120237413794,74            25.4887945577502,-34.0120087377727,74.1999969482422            25.4888010118157,-34.0119959134609,74.5999984741211            25.4888033587486,-34.0119784791023,74.5999984741211            25.4888083878905,-34.0119615476578,74.8000030517578            25.4888126626611,-34.0119425207376,75.1999969482422            25.4888181947172,-34.01192500256,75.4000015258789            25.488820290193,-34.0119082387537,75.4000015258789            25.4888341203332,-34.0119014494121,75.5999984741211            25.4888455197215,-34.0118954144418,76            25.4888686537743,-34.0118909720331,76.4000015258789            25.4888834059238,-34.0118877030909,76.5999984741211            25.4889074619859,-34.0118835959584,76.8000030517578            25.4889238066971,-34.0118805784732,77            25.488944677636,-34.0118789020926,77.1999969482422            25.4889662191272,-34.0118744596839,77.5999984741211            25.4889871738851,-34.011872112751,77.8000030517578            25.4890030995011,-34.0118726156652,78            25.489015839994,-34.0118776448071,78.1999969482422            25.4890391416848,-34.011890469119,78.1999969482422            25.4890585038811,-34.0119013655931,78.1999969482422            25.4890849906951,-34.0119053889066,78.1999969482422            25.4891064483672,-34.0118967555463,78.1999969482422            25.4891253914684,-34.0118892118335,78            25.4891432449222,-34.0118781477213,78            25.4891600087285,-34.011866915971,78            25.4891777783632,-34.011853504926,78            25.4891906026751,-34.0118383336812,78.1999969482422            25.4892065282911,-34.0118239168078,78.5999984741211            25.4892241302878,-34.011808745563,79            25.489238044247,-34.0117993578315,79.1999969482422            25.4892566520721,-34.0117880422622,79.4000015258789            25.4892715718597,-34.0117793250829,79.4000015258789            25.4892874974757,-34.0117680095136,79.4000015258789            25.4893058538437,-34.0117597114295,79.5999984741211            25.4893263056874,-34.0117628965527,79.5999984741211            25.4893583245575,-34.0117708593607,79.5999984741211            25.4893819615245,-34.0117726195604,79.5999984741211            25.4894111305475,-34.0117707755417,79.5999984741211            25.4894368629903,-34.0117691829801,79.5999984741211            25.4894670378417,-34.0117671713233,79.5999984741211            25.4894997272641,-34.0117701049894,79.5999984741211            25.4895265493542,-34.0117798279971,79.5999984741211            25.4895374458283,-34.0117957536131,79.5999984741211            25.4895325843245,-34.0118155349046,79.5999984741211            25.4895228613168,-34.0118279401213,79.5999984741211            25.4895071871579,-34.0118444524705,79.4000015258789            25.4894905909896,-34.0118597913533,79.4000015258789            25.4894795268774,-34.0118790697306,79.1999969482422            25.4894750844687,-34.0118994377554,79            25.489467792213,-34.0119187161326,78.5999984741211            25.4894578177482,-34.0119416825473,78.4000015258789            25.4894537106156,-34.0119601227343,78.1999969482422            25.4894401319325,-34.0119889564812,77.5999984741211            25.4894331749529,-34.0120128449053,77.4000015258789            25.4894340131432,-34.0120415948331,77.1999969482422            25.4894431494176,-34.0120636392385,77            25.4894423950464,-34.0120868571103,76.5999984741211            25.489449268207,-34.0121123380959,76.4000015258789            25.4894496034831,-34.012133795768,76.4000015258789            25.4894406348467,-34.0121568460017,76            25.4894279781729,-34.0121691673994,75.8000030517578            25.4894172493368,-34.0121907088906,75.8000030517578            25.4894120525569,-34.0122155193239,75.5999984741211            25.4893995635211,-34.0122441854328,75.4000015258789            25.4893972165883,-34.0122741926461,75.1999969482422            25.4893946181983,-34.0122978296131,75.1999969482422            25.4893864039332,-34.0123231429607,75            25.4893837217242,-34.0123466122895,74.8000030517578            25.4893870744854,-34.0123691596091,74.8000030517578            25.4893996473402,-34.0123973228037,74.8000030517578            25.4894135612994,-34.0124195348471,75            25.4894366953522,-34.0124472789466,75            25.4894529562443,-34.0124674793333,75.1999969482422            25.4894685465842,-34.0124884340912,75.1999969482422            25.4894770123065,-34.0125105623156,75.4000015258789            25.489475755021,-34.0125254821032,75.4000015258789            25.4894697200507,-34.0125528909266,75.4000015258789            25.4894638527185,-34.0125688165426,75.4000015258789            25.4894553869963,-34.0125838201493,75.5999984741211            25.4894381202757,-34.0125927887857,75.5999984741211            25.4894210211933,-34.0125982370228,75.8000030517578            25.4894095379859,-34.0126160904765,76            25.4894024133682,-34.0126281604171,76            25.4893957078457,-34.0126478578895,76            25.489391181618,-34.012667555362,76.4000015258789            25.4893861524761,-34.0126818884164,76.4000015258789            25.4893824644387,-34.0126952994615,76.4000015258789            25.4893799498677,-34.0127075370401,76.4000015258789            25.4893625993282,-34.0127228759229,76.4000015258789            25.4893467575312,-34.012731090188,76.1999969482422            25.4893151577562,-34.0127398073673,76            25.4892915207893,-34.0127562358975,75.5999984741211            25.4892778582871,-34.0127776935697,75.4000015258789            25.48927500844,-34.012807784602,75            25.4892740026116,-34.0128275658935,74.5999984741211            25.4892764333636,-34.0128556452692,74.4000015258789            25.489288251847,-34.0128756780177,74.4000015258789            25.4892968013883,-34.0128970518708,74.4000015258789            25.4893115535378,-34.0129170846194,74.1999969482422            25.4893201030791,-34.0129331778735,74            25.4893457517028,-34.0129568986595,74            25.4893704783171,-34.0129781048745,73.8000030517578            25.4893933609128,-34.012998053804,73.8000030517578            25.4894050955772,-34.0130253788084,73.5999984741211            25.4893980547786,-34.0130450762808,73.5999984741211            25.489383302629,-34.0130685456097,73.4000015258789            25.4893729928881,-34.0130848903209,73.4000015258789            25.4893605038524,-34.0130998101085,73            25.489343656227,-34.0131182502955,73            25.4893320892006,-34.013135349378,72.8000030517578            25.48932001926,-34.0131581481546,72.8000030517578            25.489306692034,-34.0131806116551,72.8000030517578            25.4892913531512,-34.0132127143443,72.5999984741211            25.4892814625055,-34.0132361836731,72.1999969482422            25.4892773553729,-34.0132686216384,72            25.4892897605896,-34.0132874809206,71.5999984741211            25.4893163312227,-34.0133008919656,71.4000015258789            25.4893455002457,-34.0133048314601,71.1999969482422            25.4893749207258,-34.013307094574,71.1999969482422            25.489407107234,-34.0133070107549,71.1999969482422            25.4894299060106,-34.013309776783,71            25.4894585721195,-34.0133054181933,71            25.4894877411425,-34.0133026521653,71            25.4895175807178,-34.0132988803089,71            25.4895504377782,-34.0132994670421,71            25.4895779304206,-34.0133026521653,71            25.4896096140146,-34.0133007243276,71            25.489634424448,-34.0132961980999,71            25.4896692931652,-34.0132880676538,71            25.4896999709308,-34.0132851339877,71            25.4897254519165,-34.013280775398,71            25.4897525254637,-34.0132691245526,71            25.4897735640407,-34.0132606588304,71            25.489792926237,-34.0132423862815,71            25.4898059181869,-34.0132302325219,71            25.4898264538497,-34.0132110379636,71.1999969482422            25.4898422956467,-34.0131996385753,71.1999969482422            25.4898567125201,-34.0131890773773,71.1999969482422            25.4898734763265,-34.0131698828191,71.1999969482422            25.4898909106851,-34.0131596568972,71.4000015258789            25.4899049084634,-34.0131372772157,71.4000015258789            25.489911949262,-34.0131217706949,71.4000015258789            25.489917146042,-34.0130954515189,71.5999984741211            25.4899206664413,-34.0130698867142,71.5999984741211            25.4899191576988,-34.0130427293479,71.8000030517578            25.4899168107659,-34.0130211040378,71.8000030517578            25.4899112787098,-34.0129993949085,72.1999969482422            25.4899035673589,-34.0129784401506,72.1999969482422            25.4899011366069,-34.0129584912211,72.5999984741211            25.4898974485695,-34.0129381231964,72.5999984741211            25.4898989573121,-34.0129233710468,73            25.4898924194276,-34.0129025839269,73.5999984741211            25.4898914135993,-34.0128890890628,74.1999969482422            25.4898894857615,-34.0128697268665,74.4000015258789            25.4898861330003,-34.0128542203456,74.5999984741211            25.4898837022483,-34.012831505388,74.8000030517578            25.4898809362203,-34.0128170885146,75            25.4898783378303,-34.0127961337566,75            25.4898769129068,-34.0127794537693,75.4000015258789            25.4898735601455,-34.0127610135823,75.4000015258789            25.489864340052,-34.0127382148057,75.4000015258789            25.4898598138243,-34.0127173438668,75.5999984741211            25.4898498393595,-34.0126890968531,75.8000030517578            25.4898420441896,-34.0126682259142,76.1999969482422            25.4898350033909,-34.012646349147,76.5999984741211            25.4898315668106,-34.0126327704638,76.8000030517578            25.4898277949542,-34.0126139950007,77.4000015258789            25.4898252803832,-34.0125966444612,77.8000030517578            25.4898188263178,-34.0125757735223,78            25.4898176528513,-34.0125567466021,78            25.4898109473288,-34.0125388931483,78            25.4898107796907,-34.0125212911516,78            25.4898025654256,-34.0124954748899,77.8000030517578            25.4897957760841,-34.0124750230461,77.4000015258789            25.4897859692574,-34.0124488715082,77            25.4897786770016,-34.0124261565506,76.5999984741211            25.4897763300687,-34.0124088898301,76            25.4897679481655,-34.0123860072345,75.8000030517578            25.489763841033,-34.0123666450381,75.8000030517578            25.4897552076727,-34.0123410802335,75.5999984741211            25.4897495079786,-34.0123200416565,75.5999984741211            25.4897466581315,-34.0122985001653,75.5999984741211            25.4897404555231,-34.0122748631984,75.5999984741211            25.4897389467806,-34.0122565906495,75.8000030517578            25.4897340852767,-34.0122347977012,75.8000030517578            25.4897334985435,-34.012215603143,76            25.4897334147245,-34.0121992584318,76            25.4897329956293,-34.0121764596552,76            25.489734755829,-34.0121577680111,76            25.4897354263812,-34.0121392440051,76            25.4897380247712,-34.0121191274375,76.1999969482422            25.4897403717041,-34.0121016930789,76.1999969482422            25.4897417966276,-34.0120823308825,76.1999969482422            25.4897409584373,-34.0120662376285,76.4000015258789            25.4897354263812,-34.0120487194508,76.4000015258789            25.489724362269,-34.0120389964432,76.5999984741211            25.4897129628807,-34.0120230708271,76.8000030517578            25.4897112865001,-34.0120105817914,77            25.4897070117295,-34.012001696974,77.4000015258789            25.4897061735392,-34.0119861904532,77.8000030517578            25.489708269015,-34.0119718573987,78            25.4897096101195,-34.0119564346969,78.1999969482422            25.4897075146437,-34.0119476336986,78.4000015258789            25.4897046647966,-34.0119257569313,78.5999984741211            25.4897055029869,-34.0119086578488,79            25.4897080175579,-34.0118941571563,79.5999984741211            25.4897106997669,-34.0118783991784,79.8000030517578            25.4897122085094,-34.0118633955717,80.1999969482422            25.4897127952427,-34.0118393395096,80.8000030517578            25.4897141363472,-34.011824503541,80.8000030517578            25.4897144716233,-34.0118104219437,81            25.489721596241,-34.0117942448705,81            25.4897277150303,-34.0117867011577,81.1999969482422            25.4897381924093,-34.011777061969,81.1999969482422            25.4897503461689,-34.0117692667991,81.1999969482422            25.4897640924901,-34.0117649920285,81.1999969482422            25.4897807724774,-34.011761136353,81.4000015258789            25.4897935967892,-34.0117619745433,81.4000015258789            25.4898105282336,-34.0117641538382,81.4000015258789            25.4898243583739,-34.0117628965527,81.5999984741211            25.4898354224861,-34.0117587056011,81.8000030517578            25.4898508451879,-34.0117482282221,81.8000030517578            25.4898666869849,-34.011747976765,82            25.4898885637522,-34.0117500722408,82            25.4899085965008,-34.0117518324405,82            25.48992770724,-34.0117587894201,82.1999969482422            25.4899494163692,-34.0117601305246,82.1999969482422            25.4899670183659,-34.0117556042969,82.1999969482422            25.4899871349335,-34.0117508266121,82.4000015258789            25.4900068324059,-34.0117493178695,82.4000015258789            25.4900233447552,-34.0117510780692,82.5999984741211            25.4900515079498,-34.0117480605841,82.8000030517578            25.4900738038123,-34.0117463003844,83            25.4900956805795,-34.0117414388806,83            25.4901104327291,-34.0117364935577,83            25.4901282861829,-34.0117363259196,83.1999969482422            25.4901546053588,-34.0117412712425,83.1999969482422            25.4901765659451,-34.0117509104311,83.4000015258789            25.4901879653335,-34.0117657463998,83.4000015258789            25.4901933297515,-34.0117839351296,83.5999984741211            25.4901897255331,-34.0117971785367,83.5999984741211            25.4901878815144,-34.0118183009326,83.5999984741211            25.4901900608093,-34.0118315443397,83.5999984741211            25.4901936650276,-34.011845542118,83.4000015258789            25.4901996161789,-34.0118577796966,83.1999969482422            25.4902085848153,-34.0118745435029,83.1999969482422            25.4902178887278,-34.0118926484138,83            25.4902252648026,-34.0119058080018,82.8000030517578            25.4902292881161,-34.0119213983417,82.5999984741211            25.4902294557542,-34.0119324624538,82.4000015258789            25.4902221634984,-34.0119520761073,82            25.4902144521475,-34.0119661577046,81.5999984741211            25.4902059864253,-34.0119876991957,81.1999969482422            25.4901960119605,-34.0120009426028,81            25.4901869595051,-34.0120161976665,80.8000030517578            25.4901774041355,-34.0120331291109,80.4000015258789            25.4901681002229,-34.0120456181467,80            25.4901521746069,-34.0120607055724,80            25.4901402723044,-34.0120726078749,79.5999984741211            25.4901230055839,-34.0120889525861,79.4000015258789            25.4901131149381,-34.0121066384017,79.1999969482422            25.4901039786637,-34.0121267549694,79            25.490091657266,-34.0121441055089,78.5999984741211            25.4900806769729,-34.0121662337333,78.1999969482422            25.4900814313442,-34.0121926367283,78            25.4900821018964,-34.0122119989246,77.8000030517578            25.4900866281241,-34.012239575386,77.5999984741211            25.4900940880179,-34.0122653078288,77.1999969482422            25.4900950938463,-34.0122903697193,77.1999969482422            25.4901069961488,-34.0123177785426,77            25.4901111032814,-34.012339990586,77            25.4901209939271,-34.0123733505607,77            25.4901292920113,-34.0123945567757,77            25.4901377577335,-34.012421714142,77            25.490149743855,-34.0124486200511,76.8000030517578            25.4901571199298,-34.0124677307904,76.8000030517578            25.4901751410216,-34.0124974865466,77            25.4901851993054,-34.0125139988959,77            25.490205315873,-34.0125405695289,77            25.4902156256139,-34.012559177354,77            25.490239597857,-34.01258029975,77.1999969482422            25.4902640730143,-34.0125903580338,77.1999969482422            25.4902890510857,-34.0125946328044,77.1999969482422            25.4903240036219,-34.0125970635563,77.4000015258789            25.4903519153595,-34.0126004163176,77.4000015258789            25.4903778992593,-34.0126083791256,77.4000015258789            25.4903989378363,-34.0126165933907,77.5999984741211            25.4904162045568,-34.0126270707697,77.5999984741211            25.490429950878,-34.0126383025199,77.5999984741211            25.4904395062476,-34.0126528870314,77.8000030517578            25.4904331360012,-34.0126705728471,77.8000030517578            25.4904118459672,-34.0126786194742,77.8000030517578            25.490398267284,-34.0126802958548,78            25.4903713613749,-34.0126895159483,78            25.490355854854,-34.0127037651837,78            25.4903447907418,-34.0127217024565,77.8000030517578            25.4903386719525,-34.0127399750054,77.8000030517578            25.4903337266296,-34.0127608459443,77.5999984741211            25.4903244227171,-34.0127848181874,77.4000015258789            25.4903172142804,-34.0128037612885,77.1999969482422            25.4903111793101,-34.0128238778561,77            25.490302965045,-34.0128398034722,76.5999984741211            25.4902955889702,-34.0128584112972,76.4000015258789            25.49028175883,-34.012876264751,76.1999969482422            25.4902587924153,-34.0128911007196,75.8000030517578            25.4902333952487,-34.0129019971937,75.4000015258789            25.4902085009962,-34.0129120554775,75.1999969482422            25.4901759792119,-34.012924041599,74.8000030517578            25.4901520907879,-34.0129331778735,74.1999969482422            25.4901228379458,-34.0129486843944,74.1999969482422            25.4901019670069,-34.0129640232772,74            25.4900867119431,-34.0129886660725,74            25.490091489628,-34.0130155719817,73.8000030517578            25.4900981951505,-34.0130380354822,73.8000030517578            25.4901214968413,-34.013061504811,73.5999984741211            25.4901440441608,-34.0130739100277,73.5999984741211            25.490170866251,-34.0130857285112,73.5999984741211            25.490197353065,-34.0130950324237,73.5999984741211            25.4902192298323,-34.0131059288979,73.4000015258789            25.4902451299131,-34.0131118800491,73.1999969482422            25.4902672581375,-34.0131190046668,73            25.4902944993228,-34.0131242852658,73            25.4903187230229,-34.0131278894842,72.8000030517578            25.4903433658183,-34.0131279733032,72.5999984741211            25.4903750494123,-34.0131244529039,72.5999984741211            25.4904010333121,-34.0131210163236,72.5999984741211            25.490429950878,-34.0131065156311,72.5999984741211            25.4904460441321,-34.0130945295095,72.5999984741211            25.4904601257294,-34.0130812861025,72.5999984741211            25.4904778115451,-34.0130649413913,72.5999984741211            25.4904887080193,-34.013053374365,72.8000030517578            25.4905045498163,-34.0130370296538,72.8000030517578            25.4905186314136,-34.0130267199129,73            25.4905386641622,-34.0130112972111,73.1999969482422            25.4905532486737,-34.0129970479757,73.4000015258789            25.4905671626329,-34.0129852294922,73.5999984741211            25.4905784782022,-34.0129674598575,73.8000030517578            25.4905891232193,-34.0129549708217,73.8000030517578            25.490604294464,-34.0129413921386,74            25.4906151071191,-34.0129246283323,74            25.4906263388693,-34.0129056014121,74.4000015258789            25.4906326252967,-34.0128925256431,74.5999984741211            25.4906462877989,-34.0128750074655,74.8000030517578            25.4906588606536,-34.012863272801,75            25.490673109889,-34.012849861756,75.1999969482422            25.4906895384192,-34.0128377079964,75.5999984741211            25.4907059669495,-34.0128279849887,75.8000030517578            25.4907238204032,-34.0128149930388,75.8000030517578            25.4907392431051,-34.0128066949546,76.1999969482422            25.4907555039972,-34.0127876680344,76.5999984741211            25.490770926699,-34.0127753466368,76.8000030517578            25.4907896183431,-34.0127564035356,77            25.4907950665802,-34.0127358678728,77.4000015258789            25.4907995089889,-34.0127172600478,77.8000030517578            25.4907908756286,-34.0126927010715,78            25.4907855112106,-34.0126797091216,78.4000015258789            25.4907714296132,-34.0126603469253,78.5999984741211            25.4907556716353,-34.0126424934715,78.8000030517578            25.4907422605902,-34.0126264002174,79.1999969482422            25.4907239880413,-34.0126061160117,79.1999969482422            25.4907063022256,-34.0125845745206,79.1999969482422            25.4906876944005,-34.0125633683056,79.1999969482422            25.4906591121107,-34.0125420782715,79            25.4906431864947,-34.0125262364745,78.8000030517578            25.4906238242984,-34.0125079639256,78.5999984741211            25.4906099103391,-34.0124915353954,78.5999984741211            25.490593733266,-34.012480052188,78.4000015258789            25.4905788972974,-34.0124618634582,78.1999969482422            25.4905676655471,-34.0124492067844,78.1999969482422            25.4905570205301,-34.0124301798642,78.1999969482422            25.4905419331044,-34.0124145057052,78.1999969482422            25.4905359819531,-34.0123948920518,78.1999969482422            25.4905267618597,-34.012371506542,78            25.490514440462,-34.0123509708792,78            25.4905001074076,-34.0123274177313,77.8000030517578            25.4904812481254,-34.0123088937253,77.8000030517578            25.4904628079385,-34.0122963208705,77.8000030517578            25.4904409311712,-34.0122786350548,77.5999984741211            25.4904305376112,-34.0122656431049,77.5999984741211            25.4904234968126,-34.0122471190989,77.5999984741211            25.4904247540981,-34.0122311096638,77.5999984741211            25.4904254246503,-34.0122151840478,77.5999984741211            25.4904333874583,-34.0121951512992,77.5999984741211            25.4904380813241,-34.0121795609593,77.8000030517578            25.4904424399138,-34.0121626295149,78            25.4904454573989,-34.0121498890221,78            25.490448391065,-34.0121327899396,78.1999969482422            25.4904529172927,-34.0121216420084,78.4000015258789            25.4904569406062,-34.0121048782021,78.5999984741211            25.4904649872333,-34.0120928082615,78.8000030517578            25.4904674179852,-34.0120747871697,79            25.4904666636139,-34.0120606217533,79.4000015258789            25.4904647357762,-34.0120457019657,79.5999984741211            25.4904618859291,-34.0120276808739,80            25.4904591199011,-34.0120123419911,80.1999969482422            25.4904577787966,-34.0119954105467,80.5999984741211            25.4904581978917,-34.0119814965874,80.8000030517578            25.4904565215111,-34.0119679179043,81.1999969482422            25.4904540907592,-34.0119527466595,81.5999984741211            25.4904498998076,-34.0119363181293,82            25.4904398415238,-34.0119146928191,82.4000015258789            25.4904323816299,-34.0118963364512,82.5999984741211            25.4904200602323,-34.0118764713407,82.5999984741211            25.4904083255678,-34.0118604619056,82.8000030517578            25.4903867840767,-34.0118409320712,82.8000030517578            25.4903722833842,-34.0118294488639,83            25.4903589561582,-34.0118151158094,83            25.4903445392847,-34.0117991901934,83.4000015258789            25.4903336428106,-34.0117842704058,83.5999984741211            25.4903273563832,-34.0117616392672,83.5999984741211            25.4903222434223,-34.0117529220879,83.8000030517578            25.490329451859,-34.011739930138,84            25.4903410188854,-34.0117292013019,84            25.4903545975685,-34.0117222443223,84.4000015258789            25.4903748817742,-34.0117242559791,84.4000015258789            25.4903896339238,-34.0117246750742,84.5999984741211            25.490403547883,-34.0117229986936,84.8000030517578            25.4904157854617,-34.0117243397981,84.8000030517578            25.4904333036393,-34.011729285121,84.8000030517578            25.4904551804066,-34.0117366611958,84.8000030517578            25.4904717765749,-34.0117447916418,84.8000030517578            25.490490803495,-34.0117435343564,84.8000030517578            25.4905078187585,-34.0117414388806,84.8000030517578            25.4905254207552,-34.0117365773767,84.8000030517578            25.4905507341027,-34.0117377508432,84.8000030517578            25.4905728623271,-34.0117411036044,84.8000030517578            25.490596499294,-34.0117476414889,84.8000030517578            25.4906211420894,-34.0117547661066,84.8000030517578            25.4906441085041,-34.011761136353,84.8000030517578            25.4906721878797,-34.0117586217821,84.8000030517578            25.4906951542944,-34.0117576159537,85            25.4907239880413,-34.0117589570582,85            25.4907503072172,-34.0117563586682,85            25.4907812364399,-34.0117507427931,85            25.4908033646643,-34.0117420256138,85.1999969482422            25.4908249899745,-34.0117362421006,85.1999969482422            25.4908512253314,-34.0117278601974,85.1999969482422            25.4908724315464,-34.0117180533707,85.4000015258789            25.4908955655992,-34.0117035526782,85.4000015258789            25.4909176938236,-34.0116893034428,85.4000015258789            25.4909384809434,-34.0116804186255,85.4000015258789            25.4909656383097,-34.0116715338081,85.4000015258789            25.490987515077,-34.0116681810468,85.1999969482422            25.4910057876259,-34.0116768144071,85.1999969482422            25.491011235863,-34.0116954222322,85.1999969482422            25.491011403501,-34.0117172989994,85            25.4910079669207,-34.0117408521473,85            25.4910052008927,-34.0117602981627,85            25.4910067934543,-34.0117833483964,85            25.4910116549581,-34.011798016727,85            25.4910210426897,-34.0118151996285,85            25.4910343699157,-34.0118305385113,85            25.491040488705,-34.0118477214128,85            25.4910514689982,-34.0118695981801,84.5999984741211            25.4910582583398,-34.0118840150535,84.4000015258789            25.4910624492913,-34.0119007788599,84.1999969482422            25.4910626169294,-34.0119172912091,83.8000030517578            25.4910662211478,-34.0119312889874,83.4000015258789            25.4910692386329,-34.0119533333927,83            25.4910707473755,-34.0119784791023,82.5999984741211            25.4910715017468,-34.0119994338602,82.4000015258789            25.4910820629448,-34.0120312850922,81.5999984741211            25.4910947196186,-34.012059783563,81.1999969482422            25.4911030177027,-34.0120892878622,80.8000030517578            25.4911153391004,-34.0121155232191,80.4000015258789            25.49112229608,-34.0121318679303,80            25.4911372996867,-34.0121585223824,79.8000030517578            25.4911405686289,-34.0121757891029,79.8000030517578            25.4911471065134,-34.0121969114989,79.5999984741211            25.4911483637989,-34.0122166089714,79.4000015258789            25.4911468550563,-34.0122334565967,79.4000015258789            25.4911492019892,-34.0122592728585,79.4000015258789            25.4911428317428,-34.0122824907303,79.4000015258789            25.4911383055151,-34.0123116597533,79.1999969482422            25.4911418259144,-34.0123326145113,79.1999969482422            25.4911470226943,-34.0123592689633,79.1999969482422            25.4911528062075,-34.0123814810067,79.1999969482422            25.4911559913307,-34.0124057885259,79.1999969482422            25.4911591764539,-34.0124340355396,79            25.4911596793681,-34.0124539844692,79.1999969482422            25.4911642055959,-34.0124813932925,79.1999969482422            25.4911662172526,-34.0125027671456,79.1999969482422            25.4911667201668,-34.0125238895416,79.4000015258789            25.4911644570529,-34.0125467721373,79.4000015258789            25.4911610204726,-34.0125686489046,79.4000015258789            25.4911601822823,-34.0125906933099,79.4000015258789            25.491162026301,-34.012606870383,79.4000015258789            25.4911607690156,-34.0126233827323,79.4000015258789            25.4911627806723,-34.0126329381019,79.4000015258789            25.4911571647972,-34.0126483608037,79.4000015258789            25.4911485314369,-34.0126600954682,79            25.4911364614964,-34.0126713272184,78.8000030517578            25.4911261517555,-34.0126823075116,78.5999984741211            25.4911175183952,-34.012696556747,78.1999969482422            25.4911056999117,-34.0127107221633,77.8000030517578            25.4910930432379,-34.0127250552177,77.4000015258789            25.4910821467638,-34.0127515420318,77            25.491074854508,-34.0127726644278,76.8000030517578            25.4910601023585,-34.0128027554601,76.1999969482422            25.4910500440747,-34.0128239616752,75.8000030517578            25.491037638858,-34.012847179547,75.5999984741211            25.4910196177661,-34.0128779411316,75.1999969482422            25.4910093918443,-34.012902751565,74.8000030517578            25.4909977409989,-34.0129272267222,74.1999969482422            25.4909893590957,-34.0129508636892,74.1999969482422            25.4909826535732,-34.0129734110087,74.1999969482422            25.4909793846309,-34.0129985567182,74            25.4909730143845,-34.0130182541907,74            25.4909715056419,-34.0130413882434,73.8000030517578            25.4909715056419,-34.0130646061152,73.8000030517578            25.4909671470523,-34.0130874887109,73.8000030517578            25.4909597709775,-34.01311699301,73.5999984741211            25.4909521434456,-34.0131382830441,73.5999984741211            25.4909454379231,-34.0131692960858,73.5999984741211            25.4909474495798,-34.0131952799857,73.4000015258789            25.4909523949027,-34.0132310707122,73.1999969482422            25.4909748584032,-34.0132586471736,73            25.4910010937601,-34.0132777579129,72.8000030517578            25.4910342022777,-34.013286055997,72.5999984741211            25.4910606052727,-34.0132917556912,72.5999984741211            25.4911006707698,-34.013293851167,72.5999984741211            25.4911269061267,-34.0132951084524,72.5999984741211            25.4911550693214,-34.0132952760905,72.4000015258789            25.4911905247718,-34.0132951084524,72.4000015258789            25.49122011289,-34.0132900793105,72.4000015258789            25.4912485275418,-34.013267448172,72.4000015258789            25.4912631120533,-34.0132445655763,72.4000015258789            25.4912805464119,-34.0132183302194,72.4000015258789            25.4912933707237,-34.0131940227002,72.4000015258789            25.4913088772446,-34.0131692122668,72.4000015258789            25.4913116432726,-34.0131449047476,72.5999984741211            25.4913101345301,-34.013127470389,72.5999984741211            25.4913013335317,-34.0131047554314,72.8000030517578            25.4912947118282,-34.0130866505206,73.1999969482422            25.4912906885147,-34.013069216162,73.1999969482422            25.4912871681154,-34.0130562242121,73.1999969482422            25.4912813846022,-34.0130393765867,73.4000015258789            25.4912685602903,-34.0130169969052,73.4000015258789            25.4912621062249,-34.0129962097853,73.4000015258789            25.4912590049207,-34.0129720699042,73.4000015258789            25.4912619385868,-34.0129579883069,73.4000015258789            25.4912704881281,-34.0129404701293,73.4000015258789            25.4912804625928,-34.0129257179797,73.5999984741211            25.4912957176566,-34.0129067748785,73.8000030517578            25.4913060273975,-34.0128858201206,74            25.4913132358342,-34.0128692239523,74            25.4913212824613,-34.0128486044705,74.1999969482422            25.4913278203458,-34.0128355287015,74.1999969482422            25.4913397226483,-34.0128174237907,74.4000015258789            25.4913503676653,-34.012802336365,74.5999984741211            25.4913644492626,-34.0127849020064,74.5999984741211            25.4913782794029,-34.0127657074481,74.8000030517578            25.4913880024105,-34.0127464290708,75.1999969482422            25.4913903493434,-34.0127218700945,75.1999969482422            25.4913896787912,-34.0127047710121,75.4000015258789            25.4913895111531,-34.0126849897206,75.8000030517578            25.4913877509534,-34.0126695670187,76            25.4913851525635,-34.0126616042107,76.1999969482422            25.4913797043264,-34.0126537252218,76.5999984741211            25.4913723282516,-34.0126458462328,76.8000030517578            25.4913701489568,-34.0126373805106,77            25.4913702327758,-34.01262790896,77.4000015258789            25.491368221119,-34.0126187726855,77.5999984741211            25.4913688916713,-34.0126115642488,77.8000030517578            25.4913701489568,-34.0126026794314,78            25.4913709033281,-34.012593626976,78.1999969482422            25.4913700651377,-34.0125850774348,78.4000015258789            25.4913714900613,-34.0125767793506,78.5999984741211            25.4913691431284,-34.0125643741339,78.5999984741211            25.4913638625294,-34.0125550702214,79            25.4913596715778,-34.0125451795757,79.1999969482422            25.4913499485701,-34.0125299245119,79.1999969482422            25.4913433268666,-34.0125189442188,79.4000015258789            25.4913388844579,-34.0125055331737,79.4000015258789            25.4913314245641,-34.0124903619289,79.4000015258789            25.49132572487,-34.0124787110835,79.4000015258789            25.4913226235658,-34.012464210391,79.4000015258789            25.4913168400526,-34.0124440938234,79.4000015258789            25.4913168400526,-34.0124300122261,79.4000015258789            25.4913079552352,-34.0124103147537,79.4000015258789            25.4913000762463,-34.0123886056244,79.4000015258789            25.4912965558469,-34.0123691596091,79.4000015258789            25.4912981484085,-34.0123433433473,79.4000015258789            25.4913058597594,-34.0123274177313,79.1999969482422            25.4913116432726,-34.0123071335256,79.1999969482422            25.4913245514035,-34.0122934710234,79.1999969482422            25.4913408961147,-34.0122723486274,79.1999969482422            25.4913568217307,-34.0122489631176,79.1999969482422            25.4913710709661,-34.0122265834361,79.1999969482422            25.4913776088506,-34.0121990907937,79.1999969482422            25.4913803748786,-34.0121784713119,79            25.491384062916,-34.0121508110315,79            25.4913873318583,-34.0121294371784,78.8000030517578            25.4913911875337,-34.0121050458401,78.8000030517578            25.4913921933621,-34.0120810735971,79            25.491394540295,-34.0120599512011,79            25.4913937859237,-34.0120378229767,79            25.4913940373808,-34.0120223164558,79.1999969482422            25.4913937021047,-34.0120014455169,79.4000015258789            25.4913923610002,-34.0119868610054,79.5999984741211            25.4913931153715,-34.0119649004191,80            25.4913926124573,-34.0119494777173,80.1999969482422            25.4913916904479,-34.0119341388345,80.4000015258789            25.4913870804012,-34.0119182970375,80.8000030517578            25.4913897626102,-34.0119066461921,81            25.4913890082389,-34.011890636757,81.4000015258789            25.4913880024105,-34.0118731185794,81.8000030517578            25.4913899302483,-34.0118545945734,82.1999969482422            25.491386493668,-34.0118399262428,82.5999984741211            25.491381296888,-34.0118240006268,83            25.491381296888,-34.0118097513914,83.1999969482422            25.4913859069347,-34.0117990225554,83.4000015258789            25.4913906008005,-34.0117882099003,83.5999984741211            25.4913963004947,-34.0117741283029,83.8000030517578            25.4913999885321,-34.0117602981627,84.1999969482422            25.4913965519518,-34.0117453783751,84.1999969482422            25.4913911875337,-34.011732134968,84.1999969482422            25.4913835600019,-34.0117219928652,84.1999969482422            25.4913777764887,-34.0117117669433,84.1999969482422            25.4913713224232,-34.011705648154,84.4000015258789            25.4913664609194,-34.0116968471557,84.4000015258789            25.4913603421301,-34.0116857830435,84.5999984741211            25.4913553129882,-34.01167396456,84.5999984741211            25.4913526307791,-34.0116628166288,84.5999984741211            25.491354977712,-34.011655356735,84.8000030517578            25.4913583304733,-34.0116461366415,85            25.491362772882,-34.0116390120238,85            25.4913705680519,-34.0116285346448,85.1999969482422            25.4913788661361,-34.011618308723,85.1999969482422            25.4913915228099,-34.0116106811911,85.4000015258789            25.4914040118456,-34.0116057358682,85.4000015258789            25.4914180934429,-34.0116033051163,85.4000015258789            25.4914308339357,-34.0116045624018,85.4000015258789            25.4914371203631,-34.0116148721427,85.1999969482422            25.4914485197514,-34.0116330608726,85.1999969482422            25.4914583265781,-34.0116497408599,85.1999969482422            25.4914742521942,-34.0116735454649,85.1999969482422            25.4914852324873,-34.0116921532899,85.1999969482422            25.4915026668459,-34.0117120184004,85            25.4915194306523,-34.0117338113487,84.8000030517578            25.4915284831077,-34.0117525029927,84.5999984741211            25.4915393795818,-34.0117738768458,84.5999984741211            25.4915428999811,-34.0117899700999,84.5999984741211            25.4915480967611,-34.0118044707924,84.5999984741211            25.4915550537407,-34.0118177141994,84.4000015258789            25.4915596637875,-34.0118296165019,84.4000015258789            25.4915648605675,-34.0118380822241,84.4000015258789            25.4915687162429,-34.0118505712599,84.4000015258789            25.4915709793568,-34.0118638984859,84.1999969482422            25.4915713984519,-34.0118771418929,83.8000030517578            25.4915730748326,-34.011890469119,83.4000015258789            25.4915760923177,-34.0119100827724,83.4000015258789            25.491579612717,-34.0119270980358,83            25.4915831331164,-34.0119495615363,82.5999984741211            25.4915916826576,-34.0119687560946,82.1999969482422            25.4916076082736,-34.0119870286435,82            25.4916216060519,-34.0120097436011,81.5999984741211            25.4916288144886,-34.0120345540345,81.1999969482422            25.491637699306,-34.0120614599437,81            25.4916383698583,-34.0120850130916,80.4000015258789            25.4916421417147,-34.012112589553,80.1999969482422            25.4916470032185,-34.0121327061206,80            25.4916659463197,-34.012154834345,79.8000030517578            25.4916875716299,-34.0121703408659,79.8000030517578            25.4917098674923,-34.0121843386441,79.5999984741211            25.4917371924967,-34.0122042037547,79.4000015258789            25.491753872484,-34.0122228115797,79.4000015258789            25.4917713068426,-34.0122465323657,79.4000015258789            25.491777844727,-34.0122640505433,79.1999969482422            25.4917886573821,-34.012284418568,79.1999969482422            25.4917984642088,-34.0123058762401,79.1999969482422            25.4918033257127,-34.012326579541,79.4000015258789            25.4918086063117,-34.0123484563082,79.4000015258789            25.4918105341494,-34.0123653039336,79.4000015258789            25.4918133001775,-34.0123885218054,79.5999984741211            25.49181480892,-34.0124056208879,79.5999984741211            25.491817491129,-34.0124274138361,79.8000030517578            25.4918201733381,-34.0124476142228,80            25.4918179102242,-34.0124636236578,80            25.4918117076159,-34.0124869253486,80.4000015258789            25.4918066784739,-34.0125031024218,80.4000015258789            25.4918035771698,-34.0125230513513,80.4000015258789            25.4917998891324,-34.0125389769673,80.4000015258789            25.4917992185801,-34.012556662783,80.4000015258789            25.4917954467237,-34.0125745162368,80.1999969482422            25.4917913395911,-34.012591028586,79.8000030517578            25.4917848017067,-34.0126055292785,79.4000015258789            25.4917760007083,-34.012620029971,79.1999969482422            25.4917665291578,-34.0126325190067,79            25.4917594883591,-34.0126537252218,78.5999984741211            25.4917532019317,-34.0126747637987,78.1999969482422            25.4917518608272,-34.0126985684037,77.8000030517578            25.4917440656573,-34.0127201098949,77.4000015258789            25.4917335044593,-34.0127465128899,77            25.4917282238603,-34.0127701498568,76.8000030517578            25.4917225241661,-34.0127885900438,76.4000015258789            25.4917138069868,-34.0128083713353,76            25.4917021561414,-34.0128247998655,75.8000030517578            25.4916926007718,-34.0128454193473,75.8000030517578            25.4916874039918,-34.0128672961146,75.5999984741211            25.4916833806783,-34.0128936152905,75.1999969482422            25.4916841350496,-34.0129195153713,74.5999984741211            25.4916789382696,-34.0129413921386,74.4000015258789            25.4916704725474,-34.0129682980478,74.1999969482422            25.4916626773775,-34.012990090996,74            25.4916553013027,-34.0130170807242,73.5999984741211            25.4916518647224,-34.0130439028144,73.1999969482422            25.491643063724,-34.0130653604865,73            25.4916418902576,-34.0130924340338,73            25.4916364420205,-34.0131092816591,72.8000030517578            25.4916339274496,-34.0131370257586,72.8000030517578            25.4916331730783,-34.0131616685539,72.5999984741211            25.4916338436306,-34.013191005215,72.5999984741211            25.4916434828192,-34.0132156480104,72.4000015258789            25.4916558042169,-34.0132412966341,72.4000015258789            25.4916805308312,-34.0132687892765,72.4000015258789            25.4917023237795,-34.0132841281593,72.4000015258789            25.4917294811457,-34.0133005566895,72.4000015258789            25.4917480889708,-34.0133063402027,72.5999984741211            25.4917760845274,-34.013312458992,72.4000015258789            25.4918053373694,-34.013312458992,72.5999984741211            25.4918344225734,-34.0133200027049,72.5999984741211            25.491864848882,-34.0133228525519,72.5999984741211            25.4918869771063,-34.0133241936564,72.5999984741211            25.491915056482,-34.0133136324584,72.5999984741211            25.4919272940606,-34.0133025683463,72.5999984741211            25.4919412080199,-34.0132820326835,72.5999984741211            25.4919529426843,-34.0132667776197,72.8000030517578            25.4919675271958,-34.0132484212518,72.8000030517578            25.4919906612486,-34.0132341720164,73            25.4920131247491,-34.0132281370461,73.1999969482422            25.4920454788953,-34.0132354293019,73.1999969482422            25.49206844531,-34.0132399555296,73.1999969482422            25.4920892324299,-34.0132478345186,73.1999969482422            25.4921131208539,-34.0132600720972,73.1999969482422            25.4921355005354,-34.0132729802281,73.1999969482422            25.4921681899577,-34.0132832061499,73.1999969482422            25.4921934194863,-34.0132920071483,73            25.4922230914235,-34.0133036579937,73            25.492248069495,-34.0133144706488,72.8000030517578            25.4922759812325,-34.0133259538561,72.8000030517578            25.4923017974943,-34.0133346710354,72.8000030517578            25.4923232551664,-34.0133433043957,72.8000030517578            25.4923531785607,-34.0133391972631,72.8000030517578            25.4923790786415,-34.0133355092257,72.8000030517578            25.4924084991217,-34.0133189130574,72.8000030517578            25.4924263525754,-34.013304496184,72.8000030517578            25.4924441222101,-34.0132805239409,73            25.492454348132,-34.0132587309927,73            25.4924591258168,-34.0132382791489,73            25.4924628976732,-34.0132138039917,73            25.4924614727497,-34.0131948608905,73.1999969482422            25.4924535937607,-34.0131687931716,73.1999969482422            25.4924526717514,-34.0131506882608,73.1999969482422            25.492451665923,-34.013127470389,73.1999969482422            25.4924467206001,-34.0131092816591,73.1999969482422            25.4924426134676,-34.0130837168545,73.4000015258789            25.4924345668405,-34.0130625106394,73.4000015258789            25.4924312978983,-34.0130419749767,73.5999984741211            25.4924202337861,-34.0130166616291,73.5999984741211            25.4924179706722,-34.0129967126995,73.8000030517578            25.4924105945975,-34.012971483171,73.8000030517578            25.4924031347036,-34.0129490196705,73.8000030517578            25.4924009554088,-34.0129277296364,74            25.492393495515,-34.0129060205072,74.1999969482422            25.4923903103918,-34.0128884185106,74.1999969482422            25.4923836886883,-34.0128680504858,74.1999969482422            25.4923780728132,-34.0128506161273,74.4000015258789            25.492372373119,-34.0128304995596,74.5999984741211            25.4923717025667,-34.0128206089139,74.8000030517578            25.4923652485013,-34.0128043480217,75            25.4923642426729,-34.0127880871296,75.1999969482422            25.4923598840833,-34.0127739217132,75.5999984741211            25.4923473950475,-34.0127563197166,75.5999984741211            25.4923385940492,-34.0127449203283,75.8000030517578            25.4923336487263,-34.0127328503877,76            25.4923313017935,-34.0127251390368,76.4000015258789            25.4923298768699,-34.0127131529152,76.5999984741211            25.4923278652132,-34.0127024240792,76.8000030517578            25.4923183098435,-34.0126991551369,77            25.4923126939684,-34.0126911085099,77.1999969482422            25.4923113528639,-34.0126803796738,77.4000015258789            25.492311520502,-34.0126710757613,77.5999984741211            25.4923121910542,-34.0126610174775,77.8000030517578            25.4923058208078,-34.0126534737647,78            25.4923038091511,-34.0126489475369,78            25.4922994505614,-34.0126432478428,78.4000015258789            25.4922955110669,-34.0126366261393,78.5999984741211            25.4922894760966,-34.0126270707697,78.8000030517578            25.4922813456506,-34.0126162581146,79            25.4922764841467,-34.0126058645546,79.1999969482422            25.4922726284713,-34.0125959739089,79.4000015258789            25.4922724608332,-34.0125850774348,79.5999984741211            25.4922715388238,-34.0125730074942,79.8000030517578            25.4922737181187,-34.0125615242869,80            25.4922783281654,-34.0125489514321,80.4000015258789            25.492279836908,-34.0125398151577,80.4000015258789            25.4922831058502,-34.0125278290361,80.5999984741211            25.4922846984118,-34.012514417991,80.8000030517578            25.4922792501748,-34.012503605336,80.8000030517578            25.4922729637474,-34.0124912839383,80.8000030517578            25.4922682698816,-34.0124792139977,80.5999984741211            25.4922582115978,-34.012469407171,80.5999984741211            25.4922471474856,-34.012458678335,80.4000015258789            25.492234993726,-34.012450966984,80.1999969482422            25.4922246839851,-34.0124425850809,80            25.4922075010836,-34.0124391485006,79.8000030517578            25.4921929165721,-34.0124354604632,79.5999984741211            25.4921747278422,-34.0124326106161,79.5999984741211            25.4921593051404,-34.0124272461981,79.4000015258789            25.4921455588192,-34.0124215465039,79.4000015258789            25.4921342432499,-34.0124163497239,79.1999969482422            25.4921222571284,-34.0124069619924,79.1999969482422            25.4921115282923,-34.0123973228037,79.1999969482422            25.4921019729227,-34.0123884379864,79.1999969482422            25.4920950159431,-34.0123781282455,79.1999969482422            25.4920865502208,-34.0123647172004,79.1999969482422            25.4920788388699,-34.0123524796218,79.1999969482422            25.4920734744519,-34.0123370569199,79            25.4920702893287,-34.012321382761,79            25.4920673556626,-34.0123066306114,79            25.4920660983771,-34.0122927166522,79            25.4920640867203,-34.012278970331,79.1999969482422            25.4920626617968,-34.0122625418007,79.1999969482422            25.4920596443117,-34.0122458618134,79.1999969482422            25.4920577164739,-34.0122297685593,79.4000015258789            25.492055118084,-34.0122140105814,79.4000015258789            25.4920529387891,-34.0121991746128,79.4000015258789            25.4920497536659,-34.0121864341199,79.4000015258789            25.4920480772853,-34.0121726877987,79.4000015258789            25.4920452274382,-34.0121593605727,79.4000015258789            25.4920412041247,-34.0121452789754,79.4000015258789            25.4920359235257,-34.0121319517493,79.4000015258789            25.4920310620219,-34.0121174510568,79.4000015258789            25.4920252785087,-34.0121042914689,79.4000015258789            25.4920198302716,-34.0120927244425,79.5999984741211            25.4920140467584,-34.0120799839497,79.5999984741211            25.4920092690736,-34.012067746371,79.5999984741211            25.4920027311891,-34.0120559278876,79.5999984741211            25.491994349286,-34.0120457857847,79.5999984741211            25.4919868893921,-34.0120343863964,79.5999984741211            25.4919796809554,-34.0120218973607,79.5999984741211            25.4919724725187,-34.012012174353,79.5999984741211            25.4919611569494,-34.0119970031083,79.5999984741211            25.4919532779604,-34.0119846817106,79.5999984741211            25.4919459018856,-34.0119731146842,79.5999984741211            25.4919402021915,-34.011961966753,79.5999984741211            25.4919338319451,-34.0119508188218,79.5999984741211            25.4919316526502,-34.0119405090809,79.5999984741211            25.4919293057174,-34.0119338873774,79.5999984741211            25.4919245280325,-34.0119255054742,79.5999984741211            25.4919210076332,-34.0119167044759,79.8000030517578            25.491917906329,-34.0119085740298,80            25.4919173195958,-34.0119001083076,80.1999969482422            25.4919132962823,-34.0118902176619,80.4000015258789            25.4919083509594,-34.0118792373687,80.5999984741211            25.4919029865414,-34.0118678379804,81            25.4918973706663,-34.0118558518589,81.1999969482422            25.4918897431344,-34.0118447039276,81.4000015258789            25.4918824508786,-34.0118345618248,81.8000030517578            25.4918739851564,-34.0118248388171,82            25.4918715544045,-34.0118187200278,82.1999969482422            25.4918669443578,-34.0118105057627,82.4000015258789            25.4918579757214,-34.0118021238595,82.5999984741211            25.4918468277901,-34.0117933228612,82.8000030517578            25.4918343387544,-34.0117832645774,83            25.4918212629855,-34.0117744635791,83.1999969482422            25.4918078519404,-34.011766416952,83.1999969482422            25.4917920939624,-34.0117578674108,83.1999969482422            25.4917749110609,-34.0117495693266,83.1999969482422            25.4917599074543,-34.0117480605841,83.1999969482422            25.4917411319911,-34.0117442887276,83.1999969482422            25.4917229432613,-34.011739930138,83.1999969482422            25.4917043354362,-34.0117354039103,83.1999969482422            25.4916915111244,-34.011729285121,83.1999969482422            25.4916781000793,-34.0117204841226,83.1999969482422            25.4916671197861,-34.0117102582008,83.1999969482422            25.4916615877301,-34.0116981882602,83.1999969482422            25.4916577320546,-34.0116878785193,83.1999969482422            25.4916550498456,-34.0116740483791,83.4000015258789            25.4916513618082,-34.0116623137146,83.5999984741211            25.4916452430189,-34.0116461366415,83.5999984741211            25.4916494339705,-34.0116308815777,83.5999984741211            25.491653457284,-34.0116224158555,83.8000030517578            25.4916621744633,-34.011615710333,83.8000030517578            25.4916717298329,-34.0116117708385,84            25.4916822072119,-34.0116116032004,84.1999969482422            25.4917004797608,-34.0116111841053,84.4000015258789            25.4917129687965,-34.0116106811911,84.5999984741211            25.4917292296886,-34.0116121061146,84.5999984741211            25.4917475022376,-34.0116137824953,84.5999984741211            25.4917656909674,-34.0116124413908,84.8000030517578            25.4917847178876,-34.0116082504392,84.8000030517578            25.4918018169701,-34.0116063226014,84.8000030517578            25.4918229393661,-34.0116009581834,84.8000030517578            25.4918467439711,-34.0115903969854,84.8000030517578            25.4918686207384,-34.0115836914629,84.8000030517578            25.4918901622295,-34.0115729626268,84.8000030517578            25.4919103626162,-34.0115690231323,85            25.4919353406876,-34.0115674305707,85            25.4919639229774,-34.0115672629327,85            25.4919862188399,-34.0115660056472,85            25.4920040722936,-34.0115806739777,85            25.4920144658536,-34.0115983597934,85            25.4920168966055,-34.0116186439991,85            25.4920194111764,-34.0116416104138,84.8000030517578            25.4920194111764,-34.0116562787443,84.5999984741211            25.4920247755945,-34.0116746351123,84.4000015258789            25.4920282121748,-34.0116877108812,84.1999969482422            25.4920256976038,-34.0117048099637,84.1999969482422            25.492026116699,-34.0117179695517,84            25.4920271225274,-34.0117370802909,83.8000030517578            25.4920312296599,-34.0117509942502,83.4000015258789            25.4920432157815,-34.0117681771517,83.1999969482422            25.4920519329607,-34.0117798279971,83            25.4920643381774,-34.0118001960218,82.5999984741211            25.4920713789761,-34.011816708371,82.1999969482422            25.4920781683177,-34.0118369925767,82.1999969482422            25.4920811858028,-34.0118597913533,81.8000030517578            25.4920799285173,-34.01187739335,81.5999984741211            25.4920728038996,-34.011898431927,81.1999969482422            25.4920663498342,-34.0119132678956,81            25.4920536093414,-34.0119336359203,80.5999984741211            25.4920482449234,-34.011954087764,80.5999984741211            25.4920458979905,-34.0119826700538,80.1999969482422            25.4920541122556,-34.0120054688305,80            25.4920654278249,-34.0120262559503,79.5999984741211            25.4920830298215,-34.0120477974415,79.5999984741211            25.4920968599618,-34.0120656508952,79.5999984741211            25.4921235982329,-34.0120757929981,79.5999984741211            25.4921460617334,-34.0120828337967,79.5999984741211            25.4921730514616,-34.0120869409293,79.5999984741211            25.4921956826001,-34.012094149366,79.5999984741211            25.4922136198729,-34.012104710564,79.5999984741211            25.4922389332205,-34.0121197979897,79.4000015258789            25.4922543559223,-34.0121329575777,79.4000015258789            25.4922756459564,-34.0121517330408,79.1999969482422            25.4922862071544,-34.0121665690094,79.1999969482422            25.4923012107611,-34.0121828299016,79.1999969482422            25.4923190642148,-34.0122029464692,79            25.4923299606889,-34.012220967561,78.8000030517578            25.4923505801708,-34.0122443530709,78.8000030517578            25.4923693556339,-34.0122582670301,78.5999984741211            25.4923953395337,-34.01227125898,78.5999984741211            25.4924155399203,-34.0122860949486,78.5999984741211            25.4924298729748,-34.0123026072979,78.5999984741211            25.492454264313,-34.0123174432665,78.5999984741211            25.4924700222909,-34.0123309381306,78.5999984741211            25.4924900550395,-34.0123465284705,78.4000015258789            25.4925039689988,-34.0123601909727,78.4000015258789            25.4925172124058,-34.0123753622174,78.4000015258789            25.4925341438502,-34.012395478785,78.4000015258789            25.4925416875631,-34.0124142542481,78.4000015258789            25.4925431963056,-34.0124407410622,78.5999984741211            25.4925400111824,-34.0124593488872,78.5999984741211            25.4925385862589,-34.0124836564064,78.8000030517578            25.4925376642495,-34.0124977380037,78.8000030517578            25.4925390891731,-34.012519530952,79            25.4925424419343,-34.0125368814915,79            25.492536323145,-34.0125550702214,79            25.4925219062716,-34.0125730074942,79.4000015258789            25.4925108421594,-34.0125863347203,79.5999984741211            25.4924961738288,-34.0126045234501,79.5999984741211            25.4924855288118,-34.0126150008291,79.5999984741211            25.4924716986716,-34.0126310940832,79.5999984741211            25.4924594610929,-34.0126455947757,79.4000015258789            25.4924414400011,-34.012659676373,79.4000015258789            25.4924282804132,-34.0126752667129,79            25.492417216301,-34.0126894321293,78.5999984741211            25.4924074932933,-34.0127034299076,78.1999969482422            25.4923994466662,-34.0127154998481,78.1999969482422            25.4923915676773,-34.0127351135015,78            25.4923904780298,-34.0127513743937,77.4000015258789            25.4923952557147,-34.0127688087523,77.1999969482422            25.4924024641514,-34.0127889253199,77            25.4924081638455,-34.0128063596785,76.8000030517578            25.4924184735864,-34.0128306671977,76.5999984741211            25.4924243409187,-34.0128477662802,76.1999969482422            25.4924334771931,-34.0128716547042,76            25.4924443736672,-34.0128940343857,75.5999984741211            25.4924473073334,-34.0129168331623,75.4000015258789            25.4924590419978,-34.0129421465099,75.1999969482422            25.4924685135484,-34.0129626821727,74.8000030517578            25.4924791585654,-34.0129891689867,74.5999984741211            25.4924918990582,-34.0130081120878,74.4000015258789            25.4925078246742,-34.0130293183029,74.1999969482422            25.4925245046616,-34.0130485966802,74.1999969482422            25.4925435315818,-34.0130630973727,74            25.4925712756813,-34.0130782686174,74            25.4925949964672,-34.0130908414721,73.8000030517578            25.4926296137273,-34.0131019894034,73.8000030517578            25.4926510713995,-34.0131154004484,73.8000030517578            25.4926581960171,-34.0131312422454,73.8000030517578            25.4926540888846,-34.0131516940892,73.5999984741211            25.4926410969347,-34.0131701342762,73.5999984741211            25.4926211480051,-34.0131885744631,73.5999984741211            25.4926029592752,-34.0132024884224,73.4000015258789            25.4925825912505,-34.0132255386561,73.4000015258789            25.4925716947764,-34.0132497623563,73.1999969482422            25.4925660789013,-34.0132721420377,73            25.4925702698529,-34.0132959466428,73            25.4925790708512,-34.0133130457252,72.8000030517578            25.4926002770662,-34.0133294742554,72.8000030517578            25.4926210641861,-34.0133375208825,72.8000030517578            25.4926487244666,-34.0133399516344,72.8000030517578            25.4926716908813,-34.0133397001773,73            25.4926926456392,-34.0133380237967,73            25.4927205573767,-34.0133371017873,73            25.4927437752485,-34.0133394487202,73.1999969482422            25.4927709326148,-34.0133371856064,73.1999969482422            25.4927940666676,-34.0133359283209,73.1999969482422            25.4928223136812,-34.0133338328451,73.1999969482422            25.4928463697433,-34.013330899179,73.1999969482422            25.4928732756525,-34.0133275464177,73.4000015258789            25.4929021932185,-34.0133251994848,73.4000015258789            25.4929257463664,-34.0133232716471,73.4000015258789            25.4929531551898,-34.0133086033165,73.4000015258789            25.4929701704532,-34.0132925938815,73.4000015258789            25.4929840005934,-34.0132685378194,73.4000015258789            25.4929880239069,-34.0132448170334,73.4000015258789            25.4929941426963,-34.0132206771523,73.5999984741211            25.4929997585714,-34.0131951123476,73.5999984741211            25.4930057097226,-34.0131768397987,73.5999984741211            25.4930084757507,-34.0131514426321,73.8000030517578            25.4930087272078,-34.0131302364171,74            25.4930088110268,-34.0131074376404,74            25.4930130857974,-34.0130869857967,74            25.4930194560438,-34.0130693838,74            25.4930249880999,-34.0130485966802,74            25.4930298496038,-34.0130321681499,74.1999969482422            25.4930325318128,-34.0130107104778,74.4000015258789            25.4930352978408,-34.012992773205,74.4000015258789            25.4930370580405,-34.0129777695984,74.5999984741211            25.4930419195443,-34.0129559766501,74.8000030517578            25.4930450208485,-34.0129411406815,75            25.4930599406362,-34.0129215270281,75.1999969482422            25.4930723458529,-34.0129073616117,75.1999969482422            25.4930893611163,-34.0128883346915,75.4000015258789            25.4931041132659,-34.0128719061613,75.5999984741211            25.4931208770722,-34.0128543879837,76            25.4931343719363,-34.0128363668919,76.1999969482422            25.4931476991624,-34.0128225367516,76.1999969482422            25.4931623674929,-34.0128039289266,76.1999969482422            25.4931755270809,-34.0127876680344,76.1999969482422            25.4931905306876,-34.012770568952,76.5999984741211            25.4932031035423,-34.0127517096698,76.8000030517578            25.4932155925781,-34.0127377957106,76.8000030517578            25.4932304285467,-34.0127189364284,77            25.4932428337634,-34.0127048548311,77.1999969482422            25.4932532273233,-34.0126864984632,77.4000015258789            25.493262950331,-34.0126709081233,77.5999984741211            25.4932727571577,-34.0126523841172,77.5999984741211            25.4932849109173,-34.0126338601112,77.8000030517578            25.4932994116098,-34.0126193594187,77.8000030517578            25.4933124035597,-34.0126005001366,78            25.4933228809386,-34.0125854965299,78.1999969482422            25.4933403152972,-34.0125677268952,78.4000015258789            25.4933532234281,-34.0125562436879,78.5999984741211            25.4933735914528,-34.0125477779657,78.8000030517578            25.4933975636959,-34.0125471912324,79            25.4934129025787,-34.0125574171543,79.1999969482422            25.4934305883944,-34.0125785395503,79.4000015258789            25.4934410657734,-34.0125979017466,79.5999984741211            25.4934495314956,-34.0126227959991,79.5999984741211            25.4934621881694,-34.0126471873373,79.5999984741211            25.4934685584158,-34.0126686450094,79.5999984741211            25.4934845678508,-34.0126901026815,79.5999984741211            25.4934979788959,-34.0127082914114,79.4000015258789            25.4935025889426,-34.0127305872738,79.4000015258789            25.4935097973794,-34.0127558168024,79.4000015258789            25.4935129825026,-34.0127743408084,79.1999969482422            25.4935236275196,-34.0127977263182,79.1999969482422            25.4935295786709,-34.0128218661994,79            25.493529830128,-34.012841982767,78.8000030517578            25.4935320932418,-34.012865871191,78.8000030517578            25.493535278365,-34.0128828026354,78.5999984741211            25.4935393016785,-34.0129032544792,78.4000015258789            25.493535362184,-34.0129263047129,78.1999969482422            25.4935341887176,-34.012947678566,78            25.4935393016785,-34.0129757579416,77.8000030517578            25.4935412295163,-34.0129973832518,77.5999984741211            25.4935375414789,-34.0130252111703,77.5999984741211            25.493535194546,-34.0130519494414,77.4000015258789            25.4935364518315,-34.0130762569606,77            25.4935403075069,-34.0131060127169,76.8000030517578            25.4935463424772,-34.013124871999,76.4000015258789            25.4935707338154,-34.0131475031376,76.1999969482422            25.4935905989259,-34.0131600759923,76.1999969482422            25.4936175048351,-34.0131680388004,76            25.4936439916492,-34.0131695475429,76            25.4936708975583,-34.0131687093526,76            25.4937020782381,-34.0131551306695,76            25.4937235359102,-34.0131385345012,76            25.4937408864498,-34.013108862564,76            25.493746753782,-34.0130870696157,76            25.4937511961907,-34.0130600798875,76            25.4937506094575,-34.0130386222154,76.1999969482422            25.4937526211143,-34.0130149852484,76.1999969482422            25.4937553033233,-34.012992689386,76.4000015258789            25.4937606677413,-34.0129735786468,76.4000015258789            25.4937664512545,-34.0129543002695,76.5999984741211            25.4937733244151,-34.0129408892244,76.8000030517578            25.4937832988799,-34.0129205211997,76.8000030517578            25.4937958717346,-34.0129066072404,77            25.4938086960465,-34.0128879994154,77            25.4938226938248,-34.0128702297807,77.4000015258789            25.4938363563269,-34.0128543041646,77.8000030517578            25.4938516952097,-34.0128370374441,77.8000030517578            25.4938640166074,-34.0128233749419,78            25.4938794393092,-34.0128040965647,78.1999969482422            25.4938918445259,-34.0127883385867,78.4000015258789            25.4939074348658,-34.0127713233232,78.4000015258789            25.4939242824912,-34.0127553138882,78.5999984741211            25.4939372744411,-34.0127432439476,78.5999984741211            25.4939567204565,-34.0127320960164,78.8000030517578            25.493973987177,-34.0127276536077,78.8000030517578            25.4939999710768,-34.01272572577,79            25.4940271284431,-34.0127265639603,79.1999969482422            25.4940513521433,-34.01273092255,79.1999969482422            25.4940759111196,-34.012746848166,79.1999969482422            25.4940868914127,-34.0127641987056,79.1999969482422            25.4940949380398,-34.0127878356725,79.1999969482422            25.4940988775343,-34.0128122270107,79.1999969482422            25.4940966144204,-34.0128356963396,79.1999969482422            25.4940922558308,-34.0128619316965,79.1999969482422            25.4940906632692,-34.0128838922828,79.1999969482422            25.4940868075937,-34.0129082836211,79            25.4940847121179,-34.0129310823977,79            25.4940793476999,-34.0129527077079,78.8000030517578            25.4940745700151,-34.0129783563316,78.8000030517578            25.4940726421773,-34.0129993949085,78.4000015258789            25.4940707143396,-34.0130232833326,78.1999969482422            25.4940667748451,-34.0130461659282,78            25.49406115897,-34.0130669530481,78            25.4940547887236,-34.0130934398621,77.8000030517578            25.4940470773727,-34.013111544773,77.8000030517578            25.4940428864211,-34.013137947768,77.5999984741211            25.4940440598875,-34.0131585672498,77.5999984741211            25.4940503463149,-34.0131816174835,77.5999984741211            25.4940626677126,-34.0132010634989,77.5999984741211            25.4940795153379,-34.0132196713239,77.5999984741211            25.4941046610475,-34.0132371895015,77.5999984741211            25.4941269569099,-34.0132484212518,77.8000030517578            25.4941591434181,-34.0132528636605,77.8000030517578            25.4941838700324,-34.0132530312985,78            25.4942165594548,-34.0132406260818,78.1999969482422            25.4942341614515,-34.0132266283035,78.1999969482422            25.4942485783249,-34.0132069308311,78.1999969482422            25.4942552000284,-34.0131831262261,78.4000015258789            25.4942618217319,-34.0131620038301,78.4000015258789            25.494267269969,-34.0131345950067,78.4000015258789            25.4942748136818,-34.0131135564297,78.4000015258789            25.4942818544805,-34.0130844712257,78.4000015258789            25.4942870512605,-34.0130610857159,78.1999969482422            25.494293756783,-34.0130374487489,78.1999969482422            25.4943010490388,-34.0130159072578,78.1999969482422            25.4943101853132,-34.0129983890802,78.1999969482422            25.4943166393787,-34.0129755903035,78.1999969482422            25.494322674349,-34.0129586588591,78.1999969482422            25.4943268653005,-34.0129343513399,78.1999969482422            25.4943283740431,-34.0129154082388,78.4000015258789            25.4943318106234,-34.0128929447383,78.4000015258789            25.4943343251944,-34.0128744207323,78.8000030517578            25.4943363368511,-34.012855226174,78.8000030517578            25.4943375941366,-34.0128311701119,79            25.4943403601646,-34.0128115564585,79            25.4943507537246,-34.0127813816071,79.4000015258789            25.4943619854748,-34.0127610974014,79.5999984741211            25.4943772405386,-34.0127386339009,79.8000030517578            25.4943929985166,-34.0127224568278,79.8000030517578            25.4944194015115,-34.0127104707062,79.8000030517578            25.4944479838014,-34.012707117945,80            25.4944694414735,-34.0127123147249,80.1999969482422            25.4944916535169,-34.0127264801413,80.4000015258789            25.4945076629519,-34.0127453394234,80.5999984741211            25.4945281986147,-34.0127703174949,80.5999984741211            25.4945432022214,-34.0127913560718,80.8000030517578            25.4945584572852,-34.0128142386675,80.8000030517578            25.494573796168,-34.0128388814628,80.8000030517578            25.494581675157,-34.0128592494875,80.8000030517578            25.4945954214782,-34.0128828026354,80.8000030517578            25.4946100059897,-34.0129019971937,80.8000030517578            25.4946232493967,-34.0129227004945,80.8000030517578            25.4946380015463,-34.0129441581666,80.5999984741211            25.494645209983,-34.0129646938294,80.4000015258789            25.4946562740952,-34.0129885822535,80.4000015258789            25.4946635663509,-34.0130066033453,80.1999969482422            25.4946785699576,-34.013029653579,80            25.4946912266314,-34.0130436513573,80            25.4947095829993,-34.0130619239062,79.8000030517578            25.4947270173579,-34.0130795259029,79.8000030517578            25.4947428591549,-34.0130972117186,79.5999984741211            25.4947666637599,-34.0131138917059,79.8000030517578            25.4947837628424,-34.0131288114935,79.5999984741211            25.4948057234287,-34.0131437312812,79.8000030517578            25.4948242474347,-34.0131558850408,79.8000030517578            25.4948452021927,-34.0131714753807,79.8000030517578            25.4948632232845,-34.0131887421012,79.8000030517578            25.4948723595589,-34.0132060088217,79.8000030517578            25.4948874469846,-34.0132273826748,79.8000030517578            25.4949006065726,-34.0132395364344,79.8000030517578            25.4949242435396,-34.0132531989366,79.8000030517578            25.4949447792023,-34.0132667776197,79.8000030517578            25.4949670750648,-34.0132794342935,79.5999984741211            25.4949953220785,-34.0132907498628,79.5999984741211            25.4950175341219,-34.0133008081466,79.5999984741211            25.4950502235442,-34.0132988803089,79.5999984741211            25.4950737766922,-34.0132961142808,79.5999984741211            25.4951037000865,-34.013285972178,79.5999984741211            25.4951212182641,-34.0132711362094,79.8000030517578            25.4951362218708,-34.0132499299943,80            25.4951477888972,-34.0132299810648,80.1999969482422            25.4951595235616,-34.0132118761539,80.1999969482422            25.4951770417392,-34.0131983812898,80.4000015258789            25.4951959848404,-34.0131874009967,80.5999984741211            25.4952226392925,-34.0131822880358,80.8000030517578            25.4952435102314,-34.0131789352745,81            25.4952669795603,-34.0131770912558,81.4000015258789            25.4952864255756,-34.013177761808,81.5999984741211            25.4953121580184,-34.0131770074368,81.8000030517578            25.4953348729759,-34.0131794381887,82.1999969482422            25.4953533131629,-34.0131833776832,82.4000015258789            25.4953708313406,-34.0131888259202,82.8000030517578            25.4953850805759,-34.0131956990808,82.8000030517578            25.4953948874027,-34.0131981298327,82.8000030517578            25.4954049456865,-34.0132003091276,82.8000030517578            25.4954194463789,-34.0132043324411,82.8000030517578            25.4954361263663,-34.0132126305252,82.8000030517578            25.4954559076577,-34.0132194198668,82.4000015258789            25.4954747669399,-34.0132248681039,82.4000015258789            25.4954953026026,-34.0132325794548,82.1999969482422            25.4955154191703,-34.0132391173393,82.1999969482422            25.4955354519188,-34.0132453199476,82.1999969482422            25.4955574125051,-34.0132502652705,82.1999969482422            25.4955783672631,-34.0132545400411,82.1999969482422            25.4955926164985,-34.0132575575262,82.1999969482422            25.4956086259335,-34.0132612455636,82.1999969482422            25.495622958988,-34.0132625866681,82.1999969482422            25.4956387169659,-34.0132636763155,82            25.4956530500203,-34.0132656879723,82            25.4956688079983,-34.013267531991,82            25.4956858232617,-34.013270130381,82            25.4956995695829,-34.0132695436478,82            25.4957121424377,-34.0132695436478,82            25.4957267269492,-34.0132697951049,81.8000030517578            25.4957443289459,-34.0132696274668,81.8000030517578            25.4957617633045,-34.0132669452578,81.8000030517578            25.4957781918347,-34.0132635086775,81.8000030517578            25.4957944527268,-34.0132640115917,81.8000030517578            25.4958118032664,-34.013264765963,81.8000030517578            25.4958268068731,-34.0132660232484,82            25.4958422295749,-34.0132669452578,82            25.4958573170006,-34.0132680349052,82            25.4958724044263,-34.0132690407336,82.1999969482422            25.4958891682327,-34.0132694598287,82.1999969482422            25.4959054291248,-34.013267448172,82.1999969482422            25.4959252104163,-34.0132676996291,82.1999969482422            25.4959439858794,-34.013264849782,82.1999969482422            25.4959633480757,-34.0132625866681,82.4000015258789            25.4959802795202,-34.0132608264685,82.4000015258789            25.495995702222,-34.0132606588304,82.4000015258789            25.4960095323622,-34.0132589824498,82.4000015258789            25.496027469635,-34.0132578928024,82.1999969482422            25.4960416350514,-34.0132568031549,82.1999969482422            25.4960580635816,-34.0132566355169,82.1999969482422            25.4960768390447,-34.0132563002408,82            25.4960943572223,-34.0132577251643,81.8000030517578            25.4961123783141,-34.0132594015449,81.5999984741211            25.496130567044,-34.0132591500878,81.5999984741211            25.4961481690407,-34.0132597368211,81.5999984741211            25.4961639270186,-34.0132575575262,81.5999984741211            25.4961796849966,-34.0132561326027,81.5999984741211            25.496196616441,-34.0132544562221,81.5999984741211            25.4962115362287,-34.0132528636605,81.5999984741211            25.4962276294827,-34.0132515225559,81.5999984741211            25.4962423816323,-34.0132506005466,81.8000030517578            25.4962588101625,-34.0132488403469,81.8000030517578            25.4962753225118,-34.0132465772331,81.8000030517578            25.4962911643088,-34.0132432244718,81.8000030517578            25.4963082633913,-34.0132402069867,81.8000030517578            25.4963281285018,-34.0132360160351,81.8000030517578            25.4963450599462,-34.0132350102067,81.8000030517578            25.4963635839522,-34.0132350102067,81.8000030517578            25.4963843710721,-34.0132354293019,81.8000030517578            25.4964014701545,-34.0132334176451,81.8000030517578            25.4964171443135,-34.0132294781506,82            25.4964323155582,-34.0132235269994,82            25.4964466486126,-34.0132169891149,82            25.4964611493051,-34.0132127981633,82.1999969482422            25.4964738059789,-34.0132109541446,82.1999969482422            25.4964894801378,-34.0132095292211,82.1999969482422            25.4964994546026,-34.0132086072117,82.1999969482422            25.4965123627335,-34.0132103674114,82.1999969482422            25.4965286236256,-34.0132115408778,82.1999969482422            25.4965423699468,-34.0132169891149,82.1999969482422            25.4965601395816,-34.0132277179509,82.1999969482422            25.496582435444,-34.0132371895015,82.1999969482422            25.4966040607542,-34.0132434759289,82.1999969482422            25.496624847874,-34.0132460743189,82            25.4966443777084,-34.0132482536137,81.8000030517578            25.496664410457,-34.0132508520037,81.8000030517578            25.4966847784817,-34.0132532827556,81.8000030517578            25.4967045597732,-34.0132561326027,81.4000015258789            25.4967201501131,-34.0132594015449,81.4000015258789            25.4967369977385,-34.013259569183,81.4000015258789            25.4967537615448,-34.0132584795356,81.4000015258789            25.4967720340937,-34.0132581442595,81.4000015258789            25.4967889655381,-34.0132580604404,81.5999984741211            25.4968049749732,-34.0132600720972,81.5999984741211            25.4968204814941,-34.013259485364,81.5999984741211            25.4968359041959,-34.0132600720972,81.8000030517578            25.4968496505171,-34.0132614132017,82            25.4968627262861,-34.013262335211,82            25.4968768078834,-34.0132627543062,82            25.4968902189285,-34.0132628381252,82            25.4969042167068,-34.013262335211,82            25.4969204775989,-34.0132625866681,82.1999969482422            25.4969360679388,-34.0132612455636,82.1999969482422            25.4969502333552,-34.0132608264685,82.4000015258789            25.4969638958573,-34.0132594015449,82.4000015258789            25.4969794023782,-34.0132573898882,82.5999984741211            25.4969958309084,-34.0132560487837,82.8000030517578            25.4970141872764,-34.0132549591362,82.8000030517578            25.4970335494727,-34.0132541209459,83            25.4970530793071,-34.0132509358227,83.1999969482422            25.4970690049231,-34.0132452361286,83.1999969482422            25.4970858525485,-34.0132350940257,83.1999969482422            25.4970881994814,-34.0132152289152,83.1999969482422            25.4970868583769,-34.0132004767656,83.1999969482422            25.4970822483301,-34.0131736546755,83.1999969482422            25.4970774706453,-34.013156639412,83.1999969482422            25.4970738664269,-34.0131396241486,83.1999969482422            25.4970672447234,-34.01311699301,83.1999969482422            25.4970674961805,-34.0130977146328,83.4000015258789            25.4970639757812,-34.0130726527423,83.4000015258789            25.4970681667328,-34.0130537096411,83.4000015258789            25.4970654007047,-34.0130307432264,83.4000015258789            25.4970641434193,-34.0130097046495,83.5999984741211            25.497058276087,-34.0129921864718,83.5999984741211            25.4970563482493,-34.0129702258855,83.8000030517578            25.4970544204116,-34.0129509475082,83.8000030517578            25.4970472957939,-34.0129284840077,83.8000030517578            25.4970455355942,-34.0129066910595,83.8000030517578            25.4970384947956,-34.0128822159022,83.8000030517578            25.4970300290734,-34.0128648653626,83.8000030517578            25.4970154445618,-34.0128453355283,83.8000030517578            25.4969908855855,-34.01282614097,83.5999984741211            25.4969725292176,-34.0128123108298,83.5999984741211            25.496939169243,-34.0127973072231,83.5999984741211            25.4969116766006,-34.0127926133573,83.5999984741211            25.4968767240644,-34.0127843990922,83.4000015258789            25.496846633032,-34.0127798728645,83.4000015258789            25.4968099202961,-34.0127755142748,83.4000015258789            25.4967800807208,-34.0127746760845,83.4000015258789            25.4967492353171,-34.0127729997039,83.4000015258789            25.4967204853892,-34.0127665456384,83.4000015258789            25.496690813452,-34.0127566549927,83.4000015258789            25.4966587107629,-34.0127564873546,83.4000015258789            25.4966346547008,-34.012754810974,83.4000015258789            25.4966018814594,-34.0127554815263,83.5999984741211            25.4965790826827,-34.0127568226308,83.5999984741211            25.4965458903462,-34.0127603430301,83.5999984741211            25.4965235944837,-34.0127629414201,83.5999984741211            25.4964948445559,-34.0127659589052,83.5999984741211            25.4964696988463,-34.0127704013139,83.5999984741211            25.4964391048998,-34.0127719938755,83.5999984741211            25.4964040685445,-34.0127755980939,83.5999984741211            25.496376240626,-34.0127740055323,83.4000015258789            25.4963412880898,-34.0127767715603,83.4000015258789            25.4963159747422,-34.0127781126648,83.1999969482422            25.4962847102433,-34.0127787832171,83.1999969482422            25.4962612409145,-34.0127831418067,83.1999969482422            25.4962348379195,-34.0127866622061,83.1999969482422            25.4962056688964,-34.0127921104431,83.1999969482422            25.4961793497205,-34.012794457376,83.1999969482422            25.4961443133652,-34.0128015819937,83            25.4961194191128,-34.0128047671169,83            25.4960867296904,-34.0128097124398,83            25.4960611648858,-34.0128117240965,83            25.4960309900343,-34.0128159988672,82.8000030517578            25.4960026592016,-34.0128205250949,82.8000030517578            25.4959724005312,-34.0128202736378,82.8000030517578            25.4959436506033,-34.012818178162,82.8000030517578            25.4959196783602,-34.0128135681152,82.8000030517578            25.4958932753652,-34.0128144063056,83            25.4958667885512,-34.0128175076097,83            25.495837116614,-34.0128325950354,83            25.4958149045706,-34.0128466766328,83.1999969482422            25.4957874119282,-34.0128626860678,83.1999969482422            25.495757907629,-34.0128791984171,83            25.4957323428243,-34.0128879994154,83            25.495696971193,-34.0128995664418,82.8000030517578            25.4956720769405,-34.0129017457366,82.5999984741211            25.4956381302327,-34.0129079483449,82.4000015258789            25.495615247637,-34.012910714373,82.1999969482422            25.4955885093659,-34.0129156596959,82.1999969482422            25.4955640342087,-34.012915911153,82.1999969482422            25.4955408163369,-34.0129092056304,82.1999969482422            25.4955197777599,-34.012894788757,82.1999969482422            25.4955123178661,-34.01287634857,82.1999969482422            25.4955077916384,-34.0128517057747,82.1999969482422            25.4955087136477,-34.0128318406641,82.4000015258789            25.4954977333546,-34.0128042642027,82.4000015258789            25.4954873397946,-34.0127870813012,82.5999984741211            25.4954661335796,-34.012765455991,82.5999984741211            25.495445933193,-34.0127533860505,82.5999984741211            25.4954224638641,-34.0127411484718,82.5999984741211            25.4953885171562,-34.0127296652645,82.5999984741211            25.4953622817993,-34.0127211995423,82.5999984741211            25.495327077806,-34.0127197746187,82.5999984741211            25.4953000042588,-34.0127222053707,82.5999984741211            25.495271673426,-34.0127292461693,82.4000015258789            25.4952436778694,-34.012733772397,82.4000015258789            25.4952159337699,-34.012736286968,82.4000015258789            25.4951832443476,-34.0127393882722,82.4000015258789            25.4951518122107,-34.0127378795296,82.4000015258789            25.4951173625886,-34.0127408970147,82.4000015258789            25.4950903728604,-34.0127408970147,82.4000015258789            25.49506271258,-34.0127460099757,82.4000015258789            25.4950323700905,-34.0127507038414,82.4000015258789            25.4950054641813,-34.0127511229366,82.4000015258789            25.4949685838073,-34.0127551462501,82.4000015258789            25.4949407558888,-34.0127567388117,82.4000015258789            25.4949128441513,-34.0127610135823,82.1999969482422            25.4948842618614,-34.0127659589052,82.1999969482422            25.4948575235903,-34.012767970562,82            25.4948243312538,-34.0127701498568,81.8000030517578            25.4947999399155,-34.0127748437226,81.8000030517578            25.494769429788,-34.0127790346742,81.8000030517578            25.4947367403656,-34.0127790346742,81.5999984741211            25.4947054758668,-34.0127713233232,81.5999984741211            25.494679491967,-34.0127554815263,81.1999969482422            25.4946697689593,-34.0127392206341,81            25.4946654103696,-34.0127139072865,80.8000030517578            25.4946630634367,-34.0126955509186,80.8000030517578            25.4946573637426,-34.0126699022949,80.8000030517578            25.4946575313807,-34.0126515459269,80.8000030517578            25.4946566093713,-34.012627825141,80.8000030517578            25.4946540948004,-34.0126079600304,80.8000030517578            25.4946535918862,-34.0125851612538,81            25.4946499876678,-34.0125586744398,81            25.4946520831436,-34.0125388931483,81            25.4946472216398,-34.0125146694481,81.1999969482422            25.4946328047663,-34.0124970674515,81.1999969482422            25.4946088325232,-34.0124892722815,81.1999969482422            25.4945747181773,-34.0124891884625,81.1999969482422            25.4945452138782,-34.0124874282628,81.1999969482422            25.4945020470768,-34.0124876797199,81.4000015258789            25.4944753088057,-34.0124875120819,81.4000015258789            25.4944423679262,-34.0124870091677,81.4000015258789            25.4944168869406,-34.0124881826341,81.4000015258789            25.4943918250501,-34.0124880149961,81.4000015258789            25.4943593870848,-34.0124910324812,81.4000015258789            25.4943354986608,-34.0124901104718,81.4000015258789            25.4942999593914,-34.0124914515764,81.4000015258789            25.4942732211202,-34.0124917868525,81.4000015258789            25.4942380171269,-34.0124911163002,81.4000015258789            25.4942105244845,-34.0124912001193,81.4000015258789            25.4941848758608,-34.0124896913767,81.4000015258789            25.4941541980952,-34.0124891884625,81.4000015258789            25.4941305611283,-34.0124896913767,81.1999969482422            25.4940994642675,-34.0124896913767,81.1999969482422            25.4940723069012,-34.0124901104718,81.1999969482422            25.4940408747643,-34.0124876797199,81.1999969482422            25.4940086044371,-34.0124882664531,81.1999969482422            25.4939797706902,-34.0124858357012,81            25.4939464107156,-34.0124860033393,81            25.4939234443009,-34.0124861709774,81            25.4938986338675,-34.0124850813299,81            25.4938728176057,-34.0124875959009,80.8000030517578            25.493852281943,-34.0124857518822,80.8000030517578            25.493820765987,-34.0124842431396,80.8000030517578            25.4937988892198,-34.0124805551022,80.8000030517578            25.493767792359,-34.0124849975109,81            25.4937427304685,-34.0124856680632,81            25.4937161598355,-34.0124850813299,81            25.493685984984,-34.0124833211303,81            25.4936609230936,-34.012477202341,81            25.4936284851283,-34.0124792139977,81            25.4936026688665,-34.0124782081693,81            25.4935688059777,-34.012485165149,81            25.4935388825834,-34.0124876797199,81            25.4935125634074,-34.0124895237386,81            25.4934769403189,-34.012493044138,81            25.4934459272772,-34.0124935470522,81            25.4934122320265,-34.0124955587089,81            25.4933883436024,-34.0124937985092,80.8000030517578            25.493352888152,-34.0124886017293,80.5999984741211            25.4933252278715,-34.0124900266528,80.4000015258789            25.4932948853821,-34.0124892722815,80.4000015258789            25.4932615254074,-34.012487847358,80.4000015258789            25.4932305123657,-34.0124841593206,80.4000015258789            25.4931919556111,-34.0124869253486,80.4000015258789            25.4931644629687,-34.012485165149,80.1999969482422            25.4931346233934,-34.0124828182161,80.1999969482422            25.4931031912565,-34.0124815609306,80            25.4930787160993,-34.0124758612365,80            25.4930492118001,-34.0124653000385,79.8000030517578            25.4930280055851,-34.0124546550214,79.8000030517578            25.492998752743,-34.0124416630715,79.8000030517578            25.4929734393954,-34.0124299284071,79.8000030517578            25.4929465334863,-34.012421714142,79.5999984741211            25.4929174482822,-34.0124152600765,79.5999984741211            25.4928942304105,-34.0124101471156,79.5999984741211            25.4928628820926,-34.0124052856117,79.5999984741211            25.4928444419056,-34.0123993344605,79.4000015258789            25.4928172007203,-34.0123943053186,79.4000015258789            25.4927944019437,-34.012390114367,79.4000015258789            25.4927664902061,-34.0123882703483,79.4000015258789            25.4927372373641,-34.0123871807009,79.4000015258789            25.4927110858262,-34.0123842470348,79.1999969482422            25.4926793184131,-34.0123791340739,79.4000015258789            25.4926533345133,-34.0123710874468,79.4000015258789            25.4926211480051,-34.0123619511724,79.4000015258789            25.4925988521427,-34.0123522281647,79.4000015258789            25.4925782326609,-34.0123410802335,79.4000015258789            25.4925514943898,-34.0123298484832,79.4000015258789            25.4925347305834,-34.0123202931136,79.4000015258789            25.4925061482936,-34.0123041160405,79.1999969482422            25.4924868699163,-34.0122914593667,79.1999969482422            25.4924626462162,-34.0122762881219,79            25.4924462176859,-34.0122601110488,79            25.4924269393086,-34.0122440177947,79            25.4924086667597,-34.0122264996171,79            25.492396261543,-34.0122114121914,79            25.4923753906041,-34.0121930558234,78.8000030517578            25.4923655837774,-34.0121762081981,78.8000030517578            25.4923517536372,-34.0121556725353,78.8000030517578            25.4923415277153,-34.0121385734528,78.8000030517578            25.4923254344612,-34.0121165290475,79            25.4923163820058,-34.0120984241366,79            25.4923038091511,-34.0120798163116,79.1999969482422            25.4922894760966,-34.0120599512011,79.4000015258789            25.4922842793167,-34.0120410919189,79.5999984741211            25.4922765679657,-34.0120183769614,79.5999984741211            25.4922754783183,-34.0120014455169,79.8000030517578            25.4922738857567,-34.0119863580912,80            25.4922732152045,-34.0119717735797,80            25.4922712873667,-34.0119589492679,80            25.4922678507865,-34.0119454544038,80            25.4922632407397,-34.0119349770248,80            25.4922589659691,-34.0119252540171,80            25.4922549426556,-34.0119133517146,80.1999969482422            25.4922495782375,-34.0118960849941,80.1999969482422            25.4922460578382,-34.0118848532438,80.1999969482422            25.4922422859818,-34.0118741244078,80.4000015258789            25.4922388494015,-34.0118627250195,80.5999984741211            25.4922361671925,-34.0118515770882,80.5999984741211            25.4922318924218,-34.0118410158902,80.5999984741211            25.4922235943377,-34.0118238329887,80.5999984741211            25.4922204930335,-34.0118101704866,80.5999984741211            25.492218984291,-34.0117976814508,80.8000030517578            25.4922178108245,-34.011790221557,81            25.4922145418823,-34.0117804147303,81            25.4922114405781,-34.0117715299129,81.4000015258789            25.4922086745501,-34.0117620583624,81.4000015258789            25.4922052379698,-34.0117523353547,81.5999984741211            25.4922023881227,-34.011742528528,81.8000030517578            25.4921996220946,-34.011731883511,82.1999969482422            25.4921990353614,-34.0117209870368,82.4000015258789            25.4922026395798,-34.0117086656392,82.5999984741211            25.4922099318355,-34.0116953384131,82.8000030517578            25.49221906811,-34.0116832684726,82.8000030517578            25.4922292102128,-34.01167396456,83            25.4922405257821,-34.0116665046662,83.1999969482422            25.4922502487898,-34.0116637386382,83.4000015258789            25.4922661744058,-34.0116700250655,83.5999984741211            25.4922814294696,-34.011676646769,83.5999984741211            25.4922942537814,-34.0116851963103,83.5999984741211            25.4923068266362,-34.0116894710809,83.5999984741211            25.4923260211945,-34.0116907283664,83.5999984741211            25.4923427011818,-34.0116935782135,83.5999984741211            25.4923612251878,-34.0116974338889,83.5999984741211            25.4923800006509,-34.0117033012211,83.5999984741211            25.4923955909908,-34.0117049776018,83.4000015258789            25.4924130253494,-34.0117121022195,83.4000015258789            25.4924308788031,-34.0117170475423,83.4000015258789            25.4924532584846,-34.0117234177887,83.1999969482422            25.4924785718322,-34.0117244236171,83.1999969482422            25.4924941621721,-34.0117181371897,83.1999969482422            25.4925053101033,-34.0117049776018,83.1999969482422            25.4925101716071,-34.011694919318,83.1999969482422            25.4925138596445,-34.0116824302822,83.1999969482422            25.4925160389394,-34.0116736292839,83.1999969482422            25.4925167933106,-34.0116649121046,83.5999984741211            25.4925196431577,-34.0116570331156,83.8000030517578            25.4925243370235,-34.0116483159363,84            25.4925338085741,-34.0116437058896,84            25.4925449565053,-34.0116405207664,84.4000015258789            25.4925598762929,-34.0116375871003,84.4000015258789            25.4925737064332,-34.0116378385574,84.5999984741211            25.4925885424018,-34.0116393472999,84.5999984741211            25.4926046356559,-34.0116495732218,84.5999984741211            25.4926196392626,-34.0116576198488,84.5999984741211            25.4926296975464,-34.0116634871811,84.5999984741211            25.4926432762295,-34.0116717852652,84.5999984741211            25.4926612973213,-34.0116760600358,84.5999984741211            25.4926773905754,-34.011684441939,84.5999984741211            25.4926936514676,-34.0116928238422,84.5999984741211            25.4927148576826,-34.0117013733834,84.5999984741211            25.4927374888212,-34.0117094200104,84.4000015258789            25.4927652329206,-34.0117167960852,84            25.4927949048579,-34.0117167960852,83.8000030517578            25.4928203020245,-34.0117178857327,83.4000015258789            25.4928490519524,-34.0117113478482,83.1999969482422            25.4928682465106,-34.0117132756859,83.1999969482422            25.4928923025727,-34.0117196459323,83.1999969482422            25.4929151851684,-34.0117312967777,83.1999969482422            25.4929390735924,-34.0117474738508,83            25.4929664824158,-34.011763734743,83            25.4929876048118,-34.0117763914168,83            25.4930154327303,-34.0117903053761,83            25.4930341243744,-34.0118043031543,82.8000030517578            25.4930617008358,-34.0118198934943,82.8000030517578            25.4930891934782,-34.0118254255503,82.5999984741211            25.4931187815964,-34.0118255093694,82.5999984741211            25.4931399878114,-34.0118249226362,82.5999984741211            25.4931593500078,-34.0118189714849,82.5999984741211            25.4931762814522,-34.0118117630482,82.8000030517578            25.4931888543069,-34.0118005312979,83.1999969482422            25.493199666962,-34.0117866173387,83.4000015258789            25.4932077974081,-34.0117741283029,83.5999984741211            25.4932208731771,-34.0117524191737,84            25.4932302609086,-34.0117371641099,84            25.4932480305433,-34.0117145329714,84.1999969482422            25.4932584241033,-34.0116946678609,84.4000015258789            25.4932777862996,-34.0116774011403,84.5999984741211            25.4932967294008,-34.0116696059704,84.8000030517578            25.4933307599276,-34.0116688515991,84.8000030517578            25.4933561570942,-34.0116640739143,84.8000030517578            25.4933901876211,-34.0116539318115,84.8000030517578            25.4934134893119,-34.0116442088038,85            25.4934417363256,-34.0116383414716,85.1999969482422            25.4934725817293,-34.0116358269006,85.1999969482422            25.4934949614108,-34.0116398502141,85.1999969482422            25.493524717167,-34.011655272916,85.1999969482422            25.4935465101153,-34.0116706956178,85.4000015258789            25.4935797024518,-34.011681843549,85.4000015258789            25.4936026688665,-34.0116874594241,85.4000015258789            25.4936352744699,-34.0116807539016,85.4000015258789            25.4936564806849,-34.0116694383323,85.4000015258789            25.4936809558421,-34.011655356735,85.4000015258789            25.493701659143,-34.0116363298148,85.4000015258789            25.493722781539,-34.0116188954562,85.5999984741211            25.4937512800097,-34.0116088371724,85.5999984741211            25.4937772639096,-34.0116086695343,85.5999984741211            25.4938042536378,-34.0116140339524,85.5999984741211            25.4938274715096,-34.0116191469133,85.5999984741211            25.4938556347042,-34.0116167999804,85.8000030517578            25.4938779305667,-34.0116060711443,86            25.493902489543,-34.0115888044238,86.1999969482422            25.4939243663102,-34.0115740522742,86.4000015258789            25.493952780962,-34.0115630719811,86.5999984741211            25.4939790163189,-34.0115640778095,86.8000030517578            25.4940013121814,-34.0115758962929,86.8000030517578            25.4940195009112,-34.0115914028138,86.8000030517578            25.4940376896411,-34.0116086695343,87            25.494061075151,-34.011620990932,87.1999969482422            25.4940894898027,-34.011620907113,87.1999969482422            25.4941163957119,-34.0116111841053,87.4000015258789            25.4941355902702,-34.0115996170789,87.5999984741211            25.4941573832184,-34.0115843620151,87.5999984741211            25.4941645916551,-34.0115610603243,87.5999984741211            25.4941692855209,-34.0115376748145,87.5999984741211            25.4941686987877,-34.011510014534,87.5999984741211            25.4941752366722,-34.0114890597761,87.5999984741211            25.4941957723349,-34.0114707872272,87.4000015258789            25.4942202474922,-34.0114629920572,87.4000015258789            25.4942548647523,-34.0114582981914,87.4000015258789            25.4942821897566,-34.0114607289433,87.4000015258789            25.4942972771823,-34.0114854555577,87.4000015258789            25.4943013843149,-34.0115086734295,87.4000015258789            25.4943059105426,-34.01153373532,87.4000015258789            25.4943243507296,-34.0115569531918,87.4000015258789            25.494343880564,-34.0115758962929,87.4000015258789            25.4943733848631,-34.0115888044238,87.4000015258789            25.4943956807256,-34.0115996170789,87.4000015258789            25.4944251012057,-34.0116041433066,87.4000015258789            25.4944450501353,-34.0116045624018,87.4000015258789            25.4944723751396,-34.0115965995938,87.5999984741211            25.4944940004498,-34.011591905728,87.5999984741211            25.4945265222341,-34.011586792767,87.8000030517578            25.4945494048297,-34.0115859545767,88            25.4945616424084,-34.0115872956812,88.1999969482422            25.4945670068264,-34.0115978568792,88.4000015258789            25.4945623967797,-34.0116101782769,88.5999984741211            25.4945493210107,-34.0116200689226,88.8000030517578            25.4945329762995,-34.0116281155497,88.8000030517578            25.4945220798254,-34.0116371680051,88.8000030517578            25.4945096746087,-34.0116452146322,88.5999984741211            25.4945022147149,-34.0116560272872,88.5999984741211            25.494497101754,-34.0116735454649,88.5999984741211            25.4945023823529,-34.0116882976145,88.4000015258789            25.4945087525994,-34.0117058157921,88.4000015258789            25.4945227503777,-34.0117272734642,88.1999969482422            25.4945332277566,-34.0117406845093,88.1999969482422            25.4945512488484,-34.0117603819817,88            25.4945646598935,-34.0117737930268,87.5999984741211            25.494581842795,-34.0117918979377,87.4000015258789            25.4945911467075,-34.0118097513914,87.1999969482422            25.4945937450975,-34.0118343941867,86.8000030517578            25.4945955891162,-34.0118629764766,86.5999984741211            25.4945925716311,-34.0118910558522,86.4000015258789            25.4945939127356,-34.0119230747223,85.8000030517578            25.4945941641927,-34.0119480527937,85.5999984741211            25.494605563581,-34.0119773894548,85.4000015258789            25.4946100898087,-34.0119996853173,85            25.4946230817586,-34.0120276808739,84.8000030517578            25.4946316312999,-34.0120454505086,84.8000030517578            25.4946468025446,-34.0120672434568,84.8000030517578            25.4946591239423,-34.0120860189199,84.8000030517578            25.4946692660451,-34.0121082309633,84.8000030517578            25.4946831800044,-34.0121317002922,84.8000030517578            25.4946935735643,-34.0121505595744,84.8000030517578            25.4947078227997,-34.0121756214648,84.8000030517578            25.4947209823877,-34.0121938940138,84.8000030517578            25.4947369080037,-34.0122172795236,84.8000030517578            25.4947470501065,-34.0122372284532,84.4000015258789            25.4947680048645,-34.0122637990862,84.1999969482422            25.4947823379189,-34.0122822392732,83.8000030517578            25.4948079027236,-34.0123023558408,83.1999969482422            25.4948320426047,-34.0123202931136,83            25.4948544222862,-34.0123357158154,82.5999984741211            25.494877807796,-34.0123523958027,82.4000015258789            25.4948964994401,-34.0123699977994,82.1999969482422            25.4949230700731,-34.0123890247196,82            25.4949434380978,-34.0124062914401,82            25.4949745349586,-34.0124195348471,82            25.494996663183,-34.0124277491122,82            25.4950314480811,-34.0124279167503,81.8000030517578            25.4950593598187,-34.0124285034835,81.8000030517578            25.4950923006982,-34.0124282520264,81.8000030517578            25.4951246548444,-34.0124305989593,81.8000030517578            25.4951573442668,-34.0124309342355,81.8000030517578            25.4951864294708,-34.0124336164445,81.8000030517578            25.4952140059322,-34.0124368853867,81.8000030517578            25.4952468629926,-34.0124406572431,81.8000030517578            25.4952732659876,-34.0124425850809,82            25.4953104816377,-34.0124383941293,82.1999969482422            25.4953362978995,-34.0124280005693,82.4000015258789            25.4953583423048,-34.0124055370689,82.4000015258789            25.4953669756651,-34.0123840793967,82.4000015258789            25.4953662212938,-34.0123581793159,82.4000015258789            25.4953672271222,-34.0123375598341,82.5999984741211            25.4953682329506,-34.0123136714101,82.5999984741211            25.4953713342547,-34.0122908726335,82.5999984741211            25.4953755252063,-34.0122702531517,82.5999984741211            25.4953870922327,-34.0122467000037,83            25.4954042751342,-34.0122276730835,83.1999969482422            25.4954272415489,-34.0122119989246,83.1999969482422            25.4954489506781,-34.0121983364224,83.1999969482422            25.4954771138728,-34.0121845901012,83.1999969482422            25.495501505211,-34.012176124379,83.1999969482422            25.4955270700157,-34.0121674910188,83.1999969482422            25.4955510422587,-34.0121631324291,83.1999969482422            25.4955902695656,-34.0121588576585,83.1999969482422            25.4956050217152,-34.0121610369533,83.1999969482422            25.4956191871315,-34.012162880972,83.1999969482422            25.4956338554621,-34.0121585223824,83.1999969482422          </coordinates></LineString></Placemark><Placemark><name>Finish</name><styleUrl>#icon-1899-FF5252-nodesc</styleUrl><Point><coordinates>            25.4956338554621,-34.0121585223824,83.1999969482422          </coordinates></Point></Placemark><Placemark><name>Start</name><styleUrl>#icon-1899-0F9D58-nodesc</styleUrl><Point><coordinates>            25.4956127330661,-34.01207302697,84.8000030517578          </coordinates></Point></Placemark></Folder></Document></kml>