<?xml version="1.0" encoding="UTF-8"?><kml xmlns="http://www.opengis.net/kml/2.2"><Document><name>Sterkfontein parkrun Regular Course (from Sept 2024)</name><description/><Style id="icon-1899-0F9D58-nodesc-normal"><IconStyle><color>ff589d0f</color><scale>1</scale><Icon><href>https://www.gstatic.com/mapspro/images/stock/503-wht-blank_maps.png</href></Icon><hotSpot x="32" xunits="pixels" y="64" yunits="insetPixels"/></IconStyle><LabelStyle><scale>0</scale></LabelStyle><BalloonStyle><text><![CDATA[<h3>$[name]</h3>]]></text></BalloonStyle></Style><Style id="icon-1899-0F9D58-nodesc-highlight"><IconStyle><color>ff589d0f</color><scale>1</scale><Icon><href>https://www.gstatic.com/mapspro/images/stock/503-wht-blank_maps.png</href></Icon><hotSpot x="32" xunits="pixels" y="64" yunits="insetPixels"/></IconStyle><LabelStyle><scale>1</scale></LabelStyle><BalloonStyle><text><![CDATA[<h3>$[name]</h3>]]></text></BalloonStyle></Style><StyleMap id="icon-1899-0F9D58-nodesc"><Pair><key>normal</key><styleUrl>#icon-1899-0F9D58-nodesc-normal</styleUrl></Pair><Pair><key>highlight</key><styleUrl>#icon-1899-0F9D58-nodesc-highlight</styleUrl></Pair></StyleMap><Style id="icon-1899-FF5252-nodesc-normal"><IconStyle><color>ff5252ff</color><scale>1</scale><Icon><href>https://www.gstatic.com/mapspro/images/stock/503-wht-blank_maps.png</href></Icon><hotSpot x="32" xunits="pixels" y="64" yunits="insetPixels"/></IconStyle><LabelStyle><scale>0</scale></LabelStyle><BalloonStyle><text><![CDATA[<h3>$[name]</h3>]]></text></BalloonStyle></Style><Style id="icon-1899-FF5252-nodesc-highlight"><IconStyle><color>ff5252ff</color><scale>1</scale><Icon><href>https://www.gstatic.com/mapspro/images/stock/503-wht-blank_maps.png</href></Icon><hotSpot x="32" xunits="pixels" y="64" yunits="insetPixels"/></IconStyle><LabelStyle><scale>1</scale></LabelStyle><BalloonStyle><text><![CDATA[<h3>$[name]</h3>]]></text></BalloonStyle></Style><StyleMap id="icon-1899-FF5252-nodesc"><Pair><key>normal</key><styleUrl>#icon-1899-FF5252-nodesc-normal</styleUrl></Pair><Pair><key>highlight</key><styleUrl>#icon-1899-FF5252-nodesc-highlight</styleUrl></Pair></StyleMap><Style id="line-0288D1-5000-nodesc-normal"><LineStyle><color>ffd18802</color><width>5</width></LineStyle><BalloonStyle><text><![CDATA[<h3>$[name]</h3>]]></text></BalloonStyle></Style><Style id="line-0288D1-5000-nodesc-highlight"><LineStyle><color>ffd18802</color><width>7.5</width></LineStyle><BalloonStyle><text><![CDATA[<h3>$[name]</h3>]]></text></BalloonStyle></Style><StyleMap id="line-0288D1-5000-nodesc"><Pair><key>normal</key><styleUrl>#line-0288D1-5000-nodesc-normal</styleUrl></Pair><Pair><key>highlight</key><styleUrl>#line-0288D1-5000-nodesc-highlight</styleUrl></Pair></StyleMap><Folder><name>Diana_Rodrigues_2024-07-27_08-05-46.2.GPX</name><Placemark><name>Start</name><styleUrl>#icon-1899-0F9D58-nodesc</styleUrl><Point><coordinates>            27.76909667,-26.06866333,1703          </coordinates></Point></Placemark><Placemark><name>Finish</name><styleUrl>#icon-1899-FF5252-nodesc</styleUrl><Point><coordinates>            27.769785,-26.06896333,1704          </coordinates></Point></Placemark><Placemark><name>Course</name><styleUrl>#line-0288D1-5000-nodesc</styleUrl><LineString><tessellate>1</tessellate><coordinates>            27.76909667,-26.06866333,1703            27.769095,-26.06866833,1703            27.76909333,-26.06867167,1703            27.76909167,-26.06867667,1703            27.76909,-26.06868333,1703            27.76908833,-26.06868667,1703            27.76908833,-26.06869167,1703            27.76908833,-26.06869667,1703            27.76908667,-26.06869833,1703            27.76908333,-26.06869667,1703            27.76907833,-26.06869333,1703            27.76907167,-26.06869333,1703            27.76906667,-26.06869167,1703            27.76906,-26.06869167,1703            27.769055,-26.06869167,1703            27.76904833,-26.06869333,1703            27.76904333,-26.068695,1703            27.76903667,-26.068695,1703            27.76903167,-26.06869667,1703            27.76902333,-26.06869667,1703            27.76901667,-26.06869667,1703            27.76901167,-26.06869667,1703            27.76901,-26.068695,1703            27.76900667,-26.068695,1703            27.76900333,-26.0687,1703            27.76899833,-26.06870167,1703            27.76899167,-26.06870333,1703            27.768985,-26.06870667,1703            27.76898,-26.06871,1703            27.76897333,-26.06871667,1703            27.76897,-26.068725,1703            27.76896667,-26.06873,1703            27.76896333,-26.068735,1703            27.76896,-26.06873833,1703            27.76895833,-26.06873833,1703            27.768955,-26.06873333,1703            27.76895333,-26.06872667,1703            27.76895333,-26.06872,1703            27.76895167,-26.06871167,1703            27.76895167,-26.06870333,1703            27.76895167,-26.06869833,1703            27.76895333,-26.06869167,1703            27.76895333,-26.06868667,1703            27.76895667,-26.06867833,1703            27.76896,-26.06866667,1703            27.768965,-26.06865333,1703            27.76897,-26.06864167,1703            27.76897333,-26.06862833,1703            27.76897833,-26.068615,1703            27.76898,-26.068605,1703            27.768985,-26.06859167,1703            27.76898833,-26.06857833,1703            27.76899167,-26.06856667,1703            27.76899667,-26.06855667,1703            27.76899833,-26.06854667,1704            27.76900167,-26.06853333,1704            27.769005,-26.06852167,1704            27.76901,-26.06850833,1704            27.76901167,-26.068495,1704            27.769015,-26.06848333,1704            27.76902,-26.06847,1704            27.76902667,-26.068455,1705            27.76903167,-26.06844167,1705            27.76903667,-26.06842833,1705            27.76904333,-26.068415,1705            27.76905,-26.0684,1705            27.76906167,-26.06838333,1705            27.76907667,-26.06836667,1705            27.76908833,-26.06835167,1705            27.7691,-26.06833667,1705            27.76911,-26.06832333,1705            27.76912167,-26.06831,1705            27.76913167,-26.06829833,1705            27.76914333,-26.06828833,1705            27.76915833,-26.06827833,1705            27.76917333,-26.068275,1705            27.76918667,-26.06827,1705            27.76919667,-26.068265,1705            27.76920833,-26.06826,1705            27.76922167,-26.06825833,1705            27.76923667,-26.06825667,1705            27.76925167,-26.068255,1705            27.769265,-26.06825333,1705            27.76927833,-26.06825333,1705            27.76929,-26.068255,1705            27.76930333,-26.068255,1705            27.76931833,-26.06825667,1705            27.76933,-26.06825833,1704            27.76934167,-26.06826,1704            27.76935333,-26.06826167,1704            27.76936833,-26.068265,1705            27.76938167,-26.06826833,1705            27.769395,-26.06827,1705            27.76940667,-26.06827167,1704            27.76942,-26.068275,1704            27.76943167,-26.06827667,1704            27.76944333,-26.06827833,1704            27.769455,-26.06828167,1704            27.76946833,-26.068285,1704            27.76947833,-26.06828667,1704            27.76948833,-26.06829,1704            27.7695,-26.06829167,1704            27.76951333,-26.06829333,1704            27.769525,-26.068295,1704            27.76954,-26.06829833,1704            27.76955333,-26.0683,1704            27.76956833,-26.06830167,1704            27.76958167,-26.06830333,1704            27.76959333,-26.068305,1704            27.769605,-26.06830667,1704            27.76961833,-26.06830833,1704            27.76963167,-26.06831,1704            27.76964167,-26.06831,1704            27.76965333,-26.06830833,1704            27.769665,-26.06830667,1704            27.769675,-26.06830833,1704            27.76968333,-26.06830833,1704            27.76969167,-26.06830833,1704            27.76969667,-26.06830667,1704            27.76970667,-26.068305,1704            27.76971667,-26.06830333,1704            27.76973,-26.06830167,1704            27.76974167,-26.0683,1704            27.76975333,-26.0683,1704            27.769765,-26.06829833,1703            27.76977667,-26.06829667,1703            27.76978667,-26.068295,1703            27.76979667,-26.06829167,1703            27.76980833,-26.06828833,1703            27.76981833,-26.068285,1703            27.76983,-26.06828333,1703            27.76984,-26.06828167,1703            27.76985,-26.06828167,1703            27.76986,-26.06828,1703            27.76987,-26.06827833,1703            27.76988167,-26.06827833,1703            27.76989167,-26.06827667,1703            27.76990333,-26.06827667,1703            27.76991667,-26.068275,1702            27.76992833,-26.06827167,1702            27.76994,-26.06827,1702            27.76995167,-26.06827,1702            27.76996333,-26.06827,1702            27.76997333,-26.06826833,1702            27.76998333,-26.06826833,1702            27.76999167,-26.06826833,1702            27.77000333,-26.06826833,1702            27.77001333,-26.06826833,1702            27.77002333,-26.06827,1701            27.77003167,-26.06827,1701            27.77004167,-26.06826833,1701            27.77005,-26.06827,1701            27.77005833,-26.06827,1701            27.770065,-26.06827,1701            27.770075,-26.06826833,1701            27.77008667,-26.06826333,1701            27.77009667,-26.06826167,1701            27.770105,-26.06825667,1701            27.770115,-26.06825167,1701            27.77012333,-26.068245,1701            27.77013,-26.068235,1701            27.77013667,-26.06822667,1701            27.77014333,-26.06821667,1701            27.77014833,-26.06820667,1700            27.77015333,-26.06819667,1700            27.77015667,-26.06818667,1700            27.77015833,-26.06817833,1700            27.77016,-26.06817,1700            27.77016,-26.06816,1700            27.77016,-26.06815,1700            27.77015667,-26.06814,1700            27.77015333,-26.06813,1700            27.77015,-26.06812,1700            27.77014667,-26.06811,1700            27.77014333,-26.06810167,1700            27.77014,-26.06809333,1700            27.77013667,-26.06808667,1700            27.77013167,-26.06807833,1699            27.77012833,-26.06806833,1699            27.77012167,-26.06805833,1699            27.77011333,-26.06804833,1699            27.770105,-26.06804,1699            27.7701,-26.06803,1699            27.77009333,-26.06802333,1699            27.77009,-26.06801333,1699            27.77008667,-26.06800667,1699            27.77008333,-26.06799833,1699            27.77007667,-26.06799,1699            27.77007,-26.06798333,1699            27.77006333,-26.06797167,1698            27.77005833,-26.06796167,1698            27.770055,-26.06795,1698            27.77005333,-26.06793667,1698            27.77005,-26.067925,1698            27.77004667,-26.06791667,1698            27.77004333,-26.06790667,1698            27.77004,-26.06789833,1698            27.77003833,-26.06789,1698            27.77003667,-26.06788167,1698            27.770035,-26.06787333,1698            27.77003167,-26.06786333,1698            27.77002833,-26.067855,1698            27.77002667,-26.067845,1698            27.77002667,-26.067835,1698            27.77002667,-26.06782333,1698            27.77002333,-26.06781333,1698            27.77002,-26.06780167,1698            27.77001667,-26.06779167,1698            27.77001167,-26.06778333,1698            27.77000667,-26.06777333,1698            27.77000167,-26.06776333,1698            27.76999667,-26.06775333,1698            27.76999167,-26.06774333,1698            27.76998333,-26.06773167,1698            27.76997667,-26.06772333,1698            27.76997,-26.067715,1698            27.76996167,-26.06770667,1698            27.76995167,-26.06769833,1697            27.76994167,-26.06769,1697            27.76993333,-26.06768167,1697            27.769925,-26.06767167,1697            27.76991667,-26.067665,1697            27.76990833,-26.06765667,1697            27.76990167,-26.06765,1697            27.769895,-26.06764167,1697            27.76988667,-26.06763333,1698            27.76987667,-26.06762667,1698            27.76986667,-26.06761833,1698            27.76985833,-26.06760833,1698            27.76984833,-26.0676,1698            27.76983833,-26.06759167,1698            27.76983,-26.06758333,1698            27.76982167,-26.067575,1698            27.76981333,-26.06756833,1698            27.76980667,-26.06756,1698            27.7698,-26.06755167,1698            27.76979167,-26.06754333,1698            27.76978333,-26.067535,1698            27.76977667,-26.06752333,1699            27.76977167,-26.06751167,1699            27.76976667,-26.0675,1699            27.76976167,-26.06748833,1699            27.76975833,-26.067475,1699            27.76975667,-26.06746333,1699            27.76975667,-26.06745333,1699            27.76975833,-26.06744167,1699            27.76975833,-26.06742833,1699            27.76975833,-26.06741667,1698            27.76976,-26.06740667,1698            27.76976333,-26.06739667,1698            27.76976667,-26.067385,1698            27.76977,-26.067375,1698            27.769775,-26.06736333,1698            27.76978167,-26.06735167,1698            27.76979,-26.06734167,1698            27.769795,-26.06733167,1698            27.76980167,-26.06732333,1698            27.76981,-26.06731667,1697            27.76981667,-26.06730833,1697            27.76982167,-26.0673,1697            27.769825,-26.06729167,1697            27.76982833,-26.06728333,1697            27.76983167,-26.06727833,1697            27.76983667,-26.06727,1697            27.76984333,-26.06726333,1697            27.76984833,-26.06725833,1697            27.769855,-26.06725,1696            27.76986167,-26.06724167,1696            27.76986833,-26.06723333,1696            27.76987167,-26.067225,1696            27.76987833,-26.06721667,1696            27.76988333,-26.06721,1696            27.76988833,-26.06720333,1696            27.76989333,-26.067195,1696            27.76989833,-26.067185,1696            27.769905,-26.06717833,1697            27.76991167,-26.06717,1697            27.76991833,-26.06716167,1697            27.76992333,-26.06715167,1697            27.76992833,-26.06714333,1697            27.76993333,-26.06713167,1696            27.76994,-26.06712167,1696            27.76994667,-26.06711333,1696            27.76995167,-26.06710333,1696            27.769955,-26.06709667,1696            27.76996167,-26.06708833,1696            27.76996667,-26.06708,1696            27.76997,-26.06707,1696            27.769975,-26.06706,1696            27.76998,-26.06704833,1696            27.769985,-26.06703667,1696            27.76999,-26.06702833,1696            27.769995,-26.06702167,1695            27.77000167,-26.067015,1695            27.77001,-26.06700833,1695            27.77002,-26.06700167,1695            27.77002833,-26.066995,1695            27.77003667,-26.06698667,1695            27.770045,-26.06698,1695            27.770055,-26.06697167,1695            27.77006667,-26.066965,1695            27.77008,-26.06696,1695            27.77009,-26.06695333,1694            27.77010167,-26.066945,1694            27.77011167,-26.06694,1694            27.77012333,-26.066935,1694            27.770135,-26.06693167,1694            27.77014667,-26.06693,1694            27.77015833,-26.06693,1694            27.77016833,-26.06692833,1694            27.77017833,-26.06692833,1693            27.77018833,-26.06692667,1693            27.77019667,-26.066925,1693            27.770205,-26.06692333,1693            27.770215,-26.06692167,1693            27.770225,-26.06691833,1693            27.77023333,-26.066915,1693            27.77024333,-26.06691333,1693            27.770255,-26.06691167,1693            27.77026667,-26.06691167,1693            27.77028,-26.06691,1693            27.77029667,-26.06691,1692            27.77031167,-26.06691,1692            27.770325,-26.06691167,1692            27.77033833,-26.06691167,1692            27.77035167,-26.06691167,1692            27.77036333,-26.06691167,1692            27.77037667,-26.06691333,1692            27.77038667,-26.06691333,1691            27.7704,-26.06691333,1691            27.77041,-26.06691333,1691            27.77042,-26.06691333,1691            27.77042167,-26.06691333,1691            27.77042333,-26.06691333,1691            27.77042833,-26.066915,1691            27.770435,-26.06691667,1691            27.77044,-26.06691833,1691            27.770445,-26.06692,1691            27.77045,-26.06692167,1691            27.770455,-26.06692333,1691            27.77045667,-26.06692667,1691            27.77045833,-26.06692667,1691            27.770465,-26.06692667,1691            27.77047167,-26.06692667,1691            27.77047833,-26.06692667,1690            27.770485,-26.06692833,1690            27.77049333,-26.06692667,1690            27.77050167,-26.06692667,1690            27.77050667,-26.06693,1690            27.77051,-26.06692833,1690            27.770515,-26.06693,1690            27.77051667,-26.066935,1689            27.77052,-26.06693667,1689            27.770525,-26.06693667,1689            27.77053,-26.06693667,1689            27.77053667,-26.06693667,1689            27.770545,-26.06694,1689            27.77055667,-26.06694167,1689            27.77056833,-26.06694167,1689            27.77057833,-26.066945,1689            27.77058833,-26.06694667,1689            27.77059833,-26.06694667,1688            27.77060667,-26.066945,1688            27.770615,-26.066945,1688            27.770625,-26.06694833,1688            27.770635,-26.06695,1688            27.770645,-26.06695167,1688            27.770655,-26.06695667,1688            27.77066667,-26.06696,1688            27.77067833,-26.06696333,1688            27.77069,-26.06696667,1688            27.77070167,-26.06697,1688            27.77071667,-26.06697333,1688            27.77073,-26.066975,1688            27.77074333,-26.06697667,1688            27.77075667,-26.06698,1687            27.77076833,-26.06698167,1687            27.77078167,-26.06698333,1687            27.77079333,-26.06698333,1687            27.77080667,-26.066985,1687            27.77081667,-26.06698833,1687            27.77082833,-26.06699167,1687            27.77083833,-26.066995,1687            27.77085167,-26.067,1687            27.770865,-26.06700333,1686            27.77087667,-26.06700833,1686            27.77089,-26.06701167,1686            27.770905,-26.06701833,1686            27.77091833,-26.06702167,1686            27.77093167,-26.06702667,1686            27.77094333,-26.06703167,1685            27.770955,-26.06703667,1685            27.77096667,-26.06704,1685            27.77098167,-26.06704333,1685            27.770995,-26.06704667,1685            27.77100833,-26.06704833,1685            27.77102167,-26.06704833,1685            27.771035,-26.06705167,1685            27.77104667,-26.06705333,1684            27.77106,-26.067055,1684            27.77107333,-26.06705833,1684            27.771085,-26.06706,1684            27.77109833,-26.06706167,1684            27.77111,-26.06706333,1684            27.77112167,-26.06706333,1684            27.77113333,-26.067065,1683            27.771145,-26.06706667,1683            27.77115667,-26.06707,1683            27.77116833,-26.06707167,1683            27.77118,-26.067075,1683            27.77119167,-26.06707667,1683            27.77120333,-26.06708,1683            27.771215,-26.067085,1683            27.771225,-26.06709,1682            27.77123833,-26.06709333,1682            27.77124833,-26.06709833,1682            27.77126,-26.067105,1682            27.77127167,-26.06710833,1682            27.77128333,-26.06711167,1682            27.771295,-26.06711333,1682            27.77130667,-26.06711833,1682            27.77131833,-26.06712,1682            27.77132833,-26.06712333,1681            27.77133833,-26.06712833,1681            27.77134833,-26.06713,1681            27.77136,-26.06713333,1681            27.77137,-26.06713833,1681            27.77138167,-26.06714167,1681            27.77139167,-26.06714667,1681            27.77140333,-26.06715,1681            27.77141333,-26.06715333,1681            27.77142,-26.06715667,1680            27.77142833,-26.06716,1680            27.77143833,-26.06716333,1680            27.77144833,-26.06716833,1680            27.77146,-26.06717167,1680            27.77147167,-26.067175,1680            27.771485,-26.06717667,1680            27.77149833,-26.06718167,1679            27.77151,-26.067185,1679            27.77151833,-26.06718833,1679            27.77153167,-26.06719333,1679            27.77154333,-26.06719833,1679            27.77155167,-26.06720167,1679            27.77156167,-26.06720333,1679            27.77157333,-26.06720833,1679            27.771585,-26.06721167,1679            27.77159667,-26.067215,1679            27.77160667,-26.06721667,1678            27.77161833,-26.06721667,1678            27.77163167,-26.06721833,1678            27.77164667,-26.06722,1678            27.77166167,-26.067225,1678            27.77167333,-26.06722667,1678            27.77168,-26.06722833,1678            27.77169,-26.06723167,1678            27.7717,-26.06723833,1678            27.77171167,-26.06724333,1677            27.77172167,-26.06725,1677            27.77173,-26.06725667,1677            27.77173833,-26.06726167,1677            27.77174667,-26.06726667,1677            27.77175833,-26.06727333,1677            27.77177,-26.06727833,1677            27.77178,-26.06728167,1677            27.77178833,-26.06728333,1677            27.77179833,-26.06728667,1677            27.77180667,-26.06728833,1676            27.77181833,-26.06728833,1676            27.77183,-26.06729167,1676            27.77184167,-26.06729333,1676            27.77185167,-26.06729333,1676            27.77186,-26.06729333,1676            27.77187167,-26.06729333,1676            27.77188167,-26.06729333,1676            27.77189333,-26.067295,1676            27.77190333,-26.06729833,1676            27.77191167,-26.06729833,1676            27.77192333,-26.0673,1676            27.77193667,-26.0673,1676            27.77195167,-26.067305,1676            27.77196667,-26.06730667,1675            27.77197833,-26.06730833,1675            27.77198833,-26.06731,1675            27.771995,-26.06731167,1675            27.77200333,-26.067315,1675            27.772015,-26.06731833,1675            27.772025,-26.06732167,1674            27.77203333,-26.067325,1674            27.77204167,-26.06732833,1674            27.77205167,-26.06733167,1674            27.77206167,-26.06733667,1674            27.77207167,-26.06734,1674            27.77208333,-26.06734333,1674            27.77209667,-26.06734667,1674            27.77210833,-26.06735,1674            27.77212333,-26.06735167,1673            27.77213667,-26.06735667,1673            27.77215167,-26.06736,1673            27.772165,-26.06736333,1673            27.77217833,-26.067365,1673            27.77218833,-26.06736833,1673            27.77220167,-26.06737167,1673            27.77221333,-26.06737333,1673            27.77222333,-26.067375,1672            27.77223333,-26.06737833,1672            27.772245,-26.06738167,1672            27.77225667,-26.06738667,1672            27.77226667,-26.06739,1672            27.77228,-26.067395,1672            27.77229333,-26.0674,1672            27.772305,-26.06740167,1672            27.772315,-26.06740667,1672            27.772325,-26.06741,1671            27.77233667,-26.06741667,1671            27.77234667,-26.06742167,1671            27.77235667,-26.06742667,1671            27.77236833,-26.06743333,1671            27.77238,-26.06744,1671            27.77239,-26.06744667,1670            27.7724,-26.06745333,1670            27.77241,-26.06745667,1670            27.77241833,-26.06746167,1670            27.77243,-26.06746667,1670            27.77244,-26.06747167,1670            27.77244833,-26.06747833,1670            27.772455,-26.067485,1669            27.772465,-26.06749167,1669            27.772475,-26.06749833,1669            27.77248333,-26.067505,1669            27.77249167,-26.06751167,1669            27.77250167,-26.06752,1669            27.77251,-26.067525,1669            27.77252,-26.06753,1669            27.77252667,-26.067535,1669            27.77253667,-26.06754,1669            27.77254667,-26.06754667,1669            27.77255833,-26.06755333,1669            27.77256833,-26.06756,1669            27.77258,-26.067565,1669            27.77259333,-26.06757,1668            27.772605,-26.06757333,1668            27.77261167,-26.06757833,1668            27.77261833,-26.06758333,1668            27.77262833,-26.06758833,1668            27.77263833,-26.06759167,1668            27.77264667,-26.06759667,1668            27.77265833,-26.0676,1668            27.77266833,-26.06760333,1668            27.77267833,-26.06760667,1668            27.77268667,-26.06761167,1668            27.77269833,-26.067615,1668            27.77270667,-26.06762167,1668            27.77271667,-26.06762667,1667            27.77272833,-26.06763,1667            27.77274,-26.067635,1667            27.77275,-26.06763833,1667            27.77276167,-26.06764333,1667            27.772775,-26.06764667,1667            27.77278833,-26.06765,1667            27.77280167,-26.06765333,1667            27.772815,-26.067655,1667            27.77282667,-26.06765833,1667            27.77284,-26.06766167,1667            27.77284833,-26.06766667,1666            27.77285667,-26.06767333,1666            27.772865,-26.06767833,1666            27.77287333,-26.06768167,1666            27.77288167,-26.06768667,1666            27.77289,-26.06769167,1666            27.77290167,-26.067695,1666            27.77291333,-26.06769833,1666            27.77292667,-26.06770333,1666            27.77293833,-26.06770667,1666            27.77295,-26.06771167,1665            27.77296167,-26.067715,1665            27.77297333,-26.06772167,1665            27.77298667,-26.06772667,1665            27.77299667,-26.06773333,1665            27.77300667,-26.06773667,1665            27.77301833,-26.06774,1664            27.77302833,-26.06774333,1664            27.77304,-26.06774667,1664            27.77305167,-26.06775,1664            27.77306167,-26.067755,1664            27.77307167,-26.06775833,1663            27.77308,-26.067765,1663            27.77308833,-26.06777167,1663            27.77309833,-26.06777667,1663            27.77310833,-26.06778167,1663            27.77311667,-26.06778833,1663            27.77312333,-26.06779667,1662            27.77313,-26.06780167,1662            27.77313333,-26.067805,1662            27.773135,-26.06780667,1662            27.77313833,-26.06780667,1662            27.77314333,-26.06781,1661            27.77315,-26.067815,1661            27.77315833,-26.06782,1661            27.77316667,-26.06782667,1661            27.77317333,-26.067835,1661            27.77317667,-26.067845,1660            27.77318333,-26.067855,1660            27.77319167,-26.067865,1660            27.77319667,-26.06787667,1660            27.7732,-26.06788833,1660            27.77320333,-26.06790333,1660            27.77320833,-26.067915,1660            27.77321,-26.06792667,1660            27.77321167,-26.06794,1660            27.773215,-26.06795333,1660            27.77321667,-26.067965,1660            27.77321833,-26.06797833,1660            27.77322,-26.06799167,1659            27.77322,-26.06800667,1659            27.77322,-26.06802167,1659            27.77322333,-26.06803667,1659            27.773225,-26.06805167,1659            27.773225,-26.068065,1659            27.773225,-26.06807833,1659            27.77322667,-26.06809,1659            27.77322833,-26.0681,1659            27.77322833,-26.06810833,1659            27.77323,-26.06812,1659            27.77323167,-26.06813333,1659            27.77323,-26.06814333,1659            27.77323,-26.068155,1659            27.77323,-26.06816667,1659            27.77323,-26.06818167,1659            27.77322833,-26.068195,1659            27.77322833,-26.06820833,1659            27.77322667,-26.06822167,1659            27.77322833,-26.06823167,1659            27.77323,-26.06824333,1659            27.77323167,-26.06825667,1659            27.773235,-26.06826833,1659            27.77323667,-26.06828,1659            27.77323833,-26.06829167,1659            27.77324,-26.068305,1659            27.77324167,-26.06831833,1659            27.77324167,-26.06832833,1659            27.77324333,-26.06834,1659            27.773245,-26.06835167,1659            27.77324333,-26.06836167,1659            27.77324167,-26.06837333,1659            27.77324,-26.06838667,1659            27.77323833,-26.0684,1659            27.77323667,-26.06841333,1659            27.77323833,-26.06842667,1659            27.77323833,-26.06843833,1659            27.77323667,-26.06845333,1659            27.77323833,-26.068465,1659            27.77323833,-26.06847667,1659            27.77323833,-26.06848833,1659            27.77323833,-26.06850167,1659            27.77324,-26.06851167,1659            27.77323833,-26.068525,1659            27.773235,-26.06853833,1659            27.77323333,-26.06855,1659            27.77323333,-26.06856167,1659            27.77323,-26.06857167,1659            27.77322833,-26.06858167,1659            27.773225,-26.06859167,1659            27.77322333,-26.06860333,1659            27.77322167,-26.06861333,1659            27.77322,-26.068625,1659            27.77321833,-26.068635,1659            27.77321667,-26.06864667,1659            27.773215,-26.06866,1659            27.77321333,-26.06867333,1659            27.77321,-26.06868667,1659            27.77320667,-26.06870167,1659            27.773205,-26.06871667,1660            27.77320333,-26.06873167,1660            27.77320167,-26.068745,1660            27.77319833,-26.06875833,1660            27.77319667,-26.06877333,1660            27.77319667,-26.06878667,1660            27.773195,-26.06879833,1660            27.773195,-26.06881,1660            27.77319333,-26.06882167,1660            27.77319333,-26.068835,1660            27.77319333,-26.06884833,1660            27.77319167,-26.06886,1660            27.77319333,-26.06887,1660            27.773195,-26.06888,1660            27.773195,-26.06889167,1660            27.77319333,-26.068905,1660            27.77319333,-26.06891667,1660            27.77319333,-26.06892833,1660            27.77319167,-26.06894167,1660            27.77319,-26.068955,1660            27.77318667,-26.06896833,1660            27.77318667,-26.06898167,1660            27.77318667,-26.06899333,1660            27.77318667,-26.06900333,1660            27.773185,-26.06901333,1660            27.77318333,-26.069025,1660            27.77318167,-26.069035,1660            27.77318,-26.06904667,1660            27.77317833,-26.06905833,1660            27.77317667,-26.06906833,1660            27.773175,-26.06908167,1660            27.77317333,-26.069095,1660            27.77317333,-26.06910667,1660            27.77317333,-26.06911833,1660            27.77317333,-26.06912833,1660            27.77317333,-26.06913833,1661            27.77317333,-26.06914833,1661            27.773175,-26.06915833,1661            27.773175,-26.06917,1661            27.77317667,-26.06918167,1661            27.77318,-26.06919333,1661            27.77318167,-26.069205,1661            27.773185,-26.069215,1661            27.77318667,-26.069225,1661            27.77318667,-26.06923333,1662            27.77318667,-26.069245,1662            27.77318667,-26.06925833,1662            27.77318667,-26.06927167,1662            27.77318667,-26.06928333,1662            27.77318833,-26.069295,1662            27.77318667,-26.06930667,1662            27.77318667,-26.069315,1662            27.77318667,-26.069325,1662            27.77318667,-26.06933667,1662            27.77318667,-26.06934833,1662            27.77318833,-26.06936,1662            27.77318833,-26.06937167,1663            27.773185,-26.06938333,1663            27.77318167,-26.06939667,1663            27.77318,-26.06940833,1663            27.77318,-26.06942,1663            27.77317833,-26.06943,1663            27.77317833,-26.06944167,1663            27.77317667,-26.06945333,1663            27.77317667,-26.069465,1663            27.773175,-26.06947833,1663            27.773175,-26.06949,1664            27.77317333,-26.06950167,1664            27.77317167,-26.06951167,1664            27.77317,-26.06952167,1664            27.77316833,-26.06953,1664            27.77316667,-26.06954,1664            27.77316333,-26.06955167,1665            27.77316,-26.069565,1665            27.77315667,-26.06957667,1665            27.77315667,-26.069585,1665            27.77315667,-26.06959333,1665            27.773155,-26.06960333,1665            27.77315333,-26.06961333,1665            27.77314833,-26.06962333,1665            27.773145,-26.06963333,1666            27.77314,-26.06964667,1666            27.77313667,-26.06965667,1666            27.77313333,-26.069665,1666            27.77312833,-26.069675,1666            27.773125,-26.06968667,1666            27.77312,-26.0697,1666            27.77311833,-26.06971167,1666            27.773115,-26.069725,1667            27.77311667,-26.06973667,1667            27.77311667,-26.06975,1667            27.77311833,-26.06976167,1667            27.77311833,-26.06977333,1667            27.77311833,-26.069785,1668            27.77311833,-26.06979833,1668            27.77311833,-26.06980833,1668            27.77311833,-26.06981833,1668            27.77311833,-26.06983,1668            27.77311833,-26.06984,1668            27.77311833,-26.06984833,1668            27.77312,-26.06986,1668            27.77311833,-26.06987167,1668            27.773115,-26.069885,1669            27.773115,-26.06989833,1669            27.773115,-26.06991,1669            27.77311167,-26.06992167,1669            27.77310667,-26.06993333,1669            27.77310333,-26.069945,1669            27.77309833,-26.06995833,1669            27.773095,-26.06997,1669            27.77309,-26.06998167,1669            27.77308333,-26.06999333,1669            27.77307667,-26.070005,1669            27.77307,-26.070015,1669            27.773065,-26.07002667,1669            27.77306,-26.07003833,1669            27.773055,-26.07004833,1669            27.77304833,-26.07005833,1669            27.77304,-26.07007,1669            27.77303333,-26.07008,1669            27.773025,-26.07008833,1669            27.77301667,-26.07009833,1669            27.77300833,-26.07010833,1670            27.77300167,-26.07011833,1670            27.77299333,-26.07012833,1670            27.77298833,-26.07013833,1670            27.77298,-26.07014667,1670            27.77297333,-26.07015833,1670            27.77296333,-26.07016833,1670            27.77295667,-26.07017667,1670            27.77294833,-26.07018667,1670            27.77294,-26.07019667,1670            27.77293167,-26.07020667,1671            27.77292333,-26.07021833,1671            27.772915,-26.07022667,1671            27.77290833,-26.07023833,1671            27.77290167,-26.07024667,1671            27.772895,-26.07025667,1671            27.77289,-26.07026667,1671            27.77288167,-26.070275,1671            27.77287167,-26.070285,1671            27.77286833,-26.070285,1671            27.77286667,-26.070285,1671            27.77286167,-26.07028667,1671            27.772855,-26.07029333,1671            27.77284833,-26.07030167,1671            27.77284167,-26.07030833,1671            27.77283333,-26.07032,1671            27.77282667,-26.07033,1671            27.77282,-26.07034,1671            27.77281,-26.07034833,1671            27.7728,-26.07035667,1671            27.77279,-26.070365,1671            27.77277833,-26.070375,1671            27.77276833,-26.07038333,1671            27.77276,-26.07039167,1671            27.77275167,-26.0704,1671            27.77274333,-26.07041,1671            27.77273333,-26.07041833,1671            27.772725,-26.07042833,1671            27.77271667,-26.07043667,1671            27.77270667,-26.07044667,1671            27.77269667,-26.07045667,1671            27.77269,-26.07046667,1671            27.77268,-26.070475,1671            27.77267,-26.07048333,1671            27.77265833,-26.07049167,1671            27.77264667,-26.0705,1671            27.772635,-26.07051,1671            27.77262333,-26.07051667,1671            27.77261167,-26.07052333,1671            27.77259833,-26.07053167,1671            27.77258667,-26.07054,1671            27.77257667,-26.07054667,1671            27.77256333,-26.07055333,1671            27.77255167,-26.07056,1671            27.77254333,-26.070565,1671            27.77253333,-26.07057167,1671            27.77253,-26.07057333,1671            27.77252667,-26.070575,1671            27.77251833,-26.07057667,1671            27.77250833,-26.07058167,1671            27.77249833,-26.07058833,1671            27.77248833,-26.07059667,1671            27.77247833,-26.070605,1671            27.77246833,-26.07061167,1671            27.77245667,-26.07061833,1671            27.772445,-26.07062333,1672            27.77243167,-26.07063167,1672            27.77242167,-26.07063833,1672            27.77241167,-26.07064333,1672            27.77240333,-26.07065,1672            27.77239833,-26.07065667,1672            27.77239167,-26.070665,1672            27.77238333,-26.07067167,1672            27.77237667,-26.07067667,1672            27.77236833,-26.07068333,1672            27.77236,-26.07068833,1672            27.77234833,-26.07069333,1672            27.772335,-26.07069667,1671            27.77232333,-26.07070167,1671            27.77231,-26.07070333,1671            27.772295,-26.07070333,1671            27.77228167,-26.07070333,1670            27.77227167,-26.07069833,1670            27.77226333,-26.07068833,1670            27.772255,-26.07068,1670            27.77224833,-26.07067,1669            27.77224333,-26.07065833,1669            27.77223667,-26.07064833,1669            27.77223,-26.07063667,1669            27.77222333,-26.070625,1669            27.77221833,-26.070615,1669            27.772215,-26.07060167,1669            27.77221167,-26.07059,1669            27.77220667,-26.07058167,1669            27.7722,-26.07057333,1669            27.77219333,-26.070565,1669            27.77218667,-26.07055667,1669            27.77218,-26.07054833,1670            27.77217167,-26.07054,1670            27.77216333,-26.07053,1670            27.772155,-26.07052,1670            27.77214667,-26.07051333,1670            27.77214,-26.07050667,1670            27.77213333,-26.07049833,1670            27.772125,-26.07049,1670            27.77211667,-26.07048333,1670            27.77210667,-26.070475,1670            27.77209833,-26.07046667,1670            27.77208667,-26.07045833,1670            27.77207667,-26.07045167,1670            27.77206667,-26.07044667,1670            27.77206,-26.07044,1671            27.77205,-26.07043333,1671            27.77204,-26.07042667,1671            27.77203,-26.07042167,1671            27.77201833,-26.07041667,1671            27.77200333,-26.07041333,1671            27.77199167,-26.07041,1671            27.77198,-26.07040667,1671            27.771965,-26.07040333,1671            27.77195167,-26.07040167,1672            27.77194,-26.0704,1672            27.77192667,-26.07039833,1672            27.771915,-26.07039667,1672            27.77190167,-26.070395,1672            27.77188833,-26.07039333,1672            27.771875,-26.07039167,1672            27.77186333,-26.07039,1672            27.77185,-26.07038833,1672            27.77183667,-26.07038667,1672            27.77182333,-26.070385,1672            27.77181,-26.070385,1672            27.77179667,-26.070385,1672            27.77178333,-26.07038333,1672            27.77177167,-26.07038167,1673            27.77176167,-26.07038333,1673            27.77175167,-26.07038333,1673            27.77173833,-26.07038333,1673            27.77172667,-26.07038333,1673            27.77171333,-26.07038333,1673            27.77170167,-26.07038333,1673            27.77169,-26.07038167,1673            27.77167667,-26.07038167,1673            27.771665,-26.07038167,1673            27.771655,-26.07038167,1673            27.77164333,-26.07038333,1673            27.77163333,-26.070385,1673            27.771625,-26.07038667,1673            27.771615,-26.07038667,1673            27.771605,-26.07038833,1673            27.77159167,-26.07039,1674            27.77157833,-26.07039,1674            27.771565,-26.07039167,1674            27.77155167,-26.07039333,1674            27.77154333,-26.070395,1674            27.77153333,-26.07039833,1674            27.77152333,-26.0704,1674            27.77151333,-26.07040167,1674            27.7715,-26.07040333,1674            27.77148667,-26.070405,1674            27.77147333,-26.07040833,1675            27.77146,-26.07041167,1675            27.77144833,-26.07041667,1675            27.77143667,-26.07042167,1675            27.77142667,-26.07042667,1675            27.77141833,-26.07043167,1675            27.77140667,-26.070435,1675            27.77139833,-26.07044,1675            27.77138667,-26.070445,1675            27.771375,-26.07045167,1675            27.77136167,-26.07045833,1675            27.77135,-26.07046333,1675            27.77134,-26.07047,1675            27.77132833,-26.07047667,1675            27.77131833,-26.07048333,1675            27.77131,-26.07048833,1675            27.77130167,-26.07049333,1675            27.771295,-26.07049833,1675            27.77128667,-26.070505,1675            27.77127833,-26.07051333,1675            27.77126833,-26.07052167,1675            27.77126,-26.07053,1675            27.77125333,-26.07054,1675            27.77124667,-26.07054667,1675            27.77123833,-26.070555,1675            27.77123167,-26.07056333,1675            27.77122333,-26.07057333,1675            27.77121833,-26.07058333,1675            27.77121,-26.07059333,1675            27.771205,-26.07060333,1675            27.77120333,-26.07061333,1675            27.77119833,-26.07062333,1675            27.77119667,-26.070635,1675            27.77119333,-26.070645,1675            27.77119167,-26.07065333,1675            27.77118833,-26.07066167,1675            27.77118667,-26.07067,1676            27.771185,-26.07068,1676            27.77118167,-26.07069,1676            27.77117833,-26.07069833,1676            27.77117333,-26.07070833,1676            27.77117,-26.07072,1676            27.771165,-26.07073,1676            27.77116167,-26.07074167,1676            27.77115667,-26.07075333,1676            27.771155,-26.07076333,1676            27.77115167,-26.07077333,1676            27.77115,-26.07078333,1676            27.77114667,-26.07079167,1676            27.771145,-26.07080167,1676            27.77114167,-26.07081,1676            27.771135,-26.07082167,1676            27.77113,-26.070835,1676            27.771125,-26.07084667,1676            27.77112,-26.07085667,1676            27.77111667,-26.07086833,1676            27.77111333,-26.07088,1676            27.77111167,-26.07089,1676            27.77111,-26.07089833,1676            27.77110833,-26.07090667,1676            27.77110667,-26.07091667,1676            27.771105,-26.07092833,1677            27.77110333,-26.07093833,1677            27.77110333,-26.07095,1677            27.77110333,-26.07096167,1677            27.77110333,-26.07097333,1677            27.77110333,-26.070985,1677            27.77110333,-26.070995,1677            27.77110167,-26.07100333,1677            27.7711,-26.07101333,1678            27.7711,-26.071025,1678            27.77109667,-26.07103667,1678            27.77109333,-26.07104833,1678            27.77109,-26.07106,1678            27.77108667,-26.07107167,1678            27.77108333,-26.07108167,1678            27.77107833,-26.07109,1679            27.771075,-26.07109833,1679            27.77106833,-26.07110833,1679            27.77106333,-26.07111833,1679            27.77106,-26.07112833,1679            27.771055,-26.07114,1679            27.77105167,-26.07115,1679            27.77104833,-26.07116,1679            27.771045,-26.07116667,1680            27.77104333,-26.071175,1680            27.77103833,-26.071185,1680            27.771035,-26.07119333,1680            27.77103,-26.07120167,1680            27.77102333,-26.07121167,1680            27.77102,-26.07122167,1680            27.77101667,-26.07123,1680            27.77101667,-26.07124,1680            27.771015,-26.07125,1680            27.77101333,-26.07126,1680            27.77101167,-26.07127167,1680            27.77101,-26.07128333,1680            27.77100833,-26.07129333,1680            27.77100667,-26.071305,1680            27.77100333,-26.071315,1680            27.77100333,-26.071325,1680            27.771,-26.07133667,1680            27.771,-26.07134667,1680            27.77099833,-26.07135667,1680            27.77099833,-26.07137,1680            27.77099667,-26.07138167,1680            27.77099667,-26.071395,1680            27.77099667,-26.07140667,1680            27.77099833,-26.07141667,1680            27.771,-26.071425,1680            27.771,-26.07143167,1680            27.77100167,-26.07144167,1680            27.771005,-26.07145,1680            27.771005,-26.07145833,1680            27.77100833,-26.071465,1680            27.77101333,-26.07147333,1680            27.77101833,-26.07148167,1680            27.77102667,-26.07149167,1680            27.771035,-26.0715,1680            27.77104167,-26.07150833,1680            27.77104833,-26.07151333,1680            27.77105333,-26.07152,1680            27.77105667,-26.07152833,1680            27.77106333,-26.071535,1680            27.77107,-26.07153833,1681            27.77107667,-26.071545,1681            27.771085,-26.07155167,1681            27.77109333,-26.07156167,1681            27.77110333,-26.07157,1681            27.77111167,-26.07157333,1680            27.77112167,-26.07157833,1680            27.77113,-26.07158333,1680            27.77113833,-26.07158833,1680            27.77114833,-26.07159167,1680            27.77115833,-26.07159667,1680            27.77116833,-26.07160333,1680            27.771175,-26.07161,1680            27.77118333,-26.07161667,1680            27.77119167,-26.07162,1680            27.77120167,-26.07162333,1680            27.77121,-26.07162833,1680            27.77122,-26.07163167,1680            27.77123,-26.071635,1680            27.77124333,-26.07163833,1680            27.77125333,-26.071645,1680            27.77126333,-26.07165333,1680            27.77127167,-26.07166167,1680            27.77128,-26.07166833,1680            27.771285,-26.07167667,1680            27.77129,-26.07168667,1680            27.771295,-26.07169667,1680            27.77129833,-26.07170667,1680            27.77130333,-26.071715,1680            27.77130667,-26.071725,1680            27.77131333,-26.07173167,1680            27.77131667,-26.07174,1680            27.77131667,-26.07175167,1680            27.771315,-26.07176333,1681            27.771315,-26.07177167,1681            27.771315,-26.07177833,1681            27.77131333,-26.07179,1681            27.771315,-26.07180167,1681            27.77131333,-26.071815,1681            27.771315,-26.07182667,1680            27.77131667,-26.07183833,1680            27.77131833,-26.071845,1680            27.77131833,-26.071855,1680            27.77132,-26.071865,1680            27.77132167,-26.07187667,1680            27.771325,-26.07188833,1680            27.77133,-26.07189667,1680            27.77133167,-26.07190667,1680            27.771335,-26.071915,1680            27.77133833,-26.071925,1680            27.77134167,-26.071935,1680            27.77134667,-26.071945,1680            27.77135,-26.07195333,1680            27.77135167,-26.07196167,1680            27.77135833,-26.07197,1680            27.771365,-26.07197833,1679            27.77137,-26.07198667,1679            27.77137667,-26.071995,1679            27.77138333,-26.07200667,1679            27.77138833,-26.072015,1679            27.77139333,-26.07202167,1679            27.77139833,-26.07202833,1679            27.77140667,-26.07203333,1679            27.771415,-26.07203833,1679            27.77142333,-26.07204333,1679            27.77143167,-26.07205,1679            27.77144,-26.072055,1679            27.77144833,-26.07206167,1679            27.771455,-26.07206667,1679            27.77146167,-26.07207333,1679            27.77146833,-26.07207833,1679            27.771475,-26.07208333,1678            27.77148167,-26.07208667,1678            27.77149167,-26.07209,1678            27.7715,-26.072095,1678            27.77150833,-26.07210167,1678            27.77151333,-26.07210833,1677            27.77152,-26.07211333,1677            27.771525,-26.07211833,1677            27.77153,-26.072125,1677            27.77153333,-26.07212833,1677            27.77153667,-26.07213167,1677            27.77154167,-26.07213667,1677            27.77154667,-26.07214167,1676            27.771555,-26.07214833,1676            27.77156167,-26.072155,1676            27.77157,-26.07216333,1676            27.77157833,-26.07217,1676            27.77158667,-26.07217667,1676            27.771595,-26.07218333,1676            27.77160167,-26.07219,1675            27.77161,-26.07219667,1675            27.77161667,-26.07220167,1675            27.771625,-26.07220833,1675            27.771635,-26.07221667,1675            27.771645,-26.07222333,1675            27.77165333,-26.07223167,1675            27.77166167,-26.07223667,1674            27.77167,-26.072245,1674            27.77168,-26.07225167,1674            27.77168667,-26.07225833,1674            27.77169333,-26.072265,1674            27.77170167,-26.072275,1674            27.77171,-26.07228167,1674            27.771715,-26.07228833,1674            27.77172167,-26.072295,1674            27.771725,-26.07230167,1674            27.77173,-26.07230833,1673            27.77173333,-26.072315,1673            27.77174,-26.07232,1673            27.771745,-26.07232667,1673            27.77175,-26.07233333,1673            27.771755,-26.07234,1673            27.77176,-26.07235,1673            27.77176333,-26.07235833,1672            27.771765,-26.07236833,1672            27.77176667,-26.07238,1672            27.77176833,-26.07239,1672            27.77177,-26.0724,1671            27.77177333,-26.07241333,1671            27.771775,-26.07242333,1671            27.77177833,-26.07243167,1671            27.77178167,-26.07244167,1670            27.77178333,-26.07245,1670            27.771785,-26.07245833,1670            27.771785,-26.07246667,1670            27.771785,-26.072475,1670            27.77178333,-26.07248,1669            27.77178167,-26.072485,1669            27.77178167,-26.07248667,1669            27.77178,-26.07248833,1669            27.77178,-26.07249,1669            27.77178,-26.07249167,1669            27.77178167,-26.072495,1669            27.771785,-26.07249833,1668            27.77178333,-26.07249833,1668            27.771785,-26.07249833,1668            27.77178667,-26.07250167,1668            27.77178833,-26.07250833,1668            27.77178833,-26.072515,1668            27.77179333,-26.07252167,1668            27.77179833,-26.07253,1668            27.77180167,-26.07254,1668            27.77180333,-26.07255167,1668            27.771805,-26.07256167,1668            27.77180833,-26.07257,1668            27.77181167,-26.07258,1667            27.77181333,-26.07259167,1667            27.77181333,-26.07260167,1667            27.77181333,-26.07261167,1667            27.77181167,-26.07262,1667            27.77180833,-26.07263,1667            27.771805,-26.07264167,1666            27.77180167,-26.07265333,1666            27.77180167,-26.07266333,1666            27.77180167,-26.072675,1666            27.77180167,-26.07268833,1666            27.7718,-26.0727,1666            27.77179667,-26.07271,1665            27.771795,-26.07272167,1665            27.77179,-26.07273167,1665            27.77178667,-26.07274167,1665            27.77178333,-26.07275667,1665            27.77178,-26.07276833,1665            27.771775,-26.07277833,1665            27.77177167,-26.07279,1665            27.77176833,-26.07280167,1665            27.77176833,-26.07281333,1665            27.77176667,-26.07282667,1664            27.77176,-26.07283833,1664            27.77175667,-26.07285,1664            27.771755,-26.07286,1664            27.77175333,-26.07287,1664            27.77175167,-26.07287833,1664            27.77175,-26.07288833,1664            27.77175,-26.07289833,1663            27.77174833,-26.07290833,1663            27.771745,-26.07291833,1663            27.77174,-26.07292833,1663            27.77173833,-26.07293667,1663            27.77173667,-26.072945,1663            27.77173333,-26.07295167,1663            27.77173167,-26.07295333,1663            27.77173,-26.072955,1663            27.77173,-26.07295667,1663            27.77173,-26.07296,1662            27.77172833,-26.07296667,1662            27.77172833,-26.07297667,1662            27.77172667,-26.07298833,1662            27.771725,-26.073,1662            27.77172167,-26.07301167,1662            27.77172167,-26.07302167,1662            27.77172167,-26.07303167,1662            27.77172167,-26.07304333,1662            27.77172,-26.07305333,1662            27.77171833,-26.073065,1662            27.771715,-26.07307667,1663            27.77171167,-26.07308833,1663            27.77171167,-26.0731,1663            27.77171,-26.07310833,1663            27.77170833,-26.07311667,1663            27.77171,-26.073125,1663            27.77171,-26.073135,1663            27.77171,-26.07314167,1663            27.77170833,-26.073145,1663            27.77170833,-26.07315,1663            27.77170667,-26.07315,1663            27.77170667,-26.07315333,1663            27.77170333,-26.07316167,1663            27.77170167,-26.07317167,1664            27.77169833,-26.07318333,1664            27.771695,-26.07319167,1664            27.77169333,-26.07320167,1663            27.77169167,-26.07321,1663            27.77169,-26.07321833,1664            27.77168833,-26.07322667,1664            27.77168667,-26.07323667,1664            27.771685,-26.07324333,1664            27.77168333,-26.07325167,1664            27.77168333,-26.07326,1664            27.771685,-26.07326667,1664            27.77168667,-26.073275,1664            27.77169,-26.07328333,1664            27.771695,-26.07329167,1664            27.7717,-26.0733,1664            27.77171,-26.073305,1664            27.77172,-26.07330833,1664            27.77173333,-26.07331167,1664            27.771745,-26.07331333,1664            27.77175667,-26.07331667,1664            27.77176667,-26.07331667,1664            27.77177667,-26.07332,1664            27.77178833,-26.07332167,1664            27.7718,-26.07332333,1664            27.77181,-26.07332333,1664            27.77182333,-26.073325,1664            27.771835,-26.07332667,1664            27.77184333,-26.07332833,1664            27.77185,-26.07333,1664            27.77185833,-26.07333167,1664            27.77186667,-26.073335,1664            27.77187333,-26.07334,1664            27.77188333,-26.07334333,1663            27.77189167,-26.07334667,1663            27.77190333,-26.07334833,1663            27.77191333,-26.07335167,1663            27.771925,-26.07335667,1663            27.77193667,-26.07336333,1663            27.77195,-26.07337,1663            27.77196,-26.07337667,1662            27.77197,-26.07337833,1662            27.77197833,-26.07337667,1662            27.77198667,-26.07337167,1662            27.77199167,-26.07336667,1662            27.77199667,-26.07336,1662            27.772,-26.07335333,1662            27.77200167,-26.07334667,1662            27.77200333,-26.07334,1662            27.772005,-26.07333333,1662            27.77200833,-26.07332667,1662            27.77201167,-26.07331833,1662            27.772015,-26.07331,1662            27.77201667,-26.07330167,1662            27.77201833,-26.07329167,1662            27.77202,-26.07328333,1662            27.77202167,-26.07327667,1662            27.772025,-26.07326667,1662            27.77202833,-26.07325833,1662            27.77203167,-26.07324833,1662            27.772035,-26.07324,1662            27.77204,-26.07323167,1662            27.77204333,-26.07322333,1662            27.772045,-26.07321667,1662            27.77204667,-26.07320667,1662            27.77205167,-26.07319667,1662            27.77205667,-26.073185,1662            27.77206167,-26.073175,1662            27.77206667,-26.07316333,1661            27.77207,-26.07315333,1661            27.77207333,-26.07314167,1661            27.77207833,-26.07313,1661            27.77208,-26.07311833,1661            27.77208167,-26.07310667,1661            27.77208333,-26.073095,1661            27.77208833,-26.07308333,1661            27.772095,-26.07307167,1661            27.77209833,-26.07306,1661            27.77210333,-26.07304833,1661            27.77210667,-26.073035,1661            27.77211167,-26.073025,1661            27.772115,-26.07301167,1661            27.77211833,-26.073,1660            27.77212333,-26.07298667,1660            27.77212833,-26.07297667,1660            27.772135,-26.07296667,1660            27.77213833,-26.072955,1660            27.77214167,-26.07294333,1660            27.77214667,-26.07293167,1660            27.77215333,-26.07292,1660            27.77216,-26.07290833,1660            27.77216667,-26.07289667,1660            27.772175,-26.072885,1660            27.77218,-26.07287333,1660            27.77218833,-26.07286167,1660            27.77219333,-26.07285167,1660            27.77220333,-26.07284167,1659            27.772215,-26.07283167,1659            27.77222333,-26.07282167,1659            27.77223167,-26.07281333,1659            27.77224167,-26.07280167,1659            27.77225333,-26.07279167,1659            27.772265,-26.07278,1659            27.77227333,-26.07277,1659            27.77228,-26.07276167,1659            27.77228667,-26.07275167,1659            27.77229667,-26.07274333,1659            27.77230667,-26.072735,1658            27.77231667,-26.07272833,1658            27.77232667,-26.07272,1658            27.77233833,-26.07271333,1658            27.77234833,-26.07270667,1658            27.77236,-26.0727,1658            27.77237333,-26.072695,1658            27.77238667,-26.07268833,1658            27.7724,-26.07268167,1658            27.77241333,-26.072675,1658            27.77242667,-26.07266833,1658            27.77244,-26.07266167,1658            27.77245167,-26.07265667,1658            27.77246667,-26.07265167,1658            27.77248167,-26.072645,1658            27.77249667,-26.07264167,1657            27.77251,-26.07263667,1657            27.77252667,-26.07263167,1657            27.77254167,-26.07262833,1657            27.772555,-26.07262333,1657            27.77257,-26.07261833,1657            27.772585,-26.07261333,1657            27.77259833,-26.07261167,1657            27.77261,-26.07260667,1657            27.77262333,-26.07260333,1657            27.772635,-26.07260167,1657            27.77264833,-26.07259833,1657            27.77266333,-26.072595,1657            27.77267667,-26.072595,1657            27.77269,-26.07259167,1657            27.77270333,-26.07258667,1657            27.772715,-26.07258333,1657            27.77272833,-26.07257833,1657            27.77274167,-26.072575,1657            27.772755,-26.07257167,1657            27.77276667,-26.07256833,1657            27.77277833,-26.07256667,1657            27.77278833,-26.07256333,1657            27.77279833,-26.07255833,1657            27.77281,-26.07255333,1657            27.772825,-26.07254833,1657            27.77283833,-26.07254167,1657            27.77285,-26.07253833,1657            27.77286333,-26.07253333,1657            27.77287333,-26.07252833,1657            27.77288167,-26.07252333,1657            27.77288833,-26.07251833,1657            27.77289667,-26.072515,1657            27.77290667,-26.07251,1657            27.77291667,-26.07250333,1657            27.77292833,-26.07249833,1657            27.77293833,-26.07249,1657            27.77294667,-26.07248,1656            27.77295667,-26.07247,1656            27.77296667,-26.07246167,1656            27.77297667,-26.07245333,1656            27.772985,-26.07244667,1656            27.772995,-26.07244,1656            27.773005,-26.07243333,1656            27.77301167,-26.07242667,1656            27.77302167,-26.07242,1656            27.77303,-26.072415,1656            27.77303667,-26.07240667,1656            27.77304667,-26.07240167,1656            27.773055,-26.07239333,1656            27.773065,-26.072385,1656            27.77307333,-26.07237667,1656            27.77308167,-26.07237,1656            27.77309,-26.072365,1656            27.77309833,-26.07235833,1656            27.77311,-26.07235167,1656            27.77311833,-26.072345,1656            27.77312833,-26.07234,1656            27.77313667,-26.07233333,1656            27.773145,-26.072325,1656            27.77315333,-26.07231833,1655            27.77316167,-26.07231167,1655            27.77317167,-26.072305,1655            27.77318167,-26.07229833,1655            27.77319167,-26.07229333,1655            27.7732,-26.072285,1655            27.77321167,-26.07228,1655            27.77322167,-26.07227333,1654            27.77323167,-26.07226833,1654            27.773245,-26.07226167,1654            27.77326,-26.07225667,1654            27.77327167,-26.07225167,1654            27.773285,-26.07224833,1654            27.77329667,-26.072245,1653            27.77331333,-26.07224333,1653            27.77332667,-26.07224,1653            27.77333833,-26.07223667,1653            27.77335167,-26.07223167,1653            27.773365,-26.07222667,1653            27.77337667,-26.07222167,1653            27.77338833,-26.07221833,1653            27.77339667,-26.072215,1653            27.77340667,-26.07221,1653            27.77341833,-26.07220667,1653            27.77343,-26.07220167,1653            27.77344167,-26.07219667,1653            27.773455,-26.07219,1652            27.77346833,-26.07218667,1652            27.77347833,-26.07218167,1652            27.77349,-26.07217333,1652            27.773505,-26.07216667,1652            27.77351833,-26.07216167,1652            27.77353,-26.07215833,1652            27.77354333,-26.07215333,1652            27.773555,-26.07215,1652            27.77356833,-26.072145,1652            27.77358,-26.07213833,1651            27.77359333,-26.07213333,1651            27.77360333,-26.07213,1651            27.773615,-26.07212667,1651            27.77362833,-26.07212167,1651            27.77364,-26.07211833,1651            27.77365167,-26.07211333,1651            27.77366333,-26.07211,1651            27.77367667,-26.07210667,1651            27.77368833,-26.07210333,1651            27.7737,-26.0721,1651            27.77371167,-26.07209667,1650            27.77372333,-26.072095,1650            27.773735,-26.07209,1650            27.773745,-26.07208667,1650            27.77375667,-26.07208333,1650            27.77376833,-26.07207833,1650            27.77378,-26.072075,1650            27.77378833,-26.07207,1650            27.773795,-26.072065,1650            27.77380333,-26.07205833,1650            27.77381167,-26.07205167,1650            27.77382,-26.07204333,1650            27.77383,-26.072035,1650            27.77384,-26.07202667,1650            27.77385,-26.07202,1650            27.77386,-26.07201333,1650            27.77387,-26.07200667,1650            27.77388167,-26.072,1650            27.77389333,-26.07199333,1650            27.77390333,-26.07198667,1650            27.77391333,-26.07198167,1650            27.773925,-26.071975,1650            27.773935,-26.07196833,1650            27.773945,-26.07196167,1650            27.773955,-26.071955,1650            27.77396667,-26.071945,1650            27.77397667,-26.07193833,1650            27.77398333,-26.07193333,1650            27.77398667,-26.07193,1650            27.77398833,-26.07193,1650            27.77398667,-26.07193,1649            27.773985,-26.07193,1649            27.77398667,-26.07193,1649            27.77398833,-26.07193,1649            27.77398667,-26.07193167,1649            27.773985,-26.07193167,1649            27.773985,-26.07193333,1649            27.77398667,-26.07193333,1649            27.773985,-26.07193333,1649            27.77398833,-26.07193,1649            27.77398833,-26.07192667,1649            27.77399,-26.07192167,1649            27.77399333,-26.07191667,1649            27.77399667,-26.07191167,1648            27.77400333,-26.07190667,1648            27.77401,-26.07190167,1648            27.77402,-26.07189667,1648            27.77402833,-26.07189167,1648            27.77403833,-26.07188667,1648            27.77405,-26.07188167,1648            27.77406167,-26.07187833,1648            27.77407333,-26.07187667,1648            27.77408667,-26.071875,1648            27.7741,-26.07187333,1648            27.77410833,-26.071875,1648            27.77411333,-26.071875,1648            27.77412167,-26.07187667,1648            27.774135,-26.07188,1647            27.77414833,-26.071885,1647            27.77416167,-26.07189,1647            27.77417333,-26.071895,1647            27.77418667,-26.0719,1647            27.7742,-26.07190667,1647            27.77421333,-26.07191333,1647            27.774225,-26.07191833,1647            27.77423833,-26.071925,1647            27.77424833,-26.07193167,1647            27.77426,-26.07193833,1647            27.77427,-26.07194667,1648            27.77428167,-26.07195667,1648            27.77429333,-26.07196333,1648            27.774305,-26.07197333,1648            27.774315,-26.07198167,1648            27.77432333,-26.07199,1648            27.77433333,-26.07199667,1648            27.774345,-26.07200333,1648            27.774355,-26.07201167,1648            27.774365,-26.07202,1648            27.77437333,-26.07202833,1648            27.77438167,-26.07203667,1648            27.77439333,-26.072045,1648            27.7744,-26.07205333,1648            27.77440667,-26.07206,1648            27.77441333,-26.07206833,1648            27.77441833,-26.07207833,1648            27.774425,-26.07208833,1648            27.77443167,-26.0721,1648            27.77443833,-26.07211,1648            27.77444333,-26.07211833,1648            27.77445167,-26.07212833,1648            27.77446,-26.07213667,1648            27.77446667,-26.072145,1648            27.77447333,-26.07215333,1648            27.77448,-26.07216333,1648            27.77448667,-26.07217333,1648            27.774495,-26.07218333,1649            27.77450333,-26.07219167,1649            27.77451167,-26.07220167,1649            27.77451833,-26.07221,1649            27.77452667,-26.07222,1649            27.77453333,-26.07223,1649            27.77453833,-26.07223833,1649            27.77454667,-26.07224833,1649            27.77455333,-26.07225667,1649            27.77456167,-26.07226333,1649            27.77457,-26.07227333,1650            27.77457667,-26.07228167,1650            27.774585,-26.07229,1650            27.77459333,-26.07229667,1650            27.77460333,-26.07230167,1650            27.77461333,-26.072305,1650            27.77462333,-26.07230667,1650            27.77463167,-26.07230667,1650            27.77464,-26.072305,1650            27.77465167,-26.07230333,1650            27.77466167,-26.07230167,1650            27.77467333,-26.07230167,1650            27.77468667,-26.0723,1650            27.77469833,-26.07229833,1650            27.77471167,-26.072295,1650            27.77472167,-26.07229,1650            27.774735,-26.07228667,1650            27.77474667,-26.07228167,1650            27.77475667,-26.07227833,1650            27.77476667,-26.072275,1650            27.774775,-26.07227167,1650            27.77478333,-26.07226833,1650            27.77479333,-26.072265,1650            27.774805,-26.07226333,1650            27.77481333,-26.07226,1650            27.77482333,-26.072255,1650            27.77483167,-26.07225167,1650            27.77484167,-26.07224833,1650            27.77485167,-26.07224333,1650            27.77486167,-26.07224,1650            27.77487167,-26.07223333,1650            27.77488167,-26.07222833,1649            27.77489333,-26.072225,1649            27.774905,-26.07222167,1649            27.77491833,-26.072215,1649            27.77493,-26.07221167,1649            27.77494167,-26.07220667,1649            27.77495333,-26.07220333,1649            27.774965,-26.07219833,1649            27.77497667,-26.072195,1649            27.77498833,-26.07219167,1648            27.775,-26.07218833,1648            27.77501167,-26.072185,1648            27.77502167,-26.07218,1648            27.77503,-26.07217667,1648            27.77504,-26.07217167,1648            27.77504833,-26.072165,1648            27.77505833,-26.07216,1647            27.77506667,-26.07215667,1647            27.77507667,-26.07215167,1647            27.775085,-26.07214833,1647            27.775095,-26.072145,1647            27.77510333,-26.07214,1646            27.775115,-26.072135,1646            27.77512333,-26.07213167,1646            27.775135,-26.07212833,1646            27.77514667,-26.07212167,1646            27.77515667,-26.07211667,1646            27.77516833,-26.07211333,1645            27.77517667,-26.07211,1645            27.77518667,-26.07210833,1645            27.77519333,-26.072105,1645            27.77520333,-26.07210167,1645            27.77521167,-26.07209667,1644            27.77522,-26.07209,1644            27.77522833,-26.072085,1644            27.77523833,-26.07208167,1644            27.77524833,-26.07207667,1644            27.77525833,-26.07207333,1643            27.77527,-26.07206833,1643            27.77527833,-26.07206167,1643            27.77528833,-26.072055,1643            27.77529833,-26.07205167,1643            27.77530833,-26.07204667,1642            27.775315,-26.07203833,1642            27.77532,-26.07203167,1642            27.77532833,-26.07202667,1641            27.77533667,-26.07202167,1641            27.775345,-26.07201667,1641            27.77535167,-26.07201167,1641            27.77536,-26.072005,1640            27.77537,-26.072,1640            27.77537667,-26.07199167,1640            27.77538333,-26.071985,1640            27.77539167,-26.07197833,1640            27.77539833,-26.07197167,1640            27.77540667,-26.071965,1640            27.77541333,-26.07196167,1640            27.77542,-26.07195833,1640            27.77542667,-26.07195333,1640            27.775435,-26.071945,1640            27.775445,-26.07193833,1640            27.77545333,-26.07193167,1640            27.77546333,-26.07192333,1640            27.77547,-26.071915,1640            27.77547833,-26.07190667,1640            27.77548833,-26.0719,1640            27.77549667,-26.07189,1640            27.77550333,-26.07188167,1640            27.77551,-26.071875,1639            27.77551667,-26.07186667,1639            27.77552333,-26.07185833,1639            27.77553,-26.07185,1639            27.775535,-26.07184167,1639            27.77554,-26.07183333,1639            27.77554333,-26.071825,1639            27.775545,-26.07181667,1639            27.77554833,-26.07180833,1639            27.77555167,-26.07180167,1639            27.77555333,-26.07179333,1639            27.77555333,-26.071785,1639            27.775555,-26.07177667,1639            27.77555667,-26.07176833,1639            27.77555667,-26.07175833,1639            27.77555667,-26.07175,1640            27.775555,-26.07174167,1640            27.77555667,-26.07173167,1640            27.77555667,-26.07172167,1640            27.77555667,-26.07171,1640            27.77555833,-26.0717,1640            27.77556167,-26.07168833,1640            27.775565,-26.07167833,1640            27.77556667,-26.07166833,1640            27.77557,-26.07165667,1640            27.77557,-26.07164833,1640            27.77557167,-26.07163833,1640            27.775575,-26.07163,1639            27.77557833,-26.07162,1639            27.77558333,-26.07161,1639            27.77559167,-26.07160167,1639            27.77559833,-26.07159167,1639            27.775605,-26.07158167,1639            27.77561167,-26.07157167,1639            27.77562,-26.07156333,1639            27.77562833,-26.07155667,1639            27.77563833,-26.07155167,1639            27.77565,-26.07154667,1639            27.77566167,-26.07154167,1639            27.77567333,-26.07153833,1638            27.775685,-26.07153333,1638            27.77569667,-26.07153,1638            27.77570667,-26.071525,1638            27.77571833,-26.07152167,1638            27.77572833,-26.07151833,1638            27.77573833,-26.071515,1638            27.77574833,-26.07151167,1638            27.77575667,-26.07150833,1638            27.775765,-26.07150333,1638            27.775775,-26.0715,1638            27.77578333,-26.071495,1638            27.77579,-26.07148833,1638            27.77579667,-26.07148167,1638            27.775805,-26.07147667,1638            27.77581167,-26.07147167,1638            27.77581667,-26.071465,1638            27.77582167,-26.07145667,1638            27.77582333,-26.07144833,1638            27.77582333,-26.07144,1638            27.77582167,-26.07143167,1637            27.77581833,-26.071425,1637            27.775815,-26.07142,1637            27.77581333,-26.07141167,1638            27.77581,-26.071405,1637            27.77581,-26.07139833,1637            27.77580667,-26.07138833,1637            27.77580333,-26.07138,1637            27.7758,-26.07137333,1637            27.77579833,-26.07136333,1637            27.775795,-26.071355,1637            27.77579,-26.07134667,1637            27.77578833,-26.07133667,1637            27.775785,-26.07132667,1637            27.77578167,-26.07131833,1637            27.77578,-26.07130833,1637            27.77577667,-26.0713,1637            27.775775,-26.07129,1637            27.77577,-26.07128167,1637            27.775765,-26.071275,1637            27.77575667,-26.07127,1637            27.77575,-26.07126333,1637            27.77574167,-26.071255,1636            27.775735,-26.07124667,1636            27.77572833,-26.07124,1636            27.77572,-26.07123167,1636            27.77571167,-26.071225,1636            27.77570167,-26.07121667,1636            27.77569333,-26.07120833,1636            27.775685,-26.0712,1636            27.775675,-26.07119333,1636            27.77566667,-26.07118333,1637            27.77566,-26.071175,1637            27.77565167,-26.07116667,1637            27.77564833,-26.07115833,1637            27.77564167,-26.07114833,1637            27.77563833,-26.07113667,1637            27.77563833,-26.071125,1637            27.775635,-26.071115,1637            27.77563333,-26.071105,1637            27.775635,-26.071095,1637            27.77563667,-26.071085,1637            27.77563667,-26.07107667,1637            27.77563667,-26.07106833,1637            27.775635,-26.07105833,1637            27.77563333,-26.07104833,1637            27.77563167,-26.07104,1637            27.77562833,-26.07103167,1637            27.775625,-26.07102333,1637            27.77562333,-26.07101667,1637            27.77562,-26.07100833,1637            27.77561667,-26.07100167,1637            27.77561667,-26.07099167,1637            27.775615,-26.070985,1637            27.77561667,-26.07097667,1637            27.77561667,-26.07097,1637            27.775615,-26.07096333,1637            27.77561167,-26.070955,1637            27.77560833,-26.070945,1637            27.775605,-26.070935,1638            27.7756,-26.070925,1638            27.775595,-26.07091667,1638            27.77559167,-26.07090833,1638            27.77559,-26.07089833,1638            27.77558833,-26.07088667,1638            27.77558833,-26.07087333,1638            27.77558667,-26.07086,1637            27.77558667,-26.07084667,1637            27.775585,-26.07083333,1637            27.77558333,-26.07082167,1637            27.77558333,-26.07081,1637            27.77558333,-26.07080167,1637            27.775585,-26.07079167,1637            27.77558667,-26.07078167,1637            27.77558667,-26.07077167,1637            27.77559,-26.07076167,1636            27.77559167,-26.07074667,1636            27.77559167,-26.07073333,1636            27.77559667,-26.07072,1636            27.77560167,-26.07071,1636            27.775605,-26.07070167,1636            27.77561,-26.07069333,1636            27.77561333,-26.070685,1635            27.77561667,-26.07067667,1635            27.77562,-26.07066667,1635            27.77562167,-26.07065833,1635            27.77562667,-26.07065,1635            27.77563167,-26.07064167,1635            27.77563667,-26.07063333,1635            27.77564167,-26.07062167,1635            27.77564667,-26.07061167,1635            27.77565,-26.07060167,1635            27.775655,-26.07059167,1635            27.77565833,-26.07058167,1635            27.77566167,-26.07057,1635            27.77566667,-26.07055833,1635            27.77567333,-26.07055,1635            27.77567667,-26.07054167,1635            27.77568,-26.070535,1635            27.77568333,-26.07052833,1635            27.77568667,-26.07052,1635            27.77569333,-26.07051167,1636            27.7757,-26.07050333,1636            27.77570667,-26.070495,1636            27.77571333,-26.07048667,1636            27.77571833,-26.07048,1636            27.77572333,-26.070475,1636            27.77572667,-26.07047,1637            27.77573333,-26.070465,1637            27.77574167,-26.07045833,1637            27.77575167,-26.07045333,1637            27.77576,-26.07044833,1637            27.77577,-26.07044333,1637            27.77577667,-26.07044,1637            27.775785,-26.07043667,1637            27.77579333,-26.07043167,1637            27.7758,-26.07042833,1637            27.77580667,-26.07042333,1637            27.77581333,-26.07041833,1637            27.775825,-26.07041333,1636            27.77583333,-26.07040833,1636            27.77584,-26.07040333,1636            27.775845,-26.07039667,1636            27.77585,-26.07038833,1636            27.77585667,-26.07037833,1636            27.77586667,-26.07037,1636            27.77587333,-26.07036,1636            27.77588,-26.07035,1636            27.775885,-26.07034167,1636            27.77589,-26.07033333,1636            27.775895,-26.07032667,1636            27.77589833,-26.07032,1636            27.77590167,-26.07031333,1636            27.775905,-26.070305,1636            27.77590833,-26.07029667,1637            27.77591167,-26.07028667,1637            27.775915,-26.07027667,1637            27.77591667,-26.07026833,1637            27.77592,-26.07025667,1637            27.77592167,-26.070245,1637            27.77592167,-26.070235,1637            27.77592167,-26.07022333,1637            27.77592167,-26.07021167,1637            27.77592333,-26.0702,1637            27.775925,-26.07018667,1637            27.77592667,-26.070175,1637            27.77592833,-26.07016333,1637            27.77593,-26.07015,1637            27.77593333,-26.07013833,1637            27.77593667,-26.07012667,1637            27.77594,-26.07011667,1637            27.77594333,-26.07010667,1637            27.775945,-26.070095,1637            27.77594667,-26.070085,1637            27.77594833,-26.070075,1637            27.77595,-26.07006333,1636            27.77595333,-26.07005,1636            27.775955,-26.07003667,1636            27.77595667,-26.07002333,1636            27.77595833,-26.07001333,1636            27.77595833,-26.07000333,1636            27.77596,-26.06999167,1636            27.77596167,-26.06998,1636            27.77596167,-26.06996833,1635            27.77596333,-26.06996,1635            27.775965,-26.06995333,1635            27.775965,-26.06994667,1635            27.77596333,-26.06993833,1635            27.77596167,-26.06993167,1635            27.77596333,-26.06992333,1634            27.77596,-26.069915,1634            27.77595833,-26.06990833,1634            27.77595833,-26.0699,1634            27.77596,-26.06989333,1634            27.77596,-26.069885,1634            27.77596,-26.06987667,1634            27.77595833,-26.06986667,1634            27.775955,-26.06985667,1634            27.77595333,-26.06984667,1633            27.77595333,-26.069835,1633            27.775955,-26.06982333,1633            27.77595667,-26.06981,1633            27.77595833,-26.06979833,1633            27.77596167,-26.069785,1633            27.775965,-26.06977333,1632            27.77597,-26.06976,1632            27.77597333,-26.06974667,1632            27.77597667,-26.06973333,1632            27.77598,-26.06972167,1632            27.77598333,-26.06971167,1632            27.77598667,-26.06969833,1632            27.77599,-26.06968833,1632            27.77599167,-26.069675,1632            27.77599333,-26.06966333,1632            27.77599667,-26.06965333,1632            27.776,-26.06964333,1632            27.77600333,-26.069635,1632            27.77600667,-26.06962833,1632            27.77601,-26.06962167,1632            27.77601167,-26.06961333,1632            27.77601333,-26.06960667,1632            27.776015,-26.06959833,1632            27.77601833,-26.06959167,1632            27.77602,-26.06958167,1632            27.77602167,-26.06957,1632            27.776025,-26.06955667,1632            27.776025,-26.06954667,1632            27.77602667,-26.069535,1632            27.77602833,-26.069525,1632            27.77603,-26.069515,1632            27.77603,-26.069505,1632            27.77603167,-26.06949167,1632            27.77603667,-26.06948,1632            27.77604,-26.06946833,1632            27.77604667,-26.06945667,1632            27.77605167,-26.06944333,1632            27.776055,-26.06943167,1632            27.77605667,-26.06942333,1632            27.77605833,-26.06941333,1632            27.77606167,-26.06940333,1632            27.77606667,-26.069395,1632            27.77607333,-26.06938333,1632            27.77608,-26.06937333,1631            27.776085,-26.06936333,1631            27.77609167,-26.06935333,1631            27.776095,-26.06934167,1631            27.7761,-26.06933,1631            27.77610667,-26.069315,1631            27.77611333,-26.06930167,1631            27.77611833,-26.06929167,1631            27.77612,-26.06928167,1630            27.77612333,-26.06927167,1630            27.77612667,-26.06926,1630            27.77613167,-26.06925167,1630            27.776135,-26.06924333,1630            27.77613833,-26.069235,1630            27.77614167,-26.06922667,1630            27.776145,-26.06922,1630            27.77614667,-26.06921,1630            27.77614667,-26.06919833,1630            27.77614667,-26.069185,1630            27.77614833,-26.06917333,1629            27.77614833,-26.06916167,1629            27.77615,-26.06915167,1629            27.77614833,-26.06914167,1629            27.77614833,-26.06913167,1629            27.77614667,-26.06912167,1629            27.77614667,-26.06911167,1629            27.77614667,-26.06910167,1628            27.77614667,-26.06909,1628            27.77614833,-26.06908167,1628            27.77614833,-26.06907333,1628            27.77615,-26.06906167,1628            27.77615167,-26.06905,1627            27.77615167,-26.06904,1627            27.77615,-26.06903,1627            27.77615,-26.06902167,1627            27.77615167,-26.069015,1627            27.776155,-26.06900833,1627            27.77615833,-26.06900167,1626            27.77616167,-26.06899667,1626            27.776165,-26.06899167,1626            27.77616667,-26.06899,1626            27.77616667,-26.06899167,1625            27.77616667,-26.06899,1625            27.776165,-26.06899167,1625            27.77616333,-26.06899167,1624            27.776165,-26.06899167,1624            27.776165,-26.06899333,1623            27.776165,-26.068995,1623            27.77616667,-26.06899667,1623            27.77617167,-26.069,1623            27.77617333,-26.069,1623            27.776175,-26.069,1623            27.776175,-26.06900167,1622            27.776175,-26.06900333,1622            27.77617667,-26.06900333,1622            27.77617833,-26.06900333,1621            27.77617833,-26.069005,1621            27.77618167,-26.06900333,1621            27.77618333,-26.06900333,1621            27.776185,-26.069005,1621            27.77618333,-26.06900667,1620            27.77618333,-26.06900833,1620            27.776185,-26.06900833,1620            27.77618667,-26.06900833,1620            27.77618667,-26.06901,1620            27.77618833,-26.06901167,1620            27.77618833,-26.06901333,1620            27.77619,-26.06901333,1620            27.77619,-26.069015,1620            27.77619167,-26.069015,1619            27.77619167,-26.06901667,1619            27.77618833,-26.069015,1619            27.77618167,-26.06901333,1619            27.77617667,-26.06901,1619            27.77617167,-26.06900833,1619            27.77616833,-26.06900667,1619            27.77616333,-26.06900333,1619            27.77615667,-26.069,1619            27.77615333,-26.06899667,1619            27.77614833,-26.06899333,1619            27.77614333,-26.06899,1619            27.776135,-26.06898667,1619            27.77612833,-26.06898167,1619            27.77612167,-26.06897833,1619            27.77611333,-26.06897333,1619            27.77610667,-26.06897,1619            27.77610167,-26.06896667,1619            27.776095,-26.06896333,1619            27.77608833,-26.06896167,1619            27.77608333,-26.06895667,1619            27.77608167,-26.06895333,1619            27.77608167,-26.06895167,1619            27.77608167,-26.06895,1620            27.77608,-26.06895,1620            27.77607833,-26.06894833,1620            27.77607667,-26.068945,1620            27.77607333,-26.06894167,1620            27.77606833,-26.06893833,1620            27.77606333,-26.06893167,1620            27.77605667,-26.068925,1620            27.77605167,-26.06891667,1620            27.77605,-26.06890667,1620            27.77604833,-26.06889833,1620            27.77604833,-26.06889167,1620            27.77604833,-26.068885,1620            27.77604833,-26.06888167,1620            27.77604833,-26.06887833,1620            27.77604833,-26.06887667,1621            27.77604833,-26.06887333,1621            27.77604667,-26.06886833,1621            27.77604333,-26.06886167,1621            27.77604,-26.06885333,1621            27.776035,-26.06884667,1621            27.77603167,-26.06884167,1621            27.77602667,-26.06883667,1621            27.77602,-26.068835,1621            27.77601,-26.06883333,1621            27.776,-26.06883167,1621            27.77599,-26.06883,1621            27.77598167,-26.068825,1621            27.77597667,-26.068815,1621            27.77596833,-26.06880333,1621            27.77595833,-26.068795,1621            27.77594667,-26.06879,1621            27.77593833,-26.06878333,1621            27.77593167,-26.06877833,1621            27.77592333,-26.068775,1621            27.77591167,-26.06877333,1621            27.77590167,-26.06877333,1621            27.775895,-26.06877167,1621            27.77588833,-26.06876833,1621            27.77588,-26.06876167,1621            27.77587333,-26.06875667,1621            27.77586667,-26.068755,1622            27.77586167,-26.06875167,1622            27.77585333,-26.06874333,1622            27.77584667,-26.06874,1622            27.77584167,-26.068735,1622            27.77583333,-26.06873167,1622            27.77582333,-26.06872667,1622            27.77581833,-26.06872167,1623            27.77581333,-26.06871333,1623            27.775805,-26.06870833,1623            27.775795,-26.0687,1623            27.77578667,-26.06869167,1623            27.77578167,-26.06868667,1623            27.77577667,-26.06868333,1623            27.77576833,-26.06867833,1623            27.77576167,-26.06867167,1623            27.77575667,-26.06866333,1623            27.77575333,-26.068655,1623            27.77574667,-26.06864667,1623            27.77574167,-26.06863667,1623            27.77573667,-26.06862833,1623            27.77573167,-26.06861833,1623            27.77572667,-26.06861167,1623            27.77572,-26.06860333,1623            27.77571333,-26.06859333,1624            27.77571,-26.06858667,1624            27.77570667,-26.06858167,1624            27.77570167,-26.06857667,1624            27.775695,-26.06856833,1624            27.77568833,-26.06856167,1624            27.77568167,-26.068555,1624            27.77568,-26.06855,1625            27.775675,-26.06854333,1625            27.77566833,-26.06853833,1625            27.77566167,-26.06853333,1625            27.775655,-26.06852833,1625            27.77564833,-26.06852333,1625            27.77564,-26.06851833,1626            27.77563333,-26.068515,1626            27.77563,-26.06851333,1626            27.77562,-26.06850833,1626            27.77561,-26.06850333,1626            27.77560167,-26.0685,1627            27.77559667,-26.06849667,1627            27.77558833,-26.06849167,1627            27.77557833,-26.068485,1627            27.77557,-26.06848167,1627            27.77556333,-26.06847667,1627            27.77555833,-26.06847167,1627            27.77555167,-26.06846333,1627            27.775545,-26.06845333,1628            27.77553833,-26.06844667,1628            27.77553333,-26.06843833,1628            27.77553,-26.06843333,1628            27.77552167,-26.06842833,1628            27.77551333,-26.06842333,1628            27.77550667,-26.06842,1628            27.7755,-26.06841833,1628            27.77549167,-26.06841667,1628            27.77548333,-26.06841667,1628            27.775475,-26.06841667,1629            27.77546833,-26.068415,1629            27.77546,-26.06841333,1629            27.77544833,-26.06841167,1629            27.77544,-26.06840833,1629            27.77543167,-26.06840667,1629            27.77542333,-26.06840333,1630            27.77541167,-26.06839833,1630            27.77540167,-26.068395,1630            27.77539333,-26.06839333,1630            27.775385,-26.06839333,1630            27.775375,-26.068395,1630            27.775365,-26.06839333,1630            27.77535667,-26.06839333,1630            27.77535,-26.06839167,1630            27.77534333,-26.06839,1630            27.775335,-26.06839,1630            27.77532667,-26.06839,1630            27.77532167,-26.06838833,1630            27.77531667,-26.06839,1631            27.77531,-26.06839167,1631            27.775305,-26.06839333,1631            27.77530167,-26.06839333,1631            27.7753,-26.06839333,1631            27.77529833,-26.06839167,1631            27.775295,-26.06839,1631            27.77529333,-26.06839,1631            27.77529333,-26.06838833,1631            27.77529167,-26.06838833,1631            27.77529167,-26.06838667,1632            27.77528833,-26.06838667,1632            27.77528333,-26.06838333,1632            27.77527833,-26.06838333,1632            27.77527333,-26.06838167,1632            27.77526833,-26.06838,1632            27.77526167,-26.06838,1632            27.77525667,-26.06838,1632            27.77525,-26.06838167,1632            27.77524333,-26.06838167,1632            27.77524167,-26.06838167,1632            27.77523833,-26.06838167,1632            27.775235,-26.06838,1632            27.77523,-26.06838167,1632            27.77522333,-26.068385,1632            27.77521667,-26.068385,1632            27.77520833,-26.068385,1632            27.7752,-26.068385,1632            27.775195,-26.068385,1632            27.77518667,-26.06838333,1632            27.77518167,-26.06838333,1632            27.775175,-26.06838333,1632            27.77516667,-26.06838,1633            27.77516,-26.06838,1633            27.775155,-26.06838,1633            27.77514833,-26.06838,1633            27.775145,-26.06838,1633            27.77514167,-26.06837833,1633            27.77514333,-26.06837833,1633            27.77514333,-26.06838,1633            27.77514167,-26.06838,1633            27.77513667,-26.06837667,1633            27.77513667,-26.06837833,1634            27.775135,-26.06837667,1634            27.775135,-26.068375,1634            27.77513333,-26.068375,1634            27.77513333,-26.06837333,1634            27.77513333,-26.068375,1634            27.77513333,-26.06837667,1634            27.77513333,-26.068375,1634            27.77513167,-26.068375,1634            27.77513,-26.068375,1634            27.77513,-26.06837333,1634            27.77513167,-26.06837333,1634            27.77513167,-26.068375,1634            27.77513,-26.068375,1634            27.77512833,-26.068375,1634            27.77512667,-26.068375,1634            27.77512333,-26.068375,1634            27.77511667,-26.068375,1634            27.77511167,-26.06837667,1634            27.775105,-26.06837833,1634            27.77509833,-26.06838167,1634            27.77509333,-26.06838333,1634            27.77508333,-26.06838333,1634            27.775075,-26.068385,1634            27.77506833,-26.06838667,1634            27.77506167,-26.06838667,1634            27.77505333,-26.06838667,1634            27.775045,-26.06838667,1634            27.77503667,-26.06838667,1635            27.77502667,-26.068385,1635            27.77502167,-26.068385,1635            27.775015,-26.06838333,1635            27.77500667,-26.06838167,1635            27.77499667,-26.06838333,1635            27.774995,-26.06838333,1635            27.77498667,-26.06838333,1635            27.77497833,-26.06838333,1635            27.77497333,-26.06838333,1635            27.77496333,-26.06838333,1635            27.77495667,-26.068385,1635            27.77494833,-26.068385,1635            27.77493833,-26.06838667,1635            27.774935,-26.06838833,1635            27.77492667,-26.06838833,1636            27.77491667,-26.06838833,1636            27.77490833,-26.06838833,1636            27.77490167,-26.06839,1636            27.77489167,-26.06838833,1636            27.77488167,-26.06839,1636            27.774875,-26.06839,1636            27.77486667,-26.06839167,1636            27.77485833,-26.06839167,1637            27.77484667,-26.06839333,1637            27.77483667,-26.068395,1637            27.77483,-26.06839667,1637            27.77482,-26.06839833,1637            27.77480833,-26.0684,1637            27.77479833,-26.06840333,1637            27.77479333,-26.06840667,1637            27.774785,-26.06841,1637            27.774775,-26.068415,1637            27.77476333,-26.06841833,1637            27.77475,-26.06842167,1637            27.77474167,-26.06842333,1637            27.77473167,-26.068425,1637            27.77472167,-26.068425,1638            27.77470833,-26.068425,1638            27.77469833,-26.068425,1638            27.77469167,-26.068425,1638            27.77468333,-26.068425,1638            27.77467,-26.06842833,1638            27.77465833,-26.06842833,1638            27.77464667,-26.06842667,1638            27.77463667,-26.068425,1639            27.77462833,-26.06842167,1639            27.77462,-26.06842,1639            27.77460833,-26.06841667,1639            27.77459833,-26.06841333,1639            27.77459,-26.06841,1640            27.774585,-26.06840833,1640            27.77457833,-26.068405,1640            27.77456833,-26.0684,1640            27.77456167,-26.06839833,1640            27.77455667,-26.068395,1640            27.77455,-26.06839,1641            27.77454,-26.068385,1641            27.77453333,-26.06838167,1641            27.77452667,-26.06837833,1641            27.77452,-26.06837333,1641            27.77451333,-26.06836833,1642            27.77450667,-26.068365,1642            27.77449833,-26.06836,1642            27.77448833,-26.06835333,1642            27.77448333,-26.06834833,1642            27.77447667,-26.06834333,1642            27.77447,-26.06833833,1642            27.77446333,-26.06833,1643            27.77445667,-26.06832167,1643            27.77445333,-26.06831667,1643            27.77444667,-26.06831167,1643            27.77444,-26.06830667,1643            27.77443167,-26.0683,1643            27.77442667,-26.06829667,1643            27.77441833,-26.06829,1643            27.77441,-26.06828667,1643            27.7744,-26.06828333,1643            27.77439333,-26.06828167,1643            27.77438667,-26.06828167,1643            27.77437833,-26.06828,1643            27.77436833,-26.06827833,1644            27.77436,-26.06827833,1644            27.77435167,-26.06827833,1644            27.77434333,-26.06827667,1644            27.77433333,-26.06827333,1644            27.774325,-26.06827333,1644            27.77431833,-26.06827167,1644            27.77431667,-26.06827167,1644            27.77431333,-26.06827,1644            27.77431,-26.06827,1644            27.77430333,-26.06827,1644            27.77429667,-26.06827,1644            27.77429167,-26.06826833,1644            27.77428833,-26.06826667,1644            27.77428333,-26.06826667,1644            27.774275,-26.068265,1645            27.77427,-26.06826167,1645            27.77426167,-26.06826167,1645            27.77425333,-26.06825833,1645            27.77424833,-26.06825667,1645            27.774245,-26.06825167,1645            27.77424,-26.06824833,1644            27.77423333,-26.068245,1644            27.774225,-26.06824333,1645            27.77421667,-26.06824167,1645            27.77420667,-26.06823833,1645            27.7742,-26.06823667,1645            27.77419667,-26.06823667,1645            27.77419,-26.068235,1645            27.77417833,-26.06823333,1645            27.77416833,-26.06823167,1645            27.77416167,-26.06823,1645            27.77415333,-26.06822667,1645            27.77414167,-26.06822333,1645            27.77412833,-26.06822,1645            27.77412167,-26.06821667,1645            27.77411667,-26.06821333,1645            27.77410667,-26.06821,1645            27.77409333,-26.06820667,1646            27.774085,-26.068205,1646            27.77407833,-26.06820333,1646            27.77406833,-26.0682,1646            27.77405667,-26.06819667,1646            27.77404833,-26.06819333,1646            27.77404,-26.06819,1646            27.774035,-26.06818833,1647            27.77403333,-26.06818833,1647            27.77402833,-26.068185,1647            27.77401833,-26.06818167,1647            27.77401167,-26.06817833,1647            27.774005,-26.06817667,1647            27.773995,-26.06817333,1647            27.77398333,-26.06816833,1647            27.773975,-26.068165,1647            27.77396833,-26.06816167,1647            27.77396167,-26.06815833,1647            27.77395167,-26.06815333,1647            27.77394167,-26.06814833,1647            27.77393167,-26.068145,1648            27.773925,-26.06814167,1648            27.77391833,-26.06813833,1648            27.77390833,-26.068135,1648            27.77389667,-26.06813167,1648            27.77389,-26.06812833,1649            27.77388333,-26.06812167,1649            27.77388,-26.06811833,1649            27.77388,-26.06811667,1649            27.77387833,-26.06811833,1649            27.773875,-26.06811667,1649            27.77387333,-26.06811333,1649            27.77386833,-26.06811,1650            27.77385833,-26.06810333,1650            27.77385333,-26.06809667,1650            27.77385167,-26.06809667,1650            27.77385,-26.06809667,1650            27.77384833,-26.068095,1650            27.773845,-26.06809333,1650            27.77384,-26.06809,1650            27.77383667,-26.06808833,1650            27.77383,-26.068085,1650            27.77382333,-26.06808,1650            27.77382167,-26.06807833,1651            27.77381667,-26.06807333,1651            27.77381333,-26.06807167,1651            27.77381167,-26.06807167,1651            27.77381167,-26.06807,1651            27.77380667,-26.06806833,1651            27.77380333,-26.06806833,1651            27.773805,-26.068065,1651            27.773805,-26.06806333,1651            27.77380333,-26.068065,1651            27.77380167,-26.068065,1651            27.77379667,-26.06806333,1651            27.77379333,-26.06806167,1651            27.77378833,-26.06806,1651            27.77378,-26.06805667,1651            27.77377333,-26.06805333,1651            27.77376833,-26.06805167,1651            27.77375833,-26.06804667,1652            27.77375,-26.068045,1652            27.773745,-26.06804167,1652            27.77374333,-26.06804167,1652            27.77374667,-26.06804333,1652            27.77374833,-26.06804333,1652            27.77374667,-26.06804333,1652            27.77374667,-26.068045,1652            27.773745,-26.06804333,1652            27.77374,-26.06804333,1652            27.773735,-26.06804333,1652            27.77372833,-26.06804167,1652            27.77372167,-26.06803833,1652            27.77371167,-26.06803333,1652            27.773705,-26.06803,1652            27.77369667,-26.068025,1652            27.77368833,-26.06802167,1652            27.77368167,-26.06802,1652            27.77367167,-26.06801667,1652            27.77366167,-26.06801333,1652            27.77365333,-26.06800833,1652            27.77364833,-26.06800833,1652            27.77364,-26.06800667,1652            27.77363,-26.06800167,1652            27.77362167,-26.068,1652            27.773615,-26.06799667,1652            27.773605,-26.06799,1652            27.77359667,-26.06798833,1652            27.77358833,-26.06798333,1652            27.77358,-26.06797833,1652            27.773575,-26.067975,1652            27.77357,-26.06797167,1652            27.77356167,-26.06796833,1652            27.77355333,-26.067965,1652            27.77354667,-26.06796167,1653            27.77354,-26.06795667,1653            27.77353167,-26.06795,1653            27.77352167,-26.06794333,1653            27.77351333,-26.06793667,1653            27.77350667,-26.06793167,1653            27.7735,-26.06792833,1653            27.77349333,-26.06792167,1653            27.77349167,-26.06791833,1654            27.77349,-26.06791833,1654            27.77348833,-26.06792,1654            27.77348667,-26.06792167,1654            27.773485,-26.06792167,1654            27.77348,-26.06792,1654            27.773475,-26.06791833,1654            27.77346833,-26.067915,1654            27.77345833,-26.06791167,1655            27.77345167,-26.06790833,1655            27.77344667,-26.06790667,1655            27.77343833,-26.06790333,1655            27.77342833,-26.0679,1655            27.77342,-26.06789833,1655            27.77341333,-26.067895,1655            27.77340333,-26.06789,1655            27.773395,-26.06788667,1656            27.77338833,-26.067885,1656            27.77338333,-26.06787833,1656            27.77338333,-26.06787667,1656            27.77338333,-26.06787833,1656            27.77338,-26.06788,1656            27.77337667,-26.06788167,1656            27.77337,-26.06788,1656            27.77336167,-26.06787833,1656            27.77335667,-26.06787333,1657            27.77335333,-26.06787167,1657            27.77335,-26.06787,1657            27.773345,-26.06786833,1657            27.77333667,-26.06786667,1657            27.77332667,-26.06786333,1657            27.77332,-26.06786,1657            27.77331333,-26.06785833,1657            27.77330667,-26.067855,1658            27.77329667,-26.06785167,1658            27.77328833,-26.06785,1658            27.77328167,-26.06784667,1658            27.77327167,-26.06784333,1658            27.77326167,-26.06784167,1658            27.77325333,-26.06784167,1658            27.773245,-26.06784,1658            27.77323667,-26.06783833,1659            27.773225,-26.067835,1659            27.77321833,-26.067835,1659            27.77321167,-26.06783333,1659            27.77320167,-26.06782833,1659            27.77319333,-26.067825,1659            27.77318667,-26.06782167,1659            27.77318,-26.06781833,1659            27.77317,-26.06781167,1659            27.77316333,-26.06780667,1660            27.77315833,-26.06780333,1660            27.77315,-26.0678,1660            27.773145,-26.06779833,1660            27.773145,-26.067795,1660            27.773145,-26.06779333,1660            27.77314833,-26.06779333,1660            27.77315,-26.06780333,1660            27.77315167,-26.06781333,1660            27.77314833,-26.06781833,1660            27.773145,-26.06781833,1660            27.77314667,-26.06781833,1660            27.77314833,-26.067815,1660            27.77315,-26.06781,1660            27.77314833,-26.06780833,1660            27.77315,-26.06780833,1660            27.77315167,-26.06780667,1660            27.77315333,-26.06780667,1660            27.77315667,-26.067805,1660            27.773155,-26.067805,1661            27.773155,-26.06780667,1661            27.77315333,-26.06780667,1661            27.77315167,-26.06780833,1661            27.77315333,-26.06781,1661            27.77315333,-26.06781167,1661            27.77315667,-26.06781333,1661            27.77315667,-26.067815,1661            27.773155,-26.06781667,1661            27.77315667,-26.067815,1661            27.773155,-26.06781333,1661            27.773155,-26.067815,1661            27.77315333,-26.067815,1661            27.77315,-26.06781667,1661            27.77314667,-26.06781667,1661            27.77314833,-26.06781833,1661            27.77315,-26.06781833,1661            27.77314833,-26.06782167,1661            27.77314667,-26.06782167,1661            27.773145,-26.06782167,1661            27.77314667,-26.06782,1660            27.77314833,-26.06782,1660            27.77314667,-26.06781833,1660            27.77314667,-26.06781667,1660            27.77314333,-26.06781667,1660            27.773145,-26.06781667,1660            27.77315,-26.067815,1660            27.77314833,-26.06781667,1660            27.77315,-26.06781667,1660            27.77315167,-26.067815,1660            27.77314833,-26.06781667,1660            27.77314667,-26.06781667,1660            27.77314667,-26.06781833,1660            27.77314833,-26.06781833,1660            27.773145,-26.06782,1660            27.77313833,-26.06782,1660            27.77312833,-26.06782,1660            27.77311833,-26.06781667,1660            27.77310333,-26.06781333,1660            27.77309,-26.06780833,1660            27.77307667,-26.06780333,1660            27.77306333,-26.06779833,1660            27.77305167,-26.06779333,1660            27.77303833,-26.06779,1660            27.77302667,-26.067785,1660            27.77301167,-26.06778,1660            27.77299833,-26.067775,1660            27.772985,-26.06776833,1660            27.77297167,-26.06776333,1660            27.77295833,-26.06775833,1660            27.77294667,-26.06775333,1660            27.772935,-26.06774667,1661            27.77292333,-26.06774,1661            27.77291167,-26.06773333,1661            27.77289833,-26.06772833,1661            27.772885,-26.06772167,1661            27.77287333,-26.06771667,1661            27.77285833,-26.06771,1661            27.77284667,-26.06770333,1661            27.77283667,-26.06769833,1661            27.772825,-26.067695,1661            27.77281167,-26.06768833,1662            27.7728,-26.06768333,1662            27.77279,-26.06767167,1662            27.77278167,-26.06766167,1662            27.77277667,-26.067655,1662            27.77277167,-26.067645,1662            27.77276167,-26.06763833,1662            27.77275333,-26.06763167,1662            27.77274167,-26.06762333,1663            27.77273167,-26.067615,1663            27.77272167,-26.06760667,1663            27.77271167,-26.06759833,1663            27.7727,-26.06759167,1663            27.77268667,-26.06758667,1663            27.77267333,-26.06758,1663            27.77266333,-26.06757333,1663            27.77265167,-26.06756667,1663            27.77264167,-26.06756167,1664            27.77263167,-26.06755667,1664            27.772625,-26.06755167,1664            27.77261667,-26.06754833,1664            27.772605,-26.06754167,1664            27.772595,-26.067535,1664            27.77258667,-26.06753167,1664            27.77258167,-26.06752667,1665            27.77257667,-26.06752333,1665            27.772575,-26.06752167,1665            27.77257333,-26.06752,1665            27.77257167,-26.06751833,1665            27.77256667,-26.06751167,1665            27.77256,-26.06750333,1666            27.77255333,-26.067495,1666            27.772545,-26.06748833,1666            27.77253667,-26.06748,1666            27.77253,-26.06747167,1666            27.77252,-26.06746167,1666            27.77251333,-26.06745333,1666            27.77250667,-26.06744167,1666            27.77250167,-26.06743,1667            27.77249833,-26.06741667,1667            27.77249333,-26.06740667,1667            27.77248833,-26.06739667,1667            27.77248333,-26.067385,1667            27.772475,-26.06737333,1667            27.77246667,-26.06736,1667            27.77246,-26.06735,1667            27.77245333,-26.06733833,1667            27.772445,-26.06732833,1667            27.77243667,-26.06731833,1667            27.77242833,-26.06731,1667            27.77242,-26.06730167,1668            27.77241,-26.06729167,1668            27.77240167,-26.06728,1667            27.77239333,-26.06727,1667            27.77238333,-26.06726167,1668            27.772375,-26.06725167,1668            27.77236667,-26.06724167,1668            27.77235667,-26.06723,1668            27.772345,-26.06721833,1668            27.772335,-26.067205,1668            27.772325,-26.06719167,1668            27.77231667,-26.06718,1668            27.77230667,-26.067165,1668            27.77229833,-26.06715333,1668            27.77229,-26.06714167,1668            27.77228167,-26.06712833,1668            27.77227667,-26.06711667,1668            27.77226833,-26.067105,1668            27.77226,-26.06709333,1668            27.77225167,-26.06708333,1668            27.77224333,-26.067075,1668            27.77223667,-26.06706333,1668            27.77223,-26.06705333,1668            27.77222167,-26.06704333,1668            27.77221333,-26.06703167,1668            27.77220667,-26.06701833,1668            27.77219833,-26.06700833,1669            27.77218833,-26.06699667,1669            27.77218,-26.06698333,1669            27.77216833,-26.06697167,1669            27.77215833,-26.06695833,1669            27.77214833,-26.06694833,1669            27.77214167,-26.06693667,1669            27.77213333,-26.066925,1669            27.772125,-26.06691167,1669            27.77212,-26.06689833,1669            27.77211167,-26.06689,1669            27.772105,-26.06688,1669            27.77209833,-26.06687167,1669            27.77209,-26.06686333,1669            27.77208333,-26.066855,1669            27.77207667,-26.06684667,1669            27.77207,-26.066835,1670            27.77206167,-26.066825,1670            27.77205167,-26.06681667,1670            27.772045,-26.06680833,1670            27.77204,-26.0668,1670            27.77203333,-26.06679167,1670            27.772025,-26.06678,1670            27.77201667,-26.06677167,1670            27.77200667,-26.06675833,1671            27.772,-26.06674667,1671            27.77199167,-26.066735,1671            27.77198333,-26.066725,1671            27.771975,-26.06671333,1671            27.77196667,-26.06670167,1671            27.77195833,-26.06668833,1671            27.77195167,-26.06667667,1671            27.77194333,-26.06666667,1671            27.77193667,-26.06665333,1671            27.77192833,-26.06664167,1671            27.77192167,-26.06663,1671            27.77191333,-26.06662,1671            27.771905,-26.06660833,1671            27.77189667,-26.06659667,1671            27.77189,-26.06658333,1671            27.771885,-26.06657167,1671            27.77188,-26.06655833,1671            27.77187333,-26.066545,1672            27.771865,-26.06653667,1672            27.771855,-26.06652833,1672            27.771845,-26.06652,1672            27.771835,-26.06651,1672            27.77182667,-26.06650167,1672            27.77181833,-26.06649333,1672            27.77180833,-26.06648667,1673            27.7718,-26.06648167,1673            27.77178667,-26.06647667,1673            27.77177333,-26.06647,1673            27.77176167,-26.06646333,1673            27.77175,-26.06645667,1673            27.771735,-26.06645167,1673            27.77172167,-26.066445,1673            27.77171167,-26.06643833,1673            27.7717,-26.06643,1673            27.77169,-26.06642667,1673            27.77167833,-26.06642167,1674            27.77167,-26.066415,1674            27.771665,-26.06640667,1674            27.77166,-26.06639833,1674            27.771655,-26.06639,1674            27.77165167,-26.06638,1674            27.77165167,-26.066375,1674            27.77164667,-26.06636833,1674            27.77164,-26.06635833,1675            27.77164,-26.06635667,1675            27.77163833,-26.06635333,1675            27.77163667,-26.06634667,1675            27.77163333,-26.06633833,1675            27.77162833,-26.06632833,1675            27.77162667,-26.06631667,1675            27.771625,-26.06630667,1675            27.77162167,-26.06629667,1675            27.77162,-26.066285,1675            27.77161833,-26.06627333,1675            27.771615,-26.06626,1675            27.771615,-26.066245,1675            27.771615,-26.06623333,1676            27.77161667,-26.06622,1676            27.77161833,-26.06621,1676            27.77161833,-26.06620167,1676            27.77161833,-26.06619333,1676            27.77162167,-26.06618333,1676            27.771625,-26.066175,1677            27.77162667,-26.06616333,1677            27.77163,-26.06615167,1677            27.77163167,-26.06614167,1677            27.771635,-26.06613167,1677            27.77164,-26.066125,1677            27.77164333,-26.06611833,1677            27.77164833,-26.06610833,1677            27.77165667,-26.0661,1677            27.77166333,-26.06609167,1678            27.77166667,-26.066085,1678            27.77167167,-26.06607833,1678            27.77167833,-26.06607167,1678            27.771685,-26.066065,1678            27.77168833,-26.06605667,1678            27.77169333,-26.06605,1678            27.7717,-26.06604167,1679            27.77170833,-26.066035,1679            27.771715,-26.06602667,1679            27.77171833,-26.06602,1679            27.771725,-26.066015,1679            27.77173333,-26.06600833,1679            27.77174,-26.06600167,1679            27.771745,-26.06599833,1680            27.77175167,-26.065995,1680            27.771755,-26.06599,1680            27.77176,-26.06598667,1680            27.77176333,-26.06598333,1680            27.77177,-26.065975,1680            27.77177667,-26.06597,1680            27.77178333,-26.06596667,1680            27.77179,-26.06596333,1680            27.77179667,-26.06595833,1680            27.77180333,-26.065955,1680            27.77180833,-26.06595167,1680            27.771815,-26.06594667,1680            27.77182333,-26.06594167,1680            27.77183,-26.06593667,1681            27.771835,-26.06593333,1681            27.77184333,-26.06592833,1681            27.77185167,-26.06592333,1681            27.77185833,-26.06591833,1681            27.77186333,-26.06591667,1681            27.77187,-26.06591333,1681            27.771875,-26.06590833,1681            27.77187833,-26.06590167,1682            27.77188167,-26.0659,1682            27.77188667,-26.06589833,1682            27.77188833,-26.06589833,1682            27.77189167,-26.06589667,1682            27.77189667,-26.06589667,1682            27.771905,-26.06589333,1682            27.77191,-26.06589333,1682            27.771915,-26.06589333,1682            27.77192667,-26.06589,1682            27.77193167,-26.06588833,1682            27.77193667,-26.06588833,1682            27.77194333,-26.065885,1682            27.77194667,-26.065885,1683            27.77195167,-26.06588167,1683            27.77196,-26.06587833,1683            27.77196333,-26.06587833,1683            27.77196833,-26.06587667,1683            27.77197167,-26.06587333,1683            27.77197667,-26.06587333,1683            27.77198,-26.06587333,1683            27.77198667,-26.06587167,1683            27.77199167,-26.06586833,1683            27.771995,-26.06586667,1683            27.772,-26.06586167,1683            27.77200167,-26.06585667,1683            27.772005,-26.06585333,1683            27.77201,-26.06585,1683            27.772015,-26.065845,1683            27.77201833,-26.06584333,1683            27.772025,-26.06584,1683            27.77203,-26.065835,1683            27.772035,-26.06583333,1683            27.77204,-26.06583,1683            27.772045,-26.06582667,1683            27.77205333,-26.065825,1683            27.77205667,-26.06582167,1683            27.77206167,-26.06581833,1683            27.77206833,-26.065815,1683            27.77207167,-26.06581167,1683            27.77207667,-26.06580833,1683            27.77208167,-26.06580333,1683            27.77208667,-26.06579667,1684            27.77209167,-26.06579,1684            27.77209833,-26.065785,1684            27.772105,-26.06578,1684            27.77211167,-26.06577833,1684            27.77211833,-26.06577333,1684            27.77212667,-26.06576667,1684            27.77213167,-26.06576333,1684            27.772135,-26.06575833,1684            27.77214167,-26.06575333,1684            27.77214667,-26.06575167,1684            27.77215167,-26.06574833,1684            27.77215667,-26.06574333,1684            27.77216167,-26.06573833,1684            27.77216667,-26.06573333,1684            27.77216833,-26.06573,1684            27.77217167,-26.06572667,1684            27.772175,-26.06572167,1684            27.77217833,-26.065715,1684            27.77218,-26.06570833,1685            27.77218,-26.06570167,1685            27.77218167,-26.065695,1685            27.77218167,-26.06569,1685            27.77218333,-26.065685,1685            27.772185,-26.06567667,1685            27.77218667,-26.06567167,1685            27.77218667,-26.065665,1685            27.77219,-26.06565667,1685            27.77219,-26.06565333,1685            27.77219167,-26.06564667,1685            27.77219333,-26.06564,1685            27.77219333,-26.06563667,1685            27.772195,-26.06563,1685            27.77219833,-26.06562333,1686            27.77220167,-26.06561833,1686            27.77220167,-26.065615,1686            27.77220333,-26.06560667,1686            27.772205,-26.06560333,1686            27.772205,-26.06559667,1686            27.772205,-26.06559,1686            27.772205,-26.06558333,1686            27.772205,-26.06557667,1686            27.77221,-26.06556833,1686            27.77221667,-26.06556,1687            27.77222167,-26.06555333,1687            27.772225,-26.06555,1687            27.77223,-26.06554167,1687            27.77223333,-26.06553333,1687            27.77223833,-26.06552667,1687            27.77224333,-26.06552,1687            27.77225167,-26.065515,1687            27.77226,-26.06550833,1687            27.77227,-26.06550167,1687            27.77227833,-26.06549667,1687            27.772285,-26.06549167,1687            27.77229,-26.06548667,1688            27.77229833,-26.06547833,1688            27.77230667,-26.06547333,1688            27.77231167,-26.06547,1688            27.77231833,-26.06546667,1688            27.77232667,-26.06546333,1688            27.77233667,-26.06545833,1688            27.77234167,-26.06545667,1688            27.77235167,-26.065455,1688            27.77235833,-26.06545,1688            27.77236667,-26.06544667,1688            27.77237667,-26.065445,1688            27.772385,-26.06544333,1688            27.77239333,-26.06544333,1688            27.77240333,-26.06544667,1688            27.77241167,-26.06544667,1688            27.77242,-26.06544833,1688            27.77242667,-26.06545,1688            27.772435,-26.06545333,1688            27.77244167,-26.06545167,1688            27.77244833,-26.06545333,1688            27.77245833,-26.065455,1688            27.77246333,-26.06545833,1688            27.77247,-26.06546167,1688            27.77248,-26.06546333,1688            27.77249,-26.065465,1688            27.77249667,-26.06546667,1688            27.77250333,-26.06546667,1689            27.77251333,-26.06547,1689            27.77252333,-26.06547333,1689            27.77253,-26.06547667,1689            27.77253667,-26.06547833,1689            27.772545,-26.06548,1689            27.77255667,-26.06548167,1689            27.77256167,-26.06548333,1689            27.77257167,-26.06548333,1689            27.77257833,-26.065485,1689            27.77258167,-26.06548833,1689            27.77258333,-26.06548667,1689            27.77259,-26.06548667,1689            27.77259667,-26.06548667,1689            27.772605,-26.06548833,1689            27.77261667,-26.06548833,1689            27.77262667,-26.06549,1690            27.77263667,-26.06549,1690            27.77264667,-26.06549167,1690            27.77265833,-26.06549167,1690            27.77267,-26.06549167,1690            27.77267667,-26.06549333,1690            27.77268333,-26.065495,1690            27.77269333,-26.065495,1690            27.772705,-26.06549667,1690            27.772715,-26.06549667,1690            27.772725,-26.06549833,1690            27.77273167,-26.0655,1691            27.77274167,-26.06550167,1691            27.77275333,-26.06550167,1691            27.77276333,-26.06550333,1691            27.77277167,-26.065505,1691            27.77278167,-26.065505,1691            27.77279,-26.06550833,1691            27.7728,-26.06551,1691            27.77281,-26.06551167,1691            27.77281833,-26.06551333,1691            27.772825,-26.065515,1691            27.77283333,-26.065515,1691            27.77284,-26.06551667,1691            27.77284833,-26.06551667,1691            27.77285833,-26.06551667,1691            27.77286667,-26.06551833,1691            27.772875,-26.06551833,1691            27.77288333,-26.06552167,1691            27.77289,-26.06552333,1691            27.77289667,-26.06552667,1691            27.772905,-26.06552833,1691            27.77291333,-26.06552833,1691            27.77292167,-26.06553167,1691            27.77292833,-26.06553333,1691            27.772935,-26.065535,1691            27.772945,-26.06553833,1691            27.772955,-26.06554,1691            27.77296167,-26.06554167,1691            27.77297167,-26.06554333,1691            27.77298167,-26.06554667,1691            27.77299,-26.06555,1691            27.77299833,-26.06555167,1691            27.77300667,-26.065555,1691            27.77301667,-26.06555833,1691            27.77302667,-26.06556,1691            27.773035,-26.06556333,1691            27.77304167,-26.06556667,1691            27.77305,-26.06557,1691            27.77306,-26.06557167,1691            27.77307,-26.06557333,1691            27.77307833,-26.06557667,1691            27.77308833,-26.06557833,1691            27.77309833,-26.06558333,1691            27.773105,-26.065585,1692            27.773115,-26.06558667,1692            27.773125,-26.06558833,1692            27.773135,-26.06559167,1692            27.77314333,-26.06559667,1692            27.77315333,-26.0656,1692            27.77316333,-26.06560167,1692            27.77317167,-26.065605,1692            27.77318,-26.06561,1692            27.77318833,-26.06561333,1692            27.77319667,-26.06561833,1692            27.77320333,-26.06562167,1692            27.77321167,-26.06562667,1692            27.77321667,-26.06562833,1692            27.77322333,-26.06563167,1691            27.77323167,-26.065635,1691            27.77324167,-26.06563833,1691            27.77325,-26.06564,1692            27.77325833,-26.06564333,1692            27.77326667,-26.06564833,1692            27.77327333,-26.06565167,1692            27.77328167,-26.065655,1692            27.77328833,-26.06565833,1692            27.77329667,-26.06566167,1692            27.77330667,-26.065665,1692            27.77332,-26.06566833,1692            27.77333333,-26.06567167,1692            27.773345,-26.06567333,1692            27.77335667,-26.06567833,1692            27.773365,-26.06568333,1692            27.77337333,-26.06568833,1692            27.77338333,-26.06569167,1692            27.773395,-26.06569667,1692            27.77340833,-26.0657,1692            27.77342,-26.065705,1692            27.77343167,-26.06570833,1693            27.77344333,-26.06571333,1693            27.773455,-26.06571667,1693            27.77346667,-26.06572,1693            27.77347833,-26.06572667,1693            27.77349,-26.06573167,1693            27.77350167,-26.06573667,1694            27.77351167,-26.06574167,1694            27.77352,-26.06574667,1694            27.77352833,-26.06575,1694            27.77353833,-26.06575167,1694            27.77354833,-26.06575333,1694            27.77355833,-26.065755,1694            27.77357167,-26.06575667,1694            27.77358333,-26.06576,1694            27.773595,-26.06576333,1694            27.77360667,-26.065765,1694            27.77361667,-26.06576667,1694            27.77363,-26.06576833,1694            27.77364167,-26.06577,1694            27.77365333,-26.06577167,1694            27.77366333,-26.06577667,1694            27.773675,-26.06578,1694            27.77368667,-26.06578333,1694            27.77369833,-26.06578667,1694            27.77371167,-26.06579,1694            27.77372167,-26.065795,1694            27.77373333,-26.0658,1694            27.773745,-26.06580333,1694            27.773755,-26.06580833,1694            27.77376667,-26.06581167,1694            27.77377667,-26.065815,1694            27.77378667,-26.06582,1694            27.77379667,-26.06582333,1694            27.77380833,-26.06582833,1695            27.77382,-26.065835,1695            27.77382833,-26.06583833,1695            27.77383833,-26.065845,1695            27.77385,-26.06585,1695            27.77386167,-26.065855,1695            27.77387333,-26.06586,1695            27.77388333,-26.065865,1695            27.773895,-26.06587,1695            27.77390667,-26.06587333,1695            27.77391667,-26.06587833,1695            27.77392667,-26.06588167,1695            27.77393833,-26.06588667,1694            27.77395,-26.06589333,1694            27.77396167,-26.06589833,1694            27.77397333,-26.06590167,1694            27.77398333,-26.06590667,1694            27.77399333,-26.06591,1694            27.77400333,-26.06591333,1694            27.774015,-26.06591667,1694            27.77402333,-26.06592167,1694            27.77403,-26.06592667,1694            27.77403833,-26.06593,1694            27.774045,-26.065935,1694            27.77405333,-26.06594,1694            27.774065,-26.065945,1694            27.77407667,-26.06595,1694            27.77408833,-26.06595667,1694            27.7741,-26.06596333,1694            27.77411167,-26.06597,1693            27.77412333,-26.06597333,1693            27.774135,-26.06598,1693            27.77414333,-26.06598333,1693            27.77415167,-26.06598833,1693            27.77416167,-26.06599167,1693            27.77417167,-26.06599667,1693            27.77418,-26.066,1693            27.77419,-26.066005,1693            27.7742,-26.06601167,1693            27.77421,-26.06601667,1693            27.77421833,-26.06602333,1693            27.77422833,-26.06603,1692            27.77423833,-26.066035,1692            27.77425,-26.06604,1692            27.77426333,-26.06604333,1692            27.77427333,-26.06604833,1692            27.77428,-26.06605,1692            27.77429167,-26.06605333,1692            27.77430167,-26.06605667,1692            27.77431,-26.06606,1692            27.77431833,-26.066065,1692            27.77432833,-26.06606833,1692            27.77433667,-26.06607333,1692            27.77434667,-26.06607667,1692            27.77435833,-26.06608,1693            27.77437,-26.06608333,1693            27.77438333,-26.06608667,1693            27.77439667,-26.06609167,1693            27.77440833,-26.066095,1693            27.77442,-26.0661,1693            27.77443,-26.066105,1693            27.77444167,-26.06611,1693            27.77445167,-26.06611333,1693            27.77445333,-26.066115,1693            27.77445667,-26.06611667,1693            27.774465,-26.06612,1693            27.77447333,-26.06612333,1693            27.77448333,-26.066125,1693            27.77449333,-26.06613,1693            27.77450167,-26.066135,1693            27.774505,-26.06613833,1693            27.77450667,-26.06614,1693            27.77451333,-26.06614333,1693            27.77452167,-26.06615,1693            27.77452833,-26.066155,1693            27.77453833,-26.06616,1693            27.77454833,-26.06616667,1693            27.77456,-26.06617333,1693            27.77456833,-26.06618,1693            27.77457833,-26.06618833,1693            27.774585,-26.06619333,1693            27.77459167,-26.0662,1693            27.7746,-26.06620833,1693            27.77461,-26.06621333,1693            27.77461667,-26.06621833,1693            27.774625,-26.066225,1693            27.77463333,-26.06623,1693            27.77464333,-26.066235,1693            27.77465167,-26.06624,1693            27.77466,-26.06624667,1693            27.77467,-26.06625167,1692            27.77467833,-26.066255,1692            27.77468667,-26.06626,1693            27.774695,-26.066265,1693            27.774705,-26.06627167,1693            27.77471333,-26.06627667,1693            27.77472,-26.06628167,1692            27.77472833,-26.06628667,1692            27.77474167,-26.06629333,1692            27.77475167,-26.06629667,1692            27.77476,-26.06629833,1692            27.77477,-26.0663,1692            27.77478167,-26.06630333,1692            27.77479,-26.066305,1692            27.77480167,-26.06630667,1692            27.77481167,-26.06630833,1692            27.77482,-26.06631,1692            27.77483167,-26.06631333,1692            27.77484167,-26.06632,1692            27.77485167,-26.06632667,1692            27.77486,-26.066335,1692            27.77486833,-26.06634,1692            27.77487833,-26.066345,1692            27.77488833,-26.06635,1692            27.774895,-26.066355,1692            27.77490333,-26.06636167,1692            27.77491167,-26.066365,1692            27.77492,-26.06637167,1691            27.77492833,-26.06637833,1691            27.77493667,-26.06638333,1691            27.77494667,-26.06639,1691            27.774955,-26.066395,1691            27.774965,-26.06639667,1691            27.774975,-26.0664,1691            27.77498667,-26.066405,1691            27.77499833,-26.06641,1691            27.77500833,-26.06641333,1691            27.77502167,-26.066415,1690            27.77503167,-26.06641667,1690            27.77504167,-26.06642,1690            27.77505167,-26.06642333,1690            27.77506,-26.06642667,1690            27.77507167,-26.06643,1690            27.77508167,-26.06643167,1690            27.77509167,-26.066435,1690            27.7751,-26.06643667,1690            27.77511,-26.06644,1689            27.77511833,-26.066445,1689            27.77512833,-26.06644833,1689            27.77513667,-26.06645167,1689            27.775145,-26.06645667,1689            27.775155,-26.06646,1689            27.77516333,-26.066465,1689            27.775175,-26.06646833,1689            27.77518833,-26.06647167,1689            27.77519833,-26.06647667,1689            27.77520833,-26.06648,1689            27.77522167,-26.066485,1689            27.775235,-26.06649,1689            27.775245,-26.066495,1689            27.775255,-26.06649667,1688            27.775265,-26.06650167,1688            27.775275,-26.06650833,1688            27.775285,-26.066515,1688            27.77529333,-26.06652167,1688            27.77530333,-26.06653,1688            27.77531167,-26.06653833,1688            27.77532,-26.06654667,1688            27.77533167,-26.06655333,1688            27.77534167,-26.06655833,1688            27.77535,-26.06656333,1688            27.77535833,-26.06656833,1688            27.775365,-26.06657333,1687            27.77537167,-26.06657833,1687            27.77537667,-26.06658667,1687            27.77538333,-26.06659333,1687            27.77539,-26.0666,1687            27.77539833,-26.06660667,1687            27.77540667,-26.06661167,1686            27.775415,-26.06661667,1686            27.77542333,-26.06662167,1686            27.77543167,-26.066625,1686            27.77543833,-26.06662833,1686            27.77544667,-26.06663333,1685            27.77545667,-26.06663833,1685            27.77546667,-26.06664167,1685            27.775475,-26.06664667,1685            27.77548333,-26.06665167,1685            27.77549167,-26.066655,1684            27.7755,-26.06666,1684            27.77551,-26.06666333,1684            27.77551833,-26.066665,1684            27.77552833,-26.06667,1684            27.77554,-26.06667333,1684            27.77555167,-26.06667667,1684            27.77556167,-26.06668,1683            27.775575,-26.06668167,1683            27.77558667,-26.06668167,1683            27.77559833,-26.06668333,1683            27.77561167,-26.06668333,1683            27.775625,-26.06668333,1683            27.77563667,-26.06668333,1683            27.77565,-26.06668333,1683            27.77566,-26.06668333,1683            27.77567333,-26.06668,1683            27.775685,-26.06667833,1683            27.77569833,-26.066675,1682            27.77571,-26.06667167,1682            27.77572,-26.06667,1682            27.77573167,-26.06666833,1682            27.77574333,-26.06666667,1682            27.775755,-26.066665,1682            27.77576667,-26.06666167,1683            27.77577667,-26.06665833,1683            27.77578833,-26.06665167,1683            27.77580167,-26.06664667,1683            27.77581167,-26.06664167,1683            27.77582333,-26.06663667,1683            27.77583167,-26.06663,1683            27.77584,-26.066625,1683            27.77584833,-26.06661833,1683            27.775855,-26.06661167,1683            27.77585667,-26.06660833,1683            27.77586167,-26.06660333,1683            27.77586667,-26.06659833,1683            27.77587333,-26.06659333,1683            27.77587833,-26.06658833,1683            27.77588167,-26.066585,1682            27.775885,-26.06657833,1683            27.77589333,-26.06657333,1683            27.77589833,-26.06656833,1683            27.77590333,-26.066565,1683            27.77590833,-26.06655667,1683            27.775915,-26.06654667,1683            27.77591833,-26.06653833,1683            27.77592,-26.066535,1683            27.77592333,-26.06652833,1683            27.77592667,-26.06652333,1683            27.77592667,-26.06652,1683            27.77593,-26.06651333,1683            27.77593333,-26.06650667,1683            27.775935,-26.06650333,1684            27.77593667,-26.06649833,1684            27.77594,-26.06649333,1684            27.77594167,-26.06649,1684            27.77594333,-26.066485,1684            27.775945,-26.06648,1684            27.775945,-26.06647667,1684            27.77595,-26.06647,1684            27.77595167,-26.06646833,1684            27.77595667,-26.06646333,1684            27.77595667,-26.06645833,1684            27.77595833,-26.066455,1684            27.77596167,-26.06644833,1684            27.77596333,-26.06644,1684            27.77596333,-26.066435,1685            27.77596333,-26.06643,1685            27.77596167,-26.06642167,1685            27.77595833,-26.06641333,1685            27.77595833,-26.06640667,1685            27.77595667,-26.0664,1685            27.775955,-26.06638833,1685            27.77595167,-26.06638167,1685            27.77595,-26.066375,1685            27.77594667,-26.06636833,1685            27.77594333,-26.06636,1685            27.77593667,-26.06635333,1685            27.77593167,-26.066345,1685            27.77592833,-26.06633833,1685            27.77592333,-26.06633333,1685            27.77591833,-26.06632667,1685            27.77591,-26.06631833,1686            27.77590167,-26.06631167,1686            27.77589333,-26.066305,1686            27.77588667,-26.06629833,1686            27.77588167,-26.06629333,1686            27.775875,-26.06628833,1686            27.77586833,-26.06628,1686            27.77586333,-26.06627333,1686            27.77585833,-26.066265,1686            27.77585333,-26.066255,1686            27.77585,-26.06624833,1687            27.775845,-26.06624,1687            27.77584167,-26.06623167,1687            27.77583667,-26.06622333,1687            27.77583333,-26.066215,1687            27.77582667,-26.06620833,1687            27.77582,-26.06620333,1687            27.775815,-26.06619667,1687            27.77581333,-26.06619,1687            27.77580667,-26.06618167,1687            27.7758,-26.066175,1687            27.77579667,-26.066165,1687            27.77579333,-26.066155,1687            27.77578833,-26.06614667,1687            27.775785,-26.06613833,1687            27.77578,-26.06612833,1687            27.77577833,-26.06612,1687            27.77577667,-26.06611333,1687            27.775775,-26.066105,1687            27.77577167,-26.06609667,1687            27.77577,-26.06609,1686            27.77576833,-26.06608333,1686            27.77576667,-26.06607667,1686            27.77576333,-26.06607,1686            27.77576,-26.06606167,1686            27.775755,-26.06605333,1686            27.77575167,-26.06604667,1686            27.77574667,-26.06603833,1686            27.77574,-26.06603167,1686            27.77573333,-26.066025,1685            27.77572667,-26.06601833,1685            27.77571833,-26.06601333,1685            27.77571,-26.066005,1685            27.7757,-26.06599833,1685            27.77569,-26.06599167,1685            27.77568167,-26.065985,1685            27.77567333,-26.06597833,1685            27.775665,-26.06597,1685            27.77565833,-26.065965,1686            27.77565167,-26.06595833,1686            27.77564667,-26.06595,1686            27.77564167,-26.06594167,1686            27.77564167,-26.06593833,1686            27.77563833,-26.06593333,1686            27.775635,-26.06592833,1686            27.77563167,-26.06592333,1686            27.775625,-26.06591667,1686            27.77562167,-26.06591167,1686            27.77561833,-26.06590667,1686            27.77561333,-26.0659,1686            27.77561,-26.065895,1686            27.77560833,-26.06589167,1686            27.77560167,-26.06588833,1686            27.77559667,-26.06588333,1686            27.77559333,-26.06588167,1686            27.77559,-26.06587833,1686            27.77558667,-26.06587667,1686            27.775585,-26.06587333,1686            27.77558167,-26.06587,1686            27.77558,-26.06586833,1686            27.77557833,-26.06586667,1686            27.775575,-26.06586333,1686            27.77556667,-26.06586,1686            27.77555833,-26.065855,1686            27.77555,-26.06584833,1686            27.77554,-26.06584333,1686            27.77553333,-26.06584167,1686            27.77552667,-26.06583833,1686            27.77552,-26.06583167,1686            27.77551167,-26.06582333,1686            27.77550667,-26.06581833,1686            27.77550167,-26.06581333,1686            27.77549833,-26.06580667,1686            27.77549167,-26.0658,1686            27.77548833,-26.06579333,1686            27.775485,-26.06579,1686            27.77548,-26.06578333,1686            27.775475,-26.06577833,1686            27.77547167,-26.065775,1686            27.77546833,-26.06576667,1686            27.775465,-26.06576167,1686            27.77546167,-26.06575833,1686            27.77546,-26.06575333,1686            27.775455,-26.06574667,1686            27.77545333,-26.06574167,1687            27.77545167,-26.06573667,1687            27.77545333,-26.06573333,1687            27.77545167,-26.06572667,1687            27.77545167,-26.06572333,1687            27.77545167,-26.06571833,1687            27.77545,-26.065715,1687            27.77544833,-26.06571,1687            27.77544333,-26.065705,1687            27.77544167,-26.06570167,1687            27.77543833,-26.0657,1687            27.775435,-26.0657,1687            27.77543167,-26.06569667,1687            27.77542667,-26.065695,1687            27.77542,-26.06569,1687            27.77541333,-26.065685,1688            27.77541167,-26.06568167,1688            27.77541,-26.06567833,1688            27.775405,-26.065675,1688            27.7754,-26.06567167,1688            27.77539667,-26.06566833,1688            27.77539167,-26.065665,1688            27.77538833,-26.06566167,1688            27.77538667,-26.06566167,1689            27.77538667,-26.06566,1689            27.77538667,-26.06566167,1689            27.775385,-26.06566,1689            27.77538333,-26.06566,1689            27.77538333,-26.06566167,1689            27.775385,-26.06566,1689            27.77538667,-26.06565667,1689            27.77538333,-26.06565167,1689            27.77538,-26.065645,1689            27.775375,-26.06564,1689            27.77537,-26.06563167,1689            27.77536333,-26.06562333,1689            27.77535833,-26.065615,1689            27.775355,-26.06561,1689            27.77535,-26.065605,1689            27.77534333,-26.0656,1689            27.77533667,-26.06559167,1689            27.77533167,-26.065585,1689            27.77532667,-26.06557667,1689            27.77532333,-26.06556833,1689            27.77532333,-26.06556,1689            27.77532333,-26.06555,1689            27.77532333,-26.06554,1689            27.77532333,-26.06553333,1689            27.77532333,-26.065525,1689            27.77532333,-26.06551667,1689            27.77532,-26.06551,1689            27.77531667,-26.065505,1689            27.77531667,-26.06549833,1689            27.77532,-26.06549333,1689            27.77532333,-26.06549,1689            27.77532167,-26.06549,1689            27.77532,-26.06549,1689            27.77531833,-26.06549,1689            27.77531667,-26.06549,1689            27.77531667,-26.06548833,1690            27.77531833,-26.06548833,1690            27.77531833,-26.06548667,1690            27.77531667,-26.06548667,1690            27.775315,-26.06548833,1690            27.77531833,-26.06548667,1690            27.77531667,-26.06548667,1690            27.77531667,-26.065485,1691            27.775315,-26.065485,1691            27.77531333,-26.065485,1691            27.775315,-26.065485,1691            27.775315,-26.06548333,1691            27.77531833,-26.06547833,1691            27.77532333,-26.06547833,1692            27.77532833,-26.06547833,1692            27.77533,-26.06547833,1692            27.77532833,-26.06547833,1692            27.77533167,-26.06547833,1692            27.77533333,-26.06547667,1692            27.77533667,-26.06547833,1692            27.77533833,-26.06548,1692            27.77534,-26.06547833,1692            27.77534333,-26.06548,1691            27.77534833,-26.06548,1691            27.77535333,-26.065485,1691            27.775355,-26.06548667,1691            27.77535667,-26.06548667,1691            27.77535833,-26.065485,1691            27.77535833,-26.06548667,1690            27.77536,-26.06548667,1690            27.77536,-26.06548833,1690            27.77536,-26.06548667,1690            27.77536,-26.06548833,1690            27.77536,-26.06548667,1690            27.77536,-26.06548833,1690            27.77536,-26.06549,1690            27.77536167,-26.06548833,1690            27.77536667,-26.06549,1690            27.77537167,-26.06549333,1690            27.775375,-26.06550167,1690            27.775375,-26.06551167,1690            27.775375,-26.06552,1690            27.77537333,-26.065525,1690            27.77536833,-26.06553167,1690            27.775365,-26.065535,1690            27.77536333,-26.06553833,1690            27.77536167,-26.065545,1690            27.77536167,-26.06554333,1690            27.77536167,-26.065545,1690            27.775365,-26.06554833,1690            27.77536667,-26.06555333,1690            27.77536667,-26.06555833,1690            27.77536667,-26.065565,1690            27.77536667,-26.06557167,1690            27.775365,-26.065575,1690            27.775365,-26.06557833,1690            27.775365,-26.06558,1690            27.77536333,-26.06558333,1690            27.77536,-26.06558667,1690            27.77535833,-26.06558833,1690            27.77536167,-26.06559167,1690            27.775365,-26.065595,1690            27.77536833,-26.06559833,1690            27.77537333,-26.06560333,1690            27.775375,-26.06560667,1690            27.77538167,-26.06561333,1690            27.77538667,-26.06561833,1690            27.77539,-26.06562,1690            27.77539333,-26.06562167,1690            27.77539833,-26.06562667,1690            27.77540333,-26.06563,1690            27.775405,-26.06563333,1690            27.77540833,-26.06563667,1690            27.77541667,-26.06564167,1690            27.77542333,-26.065645,1690            27.77543167,-26.06564833,1690            27.77544,-26.06565,1690            27.77544667,-26.065655,1690            27.77545167,-26.06565833,1690            27.775455,-26.06566167,1690            27.77545833,-26.06566667,1690            27.77546333,-26.06567,1690            27.77546833,-26.06567333,1690            27.77547333,-26.06567833,1690            27.77548,-26.06568333,1690            27.775485,-26.06568833,1690            27.77548833,-26.06569,1690            27.77549167,-26.06569333,1690            27.77549333,-26.06569833,1690            27.775495,-26.065705,1690            27.77549833,-26.06571,1690            27.7755,-26.06571667,1690            27.77550167,-26.06572,1689            27.775505,-26.065725,1689            27.77550667,-26.06572833,1689            27.77550667,-26.06573167,1689            27.77550667,-26.065735,1689            27.77550833,-26.06573667,1689            27.77550833,-26.06574,1689            27.77551167,-26.06574333,1689            27.77551667,-26.06574667,1689            27.77551833,-26.06575,1689            27.77551833,-26.06575167,1689            27.77552,-26.065755,1689            27.77552333,-26.06575833,1689            27.77552333,-26.06576167,1689            27.77552333,-26.06576333,1689            27.77552667,-26.06576667,1689            27.775525,-26.06576833,1689            27.77552833,-26.06577167,1689            27.77552833,-26.06577333,1689            27.77553167,-26.06577667,1689            27.77553667,-26.06578333,1688            27.77554,-26.06579,1688            27.77554333,-26.065795,1688            27.77554667,-26.06579833,1688            27.77554833,-26.06580167,1688            27.77555167,-26.065805,1688            27.775555,-26.06581167,1688            27.77555833,-26.06581667,1688            27.77556,-26.06582,1688            27.77556167,-26.06582167,1688            27.77556667,-26.065825,1688            27.77557333,-26.06583,1687            27.77558,-26.065835,1687            27.77558333,-26.06583833,1687            27.775585,-26.06584167,1687            27.77559167,-26.065845,1687            27.7756,-26.06584833,1687            27.77560667,-26.06585333,1687            27.775615,-26.06585833,1687            27.77562167,-26.06586167,1687            27.77562833,-26.065865,1687            27.77563167,-26.06586667,1687            27.77563667,-26.06587,1687            27.77564167,-26.065875,1687            27.77564667,-26.06588,1687            27.77565,-26.06588333,1687            27.775655,-26.06588667,1687            27.77566167,-26.06589,1686            27.77566833,-26.06589333,1686            27.775675,-26.06589833,1686            27.77567833,-26.06590167,1686            27.775685,-26.06590667,1686            27.77569167,-26.06591167,1686            27.7757,-26.06591667,1686            27.77570667,-26.065925,1686            27.77571333,-26.06593333,1686            27.77571833,-26.06593833,1686            27.77572333,-26.06594333,1686            27.77572833,-26.06595167,1686            27.775735,-26.06596,1686            27.77574,-26.06596667,1686            27.77574,-26.06597167,1686            27.77574333,-26.06597833,1686            27.77575,-26.06598333,1686            27.775755,-26.06598667,1686            27.77576167,-26.06599167,1686            27.77576833,-26.06599833,1686            27.77577167,-26.06600167,1686            27.775775,-26.06600833,1686            27.77578,-26.066015,1686            27.77578333,-26.06602333,1686            27.77578667,-26.06603,1687            27.77579,-26.066035,1687            27.77579333,-26.066045,1687            27.77579833,-26.06605333,1687            27.7758,-26.06606,1687            27.7758,-26.06606833,1687            27.775805,-26.06607833,1687            27.77580667,-26.06608667,1687            27.77580833,-26.06609167,1687            27.77581,-26.0661,1687            27.77581167,-26.06611,1687            27.775815,-26.06611833,1687            27.775815,-26.06612333,1687            27.77581833,-26.06612833,1687            27.77582,-26.06614,1687            27.77582333,-26.06614833,1687            27.77582333,-26.066155,1687            27.77582333,-26.06616167,1687            27.77582833,-26.06617167,1687            27.77583333,-26.06618,1687            27.775835,-26.06618667,1687            27.77583667,-26.06619333,1687            27.77584,-26.06620333,1687            27.77584667,-26.06621333,1687            27.77585167,-26.06622167,1687            27.775855,-26.06622833,1687            27.77586,-26.06623333,1687            27.775865,-26.06624167,1687            27.77587167,-26.06625,1687            27.77587833,-26.06625667,1687            27.775885,-26.06626667,1687            27.77589167,-26.066275,1687            27.77589833,-26.06628333,1687            27.775905,-26.06628833,1687            27.77591167,-26.066295,1687            27.77591667,-26.06630167,1687            27.77592667,-26.06630833,1687            27.775935,-26.066315,1687            27.77594333,-26.06632333,1687            27.77595167,-26.06633333,1687            27.775955,-26.06634167,1687            27.77596,-26.06635,1687            27.775965,-26.06635667,1687            27.77597,-26.066365,1687            27.775975,-26.06637333,1687            27.77597833,-26.06638,1687            27.77598167,-26.06638833,1687            27.775985,-26.06639667,1687            27.77598667,-26.066405,1687            27.77598667,-26.066415,1687            27.77598667,-26.06642333,1687            27.775985,-26.066435,1687            27.77598333,-26.066445,1686            27.77598167,-26.06645333,1686            27.77597833,-26.06646167,1686            27.77597667,-26.06646833,1686            27.77597333,-26.06647333,1686            27.77596833,-26.06647833,1686            27.77596667,-26.066485,1686            27.775965,-26.06649167,1686            27.77596167,-26.06649833,1685            27.77595833,-26.066505,1685            27.775955,-26.06651,1685            27.77595,-26.06651833,1685            27.77594667,-26.06652333,1685            27.77594333,-26.06652833,1685            27.77594,-26.066535,1685            27.775935,-26.06654167,1685            27.77593,-26.06654833,1685            27.77592833,-26.06655667,1685            27.77592333,-26.066565,1685            27.77591667,-26.06657333,1685            27.77591,-26.06658,1685            27.77590333,-26.066585,1685            27.77589667,-26.06659167,1685            27.77589,-26.06659667,1685            27.775885,-26.06660167,1685            27.77588,-26.06660667,1685            27.77587333,-26.06661333,1685            27.77586667,-26.06661833,1685            27.77585833,-26.06662333,1685            27.77585167,-26.06662833,1685            27.77584333,-26.06663333,1685            27.77583667,-26.06663833,1685            27.77582833,-26.06664167,1685            27.77582167,-26.066645,1685            27.77581333,-26.06664833,1685            27.775805,-26.06665167,1685            27.775795,-26.06665667,1685            27.775785,-26.06666167,1685            27.77577333,-26.06666333,1685            27.775765,-26.06666667,1685            27.775755,-26.06667,1685            27.775745,-26.06667167,1685            27.77573333,-26.06667167,1685            27.775725,-26.06667333,1685            27.775715,-26.066675,1685            27.77570333,-26.06667667,1685            27.77569167,-26.06667833,1685            27.77568,-26.06668,1685            27.77566833,-26.06668167,1685            27.775655,-26.06668167,1685            27.77564,-26.06668333,1685            27.77562667,-26.06668333,1685            27.77561667,-26.06668333,1685            27.77560667,-26.06668333,1684            27.775595,-26.06668167,1684            27.775585,-26.06668,1684            27.77557333,-26.06667833,1684            27.77556167,-26.06667667,1684            27.77555167,-26.06667333,1684            27.77554167,-26.06667167,1684            27.775535,-26.06666833,1684            27.77552667,-26.066665,1684            27.77551833,-26.06666167,1684            27.77550833,-26.06665833,1684            27.77549833,-26.06665333,1684            27.77549,-26.06665,1683            27.77548167,-26.06664667,1683            27.77547333,-26.06664167,1683            27.77546333,-26.066635,1683            27.77545167,-26.06663167,1683            27.77544,-26.06662667,1683            27.77543167,-26.06662167,1683            27.77542333,-26.06661667,1683            27.77541333,-26.06661167,1683            27.77540333,-26.06660333,1683            27.77539833,-26.0666,1683            27.77539,-26.06659667,1683            27.77538,-26.06659167,1683            27.77537167,-26.06658833,1683            27.77536667,-26.066585,1684            27.77535833,-26.06658,1684            27.77535,-26.066575,1684            27.77534667,-26.06657,1684            27.77533833,-26.066565,1684            27.77533,-26.06656,1684            27.77532333,-26.066555,1684            27.77531833,-26.06655,1684            27.77531167,-26.06654667,1684            27.77530333,-26.06654,1684            27.775295,-26.066535,1684            27.77528833,-26.06653333,1685            27.77528167,-26.06653,1685            27.77527167,-26.06652333,1685            27.77526333,-26.06652,1685            27.77525667,-26.06651667,1685            27.77524833,-26.06651333,1685            27.77523833,-26.06650833,1685            27.77522667,-26.066505,1685            27.77522167,-26.06650167,1685            27.77521333,-26.06649833,1686            27.77520333,-26.06649333,1686            27.77519167,-26.06648833,1686            27.77518167,-26.066485,1686            27.775175,-26.06648167,1686            27.77516833,-26.06647833,1686            27.77515833,-26.066475,1686            27.77514667,-26.06647,1686            27.775135,-26.066465,1686            27.77512833,-26.06646167,1686            27.77512167,-26.06646,1686            27.77511167,-26.06645667,1686            27.7751,-26.06645167,1686            27.77509,-26.06645,1686            27.77508333,-26.06644833,1686            27.775075,-26.066445,1686            27.775065,-26.06644167,1686            27.77505333,-26.06643833,1686            27.775045,-26.066435,1687            27.77503833,-26.06643167,1687            27.77502833,-26.06643,1687            27.77501833,-26.066425,1687            27.77501,-26.06642333,1687            27.775005,-26.06642,1687            27.77499833,-26.06641833,1687            27.77498667,-26.06641333,1687            27.77497667,-26.06641,1688            27.77497167,-26.06640667,1688            27.774965,-26.06640333,1688            27.77495333,-26.0664,1688            27.774945,-26.066395,1688            27.77494,-26.06639333,1688            27.77493333,-26.06639,1688            27.774925,-26.06638667,1688            27.77491667,-26.06638167,1688            27.77491,-26.06637833,1688            27.77490333,-26.066375,1689            27.77489333,-26.06636833,1689            27.77489,-26.06636667,1689            27.77488333,-26.06636167,1689            27.77487833,-26.06635833,1689            27.77487167,-26.06635167,1689            27.77486667,-26.06634667,1689            27.77486,-26.06634167,1689            27.77484833,-26.066335,1689            27.77484,-26.06633,1689            27.774835,-26.066325,1689            27.77482667,-26.06632167,1689            27.77481667,-26.06631667,1690            27.77480667,-26.06631167,1689            27.77479833,-26.06630667,1689            27.77479167,-26.066305,1690            27.77478333,-26.06630167,1690            27.77477333,-26.0663,1690            27.774765,-26.06629667,1689            27.77475833,-26.06629333,1689            27.774755,-26.06628667,1690            27.77475333,-26.06628167,1690            27.77475333,-26.06628333,1690            27.77475333,-26.066285,1690            27.77475167,-26.066285,1690            27.77475,-26.066285,1690            27.77475,-26.06628667,1690            27.77474833,-26.06628667,1690            27.77475,-26.06628833,1690            27.77474833,-26.06629,1690            27.774745,-26.06629167,1690            27.77474333,-26.06628833,1690            27.774745,-26.06628833,1690            27.774745,-26.06628667,1690            27.77473833,-26.06628833,1690            27.77473333,-26.06628667,1690            27.77472667,-26.06628667,1690            27.77471833,-26.06628167,1690            27.77470667,-26.066275,1690            27.77469167,-26.06627167,1690            27.77467833,-26.06626833,1690            27.774665,-26.066265,1690            27.77465,-26.06626,1690            27.77463667,-26.066255,1691            27.77462333,-26.06625,1691            27.77461167,-26.06624333,1691            27.7746,-26.06623667,1691            27.77458667,-26.06623167,1691            27.77457333,-26.06622333,1691            27.77456,-26.06621667,1691            27.774545,-26.06621,1691            27.77453167,-26.06620167,1691            27.77452,-26.066195,1692            27.77450667,-26.06619,1692            27.774495,-26.06618333,1692            27.77448167,-26.06617667,1692            27.77446833,-26.06617167,1692            27.77445667,-26.06616833,1692            27.774445,-26.06616333,1692            27.77443167,-26.06615667,1692            27.77441833,-26.06615,1692            27.77440333,-26.06614333,1693            27.77438833,-26.06613833,1693            27.77437333,-26.06613333,1693            27.77435833,-26.06612833,1693            27.77434333,-26.06612167,1693            27.77433,-26.06611667,1693            27.774315,-26.06611,1693            27.7743,-26.06610333,1693            27.774285,-26.06609833,1693            27.77426833,-26.06609333,1693            27.774255,-26.066085,1693            27.77424333,-26.06607833,1693            27.77423167,-26.06607333,1693            27.77422,-26.06606667,1693            27.77420667,-26.06606167,1693            27.774195,-26.06605333,1693            27.77418,-26.066045,1693            27.77416833,-26.06603667,1693            27.77415667,-26.06603,1694            27.77414333,-26.066025,1694            27.77413,-26.06601833,1694            27.77411667,-26.06601,1694            27.774105,-26.06600167,1694            27.77409333,-26.065995,1694            27.77408167,-26.06598667,1694            27.77407,-26.06598,1694            27.77406,-26.06597333,1694            27.77405,-26.06597,1694            27.77404167,-26.06596333,1694            27.77403167,-26.06595833,1694            27.77402,-26.06595333,1694            27.77401,-26.06594833,1694            27.77399833,-26.06594333,1694            27.77398667,-26.06593667,1694            27.77397667,-26.06593167,1694            27.77396833,-26.06592833,1694            27.77395833,-26.065925,1695            27.77395,-26.06592167,1695            27.77394,-26.06591667,1695            27.77392833,-26.06591333,1695            27.77391667,-26.06590833,1695            27.773905,-26.06590333,1695            27.773895,-26.06589833,1695            27.77388667,-26.06589333,1695            27.77387833,-26.06589,1695            27.77386833,-26.06588667,1695            27.77385833,-26.06588333,1695            27.77384833,-26.06587667,1695            27.77383667,-26.06587,1695            27.773825,-26.065865,1695            27.773815,-26.06586167,1695            27.77380833,-26.06585833,1695            27.7738,-26.06585333,1695            27.77379167,-26.06584833,1695            27.77378,-26.06584333,1695            27.77376833,-26.06583833,1695            27.77375833,-26.06583333,1695            27.77374667,-26.06583,1695            27.77373833,-26.06582667,1695            27.77373167,-26.06582167,1695            27.77372333,-26.06582,1695            27.77371333,-26.06581667,1695            27.7737,-26.06581333,1695            27.77369,-26.06580833,1696            27.77367833,-26.065805,1696            27.77366833,-26.0658,1696            27.77365833,-26.06579667,1696            27.77364667,-26.06579167,1696            27.77363667,-26.06578667,1696            27.773625,-26.065785,1696            27.773615,-26.06578167,1696            27.773605,-26.06577833,1696            27.77359333,-26.06577333,1696            27.77358167,-26.06577,1696            27.77356833,-26.065765,1696            27.77355667,-26.06576,1696            27.77354333,-26.06575667,1696            27.77353333,-26.06575333,1696            27.77352167,-26.06574833,1696            27.77350833,-26.06574333,1696            27.773495,-26.06574,1696            27.77348333,-26.06573667,1696            27.77347167,-26.06573333,1696            27.77346,-26.06572833,1696            27.77344833,-26.06572167,1696            27.77343667,-26.06571667,1696            27.77342333,-26.06571167,1695            27.77341167,-26.065705,1695            27.77339833,-26.06570167,1695            27.77338833,-26.06569833,1695            27.77337667,-26.065695,1695            27.77336667,-26.06569,1695            27.77335333,-26.065685,1695            27.77334167,-26.06568167,1695            27.77333,-26.06567667,1695            27.77331667,-26.06567,1695            27.773305,-26.065665,1695            27.773295,-26.06566,1695            27.77328667,-26.06565667,1695            27.77327833,-26.06565333,1695            27.77326833,-26.06564833,1695            27.77325667,-26.06564667,1695            27.77324833,-26.06564333,1695            27.77323833,-26.06564,1695            27.77322833,-26.06563333,1695            27.77321833,-26.06563,1695            27.77320833,-26.065625,1695            27.77319667,-26.06562,1695            27.77318833,-26.06561667,1695            27.77317667,-26.06561333,1695            27.77317,-26.06561,1695            27.77316167,-26.06560833,1695            27.77315167,-26.065605,1695            27.77314167,-26.06560167,1695            27.77313167,-26.06559833,1695            27.77312,-26.065595,1695            27.77311,-26.06559,1695            27.77309833,-26.06558833,1695            27.77309,-26.065585,1695            27.77308167,-26.06558167,1695            27.77307167,-26.06558,1695            27.77306,-26.06557667,1695            27.77305167,-26.06557333,1695            27.77304333,-26.06557,1695            27.77303333,-26.06556833,1695            27.77302333,-26.065565,1695            27.77301167,-26.06556333,1695            27.77300167,-26.06556,1695            27.77299167,-26.06555667,1695            27.77298167,-26.06555333,1694            27.77297333,-26.06555167,1694            27.77296167,-26.06555,1694            27.77295333,-26.06554833,1694            27.77294333,-26.065545,1694            27.77293333,-26.06554333,1694            27.77292333,-26.06554,1694            27.77291333,-26.06553833,1694            27.77290333,-26.06553667,1694            27.77289333,-26.06553333,1694            27.77288333,-26.06553,1694            27.77287333,-26.06552833,1694            27.77286333,-26.065525,1694            27.772855,-26.06552333,1694            27.77284833,-26.06552167,1694            27.77283667,-26.06552,1694            27.77282667,-26.06551833,1693            27.772815,-26.06551667,1693            27.77280333,-26.065515,1693            27.77279333,-26.065515,1693            27.77278333,-26.06551333,1693            27.77277333,-26.06551167,1693            27.77276333,-26.06551,1693            27.77275333,-26.06550833,1693            27.77274167,-26.065505,1693            27.77273167,-26.06550333,1693            27.77272167,-26.06550167,1693            27.77271,-26.0655,1692            27.77269833,-26.06549833,1692            27.77268667,-26.06549667,1692            27.77267667,-26.065495,1693            27.77266667,-26.06549333,1693            27.77265833,-26.06549,1693            27.77264833,-26.06548667,1693            27.77264,-26.065485,1693            27.77263167,-26.065485,1692            27.77262167,-26.06548333,1692            27.77261167,-26.06548333,1692            27.77260333,-26.06548167,1692            27.77259333,-26.06548167,1692            27.772585,-26.06548,1692            27.772575,-26.06547833,1692            27.77256833,-26.065475,1692            27.77256,-26.065475,1692            27.77255333,-26.065475,1692            27.77254667,-26.065475,1692            27.77254,-26.06547333,1692            27.77253,-26.06547,1692            27.77252,-26.06546833,1691            27.772515,-26.06546667,1691            27.77250667,-26.065465,1691            27.7725,-26.06546,1691            27.77249333,-26.06545833,1691            27.77248833,-26.065455,1691            27.77248167,-26.06545167,1691            27.77247333,-26.06545,1691            27.77246333,-26.06544833,1691            27.77245167,-26.065445,1691            27.77244167,-26.06544333,1691            27.77243167,-26.06544167,1691            27.772425,-26.06544,1691            27.77241667,-26.06543833,1691            27.77240833,-26.06543667,1691            27.7724,-26.06543833,1691            27.77239167,-26.06543833,1691            27.77238,-26.06544,1691            27.77236833,-26.06544333,1691            27.77235833,-26.06544833,1691            27.77235,-26.06545333,1691            27.77234,-26.06545833,1691            27.77233167,-26.06546167,1690            27.772325,-26.06546667,1690            27.77231667,-26.06547,1690            27.77230667,-26.065475,1690            27.77229667,-26.06548,1690            27.77228833,-26.06548667,1690            27.77228167,-26.06549333,1690            27.77227333,-26.0655,1690            27.77226667,-26.06550667,1690            27.77226,-26.06551333,1690            27.77225333,-26.06552167,1690            27.77224833,-26.06552667,1690            27.77224333,-26.065535,1690            27.77224,-26.06554167,1690            27.77223667,-26.06555,1690            27.77223167,-26.06555833,1690            27.77222667,-26.06556667,1690            27.772225,-26.065575,1689            27.77222167,-26.065585,1689            27.77221833,-26.065595,1689            27.77221333,-26.065605,1689            27.77221167,-26.06561333,1689            27.77221,-26.06562167,1689            27.77220833,-26.06563,1689            27.77220667,-26.06563833,1689            27.772205,-26.065645,1689            27.77220333,-26.06565167,1689            27.77220167,-26.06566,1689            27.77219833,-26.06566833,1688            27.77219833,-26.06567667,1688            27.77219667,-26.06568333,1688            27.77219333,-26.06569167,1688            27.77219,-26.0657,1688            27.772185,-26.06570833,1688            27.77218,-26.065715,1688            27.77217667,-26.06572167,1687            27.77217167,-26.06572833,1687            27.772165,-26.06573333,1687            27.77215667,-26.06573833,1687            27.77215167,-26.06574333,1687            27.77214333,-26.06574833,1687            27.77213667,-26.06575333,1687            27.77213,-26.06576,1687            27.77212167,-26.065765,1687            27.77211333,-26.06577,1687            27.77210833,-26.06577333,1687            27.77210333,-26.06577833,1687            27.77209667,-26.06578167,1687            27.77208833,-26.06578667,1687            27.77208,-26.06579167,1687            27.77207167,-26.06579833,1687            27.772065,-26.065805,1687            27.77205833,-26.06581,1686            27.77205333,-26.06581667,1686            27.77204833,-26.06582167,1686            27.77204167,-26.06582833,1686            27.77203333,-26.065835,1686            27.77202833,-26.06584,1686            27.772025,-26.065845,1686            27.77202,-26.06585167,1686            27.77201333,-26.06585833,1686            27.772005,-26.06586333,1686            27.77199833,-26.06586667,1686            27.77199333,-26.06587167,1686            27.77198667,-26.065875,1686            27.77198,-26.06588167,1686            27.771975,-26.065885,1686            27.77196667,-26.06588833,1686            27.77195667,-26.06588833,1686            27.77194667,-26.06589,1686            27.77193833,-26.06589,1686            27.77192833,-26.06589167,1686            27.77192,-26.06589333,1686            27.77190833,-26.065895,1685            27.77189833,-26.065895,1685            27.77189,-26.065895,1685            27.77188,-26.06589333,1685            27.77187167,-26.06589333,1685            27.77186,-26.06589333,1685            27.77185,-26.065895,1685            27.77183833,-26.065895,1685            27.771825,-26.06589667,1685            27.77181333,-26.06589667,1685            27.77180167,-26.06589833,1685            27.77179,-26.0659,1685            27.77178,-26.0659,1685            27.77176833,-26.06590167,1685            27.77175833,-26.06590333,1685            27.77174833,-26.06590333,1685            27.77173667,-26.065905,1685            27.771725,-26.06590667,1685            27.77171333,-26.06591,1685            27.7717,-26.06591167,1685            27.77168667,-26.06591333,1684            27.77167333,-26.065915,1684            27.77166,-26.06591833,1684            27.77164667,-26.06592,1684            27.771635,-26.06592167,1684            27.77162333,-26.06592167,1684            27.77161167,-26.06592333,1684            27.77160333,-26.065925,1684            27.77159167,-26.065925,1684            27.77158,-26.06592667,1684            27.77156667,-26.06593,1684            27.77155333,-26.06593,1684            27.77154,-26.06593,1684            27.77152667,-26.06593167,1684            27.77151333,-26.06593333,1684            27.77150167,-26.06593667,1684            27.77148833,-26.06593833,1684            27.771475,-26.06594167,1684            27.77146167,-26.065945,1683            27.77145,-26.06594833,1683            27.77144,-26.06595167,1683            27.77142833,-26.06595667,1683            27.77141833,-26.06595833,1684            27.77140667,-26.06596333,1684            27.771395,-26.06596667,1684            27.771385,-26.06597333,1684            27.771375,-26.06598,1684            27.77136833,-26.06598333,1684            27.77136667,-26.06598,1684            27.77136667,-26.06597833,1684            27.771365,-26.06598,1684            27.77136333,-26.06598167,1684            27.77136333,-26.065985,1684            27.77136,-26.06598833,1684            27.771355,-26.06599333,1684            27.77134667,-26.066,1684            27.77134,-26.06600333,1684            27.77133167,-26.06600833,1684            27.77132167,-26.066015,1684            27.77131,-26.06602167,1684            27.77129667,-26.06603,1684            27.77128333,-26.06603667,1684            27.77127,-26.066045,1684            27.77125667,-26.06605,1684            27.77124167,-26.066055,1684            27.77122833,-26.06606,1684            27.77121333,-26.06606667,1684            27.7712,-26.06607,1684            27.771185,-26.066075,1684            27.77117167,-26.06608,1684            27.77116,-26.06608333,1684            27.771145,-26.06608667,1684            27.77113167,-26.06608833,1684            27.77111833,-26.06609333,1684            27.771105,-26.06609833,1684            27.77109167,-26.06610333,1684            27.77107833,-26.06610833,1684            27.77106667,-26.06611167,1684            27.77105667,-26.06611667,1684            27.77104667,-26.06612,1684            27.771035,-26.06612333,1685            27.771025,-26.066125,1685            27.77101167,-26.06612833,1685            27.77100167,-26.06613167,1685            27.77099,-26.06613833,1685            27.77097833,-26.06614333,1685            27.77096667,-26.06614833,1685            27.77095667,-26.06615333,1685            27.77094833,-26.06615833,1685            27.77094,-26.06616333,1685            27.77093167,-26.06616833,1685            27.77092167,-26.06617167,1686            27.77091167,-26.06617667,1686            27.7709,-26.06618,1686            27.77088667,-26.06618333,1686            27.770875,-26.06618333,1686            27.77086167,-26.06618333,1686            27.77085,-26.06618333,1686            27.77083833,-26.066185,1686            27.77082833,-26.066185,1687            27.77081833,-26.06618667,1687            27.77080833,-26.06618667,1687            27.770795,-26.06618833,1687            27.77078167,-26.06619,1687            27.77076833,-26.06619167,1687            27.77075667,-26.06619333,1687            27.77074333,-26.066195,1687            27.77073167,-26.06619667,1687            27.77072167,-26.0662,1687            27.77071167,-26.06620167,1687            27.77070167,-26.066205,1687            27.77069167,-26.06621,1687            27.77068,-26.06621667,1688            27.77066833,-26.06622333,1688            27.77065667,-26.06622833,1688            27.77064667,-26.066235,1688            27.77064,-26.06624,1688            27.77063167,-26.06624833,1688            27.77062,-26.06625333,1688            27.77061,-26.06626167,1688            27.7706,-26.06627,1688            27.77059333,-26.06627833,1688            27.77058667,-26.06628667,1688            27.77057833,-26.066295,1688            27.77057333,-26.06630167,1688            27.77056833,-26.06631,1688            27.77056,-26.06631833,1688            27.770555,-26.06632833,1688            27.77054667,-26.06633833,1689            27.77054,-26.06634833,1689            27.770535,-26.06635833,1689            27.77052833,-26.06636833,1689            27.770525,-26.06637667,1689            27.77051833,-26.06638833,1689            27.77051167,-26.06639667,1689            27.770505,-26.06640333,1689            27.77049667,-26.06641333,1689            27.77049,-26.06642333,1689            27.77048167,-26.066435,1689            27.770475,-26.06644333,1689            27.77046833,-26.06645333,1689            27.77046333,-26.06646167,1689            27.77045833,-26.06647,1689            27.77045167,-26.06647833,1689            27.770445,-26.066485,1689            27.77044,-26.06649333,1689            27.77043167,-26.06650333,1689            27.770425,-26.06651167,1689            27.77041833,-26.06651833,1689            27.77041333,-26.06652667,1689            27.77041,-26.06653167,1689            27.770405,-26.06653833,1690            27.77039833,-26.06654667,1689            27.77039167,-26.066555,1689            27.77038667,-26.06656,1690            27.77038167,-26.06656833,1690            27.770375,-26.066575,1690            27.77037167,-26.06658167,1690            27.77037,-26.06658833,1690            27.77036833,-26.066595,1690            27.77036667,-26.06660167,1690            27.770365,-26.06661,1690            27.77036667,-26.06662,1690            27.77036667,-26.06662667,1690            27.77036667,-26.066635,1690            27.77036667,-26.06664333,1690            27.77036833,-26.06665333,1690            27.77037167,-26.06666,1690            27.77037333,-26.066665,1690            27.770375,-26.06667333,1690            27.77037667,-26.06668167,1691            27.77037833,-26.06669167,1690            27.77037833,-26.06670167,1691            27.77037833,-26.06671167,1691            27.77038,-26.06672,1691            27.77037833,-26.06672833,1691            27.77037667,-26.06673833,1691            27.770375,-26.06674667,1691            27.77037167,-26.066755,1691            27.77037,-26.066765,1691            27.77036667,-26.06677333,1691            27.77036333,-26.06678167,1691            27.77036,-26.06678833,1691            27.77035667,-26.06679667,1691            27.77035333,-26.06680667,1691            27.77035,-26.06681333,1691            27.77034667,-26.06682167,1691            27.77034333,-26.06682833,1691            27.77034,-26.06683667,1691            27.77033833,-26.066845,1691            27.770335,-26.06685167,1691            27.77033,-26.06685833,1691            27.77032833,-26.06686333,1691            27.77032,-26.06687,1691            27.77031667,-26.06687333,1691            27.77031167,-26.06688,1691            27.77030667,-26.06688333,1691            27.7703,-26.06688833,1691            27.77029333,-26.06689,1691            27.77029,-26.06689333,1691            27.77028333,-26.066895,1691            27.77028,-26.066895,1691            27.770275,-26.06689667,1691            27.77026667,-26.06689667,1691            27.77026,-26.0669,1691            27.77025333,-26.06690167,1691            27.770245,-26.06690333,1691            27.77023833,-26.06690333,1691            27.77023,-26.066905,1691            27.77022167,-26.06690667,1691            27.77021333,-26.06690833,1691            27.77020667,-26.06690833,1691            27.7702,-26.06691,1691            27.77019167,-26.06691167,1691            27.77018333,-26.06691333,1691            27.77017833,-26.06691667,1691            27.77016833,-26.06691667,1691            27.77016333,-26.06692,1691            27.77015667,-26.06692,1691            27.77015,-26.06692333,1691            27.77014333,-26.066925,1691            27.77014,-26.066925,1691            27.77013667,-26.06692667,1691            27.77013167,-26.06693,1692            27.77012333,-26.06693333,1692            27.77011333,-26.06693833,1692            27.77010667,-26.06694,1692            27.7701,-26.06694167,1692            27.77009333,-26.06694667,1692            27.77008667,-26.066955,1692            27.77008167,-26.06696333,1692            27.77007667,-26.06696833,1692            27.77007,-26.066975,1692            27.77006333,-26.06698,1692            27.77005833,-26.06698667,1692            27.770055,-26.06699333,1692            27.77005,-26.06699833,1693            27.77004333,-26.06700333,1693            27.77004,-26.06700833,1693            27.77003667,-26.06701333,1693            27.77003,-26.06702167,1693            27.77002667,-26.06702833,1693            27.77002167,-26.06703333,1693            27.77001667,-26.06703833,1693            27.77001333,-26.06704333,1693            27.77001167,-26.06705,1694            27.77000667,-26.06705667,1694            27.77000167,-26.06706167,1694            27.76999833,-26.06706833,1694            27.769995,-26.06707667,1694            27.76998833,-26.06708333,1694            27.76998167,-26.06709,1694            27.76997667,-26.06709667,1694            27.76996833,-26.06710667,1694            27.76996333,-26.06711333,1694            27.76996,-26.06711833,1694            27.769955,-26.067125,1694            27.76995167,-26.06713333,1694            27.76994833,-26.06713833,1694            27.769945,-26.06714333,1694            27.76994167,-26.06715,1694            27.76993833,-26.06715667,1694            27.76993333,-26.06716167,1694            27.76993,-26.06716667,1695            27.769925,-26.06717333,1695            27.76992,-26.06717833,1695            27.76991667,-26.06718167,1695            27.76991333,-26.06719,1695            27.76990833,-26.06719667,1695            27.769905,-26.0672,1695            27.76990167,-26.06720667,1695            27.76989667,-26.06721333,1695            27.76989333,-26.06721833,1695            27.76988833,-26.067225,1696            27.76988333,-26.06722833,1696            27.76988,-26.06723,1696            27.76987667,-26.06723833,1696            27.76987167,-26.067245,1696            27.769865,-26.06724833,1696            27.76986,-26.06725333,1696            27.76985667,-26.06725833,1696            27.76985167,-26.06726333,1696            27.76984667,-26.06726833,1696            27.76984167,-26.06727333,1696            27.76983667,-26.06727833,1696            27.76983,-26.06728333,1696            27.76982333,-26.06728833,1696            27.76981833,-26.067295,1696            27.76981333,-26.0673,1696            27.76980833,-26.06730833,1696            27.76980167,-26.067315,1696            27.76979833,-26.06731833,1696            27.769795,-26.06732167,1696            27.769795,-26.067325,1696            27.76979333,-26.06732833,1696            27.76979167,-26.06733333,1696            27.76979,-26.06734,1696            27.76978667,-26.06734333,1696            27.76978167,-26.06735,1696            27.76977667,-26.067355,1696            27.76977167,-26.06735833,1696            27.76976833,-26.06736333,1696            27.76976333,-26.06737167,1696            27.76976167,-26.06737667,1696            27.76976,-26.06738,1696            27.76976167,-26.06738333,1696            27.76976167,-26.06738667,1696            27.76976333,-26.06739167,1696            27.76976333,-26.06739833,1697            27.76976333,-26.06740167,1697            27.76976167,-26.06740833,1697            27.76976,-26.06741833,1697            27.76976,-26.06742833,1697            27.76976167,-26.06743667,1697            27.76976,-26.067445,1697            27.76976,-26.067455,1697            27.76976167,-26.06746333,1697            27.769765,-26.06747,1697            27.76976833,-26.06747833,1697            27.76977167,-26.06748667,1697            27.76977833,-26.06749333,1697            27.76978333,-26.06750167,1697            27.76978667,-26.06750833,1697            27.76979167,-26.06751333,1697            27.76979667,-26.06752,1697            27.76980333,-26.067525,1697            27.76981167,-26.06753333,1697            27.76982,-26.06754167,1697            27.76982667,-26.06754833,1697            27.76983333,-26.06755333,1697            27.76983833,-26.06755833,1697            27.76984667,-26.06756667,1697            27.76985333,-26.06757167,1697            27.76986,-26.06757833,1697            27.76987,-26.06758667,1697            27.76987667,-26.06759333,1697            27.76988667,-26.06759833,1697            27.769895,-26.067605,1697            27.76990333,-26.06761333,1697            27.76991,-26.06762,1697            27.76991833,-26.06762667,1697            27.76992667,-26.06763333,1697            27.769935,-26.06764,1697            27.76994167,-26.06764667,1697            27.76995167,-26.067655,1697            27.76996,-26.06766167,1697            27.76997,-26.06767167,1697            27.76997833,-26.06768,1697            27.769985,-26.06768667,1697            27.76999333,-26.06769333,1697            27.77000167,-26.0677,1698            27.77000833,-26.06770833,1698            27.77001333,-26.06771333,1698            27.77001833,-26.06772167,1698            27.77002333,-26.06773167,1698            27.77002833,-26.06774167,1698            27.77003333,-26.06775167,1698            27.77003667,-26.06776333,1698            27.77003833,-26.06777333,1698            27.77004167,-26.06778333,1698            27.77004167,-26.06779333,1698            27.77004333,-26.067805,1698            27.77004333,-26.067815,1698            27.770045,-26.067825,1698            27.77004667,-26.06783667,1698            27.77004833,-26.06784833,1698            27.77004833,-26.06786,1698            27.77005167,-26.06787,1698            27.770055,-26.06787833,1698            27.770055,-26.06789,1698            27.770055,-26.0679,1698            27.77005667,-26.06791167,1698            27.77006167,-26.06792167,1698            27.770065,-26.06793333,1698            27.77006833,-26.06794333,1698            27.77007167,-26.06795,1698            27.77007667,-26.06795667,1698            27.77008,-26.067965,1698            27.77008667,-26.06797333,1698            27.77009167,-26.067985,1698            27.77009833,-26.06799333,1698            27.770105,-26.068,1698            27.77011,-26.06800667,1698            27.770115,-26.06801333,1698            27.77012,-26.06802,1698            27.77012667,-26.06802667,1698            27.770135,-26.06803667,1699            27.77014167,-26.06804667,1698            27.77015,-26.068055,1698            27.77015667,-26.068065,1699            27.770165,-26.06807167,1699            27.77017167,-26.06807833,1699            27.77017833,-26.06808667,1699            27.77018333,-26.068095,1699            27.77019167,-26.06810167,1699            27.77019833,-26.06811167,1699            27.77020333,-26.06811833,1699            27.77020667,-26.06812667,1699            27.77021,-26.06813667,1699            27.77021167,-26.06814667,1699            27.77021333,-26.068155,1699            27.77021333,-26.06816333,1699            27.770215,-26.068175,1699            27.77021333,-26.068185,1699            27.77020833,-26.068195,1699            27.77020167,-26.06820333,1699            27.77019167,-26.06821,1699            27.77018333,-26.06821667,1699            27.770175,-26.06822167,1699            27.77016667,-26.06823,1699            27.77015667,-26.06823833,1700            27.77014833,-26.06824333,1700            27.77014167,-26.068245,1700            27.77013667,-26.06824833,1700            27.77012667,-26.06825167,1700            27.77011333,-26.06825333,1700            27.77010333,-26.06825667,1700            27.770095,-26.06825667,1700            27.770085,-26.068255,1700            27.770075,-26.06825333,1700            27.77006667,-26.06825333,1700            27.770055,-26.068255,1700            27.770045,-26.06825667,1700            27.77003833,-26.06825667,1700            27.77002667,-26.06825667,1700            27.770015,-26.06825833,1700            27.77000167,-26.06825833,1701            27.76999,-26.06825833,1701            27.76998167,-26.06826,1701            27.76997167,-26.06826167,1701            27.76996167,-26.068265,1701            27.76995167,-26.068265,1701            27.76994167,-26.06826667,1701            27.769935,-26.06826667,1701            27.769925,-26.06827,1701            27.76991167,-26.06827167,1701            27.7699,-26.06827333,1701            27.76989167,-26.068275,1702            27.76988167,-26.06827833,1702            27.76987,-26.06828,1702            27.76986,-26.06828167,1702            27.76985,-26.06828333,1702            27.76984,-26.068285,1702            27.76983167,-26.06828333,1702            27.76982333,-26.068285,1702            27.76981333,-26.06828667,1702            27.7698,-26.06828667,1702            27.76979,-26.06828667,1702            27.76978167,-26.068285,1703            27.76977167,-26.06828667,1703            27.76976333,-26.06828833,1703            27.76975333,-26.06828833,1703            27.76974167,-26.06828833,1703            27.76973333,-26.06828833,1703            27.76972667,-26.06828833,1703            27.76971667,-26.06828833,1703            27.76970667,-26.06829,1703            27.769695,-26.06829167,1703            27.76968667,-26.06829167,1703            27.76967833,-26.06829167,1703            27.76966833,-26.06829167,1703            27.76965667,-26.06829,1703            27.76964667,-26.06829,1703            27.76963833,-26.06828833,1704            27.76963,-26.06828667,1704            27.76962,-26.06828667,1704            27.76960833,-26.06828667,1704            27.76959667,-26.06828333,1704            27.769585,-26.06828167,1704            27.769575,-26.06828,1704            27.76956667,-26.06827667,1704            27.76955667,-26.06827333,1704            27.76954667,-26.06827167,1704            27.76953667,-26.06827,1704            27.76953,-26.06827,1704            27.76952,-26.06826833,1704            27.76950833,-26.068265,1704            27.76949667,-26.068265,1704            27.76948833,-26.06826333,1704            27.76947833,-26.06826167,1704            27.769465,-26.06826,1704            27.769455,-26.06825667,1704            27.76945,-26.068255,1704            27.76944,-26.06825333,1704            27.76943,-26.06825,1704            27.76942,-26.06824667,1704            27.76941333,-26.068245,1704            27.769405,-26.06824333,1704            27.769395,-26.06824167,1704            27.769385,-26.06824,1704            27.76937833,-26.06823833,1704            27.76937333,-26.06823667,1704            27.76936667,-26.068235,1704            27.769355,-26.06823333,1704            27.769345,-26.06823167,1705            27.76933833,-26.06822833,1705            27.76933167,-26.06822667,1705            27.76932167,-26.06822167,1705            27.76931333,-26.06821833,1705            27.76930833,-26.068215,1705            27.76930167,-26.06821167,1705            27.769295,-26.06820833,1705            27.76929167,-26.06820667,1705            27.76928167,-26.06820667,1705            27.76927,-26.068205,1705            27.76926167,-26.068205,1705            27.769255,-26.06820167,1705            27.76924833,-26.06819833,1705            27.76923667,-26.06819667,1705            27.76922667,-26.06819833,1705            27.76921833,-26.06820167,1705            27.76921167,-26.068205,1705            27.769205,-26.06821167,1705            27.76920167,-26.06821667,1705            27.76919667,-26.06822333,1705            27.76919167,-26.06823333,1705            27.76919,-26.06824167,1705            27.76918667,-26.06824667,1705            27.769185,-26.06825333,1706            27.76918167,-26.06826167,1706            27.76917833,-26.06827333,1706            27.76917833,-26.06828333,1706            27.76917667,-26.06829333,1706            27.769175,-26.068305,1706            27.76917333,-26.06831333,1706            27.76917167,-26.06832167,1706            27.76917,-26.06833,1706            27.769165,-26.06834,1706            27.76916,-26.06835,1706            27.76915667,-26.06836,1706            27.76915167,-26.06836833,1706            27.76914833,-26.06837667,1706            27.76914333,-26.06838333,1706            27.76914,-26.06839,1706            27.769135,-26.0684,1706            27.76913167,-26.06841,1706            27.76912833,-26.06842167,1706            27.76912333,-26.06843167,1706            27.76911833,-26.06844,1706            27.76911333,-26.06844833,1706            27.76911,-26.06845667,1706            27.76910667,-26.068465,1706            27.76910167,-26.068475,1706            27.76909667,-26.06848333,1706            27.76909167,-26.06849167,1706            27.76908667,-26.06849833,1706            27.76908667,-26.068505,1706            27.76908833,-26.06851,1707            27.76909167,-26.06851833,1707            27.76909333,-26.06852667,1707            27.769095,-26.06853167,1707            27.76909833,-26.06853833,1707            27.76910333,-26.068545,1707            27.76911,-26.06855333,1707            27.76911667,-26.06856,1707            27.76912167,-26.06856833,1707            27.76912667,-26.06857667,1707            27.76913,-26.06858167,1707            27.76913333,-26.06858667,1707            27.76914,-26.06859333,1707            27.76914667,-26.06860167,1707            27.76915333,-26.06861167,1707            27.76916,-26.06862167,1707            27.76916667,-26.06863,1707            27.76917167,-26.06863667,1707            27.76917667,-26.06864333,1706            27.76918167,-26.06865,1706            27.76918833,-26.06865833,1706            27.769195,-26.06867,1706            27.76919833,-26.06868167,1706            27.76920167,-26.06868833,1706            27.76920333,-26.06869333,1706            27.76920333,-26.06870167,1706            27.76920333,-26.06870833,1706            27.76920333,-26.06871167,1706            27.76920167,-26.06871833,1706            27.76919833,-26.06872667,1706            27.76919667,-26.06872833,1706            27.76919833,-26.06873,1706            27.7692,-26.068735,1706            27.76920167,-26.06873833,1706            27.76920667,-26.06874333,1706            27.76921,-26.06875,1706            27.76921333,-26.06875333,1706            27.76921667,-26.06875833,1706            27.76922,-26.06876333,1706            27.769225,-26.06877,1706            27.76923167,-26.068775,1707            27.76923833,-26.06877833,1707            27.769245,-26.06878,1707            27.76925167,-26.068785,1707            27.76926167,-26.06878833,1707            27.76927167,-26.06879167,1707            27.76928167,-26.068795,1707            27.76929333,-26.06879833,1708            27.76930167,-26.06880167,1708            27.76931,-26.068805,1708            27.76932,-26.06880833,1708            27.76933167,-26.06881167,1708            27.76934167,-26.06881333,1708            27.76935333,-26.068815,1708            27.76936333,-26.06881667,1708            27.76937333,-26.06881833,1708            27.76938333,-26.06881833,1709            27.76939167,-26.06881833,1709            27.76940333,-26.06882,1709            27.769415,-26.06882167,1709            27.769425,-26.068825,1709            27.76943667,-26.06882667,1709            27.76944833,-26.06882833,1709            27.76946167,-26.06882833,1709            27.76947333,-26.06883,1709            27.769485,-26.06883167,1709            27.76949667,-26.06883167,1709            27.76950833,-26.06883333,1709            27.76951833,-26.068835,1709            27.76952833,-26.068835,1709            27.76954167,-26.068835,1709            27.76955,-26.068835,1709            27.769555,-26.06883667,1709            27.76956333,-26.06883667,1709            27.769575,-26.06884,1709            27.76958667,-26.068845,1708            27.76959833,-26.06885,1708            27.76960833,-26.06885167,1708            27.76962,-26.06885333,1708            27.76962833,-26.06885667,1708            27.76963667,-26.06885833,1708            27.76964167,-26.06886,1708            27.76964833,-26.06885833,1707            27.76965667,-26.06886,1707            27.76966667,-26.06886167,1707            27.76967667,-26.06886333,1707            27.769685,-26.068865,1707            27.76969167,-26.068865,1707            27.769695,-26.06886667,1707            27.76969667,-26.06886167,1707            27.7697,-26.06885333,1706            27.769705,-26.06884667,1706            27.76970833,-26.06884,1706            27.76970833,-26.06883333,1706            27.76971167,-26.068825,1706            27.76971667,-26.068815,1706            27.76972167,-26.068805,1706            27.76973,-26.06879333,1706            27.76973667,-26.06878167,1706            27.76974333,-26.06876833,1705            27.76975,-26.06875667,1705            27.76975667,-26.06874667,1705            27.769765,-26.06873667,1705            27.76977167,-26.06872667,1705            27.76977667,-26.06871333,1705            27.76978167,-26.06870167,1705            27.769785,-26.06869,1705            27.76979,-26.06867667,1705            27.76979667,-26.068665,1705            27.76980167,-26.06865,1705            27.76980833,-26.06863833,1704            27.769815,-26.068625,1704            27.76982,-26.06861333,1704            27.76982667,-26.06860167,1704            27.76983333,-26.06859167,1704            27.76984667,-26.06858,1704            27.76986,-26.06857333,1704            27.76987667,-26.06857,1704            27.76989,-26.06857,1704            27.76990167,-26.06857,1704            27.76991667,-26.06857167,1703            27.76993167,-26.06857333,1703            27.76994833,-26.06857333,1703            27.76996,-26.06857667,1703            27.76997667,-26.06858,1703            27.76999167,-26.06858333,1703            27.770005,-26.068585,1703            27.77002,-26.06858833,1703            27.770035,-26.06859333,1703            27.77005167,-26.06859833,1703            27.77006667,-26.06860333,1703            27.77007833,-26.06861,1703            27.77009167,-26.06861667,1703            27.770105,-26.06862333,1703            27.77011833,-26.06863,1703            27.77013167,-26.068635,1703            27.770145,-26.06864,1703            27.770155,-26.06864833,1703            27.77016167,-26.06865667,1703            27.77016667,-26.068665,1703            27.77016333,-26.068675,1703            27.77015833,-26.06868667,1703            27.77015167,-26.06869833,1703            27.770145,-26.06871,1703            27.77014,-26.06872,1702            27.77013667,-26.06873167,1702            27.77013167,-26.06874333,1702            27.770125,-26.068755,1702            27.77011833,-26.06876667,1702            27.77011167,-26.06877833,1702            27.77010667,-26.06879167,1702            27.77010167,-26.068805,1702            27.770095,-26.06881667,1702            27.77009,-26.06882833,1702            27.77008333,-26.06884167,1702            27.77007833,-26.06885333,1702            27.77007167,-26.06886667,1702            27.77006667,-26.06887833,1702            27.77006,-26.06889,1702            27.770055,-26.06890167,1702            27.77005,-26.06891167,1702            27.77004333,-26.06892333,1702            27.77004,-26.06893167,1702            27.770035,-26.06894,1702            27.77003,-26.06895,1702            27.77002,-26.06895667,1702            27.77000833,-26.06896,1702            27.76999833,-26.06896167,1702            27.76998667,-26.06896167,1703            27.76997333,-26.06896167,1703            27.76996167,-26.06896333,1703            27.76994833,-26.06896167,1703            27.76993833,-26.06896,1703            27.76992667,-26.06895833,1703            27.76991667,-26.068955,1703            27.76990667,-26.068955,1703            27.769895,-26.068955,1703            27.769885,-26.068955,1703            27.76987333,-26.06895333,1704            27.76986167,-26.06895,1704            27.76985167,-26.06895,1704            27.76984167,-26.06895167,1704            27.769835,-26.06895333,1704            27.76982833,-26.06895667,1704            27.76982,-26.06896167,1704            27.76981167,-26.06896333,1704            27.76980333,-26.068965,1704            27.76979667,-26.068965,1704            27.76979167,-26.06896333,1704            27.769785,-26.06896333,1704          </coordinates></LineString></Placemark></Folder></Document></kml>