<?xml version="1.0" encoding="UTF-8"?><kml xmlns="http://www.opengis.net/kml/2.2"><Document><name>Tsakane Wetlands parkrun (from Jan 2024)</name><description/><Style id="icon-123-nodesc-normal"><IconStyle><scale>1.1</scale><Icon><href>https://www.gstatic.com/mapspro/images/stock/123-red-dot.png</href></Icon><hotSpot x="16" xunits="pixels" y="32" yunits="insetPixels"/></IconStyle><LabelStyle><scale>0</scale></LabelStyle><BalloonStyle><text><![CDATA[<h3>$[name]</h3>]]></text></BalloonStyle></Style><Style id="icon-123-nodesc-highlight"><IconStyle><scale>1.1</scale><Icon><href>https://www.gstatic.com/mapspro/images/stock/123-red-dot.png</href></Icon><hotSpot x="16" xunits="pixels" y="32" yunits="insetPixels"/></IconStyle><LabelStyle><scale>1.1</scale></LabelStyle><BalloonStyle><text><![CDATA[<h3>$[name]</h3>]]></text></BalloonStyle></Style><StyleMap id="icon-123-nodesc"><Pair><key>normal</key><styleUrl>#icon-123-nodesc-normal</styleUrl></Pair><Pair><key>highlight</key><styleUrl>#icon-123-nodesc-highlight</styleUrl></Pair></StyleMap><Style id="icon-61-nodesc-normal"><IconStyle><scale>1.1</scale><Icon><href>https://www.gstatic.com/mapspro/images/stock/61-green-dot.png</href></Icon><hotSpot x="16" xunits="pixels" y="32" yunits="insetPixels"/></IconStyle><LabelStyle><scale>0</scale></LabelStyle><BalloonStyle><text><![CDATA[<h3>$[name]</h3>]]></text></BalloonStyle></Style><Style id="icon-61-nodesc-highlight"><IconStyle><scale>1.1</scale><Icon><href>https://www.gstatic.com/mapspro/images/stock/61-green-dot.png</href></Icon><hotSpot x="16" xunits="pixels" y="32" yunits="insetPixels"/></IconStyle><LabelStyle><scale>1.1</scale></LabelStyle><BalloonStyle><text><![CDATA[<h3>$[name]</h3>]]></text></BalloonStyle></Style><StyleMap id="icon-61-nodesc"><Pair><key>normal</key><styleUrl>#icon-61-nodesc-normal</styleUrl></Pair><Pair><key>highlight</key><styleUrl>#icon-61-nodesc-highlight</styleUrl></Pair></StyleMap><Style id="line-0288D1-3519-nodesc-normal"><LineStyle><color>ffd18802</color><width>3.519</width></LineStyle><BalloonStyle><text><![CDATA[<h3>$[name]</h3>]]></text></BalloonStyle></Style><Style id="line-0288D1-3519-nodesc-highlight"><LineStyle><color>ffd18802</color><width>5.2785</width></LineStyle><BalloonStyle><text><![CDATA[<h3>$[name]</h3>]]></text></BalloonStyle></Style><StyleMap id="line-0288D1-3519-nodesc"><Pair><key>normal</key><styleUrl>#line-0288D1-3519-nodesc-normal</styleUrl></Pair><Pair><key>highlight</key><styleUrl>#line-0288D1-3519-nodesc-highlight</styleUrl></Pair></StyleMap><Folder><name>20231028_080756 (2).gpx</name><Placemark><name>Start</name><styleUrl>#icon-61-nodesc</styleUrl><Point><coordinates>            28.3711738586426,-26.3482074737549,0          </coordinates></Point></Placemark><Placemark><name>Finish</name><styleUrl>#icon-123-nodesc</styleUrl><Point><coordinates>            28.3711605072021,-26.3483562469482,0          </coordinates></Point></Placemark><Placemark><name>Course</name><styleUrl>#line-0288D1-3519-nodesc</styleUrl><LineString><tessellate>1</tessellate><coordinates>            28.3711738586426,-26.3482074737549,0            28.3711013793945,-26.3481864929199,0            28.3710441589355,-26.3481693267822,0            28.3709964752197,-26.3481540679932,0            28.3709735870361,-26.3481273651123,0            28.3709526062012,-26.3481159210205,0            28.3708820343018,-26.3481254577637,0            28.370849609375,-26.3481330871582,0            28.3708248138428,-26.3481159210205,0            28.3707847595215,-26.348108291626,0            28.3707408905029,-26.3481197357178,0            28.370698928833,-26.3481216430664,0            28.370662689209,-26.3481273651123,0            28.3706207275391,-26.3481369018555,0            28.3705902099609,-26.3481502532959,0            28.3705539703369,-26.3481483459473,0            28.3705234527588,-26.3481559753418,0            28.3704891204834,-26.3481616973877,0            28.370454788208,-26.3481693267822,0            28.3704223632812,-26.3481750488281,1748.0311            28.3703842163086,-26.3481826782227,0            28.3703517913818,-26.3481884002686,0            28.3703193664551,-26.3481922149658,0            28.3702850341797,-26.3481922149658,0            28.3702564239502,-26.3481941223145,1748.1655            28.3702239990234,-26.3482036590576,0            28.370189666748,-26.3482112884521,0            28.3701572418213,-26.3482208251953,0            28.3701267242432,-26.3482265472412,0            28.3700923919678,-26.3482265472412,0            28.370059967041,-26.3482284545898,0            28.3700294494629,-26.3482227325439,0            28.3700065612793,-26.3482265472412,0            28.3699722290039,-26.3482246398926,0            28.3699417114258,-26.3482189178467,1749.1989            28.3699150085449,-26.3482151031494,0            28.3698825836182,-26.348201751709,0            28.3698482513428,-26.3481884002686,0            28.3698120117188,-26.3481769561768,0            28.3697814941406,-26.3481712341309,0            28.3697490692139,-26.3481674194336,0            28.3697147369385,-26.348165512085,0            28.3696842193604,-26.3481616973877,0            28.3696537017822,-26.3481578826904,0            28.36962890625,-26.3481578826904,1750.81            28.3695983886719,-26.3481616973877,0            28.3695659637451,-26.3481559753418,0            28.3695316314697,-26.3481597900391,0            28.3694972991943,-26.3481578826904,0            28.3694686889648,-26.3481616973877,0            28.3694381713867,-26.3481636047363,0            28.3694095611572,-26.3481693267822,0            28.3693809509277,-26.348180770874,0            28.3693599700928,-26.3481922149658,0            28.3693351745605,-26.3482055664063,1751.7344            28.369312286377,-26.3482189178467,0            28.3692893981934,-26.348237991333,0            28.3692722320557,-26.3482570648193,0            28.3692569732666,-26.348274230957,0            28.3692378997803,-26.3482933044434,0            28.3692283630371,-26.3483142852783,0            28.369213104248,-26.3483390808105,0            28.3692054748535,-26.3483638763428,0            28.3692035675049,-26.348388671875,0            28.3691997528076,-26.3484172821045,1751.6589            28.3691902160645,-26.3484439849854,0            28.3691844940186,-26.3484687805176,0            28.3691787719727,-26.3484935760498,0            28.3691654205322,-26.3485145568848,0            28.3691577911377,-26.3485355377197,0            28.3691387176514,-26.3485565185547,0            28.3691177368164,-26.3485832214355,0            28.3691101074219,-26.3486022949219,0            28.3691024780273,-26.3486213684082,0            28.3691005706787,-26.3486385345459,1751.2755            28.3691005706787,-26.348653793335,0            28.3691005706787,-26.3486671447754,0            28.3691005706787,-26.3486785888672,0            28.3690986633301,-26.3486938476563,0            28.3691005706787,-26.3487110137939,0            28.3690986633301,-26.3487281799316,0            28.3691005706787,-26.3487377166748,0            28.3691005706787,-26.3487548828125,0            28.3691024780273,-26.3487701416016,0            28.3691024780273,-26.3487873077393,1749.5845            28.3691024780273,-26.3488025665283,0            28.3690967559814,-26.3488140106201,0            28.3690929412842,-26.3488273620605,0            28.3690891265869,-26.3488426208496,0            28.3690814971924,-26.3488597869873,0            28.3690814971924,-26.3488712310791,0            28.3690814971924,-26.3488826751709,0            28.369083404541,-26.34889793396,0            28.369083404541,-26.3489112854004,0            28.3690814971924,-26.3489265441895,1747.9176            28.3690738677979,-26.3489418029785,0            28.3690662384033,-26.3489570617676,0            28.3690624237061,-26.3489685058594,0            28.3690567016602,-26.3489837646484,0            28.3690509796143,-26.3489952087402,0            28.3690433502197,-26.3490085601807,0            28.3690338134766,-26.3490200042725,0            28.369026184082,-26.3490314483643,0            28.3690223693848,-26.3490467071533,0            28.3690147399902,-26.3490619659424,1746.6953            28.3690052032471,-26.3490695953369,0            28.3690032958984,-26.3490734100342,0            28.3690013885498,-26.3490715026855,0            28.369010925293,-26.3490772247314,0            28.3690166473389,-26.3490924835205,0            28.3690166473389,-26.3491153717041,0            28.3690147399902,-26.3491268157959,0            28.3690090179443,-26.3491401672363,1745.9067            28.3690052032471,-26.3491516113281,0            28.3689937591553,-26.3491649627686,0            28.3689861297607,-26.349178314209,0            28.3689823150635,-26.3491897583008,0            28.3689785003662,-26.3492031097412,0            28.3689746856689,-26.3492164611816,0            28.3689670562744,-26.3492298126221,0            28.3689613342285,-26.3492469787598,0            28.3689556121826,-26.3492584228516,0            28.3689517974854,-26.3492736816406,1744.7753            28.3689498901367,-26.3492870330811,0            28.3689460754395,-26.3493003845215,0            28.3689365386963,-26.3493137359619,0            28.368932723999,-26.3493251800537,0            28.3689308166504,-26.3493366241455,0            28.3689308166504,-26.3493576049805,0            28.3689308166504,-26.3493747711182,0            28.368932723999,-26.3493843078613,0            28.3689289093018,-26.3493957519531,0            28.3689231872559,-26.3494071960449,1743.9387            28.3689155578613,-26.3494129180908,0            28.3689079284668,-26.3494243621826,0            28.3688983917236,-26.3494338989258,0            28.368896484375,-26.3494491577148,0            28.3688945770264,-26.3494644165039,0            28.3688907623291,-26.3494777679443,1743.8208            28.3688869476318,-26.3494930267334,0            28.3688850402832,-26.3495082855225,0            28.3688850402832,-26.3495216369629,0            28.3688869476318,-26.3495330810547,0            28.3688831329346,-26.3495464324951,0            28.3688812255859,-26.3495635986328,0            28.3688793182373,-26.3495788574219,0            28.36887550354,-26.3495979309082,0            28.3688716888428,-26.3496150970459,0            28.3688716888428,-26.3496322631836,0            28.3688678741455,-26.3496494293213,0            28.368860244751,-26.3496646881104,0            28.3688583374023,-26.3496837615967,0            28.3688545227051,-26.3497009277344,1743.4592            28.3688526153564,-26.3497180938721,0            28.3688507080078,-26.3497333526611,0            28.3688449859619,-26.3497447967529,0            28.3688449859619,-26.3497581481934,0            28.3688430786133,-26.3497714996338,0            28.3688411712646,-26.3497867584229,0            28.3688373565674,-26.3498039245605,0            28.3688354492188,-26.3498191833496,0            28.3688316345215,-26.3498306274414,0            28.3688278198242,-26.3498401641846,1743.1426            28.368824005127,-26.3498516082764,0            28.3688201904297,-26.3498649597168,0            28.3688182830811,-26.3498783111572,0            28.3688163757324,-26.3498935699463,0            28.3688144683838,-26.3499088287354,0            28.3688106536865,-26.3499240875244,0            28.3688087463379,-26.3499374389648,0            28.368803024292,-26.3499546051025,0            28.3687973022461,-26.3499698638916,0            28.3687877655029,-26.3499851226807,1743.1327            28.3687839508057,-26.3499965667725,0            28.3687801361084,-26.3500099182129,0            28.3687744140625,-26.3500232696533,0            28.368766784668,-26.3500385284424,0            28.3687629699707,-26.3500518798828,0            28.3687610626221,-26.3500633239746,0            28.3687591552734,-26.3500785827637,0            28.3687572479248,-26.3500938415527,0            28.3687553405762,-26.3501071929932,0            28.3687534332275,-26.3501205444336,1743.1982            28.3687534332275,-26.3501377105713,0            28.3687477111816,-26.3501510620117,0            28.3687400817871,-26.350170135498,0            28.3687381744385,-26.3501853942871,0            28.3687343597412,-26.3501987457275,0            28.3687305450439,-26.3502159118652,0            28.368724822998,-26.3502311706543,0            28.3687210083008,-26.3502464294434,0            28.3687152862549,-26.3502616882324,0            28.3687114715576,-26.3502769470215,1743.0377            28.3687114715576,-26.3502922058105,0            28.368709564209,-26.3503074645996,0            28.368709564209,-26.35032081604,0            28.3687057495117,-26.3503360748291,0            28.3686962127686,-26.3503494262695,0            28.3686923980713,-26.3503589630127,0            28.368688583374,-26.3503723144531,0            28.3686847686768,-26.3503856658936,0            28.3686828613281,-26.3504009246826,0            28.3686790466309,-26.3504180908203,1742.9711            28.3686771392822,-26.350435256958,0            28.3686752319336,-26.3504505157471,0            28.368673324585,-26.3504676818848,0            28.3686676025391,-26.3504867553711,0            28.3686637878418,-26.3505058288574,0            28.3686637878418,-26.3505210876465,0            28.3686580657959,-26.3505363464355,0            28.3686580657959,-26.3505535125732,0            28.3686599731445,-26.3505687713623,0            28.3686599731445,-26.3505859375,1742.9198            28.3686599731445,-26.3505992889404,0            28.3686599731445,-26.3506145477295,0            28.3686580657959,-26.3506278991699,0            28.3686561584473,-26.3506412506104,0            28.3686561584473,-26.3506565093994,0            28.3686561584473,-26.3506698608398,0            28.3686542510986,-26.3506813049316,0            28.36865234375,-26.3506927490234,0            28.3686485290527,-26.3507061004639,0            28.3686485290527,-26.3507194519043,1743.041            28.3686504364014,-26.3507308959961,0            28.3686466217041,-26.350736618042,0            28.3686408996582,-26.3507480621338,0            28.3686370849609,-26.3507652282715,0            28.3686351776123,-26.3507804870605,0            28.3686351776123,-26.3507976531982,0            28.3686332702637,-26.3508129119873,0            28.3686256408691,-26.3508262634277,0            28.3686180114746,-26.3508396148682,0            28.3686103820801,-26.3508548736572,1743.0214            28.3686065673828,-26.3508701324463,0            28.3686008453369,-26.3508853912354,0            28.3685970306396,-26.3509006500244,0            28.368595123291,-26.3509159088135,0            28.3685913085938,-26.3509292602539,0            28.3685874938965,-26.3509407043457,0            28.3685760498047,-26.3509559631348,0            28.3685703277588,-26.3509712219238,0            28.3685626983643,-26.3509883880615,0            28.3685569763184,-26.3510036468506,1743.2289            28.3685550689697,-26.3510189056396,0            28.3685569763184,-26.3510360717773,0            28.3685569763184,-26.3510551452637,0            28.3685607910156,-26.35107421875,0            28.368558883667,-26.3510971069336,0            28.3685550689697,-26.3511180877686,0            28.3685493469238,-26.3511333465576,0            28.3685455322266,-26.3511447906494,0            28.3685398101807,-26.3511600494385,0            28.3685283660889,-26.3511810302734,1743.6996            28.3685188293457,-26.3511981964111,0            28.3685188293457,-26.3512115478516,0            28.3685092926025,-26.351224899292,0            28.3685054779053,-26.3512420654297,0            28.368501663208,-26.3512573242188,0            28.3684940338135,-26.3512687683105,0            28.3684940338135,-26.3512859344482,0            28.3684883117676,-26.3513011932373,0            28.368480682373,-26.3513145446777,0            28.3684730529785,-26.3513298034668,1743.8765            28.3684692382812,-26.3513469696045,0            28.3684616088867,-26.3513698577881,0            28.3684501647949,-26.3513965606689,0            28.3684406280518,-26.3514232635498,0            28.3684310913086,-26.351448059082,0            28.3684253692627,-26.3514747619629,0            28.3684234619141,-26.3515090942383,0            28.3684177398682,-26.3515396118164,0            28.3684062957764,-26.3515682220459,0            28.3683986663818,-26.3515911102295,1745.1433            28.3683948516846,-26.3516178131104,0            28.3683891296387,-26.3516426086426,0            28.3683815002441,-26.3516654968262,0            28.3683757781982,-26.3516902923584,0            28.3683700561523,-26.3517150878906,0            28.3683605194092,-26.3517398834229,0            28.368350982666,-26.3517665863037,0            28.3683395385742,-26.3517875671387,0            28.3683319091797,-26.3518104553223,0            28.3683261871338,-26.3518314361572,1746.4059            28.3683242797852,-26.3518543243408,0            28.3683223724365,-26.3518772125244,0            28.3683166503906,-26.351900100708,0            28.3683166503906,-26.351921081543,0            28.3683128356934,-26.3519439697266,0            28.3683128356934,-26.3519725799561,0            28.3683071136475,-26.3519973754883,0            28.3682994842529,-26.3520183563232,0            28.3682918548584,-26.3520412445068,0            28.3682861328125,-26.3520641326904,1747.3168            28.3682823181152,-26.3520832061768,0            28.368278503418,-26.3521022796631,0            28.3682727813721,-26.3521251678467,0            28.3682708740234,-26.3521499633789,0            28.3682670593262,-26.3521728515625,0            28.3682613372803,-26.3521938323975,0            28.3682556152344,-26.3522186279297,0            28.3682498931885,-26.3522453308105,0            28.3682441711426,-26.3522720336914,0            28.3682403564453,-26.352294921875,1747.8881            28.3682384490967,-26.3523178100586,0            28.3682422637939,-26.3523387908936,0            28.3682518005371,-26.3523635864258,0            28.3682613372803,-26.3523845672607,0            28.3682708740234,-26.3524074554443,0            28.3682746887207,-26.3524150848389,0            28.3682861328125,-26.3524208068848,0            28.3683013916016,-26.352424621582,0            28.3683223724365,-26.3524227142334,0            28.3683414459229,-26.3524227142334,1747.8116            28.3683605194092,-26.352424621582,0            28.3683815002441,-26.3524265289307,0            28.3684062957764,-26.3524322509766,0            28.3684234619141,-26.3524417877197,0            28.3684368133545,-26.3524494171143,0            28.3684558868408,-26.3524551391602,0            28.3684825897217,-26.3524570465088,0            28.3684997558594,-26.3524608612061,0            28.3685188293457,-26.3524646759033,0            28.3685359954834,-26.3524684906006,1747.3386            28.3685512542725,-26.3524742126465,0            28.3685665130615,-26.3524799346924,0            28.3685779571533,-26.3524856567383,0            28.3686008453369,-26.3524856567383,0            28.368616104126,-26.3524932861328,0            28.3686332702637,-26.3524932861328,0            28.3686485290527,-26.3524951934814,0            28.3686618804932,-26.3524971008301,0            28.3686752319336,-26.3524971008301,0            28.3686962127686,-26.3525009155273,1746.029            28.3687171936035,-26.3525009155273,0            28.3687553405762,-26.3525104522705,0            28.3687763214111,-26.3525161743164,0            28.3687934875488,-26.352518081665,0            28.3688163757324,-26.3525218963623,0            28.3688430786133,-26.3525218963623,0            28.3688621520996,-26.3525257110596,0            28.3688793182373,-26.3525314331055,1745.2842            28.3688907623291,-26.3525390625,0            28.3689193725586,-26.3525485992432,0            28.3689365386963,-26.3525543212891,0            28.368968963623,-26.3525581359863,0            28.3689842224121,-26.3525619506836,0            28.3690013885498,-26.3525638580322,0            28.3690185546875,-26.3525695800781,0            28.3690338134766,-26.3525714874268,0            28.3690547943115,-26.3525733947754,1745.1608            28.3690738677979,-26.3525772094727,0            28.3690910339356,-26.3525810241699,0            28.3691062927246,-26.3525867462158,0            28.369119644165,-26.3525905609131,0            28.3691349029541,-26.352596282959,0            28.3691539764404,-26.3526039123535,0            28.3691730499268,-26.352611541748,0            28.3691902160645,-26.3526153564453,0            28.3692092895508,-26.3526153564453,0            28.3692264556885,-26.3526172637939,1744.6508            28.3692417144775,-26.3526191711426,0            28.3692607879639,-26.3526210784912,0            28.3692798614502,-26.3526248931885,0            28.3692989349365,-26.3526306152344,0            28.3693180084229,-26.3526382446289,0            28.3693370819092,-26.3526401519775,0            28.3693561553955,-26.3526420593262,0            28.3693714141846,-26.3526439666748,0            28.3693904876709,-26.3526458740234,0            28.3694019317627,-26.3526515960693,1744.3962            28.3694171905518,-26.3526554107666,0            28.3694362640381,-26.3526630401611,0            28.3694534301758,-26.3526725769043,0            28.3694686889648,-26.3526782989502,0            28.3694877624512,-26.3526821136475,0            28.3695030212402,-26.3526916503906,0            28.3695240020752,-26.3526973724365,0            28.3695449829102,-26.3526973724365,0            28.3695659637451,-26.3526992797852,0            28.3695869445801,-26.3526992797852,1744.3384            28.369607925415,-26.3526973724365,0            28.3696269989014,-26.3526973724365,0            28.3696441650391,-26.3526954650879,0            28.3696632385254,-26.3526954650879,0            28.3696842193604,-26.3526954650879,0            28.3697032928467,-26.3527011871338,0            28.3697185516357,-26.3527011871338,0            28.3697357177734,-26.3527030944824,0            28.3697509765625,-26.3527050018311,0            28.3697700500488,-26.3527069091797,1743.6985            28.3697948455811,-26.3527069091797,0            28.369815826416,-26.3527126312256,0            28.3698329925537,-26.3527164459229,0            28.36985206604,-26.3527221679688,0            28.3698692321777,-26.3527278900146,0            28.3698863983154,-26.3527317047119,0            28.3699054718018,-26.3527355194092,0            28.3699226379395,-26.3527431488037,0            28.369945526123,-26.3527526855469,0            28.3699569702148,-26.3527565002441,1743.6963            28.3699645996094,-26.3527641296387,0            28.3699779510498,-26.3527717590332,0            28.3699951171875,-26.3527774810791,0            28.3700084686279,-26.3527793884277,0            28.3700275421143,-26.3527812957764,0            28.3700466156006,-26.352783203125,0            28.3700656890869,-26.3527870178223,0            28.3700847625732,-26.3527908325195,0            28.3701019287109,-26.3527908325195,0            28.3701190948486,-26.3527946472168,1743.8699            28.3701343536377,-26.3527984619141,0            28.3701477050781,-26.3528003692627,0            28.3701629638672,-26.3528022766113,0            28.3701801300049,-26.3528060913086,0            28.3701992034912,-26.3528079986572,0            28.3702163696289,-26.3528137207031,0            28.370231628418,-26.352819442749,0            28.3702526092529,-26.3528232574463,0            28.3702697753906,-26.3528232574463,0            28.370288848877,-26.3528251647949,1744.2936            28.3703079223633,-26.3528270721436,0            28.370325088501,-26.3528270721436,0            28.3703460693359,-26.3528327941895,0            28.370361328125,-26.3528366088867,0            28.37038230896,-26.3528461456299,0            28.3704032897949,-26.3528499603271,0            28.370418548584,-26.3528575897217,0            28.3704357147217,-26.3528614044189,0            28.3704566955566,-26.3528633117676,0            28.3704814910889,-26.3528652191162,1744.0118            28.3705081939697,-26.3528690338135,0            28.3705444335938,-26.3528728485107,0            28.3705825805664,-26.3528842926025,0            28.3706188201904,-26.352897644043,0            28.3706588745117,-26.3529090881348,0            28.3706912994385,-26.3529186248779,0            28.3707294464111,-26.3529205322266,0            28.3707618713379,-26.3529205322266,0            28.3707981109619,-26.3529281616211,0            28.37082862854,-26.3529281616211,1744.4028            28.3708572387695,-26.3529281616211,0            28.3708801269531,-26.3529262542725,0            28.3708934783936,-26.3529376983643,0            28.3708915710449,-26.3529472351074,0            28.3708877563477,-26.3529605865479,0            28.3708782196045,-26.3529777526855,0            28.3708839416504,-26.3529968261719,0            28.370885848999,-26.3530139923096,0            28.3708839416504,-26.3530368804932,0            28.3708801269531,-26.353063583374,1745.033            28.3708744049072,-26.3530883789063,0            28.3708667755127,-26.3531131744385,0            28.3708572387695,-26.3531379699707,0            28.3708438873291,-26.3531627655029,0            28.3708324432373,-26.3531875610352,0            28.3708209991455,-26.3532104492188,0            28.370813369751,-26.3532333374023,0            28.3708038330078,-26.3532543182373,0            28.3707942962646,-26.3532733917236,0            28.3707866668701,-26.3532962799072,1744.9565            28.3707847595215,-26.3533191680908,0            28.370777130127,-26.3533458709717,0            28.3707675933838,-26.3533725738525,0            28.3707580566406,-26.3533992767334,0            28.3707523345947,-26.3534202575684,0            28.3707427978516,-26.353443145752,0            28.3707408905029,-26.3534679412842,0            28.3707370758057,-26.353494644165,0            28.3707332611084,-26.3535175323486,0            28.3707294464111,-26.353536605835,1745.2777            28.3707294464111,-26.3535575866699,0            28.3707294464111,-26.3535747528076,0            28.3707218170166,-26.353588104248,0            28.3707141876221,-26.3535995483398,0            28.3707065582275,-26.3536148071289,0            28.3706970214844,-26.3536281585693,0            28.3706951141357,-26.3536415100098,0            28.3706970214844,-26.3536491394043,0            28.3706912994385,-26.3536605834961,1744.239            28.3706741333008,-26.3536739349365,0            28.3706607818604,-26.3536891937256,0            28.3706550598145,-26.3537101745605,0            28.3706493377686,-26.3537273406982,0            28.3706340789795,-26.3537559509277,0            28.370626449585,-26.3537693023682,0            28.3706226348877,-26.3537864685059,0            28.3706188201904,-26.3538017272949,0            28.3706188201904,-26.3538150787354,0            28.3706169128418,-26.3538303375244,1742.0593            28.3706130981445,-26.3538436889648,0            28.3706150054932,-26.3538608551025,0            28.3706111907959,-26.3538780212402,0            28.3706111907959,-26.3538951873779,0            28.3706111907959,-26.3539123535156,0            28.3706092834473,-26.3539295196533,0            28.3706073760986,-26.3539447784424,0            28.3706035614014,-26.3539638519287,0            28.3705978393555,-26.353982925415,0            28.3705883026123,-26.3539981842041,1741.0797            28.3705787658691,-26.3540153503418,0            28.3705711364746,-26.3540344238281,0            28.3705596923828,-26.3540458679199,0            28.370548248291,-26.3540573120117,0            28.3705348968506,-26.3540725708008,0            28.3705215454102,-26.3540821075439,0            28.3705101013184,-26.3540916442871,0            28.3705043792725,-26.3541049957275,0            28.3704929351807,-26.3541164398193,0            28.3704795837402,-26.3541297912598,1741.3309            28.3704643249512,-26.3541393280029,0            28.3704433441162,-26.3541526794434,0            28.3704299926758,-26.3541660308838,0            28.370418548584,-26.3541793823242,0            28.3704032897949,-26.354190826416,0            28.3703861236572,-26.3542003631592,0            28.3703708648682,-26.3542041778564,0            28.3703517913818,-26.354211807251,0            28.3703365325928,-26.3542175292969,1742.1859            28.370325088501,-26.3542251586914,0            28.3703117370605,-26.3542366027832,0            28.3703002929688,-26.3542442321777,0            28.3702831268311,-26.3542556762695,0            28.3702659606934,-26.3542652130127,0            28.3702507019043,-26.3542728424072,0            28.3702354431152,-26.3542804718018,0            28.3702220916748,-26.3542823791504,0            28.3702049255371,-26.3542804718018,0            28.3701858520508,-26.354284286499,1743.7858            28.3701725006104,-26.3542881011963,0            28.3701572418213,-26.3542957305908,0            28.3701457977295,-26.3543071746826,0            28.3701267242432,-26.3543109893799,0            28.3701114654541,-26.3543167114258,0            28.3700981140137,-26.3543281555176,0            28.3700828552246,-26.3543376922607,0            28.3700695037842,-26.3543453216553,0            28.3700580596924,-26.3543567657471,0            28.3700504302979,-26.3543663024902,1744.8878            28.3700370788574,-26.354377746582,0            28.370023727417,-26.3543853759766,0            28.3700122833252,-26.3543949127197,0            28.3699989318848,-26.3544025421143,0            28.3699855804443,-26.3544139862061,0            28.3699684143066,-26.3544235229492,1745.5966            28.3699531555176,-26.3544330596924,0            28.3699398040771,-26.3544387817383,0            28.3699226379395,-26.3544464111328,0            28.369909286499,-26.3544540405273,0            28.3698959350586,-26.3544578552246,0            28.3698806762695,-26.3544597625732,0            28.3698692321777,-26.3544635772705,0            28.3698539733887,-26.354471206665,0            28.3698348999023,-26.3544769287109,0            28.3698177337646,-26.3544864654541,0            28.369800567627,-26.3544960021973,0            28.3697834014893,-26.3545074462891,0            28.3697624206543,-26.354513168335,0            28.369743347168,-26.3545169830322,1747.024            28.3697280883789,-26.3545227050781,0            28.3697166442871,-26.3545322418213,0            28.3697052001953,-26.3545436859131,0            28.3696918487549,-26.3545551300049,0            28.3696784973145,-26.354564666748,0            28.369665145874,-26.3545742034912,0            28.3696537017822,-26.3545818328857,0            28.3696403503418,-26.3545913696289,0            28.3696231842041,-26.3545970916748,0            28.3696117401123,-26.3546028137207,1747.7188            28.3695983886719,-26.3546047210693,0            28.3695869445801,-26.3546085357666,0            28.369571685791,-26.3546142578125,0            28.3695583343506,-26.3546199798584,0            28.3695430755615,-26.3546257019043,0            28.3695259094238,-26.3546314239502,0            28.369514465332,-26.3546352386475,0            28.369499206543,-26.3546409606934,0            28.3694858551025,-26.3546466827393,0            28.3694744110107,-26.3546524047852,0            28.3694591522217,-26.3546619415283,1748.3207            28.369441986084,-26.3546714782715,0            28.369421005249,-26.354679107666,0            28.3694019317627,-26.3546867370605,0            28.3693828582764,-26.3546962738037,0            28.36936378479,-26.3547019958496,0            28.3693523406982,-26.3547096252441,0            28.3693428039551,-26.35471534729,0            28.3693218231201,-26.3547210693359,0            28.3693027496338,-26.3547267913818,1748.3381            28.3692893981934,-26.3547325134277,0            28.3692741394043,-26.3547401428223,0            28.3692626953125,-26.3547496795654,0            28.3692474365234,-26.35475730896,0            28.3692302703857,-26.3547649383545,0            28.3692111968994,-26.3547687530518,0            28.3691997528076,-26.3547801971436,0            28.3691864013672,-26.3547897338867,0            28.3691806793213,-26.3548011779785,0            28.3691711425781,-26.354808807373,1748.3239            28.3691558837891,-26.3548145294189,0            28.369140625,-26.3548164367676,0            28.3691253662109,-26.3548221588135,0            28.3691101074219,-26.3548336029053,0            28.3690929412842,-26.3548412322998,0            28.3690738677979,-26.3548469543457,0            28.3690586090088,-26.3548526763916,0            28.3690433502197,-26.3548641204834,0            28.3690319061279,-26.3548717498779,0            28.3690223693848,-26.3548831939697,1748.633            28.3689956665039,-26.3549022674561,0            28.3689823150635,-26.354907989502,0            28.3689479827881,-26.354923248291,0            28.3689346313477,-26.3549308776855,0            28.3689212799072,-26.3549423217773,0            28.3689098358154,-26.3549518585205,0            28.3688926696777,-26.354959487915,0            28.3688793182373,-26.3549671173096,0            28.3688659667969,-26.3549747467041,1748.2114            28.3688545227051,-26.3549766540527,0            28.3688430786133,-26.35498046875,0            28.3688278198242,-26.3549823760986,0            28.3688125610352,-26.3549919128418,0            28.3687973022461,-26.3550033569336,0            28.3687801361084,-26.3550109863281,0            28.3687705993652,-26.3550090789795,0            28.3687534332275,-26.3550148010254,0            28.3687438964844,-26.3550224304199,0            28.3687305450439,-26.3550243377686,1748.4594            28.3687171936035,-26.3550281524658,0            28.3687057495117,-26.3550319671631,0            28.3686866760254,-26.355037689209,0            28.368673324585,-26.3550415039063,0            28.3686561584473,-26.3550415039063,0            28.3686370849609,-26.3550472259521,0            28.3686199188232,-26.3550510406494,0            28.3686027526855,-26.3550624847412,0            28.3685874938965,-26.355073928833,0            28.3685722351074,-26.3550758361816,1748.6953            28.3685607910156,-26.3550834655762,0            28.3685493469238,-26.3550930023193,0            28.368537902832,-26.3551006317139,0            28.3685264587402,-26.355110168457,0            28.3685092926025,-26.3551120758057,0            28.3684940338135,-26.3551158905029,0            28.3684787750244,-26.3551197052002,0            28.3684616088867,-26.3551197052002,0            28.3684501647949,-26.3551273345947,0            28.3684406280518,-26.3551349639893,1748.9302            28.3684253692627,-26.3551406860352,0            28.3684120178223,-26.3551502227783,0            28.3684024810791,-26.3551635742188,0            28.3683891296387,-26.3551712036133,0            28.3683738708496,-26.3551769256592,0            28.3683624267578,-26.3551845550537,0            28.368350982666,-26.3551959991455,0            28.3683414459229,-26.3552017211914,0            28.3683280944824,-26.3552112579346,0            28.3683166503906,-26.3552188873291,1748.7827            28.3683013916016,-26.3552265167236,0            28.3682823181152,-26.3552398681641,0            28.3682689666748,-26.3552436828613,0            28.3682518005371,-26.3552474975586,0            28.3682346343994,-26.3552532196045,0            28.3682155609131,-26.3552570343018,0            28.3682060241699,-26.3552646636963,0            28.3681945800781,-26.3552742004395,0            28.3681793212891,-26.3552837371826,0            28.3681621551514,-26.3552894592285,1748.6417            28.3681507110596,-26.3552951812744,0            28.3681354522705,-26.3552951812744,0            28.3681182861328,-26.3552989959717,0            28.3681030273438,-26.3553066253662,0            28.3680896759033,-26.3553142547607,0            28.3680763244629,-26.3553199768066,0            28.3680629730225,-26.3553295135498,0            28.3680438995361,-26.3553295135498,0            28.3680305480957,-26.3553352355957,0            28.3680171966553,-26.3553466796875,1748.0618            28.3680019378662,-26.3553524017334,0            28.3679885864258,-26.3553638458252,0            28.3679752349854,-26.3553733825684,0            28.3679599761963,-26.3553791046143,0            28.3679428100586,-26.3553829193115,0            28.3679256439209,-26.3553905487061,0            28.3679103851318,-26.3553924560547,0            28.36789894104,-26.355396270752,0            28.3678855895996,-26.3554000854492,0            28.3678741455078,-26.3554096221924,1747.7788            28.3678569793701,-26.3554191589355,0            28.3678436279297,-26.3554286956787,0            28.3678340911865,-26.3554363250732,0            28.3678245544434,-26.3554420471191,0            28.3678131103516,-26.3554458618164,0            28.3677978515625,-26.355447769165,1747.6412            28.3677845001221,-26.3554534912109,0            28.3677749633789,-26.3554611206055,0            28.3677635192871,-26.3554725646973,0            28.367748260498,-26.3554821014404,0            28.3677349090576,-26.3554840087891,0            28.3677196502686,-26.3554916381836,0            28.3677043914795,-26.3554973602295,0            28.3676891326904,-26.3555088043213,0            28.36767578125,-26.3555183410645,0            28.3676624298096,-26.3555278778076,0            28.3676509857178,-26.3555355072021,0            28.367639541626,-26.3555431365967,0            28.3676280975342,-26.3555526733398,1747.2152            28.3676166534424,-26.3555603027344,0            28.367603302002,-26.3555736541748,0            28.3675899505615,-26.3555850982666,0            28.3675765991211,-26.3555965423584,0            28.3675670623779,-26.3556041717529,0            28.3675518035889,-26.3556118011475,0            28.3675422668457,-26.3556232452393,0            28.3675327301025,-26.3556327819824,0            28.3675231933594,-26.3556385040283,0            28.3675193786621,-26.3556518554688,0            28.3675041198731,-26.3556613922119,1746.8777            28.3674926757812,-26.3556671142578,0            28.3674755096436,-26.355676651001,0            28.3674621582031,-26.3556823730469,0            28.3674468994141,-26.3556880950928,0            28.367431640625,-26.3556976318359,0            28.3674182891846,-26.3557109832764,0            28.3674049377441,-26.3557205200195,0            28.3673934936523,-26.35573387146,0            28.3673782348633,-26.3557395935059,0            28.3673572540283,-26.3557415008545,1746.2202            28.3673439025879,-26.3557376861572,0            28.3673419952393,-26.3557243347168,0            28.3673439025879,-26.355712890625,0            28.3673515319824,-26.3556995391846,0            28.3673610687256,-26.3556938171387,0            28.3673706054688,-26.3556804656982,0            28.3673820495605,-26.3556709289551,0            28.3673896789551,-26.3556613922119,0            28.367395401001,-26.3556499481201,0            28.3674030303955,-26.3556385040283,1747.4534            28.3674049377441,-26.3556251525879,0            28.36741065979,-26.3556098937988,0            28.3674201965332,-26.3555965423584,0            28.3674335479736,-26.355583190918,0            28.3674449920654,-26.3555698394775,0            28.3674545288086,-26.3555583953857,0            28.3674602508545,-26.3555469512939,0            28.3674659729004,-26.3555297851563,0            28.3674774169922,-26.3555145263672,0            28.3674831390381,-26.3554954528809,1748.5435            28.3674907684326,-26.3554821014404,0            28.3674964904785,-26.3554668426514,0            28.3674983978271,-26.3554515838623,0            28.3675003051758,-26.3554363250732,0            28.3675022125244,-26.3554248809814,0            28.3675079345703,-26.355411529541,0            28.3675117492676,-26.3553981781006,0            28.3675155639648,-26.3553848266602,0            28.367525100708,-26.3553733825684,0            28.3675308227539,-26.3553600311279,1749.2906            28.3675308227539,-26.3553466796875,0            28.3675308227539,-26.3553352355957,0            28.3675327301025,-26.3553218841553,0            28.3675327301025,-26.3553085327148,0            28.3675384521484,-26.3552989959717,0            28.3675403594971,-26.3552875518799,0            28.367546081543,-26.3552761077881,0            28.3675479888916,-26.3552627563477,0            28.3675518035889,-26.3552474975586,0            28.3675518035889,-26.3552494049072,1750.0378            28.3675556182861,-26.35524559021,0            28.3675575256348,-26.3552322387695,0            28.3675594329834,-26.3552131652832,0            28.3675632476807,-26.3551998138428,0            28.367561340332,-26.3552017211914,0            28.3675651550293,-26.3551959991455,0            28.3675689697266,-26.3551788330078,0            28.3675670623779,-26.3551826477051,0            28.3675689697266,-26.3551712036133,0            28.3675727844238,-26.3551559448242,1750.6451            28.3675746917725,-26.3551292419434,0            28.3675708770752,-26.355110168457,0            28.3675689697266,-26.3550891876221,0            28.3675708770752,-26.3550701141357,0            28.3675727844238,-26.3550720214844,0            28.3675746917725,-26.3550605773926,0            28.3675746917725,-26.3550395965576,0            28.3675765991211,-26.3550205230713,0            28.3675785064697,-26.3550033569336,1750.6047            28.3675842285156,-26.3549823760986,0            28.3675880432129,-26.3549652099609,0            28.3675880432129,-26.3549461364746,0            28.3675918579102,-26.3549289703369,0            28.3675937652588,-26.3549118041992,0            28.3675937652588,-26.3549137115479,0            28.3675956726074,-26.3549003601074,0            28.3676013946533,-26.3548774719238,0            28.367603302002,-26.3548603057861,0            28.3676052093506,-26.3548431396484,1750.727            28.3676090240479,-26.3548240661621,0            28.3676109313965,-26.3548049926758,0            28.3676166534424,-26.3547954559326,0            28.367618560791,-26.3547763824463,0            28.3676242828369,-26.3547630310059,0            28.3676319122314,-26.3547458648682,0            28.3676319122314,-26.3547306060791,0            28.3676357269287,-26.3547172546387,0            28.367639541626,-26.3547019958496,0            28.3676433563232,-26.3546848297119,1750.5522            28.3676509857178,-26.3546657562256,0            28.3676528930664,-26.3546524047852,0            28.367654800415,-26.3546352386475,0            28.3676586151123,-26.3546237945557,0            28.3676605224609,-26.3546085357666,0            28.3676662445068,-26.3545875549316,0            28.3676700592041,-26.3545703887939,0            28.3676776885986,-26.3545532226563,0            28.3676834106445,-26.3545322418213,0            28.3676834106445,-26.3545169830322,1750.6069            28.3676853179932,-26.3545055389404,0            28.3676872253418,-26.3544902801514,0            28.3676910400391,-26.3544769287109,0            28.3676929473877,-26.3544635772705,0            28.367696762085,-26.3544540405273,0            28.3677043914795,-26.3544425964355,0            28.3677043914795,-26.3544445037842,0            28.3677082061768,-26.3544387817383,0            28.3677158355713,-26.3544235229492,0            28.3677177429199,-26.3544082641602,1750.9062            28.3677234649658,-26.3543930053711,0            28.3677349090576,-26.3543739318848,0            28.3677387237549,-26.3543567657471,0            28.3677406311035,-26.3543434143066,0            28.3677425384521,-26.3543472290039,0            28.3677425384521,-26.3543376922607,0            28.3677425384521,-26.3543224334717,0            28.3677387237549,-26.3543090820313,0            28.3677387237549,-26.3542957305908,0            28.3677387237549,-26.3542785644531,1751.1925            28.3677387237549,-26.3542633056641,0            28.3677387237549,-26.3542461395264,0            28.3677387237549,-26.3542289733887,0            28.3677406311035,-26.3542098999023,0            28.3677425384521,-26.3541927337646,0            28.3677425384521,-26.3541965484619,0            28.3677444458008,-26.3541889190674,0            28.3677463531494,-26.3541736602783,0            28.3677501678467,-26.3541526794434,0            28.3677520751953,-26.3541355133057,1751.6349            28.3677577972412,-26.3541145324707,0            28.3677577972412,-26.354118347168,0            28.3677616119385,-26.3540954589844,0            28.3677673339844,-26.354076385498,0            28.3677711486816,-26.3540592193604,0            28.3677730560303,-26.3540420532227,0            28.3677825927734,-26.3540287017822,0            28.3677883148193,-26.3540115356445,0            28.3677940368652,-26.3539905548096,0            28.3678016662598,-26.3539752960205,1751.9637            28.367805480957,-26.3539581298828,0            28.3678112030029,-26.3539428710938,0            28.3678150177002,-26.3539276123047,0            28.3678226470947,-26.3538913726807,0            28.3678226470947,-26.353874206543,0            28.3678283691406,-26.3538551330566,0            28.3678340911865,-26.3538398742676,0            28.3678398132324,-26.3538265228271,1751.8196            28.3678455352783,-26.3538112640381,0            28.3678455352783,-26.3537864685059,0            28.3678531646729,-26.3537788391113,0            28.3678550720215,-26.3537693023682,0            28.3678588867188,-26.353759765625,0            28.367862701416,-26.3537464141846,0            28.3678665161133,-26.3537330627441,0            28.3678665161133,-26.3537349700928,0            28.3678703308105,-26.3537292480469,0            28.3678741455078,-26.3537139892578,1751.8578            28.3678741455078,-26.3537006378174,0            28.3678798675537,-26.353687286377,0            28.367883682251,-26.3536682128906,0            28.3678894042969,-26.3536567687988,0            28.3678970336914,-26.3536396026611,0            28.3679046630859,-26.3536243438721,0            28.3679046630859,-26.3536262512207,0            28.3679103851318,-26.3536243438721,0            28.3679122924805,-26.3536243438721,0            28.3679161071777,-26.3536205291748,1751.3782            28.3679180145264,-26.3536167144775,0            28.3679180145264,-26.3536109924316,0            28.3679180145264,-26.3536014556885,0            28.3679218292236,-26.3535957336426,0            28.3679256439209,-26.3535861968994,0            28.3679275512695,-26.3535747528076,0            28.3679294586182,-26.3535652160645,0            28.3679332733154,-26.3535537719727,0            28.3679370880127,-26.3535423278809,0            28.3679389953613,-26.3535327911377,1751.4371            28.36794090271,-26.3535251617432,0            28.3679466247559,-26.3535137176514,0            28.3679523468018,-26.3535041809082,0            28.3679485321045,-26.3534908294678,0            28.3679504394531,-26.3534774780273,0            28.3679542541504,-26.3534679412842,0            28.3679656982422,-26.3534507751465,0            28.3679656982422,-26.3534526824951,0            28.3679695129395,-26.3534507751465,1751.6294            28.3679676055908,-26.3534393310547,0            28.3679714202881,-26.3534278869629,0            28.3679733276367,-26.3534202575684,0            28.3679714202881,-26.3534049987793,0            28.3679733276367,-26.3533916473389,0            28.3679790496826,-26.3533763885498,0            28.3679866790771,-26.353364944458,0            28.367992401123,-26.3533515930176,0            28.367992401123,-26.3533420562744,0            28.3679943084717,-26.353328704834,1751.6064            28.3679962158203,-26.3533248901367,0            28.3679981231689,-26.3533134460449,0            28.3680038452148,-26.3533000946045,0            28.3680057525635,-26.3532886505127,0            28.3680076599121,-26.3532733917236,0            28.3680114746094,-26.3532581329346,0            28.3680152893066,-26.3532466888428,0            28.3680229187012,-26.353235244751,0            28.3680267333984,-26.3532218933105,0            28.368034362793,-26.3532123565674,1751.8163            28.3680400848389,-26.3532028198242,0            28.3680458068848,-26.3531913757324,0            28.3680477142334,-26.3531799316406,0            28.3680477142334,-26.3531818389893,0            28.3680515289307,-26.3531761169434,0            28.3680553436279,-26.3531627655029,0            28.3680553436279,-26.3531513214111,0            28.3680591583252,-26.3531341552734,0            28.3680591583252,-26.353120803833,1752.557            28.3680610656738,-26.3531055450439,0            28.3680629730225,-26.3530921936035,0            28.3680629730225,-26.3530960083008,0            28.3680610656738,-26.3530864715576,0            28.3680610656738,-26.3530693054199,0            28.3680591583252,-26.3530502319336,0            28.3680591583252,-26.3530349731445,0            28.3680572509766,-26.3530197143555,0            28.3680591583252,-26.353006362915,0            28.3680591583252,-26.3529930114746,1752.6652            28.3680610656738,-26.3529777526855,0            28.3680667877197,-26.3529644012451,0            28.368070602417,-26.3529529571533,0            28.368070602417,-26.352954864502,0            28.3680763244629,-26.352933883667,0            28.3680801391602,-26.3529148101807,0            28.3680896759033,-26.3528900146484,0            28.3680896759033,-26.3528938293457,0            28.3680973052979,-26.3528785705566,0            28.368106842041,-26.3528575897217,0            28.3681163787842,-26.3528347015381,0            28.3681221008301,-26.3528118133545,0            28.3681297302246,-26.3527946472168,0            28.3681354522705,-26.3527774810791,1752.6903            28.368143081665,-26.3527584075928,0            28.3681507110596,-26.352746963501,0            28.3681564331055,-26.3527297973633,0            28.3681659698486,-26.3527145385742,0            28.3681755065918,-26.3527011871338,0            28.3681774139404,-26.3526821136475,0            28.3681793212891,-26.3526573181152,0            28.3681793212891,-26.3526382446289,0            28.3681716918945,-26.3526153564453,0            28.3681735992432,-26.3525924682617,1752.8082            28.3681907653809,-26.3525657653809,0            28.368200302124,-26.3525352478027,0            28.3682117462158,-26.352502822876,0            28.368221282959,-26.3524723052979,0            28.3682384490967,-26.352445602417,0            28.3682498931885,-26.3524169921875,0            28.3682594299316,-26.3523902893066,0            28.368278503418,-26.3523654937744,0            28.3682861328125,-26.3523349761963,0            28.3682899475098,-26.3523063659668,1752.5416            28.3683052062988,-26.3522853851318,0            28.3683109283447,-26.3522624969482,0            28.3683223724365,-26.352237701416,0            28.3683376312256,-26.3522167205811,0            28.3683490753174,-26.3521976470947,0            28.3683547973633,-26.3521728515625,0            28.3683567047119,-26.3521461486816,0            28.3683567047119,-26.3521213531494,0            28.3683547973633,-26.3520946502686,0            28.3683605194092,-26.3520660400391,1752.7559            28.3683624267578,-26.3520469665527,0            28.3683662414551,-26.3520317077637,0            28.3683528900146,-26.3520126342773,0            28.3683567047119,-26.3519992828369,0            28.3683528900146,-26.3519821166992,0            28.3683567047119,-26.3519706726074,0            28.3683586120605,-26.351957321167,0            28.3683624267578,-26.3519458770752,0            28.3683662414551,-26.3519325256348,0            28.3683700561523,-26.351921081543,1753.4222            28.368371963501,-26.3519077301025,0            28.3683757781982,-26.3518905639648,0            28.3683776855469,-26.3518753051758,0            28.3683795928955,-26.3518581390381,0            28.3683815002441,-26.3518409729004,0            28.3683853149414,-26.3518257141113,0            28.3683853149414,-26.35182762146,0            28.3683891296387,-26.3518123626709,1753.5359            28.3683967590332,-26.3517971038818,0            28.3684043884277,-26.3517761230469,0            28.3684062957764,-26.3517608642578,0            28.3684101104736,-26.3517436981201,0            28.3684043884277,-26.3517284393311,0            28.3684043884277,-26.351713180542,0            28.3684043884277,-26.3516960144043,0            28.3684043884277,-26.3516826629639,0            28.3684101104736,-26.3516693115234,0            28.3684158325195,-26.3516540527344,1754.0691            28.3684196472168,-26.3516368865967,0            28.3684215545654,-26.3516178131104,0            28.3684253692627,-26.3516006469727,0            28.3684272766113,-26.351583480835,0            28.36842918396,-26.3515701293945,0            28.3684253692627,-26.3515567779541,0            28.3684310913086,-26.3515510559082,0            28.3684387207031,-26.3515357971191,0            28.3684425354004,-26.3515167236328,0            28.3684520721436,-26.3515014648438,1753.6593            28.3684635162354,-26.3514804840088,0            28.3684673309326,-26.3514652252197,0            28.3684692382812,-26.3514499664307,0            28.3684730529785,-26.3514366149902,0            28.3684787750244,-26.3514213562012,0            28.3684730529785,-26.3514080047607,0            28.3684787750244,-26.3513946533203,0            28.3684825897217,-26.351375579834,0            28.3684825897217,-26.3513813018799,0            28.3684883117676,-26.3513736724854,1753.55            28.3684959411621,-26.351354598999,0            28.3685054779053,-26.3513336181641,0            28.3685111999512,-26.3513164520264,0            28.3685188293457,-26.3512992858887,0            28.3685188293457,-26.3512840270996,0            28.3685245513916,-26.3512630462646,0            28.3685283660889,-26.3512496948242,0            28.3685302734375,-26.3512325286865,0            28.3685398101807,-26.351203918457,0            28.3685436248779,-26.351188659668,1753.549            28.3685493469238,-26.3511772155762,0            28.3685550689697,-26.3511619567871,0            28.3685626983643,-26.3511428833008,0            28.3685703277588,-26.3511295318604,0            28.3685760498047,-26.3511142730713,0            28.3685760498047,-26.3511047363281,0            28.368579864502,-26.3510894775391,0            28.3685779571533,-26.3510780334473,0            28.3685779571533,-26.3510608673096,1753.691            28.3685760498047,-26.3510456085205,0            28.368579864502,-26.3510322570801,0            28.3685836791992,-26.351016998291,0            28.3685874938965,-26.3510055541992,0            28.3685874938965,-26.3509902954102,0            28.3685874938965,-26.3509750366211,0            28.3685855865479,-26.350959777832,0            28.3685836791992,-26.3509464263916,0            28.3685817718506,-26.3509311676025,0            28.3685817718506,-26.3509159088135,1753.6167            28.3685779571533,-26.3508987426758,0            28.3685760498047,-26.3508815765381,0            28.3685703277588,-26.3508625030518,0            28.3685684204102,-26.35085105896,0            28.3685684204102,-26.3508396148682,0            28.3685646057129,-26.3508262634277,0            28.3685626983643,-26.3508148193359,0            28.3685626983643,-26.3508052825928,0            28.3685626983643,-26.3507957458496,0            28.3685646057129,-26.3507804870605,1753.809            28.3685684204102,-26.3507671356201,0            28.3685722351074,-26.3507537841797,0            28.3685779571533,-26.3507404327393,0            28.3685817718506,-26.3507308959961,0            28.3685855865479,-26.3507099151611,0            28.3685970306396,-26.3506889343262,0            28.3686046600342,-26.3506679534912,0            28.3686141967773,-26.3506298065186,1753.3545            28.3686199188232,-26.3506126403809,0            28.3686275482178,-26.3505916595459,0            28.3686275482178,-26.3505744934082,0            28.3686294555664,-26.3505573272705,0            28.3686275482178,-26.3505363464355,0            28.3686370849609,-26.3505020141602,0            28.3686408996582,-26.350492477417,0            28.3686408996582,-26.3504848480225,0            28.3686428070068,-26.3504734039307,0            28.3686447143555,-26.3504428863525,0            28.3686485290527,-26.3504276275635,0            28.3686504364014,-26.350414276123,0            28.3686542510986,-26.3504028320313,0            28.36865234375,-26.3504047393799,0            28.3686561584473,-26.3503971099854,0            28.3686599731445,-26.3503856658936,0            28.3686695098877,-26.3503704071045,0            28.3686752319336,-26.3503551483154,1751.9955            28.3686828613281,-26.3503398895264,0            28.3686904907227,-26.35032081604,0            28.3687038421631,-26.3503150939941,0            28.3687114715576,-26.350305557251,0            28.368724822998,-26.3502902984619,0            28.3687362670898,-26.3502750396729,0            28.368745803833,-26.3502674102783,0            28.3687534332275,-26.3502540588379,0            28.368766784668,-26.3502426147461,1752.4882            28.3687686920166,-26.350227355957,0            28.3687725067139,-26.350212097168,0            28.3687763214111,-26.3501987457275,0            28.3687744140625,-26.3501853942871,0            28.3687744140625,-26.3501720428467,0            28.368782043457,-26.3501567840576,0            28.3687877655029,-26.3501377105713,0            28.3687934875488,-26.350118637085,0            28.3687973022461,-26.3501014709473,0            28.3688068389893,-26.3500843048096,1752.9514            28.3688125610352,-26.3500633239746,0            28.3688201904297,-26.3500442504883,0            28.368824005127,-26.3500289916992,0            28.3688297271729,-26.3500175476074,0            28.3688354492188,-26.3500022888184,0            28.3688373565674,-26.3499889373779,1753.0616            28.3688411712646,-26.3499755859375,0            28.3688430786133,-26.3499622344971,0            28.3688507080078,-26.349946975708,0            28.3688583374023,-26.3499336242676,0            28.3688583374023,-26.3499202728271,0            28.368860244751,-26.3499011993408,0            28.3688659667969,-26.3498859405518,0            28.3688678741455,-26.3498687744141,0            28.3688735961914,-26.349853515625,0            28.3688793182373,-26.3498363494873,0            28.3688869476318,-26.349817276001,0            28.3688926696777,-26.3498020172119,0            28.368896484375,-26.3497867584229,0            28.3689022064209,-26.3497695922852,1753.0322            28.3689136505127,-26.3497524261475,0            28.36891746521,-26.3497333526611,0            28.36891746521,-26.3497142791748,0            28.3689212799072,-26.3496990203857,0            28.3689193725586,-26.3496837615967,0            28.3689212799072,-26.3496685028076,0            28.3689250946045,-26.3496551513672,0            28.3689289093018,-26.3496437072754,0            28.3689308166504,-26.3496322631836,0            28.3689346313477,-26.3496189117432,1752.8859            28.3689346313477,-26.3496227264404,0            28.3689346313477,-26.3496208190918,0            28.3689384460449,-26.3496131896973,0            28.3689422607422,-26.3495998382568,0            28.3689479827881,-26.3495826721191,0            28.3689498901367,-26.3495674133301,0            28.3689517974854,-26.3495502471924,0            28.3689517974854,-26.3495330810547,0            28.3689517974854,-26.3495121002197,0            28.3689575195312,-26.349494934082,1752.6674            28.3689594268799,-26.3494777679443,0            28.3689613342285,-26.3494644165039,0            28.3689651489258,-26.3494491577148,0            28.368968963623,-26.3494338989258,0            28.3689746856689,-26.3494167327881,0            28.3689785003662,-26.3493957519531,0            28.3689804077148,-26.3493804931641,0            28.3689842224121,-26.3493671417236,0            28.3689823150635,-26.3493518829346,0            28.3689861297607,-26.3493347167969,1753.0607            28.3689842224121,-26.3493194580078,0            28.3689880371094,-26.3493061065674,0            28.3689918518066,-26.349292755127,0            28.3689994812012,-26.3492813110352,0            28.3690013885498,-26.3492698669434,0            28.3690071105957,-26.3492603302002,0            28.3690147399902,-26.3492469787598,0            28.3690204620361,-26.349235534668,0            28.3690185546875,-26.3492259979248,0            28.3690185546875,-26.3492164611816,1753.0682            28.3690242767334,-26.3492069244385,0            28.3690280914307,-26.349193572998,0            28.3690338134766,-26.3491840362549,0            28.3690357208252,-26.3491706848145,0            28.3690414428711,-26.3491554260254,0            28.3690509796143,-26.3491439819336,0            28.3690605163574,-26.3491325378418,0            28.3690700531006,-26.3491172790527,0            28.3690757751465,-26.3491020202637,0            28.369083404541,-26.3490867614746,1753.1927            28.3690891265869,-26.3490734100342,0            28.3690948486328,-26.3490562438965,0            28.3691005706787,-26.3490409851074,0            28.3691082000732,-26.349027633667,0            28.3691215515137,-26.3490180969238,0            28.3691349029541,-26.3490104675293,0            28.3691444396973,-26.349006652832,0            28.3691558837891,-26.3490028381348,0            28.3691635131836,-26.3490028381348,0            28.3691730499268,-26.3489990234375,1752.5023            28.3691844940186,-26.3489894866943,0            28.369197845459,-26.348991394043,0            28.369213104248,-26.3489894866943,0            28.3692283630371,-26.3489971160889,0            28.3692398071289,-26.3489933013916,0            28.3692512512207,-26.348991394043,0            28.3692665100098,-26.3489894866943,0            28.3692817687988,-26.3489837646484,0            28.3693008422852,-26.3489742279053,0            28.3693180084229,-26.3489646911621,1752.8071            28.3693370819092,-26.3489570617676,0            28.3693504333496,-26.3489513397217,0            28.3693675994873,-26.3489532470703,0            28.3693809509277,-26.3489513397217,0            28.3693981170654,-26.3489437103271,0            28.3694114685059,-26.3489437103271,0            28.3694248199463,-26.3489398956299,0            28.3694362640381,-26.3489379882813,0            28.3694515228272,-26.3489398956299,0            28.3694667816162,-26.3489379882813,1752.0609            28.3694763183594,-26.3489360809326,0            28.3694896697998,-26.348934173584,0            28.3695068359375,-26.3489303588867,0            28.3695125579834,-26.3489246368408,0            28.3695201873779,-26.3489189147949,0            28.3695297241211,-26.348913192749,0            28.3695449829102,-26.3489074707031,0            28.3695583343506,-26.3488998413086,0            28.3695735931396,-26.3488941192627,0            28.3695907592773,-26.3488941192627,1751.14            28.3696060180664,-26.3488922119141,0            28.3696231842041,-26.3488883972168,0            28.3696403503418,-26.3488826751709,0            28.3696556091309,-26.3488788604736,0            28.3696727752686,-26.348876953125,0            28.3696937561035,-26.3488731384277,0            28.3697109222412,-26.3488655090332,0            28.3697299957275,-26.3488616943359,0            28.3697471618652,-26.34885597229,0            28.3697605133057,-26.3488521575928,1750.2935            28.3697757720947,-26.3488464355469,0            28.3697929382324,-26.3488368988037,0            28.3698101043701,-26.3488292694092,0            28.3698253631592,-26.3488235473633,0            28.3698406219482,-26.3488216400146,0            28.3698558807373,-26.348819732666,0            28.3698692321777,-26.3488216400146,0            28.3698825836182,-26.348819732666,0            28.3698959350586,-26.3488178253174,0            28.3699131011963,-26.3488159179688,1749.9843            28.3699283599854,-26.3488140106201,0            28.3699417114258,-26.3488101959229,0            28.3699588775635,-26.3488063812256,0            28.3699741363525,-26.3487987518311,0            28.3699893951416,-26.3487968444824,0            28.3700046539307,-26.3487892150879,0            28.3700199127197,-26.348783493042,0            28.3700351715088,-26.3487796783447,0            28.3700561523438,-26.3487739562988,0            28.3700733184814,-26.3487720489502,1749.4861            28.3700885772705,-26.3487682342529,0            28.3701038360596,-26.3487644195557,0            28.3701210021973,-26.3487586975098,0            28.3701343536377,-26.3487510681152,0            28.3701496124268,-26.348747253418,0            28.3701591491699,-26.3487434387207,0            28.3701705932617,-26.3487377166748,0            28.3701877593994,-26.3487300872803,0            28.3702049255371,-26.3487243652344,0            28.3702201843262,-26.3487186431885,1749.379            28.3702373504639,-26.3487148284912,0            28.3702526092529,-26.3487091064453,0            28.370267868042,-26.3487033843994,0            28.3702754974365,-26.3486957550049,0            28.370288848877,-26.3486881256104,0            28.3703002929688,-26.3486843109131,0            28.3703155517578,-26.3486843109131,0            28.3703308105469,-26.3486843109131,0            28.3703460693359,-26.3486824035645,0            28.3703517913818,-26.3486824035645,1748.9847            28.370361328125,-26.3486785888672,0            28.3703746795654,-26.3486843109131,0            28.3703899383545,-26.3486843109131,0            28.3704051971436,-26.3486824035645,0            28.3704204559326,-26.3486804962158,0            28.3704376220703,-26.3486728668213,0            28.3704528808594,-26.3486709594727,0            28.3704662322998,-26.3486652374268,0            28.3704795837402,-26.3486595153809,0            28.3704929351807,-26.3486595153809,1749.9427            28.3705062866211,-26.3486557006836,0            28.3705196380615,-26.3486518859863,0            28.3705310821533,-26.3486480712891,0            28.3705673217773,-26.3486404418945,0            28.370584487915,-26.3486328125,0            28.3706035614014,-26.3486309051514,0            28.3706130981445,-26.3486289978027,0            28.3706359863281,-26.3486213684082,0            28.3706512451172,-26.3486213684082,0            28.3706645965576,-26.3486232757568,0            28.3706760406494,-26.3486213684082,0            28.3706893920898,-26.3486175537109,0            28.3707027435303,-26.3486137390137,0            28.3707180023193,-26.3486099243164,0            28.3707313537598,-26.3486080169678,0            28.3707389831543,-26.3486061096191,0            28.3707542419434,-26.3486061096191,1749.6326            28.3707656860352,-26.3486080169678,0            28.370777130127,-26.3486080169678,0            28.3707885742188,-26.3486061096191,0            28.3708000183105,-26.3486061096191,0            28.3708190917969,-26.3486022949219,0            28.3708381652832,-26.3485984802246,0            28.3708648681641,-26.348596572876,0            28.3708820343018,-26.3485946655273,0            28.3708934783936,-26.3485889434814,1749.4315            28.3709049224854,-26.3485832214355,0            28.3709239959717,-26.3485736846924,0            28.3709411621094,-26.3485698699951,0            28.3709621429443,-26.348560333252,0            28.3709716796875,-26.3485507965088,0            28.3709831237793,-26.3485431671143,0            28.3709945678711,-26.3485317230225,0            28.3710041046143,-26.3485221862793,0            28.3710117340088,-26.3485126495361,0            28.3710193634033,-26.3485012054443,1749.2262            28.3710250854492,-26.3484916687012,0            28.3710308074951,-26.3484783172607,0            28.3710403442383,-26.3484649658203,0            28.3710498809814,-26.3484535217285,0            28.3710594177246,-26.3484439849854,0            28.3710708618164,-26.3484325408936,0            28.3710823059082,-26.3484172821045,0            28.37109375,-26.3484001159668,0            28.3711051940918,-26.3483905792236,0            28.3711185455322,-26.3483791351318,1749.4796            28.3711242675781,-26.3483715057373,0            28.3711318969727,-26.3483581542969,0            28.3711414337158,-26.3483467102051,0            28.371150970459,-26.3483352661133,0            28.371166229248,-26.3483333587646,0            28.3711833953857,-26.3483409881592,0            28.3711910247803,-26.3483486175537,0            28.371187210083,-26.3483505249023,0            28.3711814880371,-26.3483409881592,0            28.3711795806885,-26.3483276367188,1750.0825            28.3711776733398,-26.3483238220215,0            28.371187210083,-26.3483142852783,0            28.3711967468262,-26.3483104705811,0            28.3712120056152,-26.3483142852783,0            28.3712253570557,-26.3483104705811,0            28.371244430542,-26.3483066558838,0            28.371265411377,-26.3482971191406,0            28.3712787628174,-26.3482856750488,0            28.3712940216064,-26.348274230957,0            28.3713150024414,-26.3482666015625,1749.9089            28.3713283538818,-26.3482494354248,0            28.371337890625,-26.3482341766357,0            28.3713455200195,-26.3482151031494,0            28.3713569641113,-26.3482074737549,0            28.3713722229004,-26.3482055664063,0            28.3713874816895,-26.348201751709,0            28.3713855743408,-26.3481903076172,0            28.3713626861572,-26.3481826782227,0            28.3713417053223,-26.3481750488281,0            28.3713226318359,-26.3481693267822,1750.0345            28.3713073730469,-26.3481712341309,0            28.3712902069092,-26.3481712341309,0            28.3712768554688,-26.3481674194336,0            28.3712615966797,-26.3481616973877,0            28.3712425231934,-26.3481636047363,0            28.3712253570557,-26.3481636047363,0            28.371208190918,-26.3481616973877,0            28.3711910247803,-26.3481559753418,0            28.3711757659912,-26.3481559753418,0            28.3711624145508,-26.3481521606445,1749.8586            28.3711452484131,-26.3481521606445,0            28.3711318969727,-26.3481540679932,0            28.3711166381836,-26.3481521606445,0            28.3711032867432,-26.3481502532959,0            28.3710899353027,-26.3481521606445,0            28.371072769165,-26.3481483459473,0            28.3710536956787,-26.3481502532959,0            28.3710384368897,-26.3481540679932,0            28.3710231781006,-26.3481559753418,0            28.3710060119629,-26.3481559753418,1749.8488            28.3709926605225,-26.3481540679932,0            28.3709754943848,-26.3481559753418,0            28.3709602355957,-26.3481597900391,0            28.3709449768066,-26.3481636047363,0            28.3709239959717,-26.3481636047363,0            28.3709049224854,-26.3481616973877,0            28.3708896636963,-26.3481597900391,0            28.37087059021,-26.3481616973877,0            28.3708515167236,-26.348165512085,0            28.3708343505859,-26.3481693267822,1750.9248            28.3708209991455,-26.3481674194336,0            28.3708057403564,-26.348165512085,0            28.3707885742188,-26.348165512085,0            28.3707714080811,-26.3481616973877,0            28.3707542419434,-26.3481616973877,0            28.3707389831543,-26.3481616973877,0            28.3707237243652,-26.3481578826904,0            28.3707065582275,-26.3481578826904,0            28.3706893920898,-26.3481597900391,0            28.3706722259521,-26.3481636047363,1752.4531            28.3706569671631,-26.3481616973877,0            28.3706398010254,-26.3481616973877,0            28.3706283569336,-26.3481616973877,0            28.3706111907959,-26.3481616973877,0            28.3705959320068,-26.3481616973877,0            28.3705825805664,-26.3481597900391,0            28.3705749511719,-26.3481559753418,0            28.3705558776855,-26.3481597900391,0            28.3705368041992,-26.3481559753418,0            28.3705196380615,-26.3481540679932,1752.8749            28.3705024719238,-26.3481597900391,0            28.370491027832,-26.3481616973877,0            28.3704738616943,-26.3481674194336,0            28.3704509735107,-26.3481674194336,0            28.3704357147217,-26.3481712341309,0            28.3704223632812,-26.3481750488281,0            28.3704090118408,-26.3481712341309,0            28.3703918457031,-26.3481693267822,0            28.3703746795654,-26.348165512085,0            28.3703575134277,-26.3481674194336,1752.9393            28.3703384399414,-26.3481731414795,0            28.3703155517578,-26.3481769561768,0            28.3703002929688,-26.348180770874,0            28.3702907562256,-26.348180770874,0            28.3702735900879,-26.348180770874,0            28.3702621459961,-26.3481845855713,0            28.3702487945557,-26.3481788635254,0            28.3702354431152,-26.3481769561768,0            28.3702239990234,-26.3481769561768,0            28.3702125549316,-26.3481750488281,1752.5493            28.3701953887939,-26.3481769561768,0            28.370174407959,-26.3481769561768,0            28.3701591491699,-26.3481769561768,0            28.3701438903809,-26.3481788635254,0            28.3701286315918,-26.3481788635254,0            28.3701095581055,-26.3481788635254,0            28.3700904846191,-26.3481788635254,0            28.3700733184814,-26.3481769561768,0            28.3700542449951,-26.3481769561768,0            28.3700428009033,-26.3481769561768,1752.4215            28.3700313568115,-26.348180770874,0            28.3700180053711,-26.3481845855713,0            28.3700084686279,-26.3481903076172,0            28.3699951171875,-26.3481884002686,0            28.3699779510498,-26.3481884002686,0            28.3699626922607,-26.3481884002686,0            28.3699436187744,-26.3481884002686,0            28.3699283599854,-26.3481884002686,0            28.3699111938477,-26.3481884002686,0            28.36989402771,-26.3481884002686,1752.4904            28.3698825836182,-26.3481864929199,0            28.3698654174805,-26.3481864929199,0            28.3698482513428,-26.3481845855713,0            28.3698425292969,-26.3481826782227,0            28.3698329925537,-26.3481826782227,0            28.3698196411133,-26.3481769561768,0            28.3698062896729,-26.3481750488281,0            28.3697872161865,-26.3481769561768,0            28.3697719573975,-26.3481712341309,0            28.3697547912598,-26.3481693267822,1753.0486            28.3697414398193,-26.3481693267822,0            28.3697261810303,-26.3481712341309,0            28.3697128295898,-26.3481712341309,0            28.3696994781494,-26.3481712341309,0            28.3696842193604,-26.3481750488281,0            28.3696727752686,-26.3481731414795,0            28.3696613311768,-26.3481712341309,0            28.369649887085,-26.3481712341309,0            28.3696346282959,-26.3481693267822,0            28.3696174621582,-26.348165512085,1753.5293            28.3695983886719,-26.3481674194336,0            28.3695850372314,-26.3481674194336,0            28.3695735931396,-26.3481712341309,0            28.3695583343506,-26.3481750488281,0            28.3695449829102,-26.3481769561768,0            28.3695297241211,-26.3481788635254,0            28.3695182800293,-26.3481788635254,0            28.3695049285889,-26.3481788635254,0            28.3694877624512,-26.3481788635254,0            28.3694763183594,-26.3481826782227,1753.3589            28.3694629669189,-26.3481884002686,0            28.3694496154785,-26.3481960296631,0            28.3694324493408,-26.3481960296631,0            28.3694133758545,-26.3481998443604,0            28.3694019317627,-26.3482055664063,0            28.369384765625,-26.3482112884521,0            28.3693714141846,-26.3482189178467,0            28.3693580627441,-26.3482265472412,0            28.3693428039551,-26.3482322692871,0            28.3693294525146,-26.3482418060303,1752.2642            28.3693161010742,-26.3482513427734,0            28.3692989349365,-26.3482608795166,0            28.3692874908447,-26.3482666015625,0            28.3692779541016,-26.3482761383057,0            28.369270324707,-26.3482894897461,0            28.3692569732666,-26.3482990264893,0            28.3692493438721,-26.3483142852783,0            28.3692474365234,-26.3483257293701,0            28.3692359924316,-26.3483371734619,0            28.3692302703857,-26.348352432251,1750.6736            28.3692245483398,-26.3483657836914,0            28.3692188262939,-26.3483829498291,0            28.3692150115967,-26.3483943939209,0            28.3692073822021,-26.3484077453613,0            28.3692035675049,-26.3484172821045,0            28.3691997528076,-26.3484306335449,0            28.3691921234131,-26.348445892334,0            28.3691883087158,-26.3484630584717,0            28.3691806793213,-26.3484687805176,0            28.3691730499268,-26.3484783172607,1750.229            28.3691749572754,-26.3484916687012,0            28.3691692352295,-26.3485069274902,0            28.3691635131836,-26.3485221862793,0            28.3691596984863,-26.3485336303711,0            28.3691539764404,-26.3485488891602,0            28.3691520690918,-26.3485641479492,0            28.3691463470459,-26.3485794067383,0            28.3691425323486,-26.3485908508301,0            28.3691349029541,-26.348596572876,0            28.3691272735596,-26.3486080169678,1749.1792            28.3691215515137,-26.3486194610596,0            28.3691177368164,-26.3486309051514,0            28.3691177368164,-26.3486461639404,0            28.3691177368164,-26.3486633300781,0            28.3691120147705,-26.3486785888672,0            28.3691120147705,-26.3486919403076,0            28.369104385376,-26.3487071990967,0            28.3691024780273,-26.3487186431885,0            28.3691005706787,-26.3487319946289,1748.3315            28.3690986633301,-26.3487491607666,0            28.3691005706787,-26.3487644195557,0            28.3690967559814,-26.3487854003906,0            28.3690948486328,-26.3488006591797,0            28.3690929412842,-26.3488159179688,0            28.3690891265869,-26.3488292694092,0            28.369083404541,-26.348840713501,0            28.3690776824951,-26.3488578796387,0            28.3690662384033,-26.3488903045654,0            28.3690643310547,-26.3488960266113,0            28.3690547943115,-26.3489036560059,0            28.3690509796143,-26.3489112854004,0            28.3690452575684,-26.3489208221436,0            28.3690414428711,-26.348934173584,0            28.3690299987793,-26.3489570617676,0            28.369026184082,-26.3489685058594,0            28.3690223693848,-26.3490047454834,0            28.3690147399902,-26.3490142822266,1747.035            28.369010925293,-26.3490257263184,0            28.3690071105957,-26.3490390777588,0            28.3690032958984,-26.3490543365479,0            28.3689994812012,-26.3490676879883,0            28.3689937591553,-26.3490810394287,0            28.368989944458,-26.3490943908691,0            28.3689804077148,-26.3491058349609,0            28.3689746856689,-26.3491191864014,0            28.3689708709717,-26.3491325378418,0            28.3689670562744,-26.3491458892822,1746.9116            28.368968963623,-26.3491611480713,0            28.368968963623,-26.3491764068604,0            28.3689613342285,-26.349193572998,0            28.3689556121826,-26.3492069244385,0            28.3689670562744,-26.3492317199707,0            28.3689632415771,-26.3492469787598,0            28.3689613342285,-26.3492622375488,0            28.3689613342285,-26.3492736816406,0            28.3689575195312,-26.3492889404297,0            28.3689498901367,-26.3493022918701,1746.4889            28.3689498901367,-26.3493175506592,0            28.3689441680908,-26.3493328094482,0            28.3689441680908,-26.34934425354,0            28.3689384460449,-26.3493556976318,0            28.3689308166504,-26.3493633270264,0            28.3689212799072,-26.3493766784668,0            28.3689079284668,-26.3493843078613,0            28.3689002990723,-26.3493976593018,0            28.3688945770264,-26.3494110107422,0            28.3688888549805,-26.3494243621826,1746.0739            28.3688812255859,-26.3494358062744,0            28.3688812255859,-26.3494510650635,0            28.3688793182373,-26.3494644165039,0            28.3688812255859,-26.3494777679443,0            28.3688793182373,-26.3494930267334,0            28.3688774108887,-26.3495063781738,0            28.36887550354,-26.3495235443115,0            28.3688735961914,-26.3495388031006,0            28.3688716888428,-26.3495540618896,0            28.3688659667969,-26.3495674133301,1745.4961            28.368860244751,-26.3495826721191,0            28.3688583374023,-26.3495941162109,0            28.3688564300537,-26.3496074676514,0            28.3688545227051,-26.3496246337891,0            28.3688545227051,-26.3496417999268,0            28.3688564300537,-26.3496551513672,0            28.3688526153564,-26.349666595459,0            28.3688526153564,-26.3496780395508,0            28.3688507080078,-26.3496894836426,0            28.3688468933105,-26.349702835083,1745.5398            28.3688430786133,-26.3497123718262,0            28.3688373565674,-26.349723815918,0            28.3688316345215,-26.3497314453125,0            28.368824005127,-26.3497409820557,0            28.3688201904297,-26.3497543334961,0            28.3688144683838,-26.3497638702393,0            28.3688068389893,-26.3497772216797,0            28.368803024292,-26.3497886657715,0            28.3687973022461,-26.3498001098633,0            28.3687896728516,-26.3498134613037,1745.6261            28.3687858581543,-26.3498249053955,0            28.3687858581543,-26.3498382568359,0            28.3687839508057,-26.349853515625,0            28.368782043457,-26.3498687744141,0            28.3687801361084,-26.3498821258545,0            28.368782043457,-26.3498935699463,0            28.368782043457,-26.3499069213867,0            28.3687801361084,-26.3499202728271,0            28.3687782287598,-26.3499355316162,0            28.3687763214111,-26.3499488830566,1745.4917            28.3687725067139,-26.3499603271484,0            28.3687686920166,-26.3499755859375,0            28.368766784668,-26.3499908447266,0            28.3687686920166,-26.350004196167,0            28.3687705993652,-26.3500213623047,0            28.3687705993652,-26.3500385284424,0            28.3687648773193,-26.3500537872314,0            28.3687610626221,-26.3500633239746,0            28.3687553405762,-26.350076675415,0            28.3687496185303,-26.3500862121582,1745.2515            28.368745803833,-26.35009765625,0            28.3687477111816,-26.3501110076904,0            28.3687438964844,-26.3501205444336,0            28.3687419891357,-26.3501358032227,0            28.3687381744385,-26.3501491546631,0            28.3687343597412,-26.3501605987549,0            28.3687324523926,-26.3501758575439,0            28.3687267303467,-26.3501853942871,0            28.368724822998,-26.3502025604248,0            28.3687286376953,-26.3502101898193,1745.2001            28.3687286376953,-26.350227355957,0            28.3687267303467,-26.3502388000488,0            28.3687210083008,-26.3502559661865,0            28.3687191009521,-26.3502731323242,0            28.3687191009521,-26.3502902984619,0            28.3687191009521,-26.350305557251,0            28.3687152862549,-26.3503170013428,0            28.3687133789062,-26.3503246307373,0            28.3687114715576,-26.3503360748291,0            28.3687038421631,-26.3503379821777,1745.3804            28.3686943054199,-26.3503513336182,0            28.3686847686768,-26.3503570556641,0            28.3686847686768,-26.3503704071045,0            28.3686809539795,-26.3503799438477,0            28.3686771392822,-26.3503894805908,0            28.3686752319336,-26.3504028320313,0            28.3686752319336,-26.3504219055176,0            28.3686676025391,-26.350435256958,0            28.3686695098877,-26.3504486083984,0            28.3686676025391,-26.3504638671875,1745.8325            28.3686637878418,-26.3504791259766,0            28.3686561584473,-26.3504867553711,0            28.3686485290527,-26.3504943847656,0            28.3686428070068,-26.3505020141602,0            28.3686370849609,-26.3505172729492,0            28.3686351776123,-26.3505344390869,0            28.368631362915,-26.3505477905273,0            28.3686294555664,-26.3505592346191,0            28.3686256408691,-26.3505687713623,0            28.3686199188232,-26.3505821228027,1745.2548            28.3686180114746,-26.3505935668945,0            28.3686180114746,-26.350606918335,0            28.368616104126,-26.3506259918213,0            28.3686180114746,-26.350643157959,0            28.3686180114746,-26.3506526947021,0            28.3686237335205,-26.3506660461426,0            28.3686237335205,-26.350679397583,0            28.3686199188232,-26.3506965637207,0            28.3686180114746,-26.3507080078125,0            28.368616104126,-26.3507213592529,1744.8058            28.3686103820801,-26.350736618042,0            28.3686084747314,-26.3507518768311,0            28.3686065673828,-26.3507652282715,0            28.3686027526855,-26.3507804870605,0            28.3685989379883,-26.350793838501,0            28.3685970306396,-26.35080909729,0            28.3685970306396,-26.3508205413818,0            28.3685913085938,-26.350830078125,0            28.3685894012451,-26.3508396148682,1744.5863            28.3685874938965,-26.3508529663086,0            28.3685855865479,-26.350866317749,0            28.3685836791992,-26.3508777618408,0            28.368579864502,-26.3508911132813,0            28.3685779571533,-26.3509063720703,0            28.3685722351074,-26.3509254455566,0            28.3685646057129,-26.3509387969971,0            28.368558883667,-26.3509502410889,0            28.3685512542725,-26.3509654998779,0            28.3685493469238,-26.350980758667,0            28.3685493469238,-26.3509941101074,1745.4098            28.3685455322266,-26.3510036468506,0            28.3685436248779,-26.3510150909424,0            28.3685417175293,-26.3510322570801,0            28.3685398101807,-26.3510437011719,0            28.368537902832,-26.3510589599609,0            28.3685398101807,-26.3510723114014,0            28.3685417175293,-26.3510856628418,0            28.3685436248779,-26.3510990142822,0            28.3685455322266,-26.3511085510254,0            28.3685436248779,-26.3511161804199,1745.8107            28.368537902832,-26.3511238098145,0            28.3685302734375,-26.351131439209,0            28.3685245513916,-26.3511447906494,0            28.368522644043,-26.3511581420898,0            28.3685207366943,-26.351167678833,0            28.3685188293457,-26.3511791229248,0            28.3685207366943,-26.3511924743652,0            28.3685188293457,-26.3512001037598,0            28.3685169219971,-26.3512134552002,0            28.3685073852539,-26.3512268066406,1745.8467            28.3684997558594,-26.3512401580811,0            28.3684902191162,-26.3512477874756,0            28.3684883117676,-26.3512592315674,0            28.3684844970703,-26.3512706756592,0            28.3684730529785,-26.3512878417969,0            28.3684692382812,-26.3513031005859,0            28.368465423584,-26.3513164520264,0            28.3684616088867,-26.3513278961182,0            28.3684577941895,-26.35133934021,0            28.3684539794922,-26.3513526916504,1745.7069            28.3684539794922,-26.3513679504395,0            28.3684501647949,-26.3513832092285,0            28.3684463500977,-26.3513946533203,0            28.368444442749,-26.3514080047607,0            28.3684425354004,-26.3514175415039,0            28.3684368133545,-26.3514308929443,0            28.3684349060059,-26.3514461517334,0            28.3684329986572,-26.3514614105225,0            28.3684272766113,-26.3514766693115,0            28.3684234619141,-26.351490020752,1746.0826            28.3684196472168,-26.3515033721924,0            28.3684139251709,-26.3515167236328,0            28.3684120178223,-26.3515300750732,0            28.3684139251709,-26.3515434265137,0            28.368408203125,-26.3515586853027,0            28.3684062957764,-26.3515758514404,0            28.3683986663818,-26.3515892028809,0            28.3683986663818,-26.351598739624,0            28.3683967590332,-26.3516120910645,0            28.3683948516846,-26.3516311645508,1746.3251            28.3683891296387,-26.3516502380371,0            28.3683891296387,-26.3516654968262,0            28.3683891296387,-26.3516750335693,0            28.3683910369873,-26.3516845703125,0            28.3683910369873,-26.3516979217529,0            28.3683891296387,-26.3517055511475,0            28.3683891296387,-26.3517169952393,0            28.3683834075928,-26.3517284393311,0            28.3683776855469,-26.3517417907715,0            28.3683738708496,-26.3517551422119,1745.9264            28.3683700561523,-26.351770401001,0            28.3683662414551,-26.3517837524414,0            28.3683567047119,-26.3517932891846,0            28.368350982666,-26.3517990112305,0            28.3683414459229,-26.3518104553223,0            28.3683338165283,-26.3518295288086,0            28.3683300018311,-26.3518447875977,0            28.3683261871338,-26.3518581390381,0            28.3683223724365,-26.3518714904785,1745.9886            28.3683204650879,-26.3518829345703,0            28.3683185577393,-26.3518962860107,0            28.3683185577393,-26.3519077301025,0            28.368314743042,-26.3519191741943,0            28.368314743042,-26.3519344329834,0            28.3683128356934,-26.3519515991211,0            28.3683109283447,-26.3519668579102,0            28.368314743042,-26.3519821166992,0            28.3683090209961,-26.3519954681396,0            28.3683090209961,-26.3520030975342,1746.1077            28.3683013916016,-26.3520107269287,0            28.3682994842529,-26.3520221710205,0            28.3682956695557,-26.3520374298096,0            28.368293762207,-26.3520545959473,0            28.3682880401611,-26.3520889282227,0            28.3682861328125,-26.3521041870117,0            28.3682804107666,-26.3521194458008,0            28.3682765960693,-26.3521347045898,0            28.3682746887207,-26.3521499633789,0            28.3682689666748,-26.3521747589111,0            28.3682651519775,-26.3522071838379,0            28.3682651519775,-26.3522243499756,0            28.368257522583,-26.3522396087646,0            28.3682498931885,-26.352258682251,0            28.3682422637939,-26.35227394104,0            28.3682403564453,-26.3522911071777,0            28.3682384490967,-26.3523025512695,0            28.3682384490967,-26.3523139953613,1744.6879            28.3682384490967,-26.3523254394531,0            28.3682384490967,-26.3523387908936,0            28.368236541748,-26.352352142334,0            28.3682403564453,-26.3523616790771,0            28.3682460784912,-26.3523788452148,0            28.3682518005371,-26.3523921966553,0            28.3682594299316,-26.3523998260498,0            28.3682727813721,-26.3524036407471,0            28.3682823181152,-26.3524112701416,0            28.368293762207,-26.3524169921875,1745.0931            28.3683109283447,-26.3524284362793,0            28.3683242797852,-26.3524360656738,0            28.3683338165283,-26.3524436950684,0            28.368350982666,-26.3524513244629,0            28.3683700561523,-26.3524570465088,0            28.3683929443359,-26.3524589538574,0            28.3684101104736,-26.3524627685547,0            28.3684272766113,-26.352466583252,0            28.3684463500977,-26.352466583252,0            28.3684616088867,-26.3524742126465,1744.7218            28.3684787750244,-26.352481842041,0            28.3684940338135,-26.3524837493896,0            28.3685111999512,-26.352481842041,0            28.3685245513916,-26.3524856567383,0            28.368537902832,-26.3524856567383,0            28.3685474395752,-26.3524875640869,0            28.3685512542725,-26.3524932861328,0            28.3685626983643,-26.3524913787842,0            28.3685760498047,-26.3524913787842,0            28.3685855865479,-26.3524951934814,1744.2893            28.3685970306396,-26.3524951934814,0            28.3686103820801,-26.3524951934814,0            28.3686237335205,-26.3524990081787,0            28.3686351776123,-26.3524990081787,0            28.3686428070068,-26.352502822876,0            28.3686504364014,-26.3525085449219,0            28.3686618804932,-26.3525123596191,0            28.3686752319336,-26.352518081665,0            28.3686943054199,-26.352518081665,0            28.3687152862549,-26.3525199890137,1743.9661            28.3687324523926,-26.3525199890137,0            28.3687496185303,-26.3525238037109,0            28.3687744140625,-26.3525257110596,0            28.3687915802002,-26.3525314331055,0            28.3688087463379,-26.3525333404541,0            28.3688259124756,-26.3525371551514,0            28.368839263916,-26.3525409698486,0            28.3688468933105,-26.3525466918945,0            28.3688640594482,-26.3525505065918,0            28.3688793182373,-26.3525543212891,1743.752            28.368896484375,-26.3525581359863,0            28.3689136505127,-26.3525619506836,0            28.3689289093018,-26.3525676727295,0            28.3689441680908,-26.3525772094727,0            28.368953704834,-26.3525867462158,0            28.3689613342285,-26.3525924682617,0            28.3689746856689,-26.3526020050049,0            28.3689842224121,-26.3526096343994,0            28.3689918518066,-26.3526172637939,0            28.3690052032471,-26.3526191711426,1743.408            28.3690185546875,-26.3526191711426,0            28.3690299987793,-26.3526229858398,0            28.3690452575684,-26.3526229858398,0            28.3690605163574,-26.3526248931885,0            28.3690757751465,-26.3526268005371,0            28.3690891265869,-26.3526268005371,0            28.3691062927246,-26.352632522583,0            28.3691349029541,-26.3526420593262,0            28.3691539764404,-26.3526458740234,1743.6438            28.3691673278809,-26.3526496887207,0            28.3691806793213,-26.352653503418,0            28.3691921234131,-26.3526554107666,0            28.3692092895508,-26.3526554107666,0            28.3692283630371,-26.352653503418,0            28.3692417144775,-26.3526515960693,0            28.3692512512207,-26.352653503418,0            28.3692665100098,-26.352653503418,0            28.3692741394043,-26.3526592254639,0            28.3692855834961,-26.3526611328125,1743.432            28.3692989349365,-26.3526630401611,0            28.3693141937256,-26.3526668548584,0            28.3693294525146,-26.3526649475098,0            28.3693370819092,-26.3526649475098,0            28.3693504333496,-26.3526649475098,0            28.3693656921387,-26.3526630401611,0            28.3693809509277,-26.3526630401611,0            28.3693962097168,-26.3526630401611,0            28.3694095611572,-26.3526592254639,0            28.3694229125977,-26.3526668548584,1743.4058            28.3694324493408,-26.352668762207,0            28.3694496154785,-26.3526725769043,0            28.3694648742676,-26.3526725769043,0            28.3694801330566,-26.3526744842529,0            28.3694934844971,-26.3526763916016,0            28.3695030212402,-26.3526821136475,0            28.3695220947266,-26.3526840209961,0            28.369535446167,-26.3526840209961,0            28.3695487976074,-26.352689743042,0            28.3695602416992,-26.3526973724365,1743.7454            28.369571685791,-26.3527050018311,0            28.3695850372314,-26.3527069091797,0            28.3696002960205,-26.3527069091797,0            28.3696155548096,-26.3527069091797,0            28.3696308135986,-26.3527088165283,0            28.3696460723877,-26.352710723877,0            28.3696613311768,-26.3527126312256,0            28.3696765899658,-26.3527145385742,0            28.3696937561035,-26.3527145385742,0            28.3697090148926,-26.3527126312256,1744.5645            28.3697242736816,-26.3527050018311,0            28.3697357177734,-26.3527011871338,0            28.3697528839111,-26.3526992797852,0            28.3697681427002,-26.3526973724365,0            28.3697834014893,-26.3526992797852,0            28.369800567627,-26.3527088165283,0            28.3698120117188,-26.3527183532715,0            28.3698272705078,-26.352725982666,0            28.3698387145996,-26.3527317047119,0            28.3698558807373,-26.3527297973633,1745.8347            28.3698711395264,-26.3527317047119,0            28.3698902130127,-26.3527355194092,0            28.369909286499,-26.3527374267578,0            28.3699207305908,-26.3527431488037,0            28.3699340820312,-26.352746963501,0            28.369945526123,-26.3527507781982,0            28.3699588775635,-26.3527584075928,0            28.369966506958,-26.3527660369873,0            28.3699798583984,-26.3527736663818,0            28.3699932098389,-26.3527755737305,1745.9526            28.3700065612793,-26.3527774810791,0            28.370023727417,-26.352783203125,0            28.3700313568115,-26.3527908325195,0            28.3700428009033,-26.3527984619141,0            28.3700523376465,-26.3528022766113,0            28.3700618743896,-26.3528060913086,0            28.3700771331787,-26.3528099060059,0            28.3700866699219,-26.3528118133545,0            28.3700981140137,-26.3528099060059,0            28.3701114654541,-26.3528099060059,1744.1112            28.3701229095459,-26.3528079986572,0            28.3701343536377,-26.3528118133545,0            28.3701477050781,-26.3528156280518,0            28.3701610565186,-26.3528175354004,0            28.3701801300049,-26.3528175354004,0            28.3701972961426,-26.3528251647949,0            28.3702144622803,-26.3528327941895,0            28.3702278137207,-26.3528385162354,0            28.3702373504639,-26.3528442382813,0            28.3702487945557,-26.3528423309326,1743.1677            28.3702602386475,-26.3528442382813,0            28.3702754974365,-26.3528518676758,0            28.370288848877,-26.3528499603271,0            28.370304107666,-26.3528518676758,0            28.3703212738037,-26.3528537750244,0            28.37034034729,-26.3528499603271,0            28.3703536987305,-26.3528594970703,0            28.3703708648682,-26.3528633117676,0            28.3703861236572,-26.3528633117676,0            28.3703994750977,-26.3528671264648,1743.1611            28.3704147338867,-26.3528690338135,0            28.3704280853271,-26.3528709411621,0            28.3704471588135,-26.3528747558594,0            28.3704700469971,-26.352876663208,0            28.3704872131348,-26.3528747558594,0            28.3705005645752,-26.3528785705566,0            28.3705101013184,-26.3528842926025,0            28.3705272674561,-26.3528861999512,0            28.3705444335938,-26.3528861999512,0            28.3705596923828,-26.3528861999512,1743.7345            28.3705749511719,-26.3528861999512,0            28.3705883026123,-26.3528881072998,0            28.37060546875,-26.3528881072998,0            28.3706188201904,-26.3528900146484,0            28.3706321716309,-26.3528938293457,0            28.3706474304199,-26.3528995513916,0            28.3706588745117,-26.3529014587402,0            28.3706741333008,-26.3529033660889,0            28.3706893920898,-26.3529090881348,0            28.3707008361816,-26.3529090881348,1744.3962            28.3707122802734,-26.3529090881348,0            28.3707237243652,-26.3529052734375,0            28.3707370758057,-26.3529033660889,0            28.3707542419434,-26.3529090881348,0            28.3707656860352,-26.3529148101807,0            28.3707752227783,-26.3529205322266,0            28.3707885742188,-26.3529205322266,0            28.3708000183105,-26.3529205322266,0            28.3708114624023,-26.3529243469238,1744.1516            28.3708248138428,-26.3529243469238,0            28.3708343505859,-26.3529243469238,0            28.3708419799805,-26.352933883667,0            28.3708515167236,-26.3529396057129,0            28.3708534240723,-26.3529472351074,0            28.3708553314209,-26.352954864502,0            28.3708553314209,-26.3529624938965,0            28.3708515167236,-26.3529739379883,0            28.370849609375,-26.3529834747314,0            28.370849609375,-26.3529930114746,0            28.3708419799805,-26.353006362915,1743.136            28.3708362579346,-26.3530197143555,0            28.3708305358887,-26.3530311584473,0            28.37082862854,-26.3530406951904,0            28.3708229064941,-26.3530540466309,0            28.3708171844482,-26.3530673980713,0            28.370813369751,-26.3530750274658,0            28.3708095550537,-26.3530807495117,0            28.3708076477051,-26.3530902862549,0            28.3708038330078,-26.3531036376953,0            28.3707942962646,-26.3531150817871,1743.2518            28.3707904815674,-26.3531246185303,0            28.370792388916,-26.3531322479248,0            28.3707904815674,-26.3531379699707,0            28.3707904815674,-26.3531455993652,0            28.3707866668701,-26.353157043457,0            28.3707866668701,-26.3531723022461,0            28.3707828521729,-26.3531875610352,0            28.3707790374756,-26.353199005127,0            28.370777130127,-26.3532085418701,0            28.370777130127,-26.353214263916,1744.3079            28.3707733154297,-26.3532238006592,0            28.3707714080811,-26.353235244751,0            28.3707695007324,-26.35325050354,0            28.3707637786865,-26.3532638549805,0            28.3707580566406,-26.3532810211182,0            28.3707542419434,-26.3532886505127,0            28.3707504272461,-26.3533039093018,0            28.3707408905029,-26.3533191680908,0            28.3707332611084,-26.3533325195313,1745.1663            28.3707313537598,-26.3533477783203,0            28.3707294464111,-26.3533630371094,0            28.3707332611084,-26.3533802032471,0            28.3707275390625,-26.3533897399902,0            28.370719909668,-26.3534030914307,0            28.370719909668,-26.3534164428711,0            28.3707141876221,-26.3534297943115,0            28.3707084655762,-26.3534450531006,0            28.3706970214844,-26.3534603118896,0            28.370698928833,-26.3534736633301,1746.1438            28.370698928833,-26.3534851074219,0            28.3706970214844,-26.3534965515137,0            28.3706912994385,-26.3535251617432,0            28.3706874847412,-26.3535385131836,0            28.3706855773926,-26.3535652160645,0            28.3706760406494,-26.3535785675049,0            28.3706703186035,-26.353588104248,0            28.3706703186035,-26.3536014556885,0            28.3706760406494,-26.3536128997803,1746.1842            28.3706703186035,-26.3536243438721,0            28.3706665039062,-26.3536376953125,0            28.370662689209,-26.3536491394043,0            28.3706569671631,-26.3536624908447,0            28.3706512451172,-26.3536758422852,0            28.3706455230713,-26.353687286377,0            28.3706474304199,-26.3536987304688,0            28.3706493377686,-26.3537120819092,0            28.3706531524658,-26.3537273406982,0            28.3706550598145,-26.3537425994873,1745.223            28.3706569671631,-26.3537559509277,0            28.3706550598145,-26.3537635803223,0            28.3706474304199,-26.3537769317627,0            28.370641708374,-26.3537864685059,0            28.3706283569336,-26.3537998199463,0            28.3706226348877,-26.3538112640381,0            28.3706188201904,-26.3538227081299,0            28.3706130981445,-26.3538341522217,0            28.3706111907959,-26.3538455963135,0            28.3706130981445,-26.3538589477539,1744.3351            28.3706092834473,-26.3538703918457,0            28.3705997467041,-26.3538818359375,0            28.3705940246582,-26.3538932800293,0            28.3705883026123,-26.3539066314697,0            28.3705863952637,-26.3539180755615,0            28.3705806732178,-26.3539295196533,0            28.3705768585205,-26.3539390563965,0            28.3705768585205,-26.3539505004883,0            28.3705749511719,-26.3539657592773,0            28.3705711364746,-26.3539791107178,1744.2357            28.3705711364746,-26.3539924621582,0            28.3705749511719,-26.3540058135986,0            28.3705711364746,-26.3540172576904,0            28.3705635070801,-26.3540287017822,0            28.3705539703369,-26.3540363311768,0            28.370548248291,-26.3540477752686,0            28.3705387115479,-26.354061126709,0            28.3705310821533,-26.3540706634521,0            28.3705253601074,-26.354076385498,0            28.370512008667,-26.3540821075439,1745.2166            28.3704986572266,-26.3540897369385,0            28.3704853057861,-26.3540992736816,0            28.3704719543457,-26.3541088104248,0            28.3704643249512,-26.3541202545166,0            28.370454788208,-26.3541259765625,0            28.3704433441162,-26.3541297912598,0            28.3704319000244,-26.3541374206543,0            28.3704299926758,-26.3541507720947,0            28.3704166412354,-26.3541622161865,0            28.3704051971436,-26.3541698455811,1745.8215            28.3703937530518,-26.3541774749756,0            28.3703804016113,-26.3541831970215,0            28.3703651428223,-26.3541851043701,0            28.3703517913818,-26.3541870117188,0            28.37034034729,-26.3541965484619,0            28.3703308105469,-26.3542041778564,0            28.3703174591064,-26.354211807251,0            28.3703022003174,-26.3542156219482,0            28.370288848877,-26.3542213439941,0            28.3702754974365,-26.3542213439941,1746.7478            28.3702621459961,-26.3542251586914,0            28.3702487945557,-26.35422706604,0            28.370231628418,-26.3542308807373,0            28.3702163696289,-26.3542366027832,0            28.3702011108398,-26.3542442321777,0            28.3701934814453,-26.3542575836182,0            28.3701820373535,-26.3542671203613,0            28.3701725006104,-26.3542709350586,0            28.3701591491699,-26.3542785644531,0            28.370153427124,-26.3542861938477,1746.6975            28.3701457977295,-26.3542938232422,0            28.3701324462891,-26.3542995452881,0            28.3701190948486,-26.354305267334,0            28.3701019287109,-26.3543071746826,0            28.3700885772705,-26.3543148040771,0            28.3700752258301,-26.3543224334717,0            28.3700675964355,-26.3543338775635,0            28.3700580596924,-26.3543434143066,0            28.3700504302979,-26.3543567657471,0            28.3700389862061,-26.3543682098389,1747.1573            28.3700275421143,-26.3543720245361,0            28.3700180053711,-26.3543720245361,0            28.3700065612793,-26.3543796539307,0            28.3699970245361,-26.3543853759766,0            28.3699893951416,-26.354398727417,0            28.3699817657471,-26.3544082641602,0            28.3699645996094,-26.3544139862061,0            28.3699474334717,-26.3544158935547,0            28.3699340820312,-26.3544178009033,0            28.3699188232422,-26.3544235229492,1748.0126            28.3699073791504,-26.3544254302979,0            28.36989402771,-26.3544273376465,0            28.3698806762695,-26.3544330596924,0            28.3698673248291,-26.3544425964355,0            28.3698596954346,-26.3544521331787,0            28.3698501586914,-26.3544597625732,0            28.3698406219482,-26.3544673919678,0            28.3698272705078,-26.3544731140137,0            28.3698177337646,-26.3544807434082,0            28.3698101043701,-26.3544883728027,1748.9814            28.3698062896729,-26.3545017242432,0            28.3697929382324,-26.3545055389404,0            28.369779586792,-26.354513168335,0            28.3697643280029,-26.3545169830322,0            28.3697452545166,-26.3545169830322,0            28.3697319030762,-26.3545169830322,0            28.369722366333,-26.3545207977295,0            28.3697071075439,-26.3545265197754,0            28.3696994781494,-26.3545322418213,0            28.369686126709,-26.3545379638672,1749.4785            28.3696708679199,-26.3545436859131,0            28.3696556091309,-26.354549407959,0            28.3696460723877,-26.3545627593994,0            28.3696346282959,-26.3545703887939,0            28.3696231842041,-26.3545722961426,0            28.3696117401123,-26.3545818328857,0            28.3695945739746,-26.3545913696289,0            28.3695774078369,-26.3546028137207,0            28.3695697784424,-26.3546104431152,0            28.3695583343506,-26.3546180725098,1750.5173            28.3695449829102,-26.3546237945557,0            28.3695316314697,-26.3546237945557,0            28.3695163726807,-26.3546276092529,0            28.3695030212402,-26.3546276092529,0            28.3694915771484,-26.3546295166016,0            28.369478225708,-26.3546352386475,0            28.3694629669189,-26.354642868042,0            28.3694515228272,-26.3546504974365,0            28.3694438934326,-26.3546562194824,0            28.3694343566895,-26.3546619415283,1751.246            28.3694190979004,-26.3546695709229,0            28.3694038391113,-26.3546772003174,0            28.3694000244141,-26.3546867370605,0            28.3693885803223,-26.3546943664551,0            28.3693828582764,-26.3547058105469,0            28.3693656921387,-26.3547134399414,0            28.3693523406982,-26.3547172546387,0            28.3693370819092,-26.3547210693359,0            28.3693256378174,-26.3547267913818,0            28.3693180084229,-26.3547325134277,1751.0493            28.3693065643311,-26.354736328125,0            28.3692951202393,-26.3547382354736,0            28.3692817687988,-26.3547420501709,0            28.3692646026611,-26.3547420501709,0            28.3692512512207,-26.3547439575195,0            28.3692359924316,-26.3547477722168,0            28.3692226409912,-26.3547554016113,0            28.3692111968994,-26.3547649383545,0            28.369197845459,-26.354772567749,0            28.3691825866699,-26.3547821044922,1750.95            28.3691692352295,-26.3547821044922,0            28.3691482543945,-26.3547840118408,0            28.3691253662109,-26.3547878265381,0            28.3691082000732,-26.354793548584,0            28.3690967559814,-26.3547992706299,0            28.3690872192383,-26.3548049926758,0            28.3690757751465,-26.3548145294189,0            28.3690662384033,-26.3548259735107,0            28.3690605163574,-26.3548316955566,0            28.369047164917,-26.3548374176025,1750.7588            28.3690338134766,-26.354850769043,0            28.3690147399902,-26.3548545837402,0            28.3689937591553,-26.3548641204834,0            28.3689765930176,-26.3548698425293,0            28.3689556121826,-26.3548755645752,0            28.3689460754395,-26.3548851013184,0            28.3689346313477,-26.3548946380615,0            28.3689155578613,-26.3549022674561,0            28.3688983917236,-26.3549098968506,0            28.3688831329346,-26.3549251556396,1749.615            28.3688697814941,-26.3549346923828,0            28.3688583374023,-26.354944229126,0            28.3688468933105,-26.3549518585205,0            28.3688354492188,-26.3549575805664,0            28.3688259124756,-26.3549652099609,0            28.3688106536865,-26.3549671173096,0            28.368803024292,-26.3549766540527,0            28.3687896728516,-26.35498046875,0            28.3687763214111,-26.3549842834473,0            28.368766784668,-26.3549880981445,1749.7167            28.3687553405762,-26.3549919128418,0            28.3687477111816,-26.3550052642822,0            28.3687362670898,-26.3550148010254,0            28.3687267303467,-26.3550243377686,0            28.3687133789062,-26.3550319671631,0            28.3687038421631,-26.3550395965576,0            28.3686943054199,-26.3550472259521,0            28.3686847686768,-26.355052947998,0            28.3686771392822,-26.3550605773926,0            28.3686618804932,-26.355073928833,1749.9712            28.3686504364014,-26.3550796508789,0            28.3686428070068,-26.3550834655762,0            28.3686275482178,-26.3550910949707,0            28.3686103820801,-26.3550968170166,0            28.3685913085938,-26.3550987243652,0            28.3685760498047,-26.3550987243652,0            28.3685607910156,-26.3550930023193,0            28.3685474395752,-26.355094909668,0            28.3685340881348,-26.3550987243652,1749.899            28.3685150146484,-26.3551025390625,0            28.368501663208,-26.3551063537598,0            28.3684883117676,-26.3551063537598,0            28.3684730529785,-26.355110168457,0            28.3684616088867,-26.3551139831543,0            28.3684501647949,-26.3551197052002,0            28.3684368133545,-26.3551273345947,0            28.3684215545654,-26.3551235198975,0            28.3684120178223,-26.3551292419434,0            28.3684005737305,-26.3551368713379,1749.6456            28.3683834075928,-26.3551406860352,0            28.3683643341064,-26.3551406860352,0            28.368350982666,-26.3551425933838,0            28.3683376312256,-26.3551445007324,0            28.3683300018311,-26.3551559448242,0            28.368314743042,-26.3551597595215,0            28.3682975769043,-26.3551616668701,0            28.3682842254639,-26.3551731109619,0            28.3682708740234,-26.3551807403564,0            28.3682594299316,-26.3551864624023,1749.3059            28.3682441711426,-26.3551940917969,0            28.3682231903076,-26.3552207946777,0            28.3682098388672,-26.3552303314209,0            28.3681983947754,-26.3552417755127,0            28.3681735992432,-26.355260848999,0            28.3681640625,-26.3552665710449,0            28.3681507110596,-26.3552684783936,0            28.3681354522705,-26.3552780151367,0            28.3681201934814,-26.3552799224854,1748.9313            28.3681049346924,-26.3552856445313,0            28.3680877685547,-26.3552932739258,0            28.3680744171143,-26.3552989959717,0            28.3680629730225,-26.3553066253662,0            28.3680515289307,-26.3553199768066,0            28.368034362793,-26.3553256988525,0            28.3680191040039,-26.3553314208984,0            28.3680019378662,-26.3553371429443,0            28.3679885864258,-26.3553409576416,0            28.367977142334,-26.3553466796875,1748.8143            28.3679676055908,-26.355354309082,0            28.367956161499,-26.3553638458252,0            28.3679447174072,-26.3553695678711,0            28.3679313659668,-26.355375289917,0            28.3679161071777,-26.3553771972656,0            28.3679008483887,-26.3553810119629,0            28.3678855895996,-26.3553810119629,0            28.3678741455078,-26.3553829193115,0            28.3678607940674,-26.3553867340088,0            28.367847442627,-26.3553924560547,1748.8439            28.3678379058838,-26.3554019927979,0            28.3678283691406,-26.3554096221924,0            28.3678169250488,-26.3554153442383,0            28.3678035736084,-26.3554191589355,0            28.3677864074707,-26.3554229736328,0            28.3677749633789,-26.3554267883301,0            28.3677616119385,-26.3554306030273,0            28.3677501678467,-26.3554401397705,0            28.3677425384521,-26.3554496765137,0            28.367733001709,-26.3554573059082,1748.8854            28.3677310943604,-26.3554630279541,0            28.3677215576172,-26.3554725646973,0            28.3677082061768,-26.3554801940918,0            28.3676948547363,-26.3554859161377,0            28.3676795959473,-26.3554935455322,0            28.3676605224609,-26.3554992675781,0            28.3676452636719,-26.3555068969727,0            28.3676261901855,-26.3555145263672,0            28.3676109313965,-26.3555221557617,0            28.3675975799561,-26.3555297851563,1748.928            28.3675861358643,-26.355541229248,0            28.3675708770752,-26.3555450439453,0            28.367561340332,-26.3555545806885,0            28.3675441741943,-26.3555660247803,0            28.3675308227539,-26.3555755615234,0            28.3675155639648,-26.355583190918,0            28.3675041198731,-26.3555908203125,0            28.367488861084,-26.3556041717529,0            28.3674774169922,-26.3556137084961,0            28.3674659729004,-26.3556232452393,1749.2218            28.3674488067627,-26.3556308746338,0            28.3674392700195,-26.3556385040283,0            28.367431640625,-26.3556499481201,0            28.3674221038818,-26.355655670166,0            28.3674163818359,-26.3556652069092,0            28.3674068450928,-26.355676651001,0            28.367395401001,-26.3556823730469,0            28.3673820495605,-26.3556900024414,0            28.3673706054688,-26.3556976318359,0            28.3673629760742,-26.3557109832764,1749.1759            28.3673534393311,-26.3557224273682,0            28.3673458099365,-26.3557319641113,0            28.3673419952393,-26.3557281494141,0            28.3673419952393,-26.3557186126709,0            28.3673496246338,-26.3557090759277,0            28.3673553466797,-26.3556995391846,0            28.3673648834229,-26.3556880950928,0            28.367374420166,-26.3556804656982,0            28.3673877716064,-26.3556652069092,0            28.367395401001,-26.3556575775146,1748.1929            28.3674030303955,-26.3556499481201,0            28.36741065979,-26.355640411377,0            28.3674182891846,-26.3556308746338,0            28.3674259185791,-26.3556213378906,0            28.3674335479736,-26.3556156158447,0            28.3674354553223,-26.3556060791016,0            28.3674411773682,-26.3555946350098,0            28.3674449920654,-26.3555870056152,0            28.3674488067627,-26.3555736541748,0            28.3674545288086,-26.3555641174316,1748.7412            28.3674621582031,-26.3555526733398,0            28.3674640655518,-26.355541229248,0            28.3674640655518,-26.3555316925049,0            28.3674602508545,-26.3555164337158,0            28.3674621582031,-26.3555068969727,0            28.3674697875977,-26.3554935455322,0            28.3674755096436,-26.3554859161377,0            28.3674755096436,-26.3554744720459,0            28.3674812316895,-26.3554611206055,0            28.3674812316895,-26.3554439544678,1749.3234            28.3674831390381,-26.3554210662842,0            28.3674831390381,-26.3554039001465,0            28.367488861084,-26.3553943634033,0            28.3674926757812,-26.3553810119629,0            28.3674964904785,-26.3553657531738,0            28.3674983978271,-26.3553524017334,0            28.3675041198731,-26.355339050293,0            28.3675155639648,-26.3553256988525,0            28.3675174713135,-26.3553161621094,0            28.367525100708,-26.3553047180176,1749.9832            28.3675308227539,-26.3552951812744,0            28.3675270080566,-26.3552837371826,0            28.367525100708,-26.3552722930908,0            28.3675346374512,-26.3552627563477,0            28.3675327301025,-26.3552513122559,0            28.3675270080566,-26.3552417755127,0            28.367525100708,-26.3552303314209,0            28.367525100708,-26.3552169799805,0            28.3675270080566,-26.3552017211914,0            28.3675327301025,-26.3551902770996,1750.5632            28.3675346374512,-26.3551788330078,0            28.3675422668457,-26.355167388916,0            28.3675441741943,-26.3551559448242,0            28.3675441741943,-26.3551483154297,0            28.3675479888916,-26.3551349639893,0            28.3675518035889,-26.3551177978516,0            28.3675594329834,-26.3551044464111,0            28.3675651550293,-26.355094909668,0            28.3675689697266,-26.3550777435303,0            28.3675727844238,-26.3550643920898,1750.9795            28.3675785064697,-26.3550510406494,0            28.3675804138184,-26.3550338745117,0            28.3675842285156,-26.3550224304199,0            28.3675765991211,-26.3550128936768,0            28.3675727844238,-26.3549995422363,0            28.3675765991211,-26.3549880981445,0            28.3675842285156,-26.3549766540527,0            28.3675899505615,-26.3549613952637,0            28.3675956726074,-26.3549499511719,0            28.3675975799561,-26.3549365997314,1750.8123            28.3675956726074,-26.354923248291,0            28.3676013946533,-26.3549118041992,0            28.3676128387451,-26.3549003601074,0            28.3676242828369,-26.3548851013184,0            28.3676300048828,-26.3548698425293,0            28.3676300048828,-26.3548564910889,0            28.3676319122314,-26.3548469543457,0            28.3676300048828,-26.354829788208,0            28.3676357269287,-26.3548202514648,0            28.367639541626,-26.3548126220703,1750.6091            28.3676414489746,-26.3548011779785,0            28.3676414489746,-26.3547897338867,0            28.3676414489746,-26.354772567749,0            28.3676452636719,-26.3547592163086,0            28.3676452636719,-26.3547439575195,0            28.3676490783691,-26.3547286987305,0            28.3676528930664,-26.35471534729,0            28.3676528930664,-26.354700088501,0            28.3676567077637,-26.3546886444092,0            28.367654800415,-26.354679107666,1749.3223            28.3676509857178,-26.3546695709229,0            28.3676490783691,-26.3546562194824,0            28.367654800415,-26.3546447753906,0            28.3676567077637,-26.3546314239502,0            28.3676567077637,-26.3546199798584,0            28.3676567077637,-26.3546085357666,0            28.367654800415,-26.3545951843262,0            28.3676586151123,-26.3545818328857,0            28.3676624298096,-26.354564666748,1749.1508            28.3676662445068,-26.3545551300049,0            28.3676719665527,-26.3545417785645,0            28.3676795959473,-26.3545322418213,0            28.3676815032959,-26.3545246124268,0            28.3676834106445,-26.3545150756836,0            28.3676891326904,-26.3545036315918,0            28.3676929473877,-26.3544902801514,0            28.367696762085,-26.3544807434082,0            28.3677005767822,-26.3544673919678,0            28.3677043914795,-26.3544521331787,0            28.3677062988281,-26.354434967041,1749.343            28.3677082061768,-26.3544216156006,0            28.367712020874,-26.3544120788574,0            28.3677177429199,-26.3544006347656,0            28.3677234649658,-26.3543891906738,0            28.3677310943604,-26.3543739318848,0            28.367733001709,-26.3543643951416,0            28.3677387237549,-26.3543643951416,0            28.3677387237549,-26.3543605804443,0            28.3677387237549,-26.3543472290039,0            28.3677444458008,-26.3543300628662,1749.9995            28.3677501678467,-26.3543109893799,0            28.3677539825439,-26.3542919158936,0            28.3677520751953,-26.3542804718018,0            28.3677558898926,-26.3542747497559,0            28.3677558898926,-26.3542594909668,0            28.3677444458008,-26.3542442321777,0            28.3677444458008,-26.3542308807373,0            28.3677425384521,-26.3542175292969,0            28.3677425384521,-26.3542060852051,0            28.3677425384521,-26.3541946411133,1749.6544            28.3677463531494,-26.354175567627,0            28.3677520751953,-26.3541679382324,0            28.3677558898926,-26.3541564941406,0            28.3677616119385,-26.3541469573975,0            28.3677635192871,-26.3541374206543,0            28.367769241333,-26.3541297912598,0            28.3677711486816,-26.3541164398193,0            28.3677749633789,-26.3540992736816,0            28.3677768707275,-26.3540859222412,0            28.3677749633789,-26.3540725708008,1749.6161            28.3677749633789,-26.3540592193604,0            28.3677749633789,-26.3540439605713,0            28.3677768707275,-26.3540325164795,0            28.3677787780762,-26.3540191650391,0            28.3677749633789,-26.3540058135986,0            28.3677749633789,-26.3539943695068,0            28.3677768707275,-26.353982925415,0            28.3677825927734,-26.3539714813232,0            28.3677883148193,-26.3539600372314,0            28.3677978515625,-26.3539505004883,1749.8936            28.3678035736084,-26.3539371490479,0            28.3678150177002,-26.3539237976074,0            28.3678207397461,-26.3539142608643,0            28.367826461792,-26.3539047241211,0            28.3678302764893,-26.3538932800293,0            28.3678359985352,-26.3538799285889,0            28.3678398132324,-26.3538646697998,0            28.3678417205811,-26.3538551330566,0            28.3678455352783,-26.3538455963135,0            28.3678455352783,-26.3538341522217,1750.442            28.367847442627,-26.3538246154785,0            28.3678455352783,-26.3538112640381,0            28.3678531646729,-26.3538017272949,0            28.3678588867188,-26.3537883758545,0            28.3678665161133,-26.3537750244141,0            28.3678741455078,-26.353759765625,0            28.3678798675537,-26.3537445068359,0            28.3678855895996,-26.3537311553955,0            28.3678894042969,-26.3537197113037,1750.2465            28.3678932189941,-26.3537063598633,0            28.3678970336914,-26.3536949157715,0            28.36789894104,-26.3536834716797,0            28.3679008483887,-26.3536720275879,0            28.3679008483887,-26.3536605834961,0            28.3679046630859,-26.3536491394043,0            28.3679065704346,-26.3536357879639,0            28.3679103851318,-26.3536224365234,0            28.3679084777832,-26.3536071777344,0            28.3679103851318,-26.3535957336426,1750.5588            28.3679180145264,-26.3535842895508,0            28.3679237365723,-26.3535747528076,0            28.3679275512695,-26.3535633087158,0            28.3679237365723,-26.3535461425781,0            28.3679237365723,-26.353536605835,0            28.3679313659668,-26.3535270690918,0            28.3679351806641,-26.3535175323486,0            28.3679351806641,-26.3535060882568,0            28.3679389953613,-26.3534908294678,0            28.3679447174072,-26.3534774780273,1751.0243            28.3679485321045,-26.3534679412842,0            28.3679523468018,-26.3534545898438,0            28.367956161499,-26.353443145752,0            28.3679618835449,-26.3534278869629,0            28.3679695129395,-26.353401184082,0            28.3679714202881,-26.3533916473389,0            28.3679733276367,-26.3533802032471,0            28.3679790496826,-26.3533554077148,0            28.3679809570312,-26.3533458709717,1750.8888            28.3679828643799,-26.3533325195313,0            28.3679866790771,-26.3533153533936,0            28.3679885864258,-26.3533020019531,0            28.3679943084717,-26.3532867431641,0            28.367992401123,-26.3532752990723,0            28.3680000305176,-26.3532657623291,0            28.3680019378662,-26.3532562255859,0            28.3680057525635,-26.3532447814941,0            28.3680038452148,-26.3532371520996,0            28.3680038452148,-26.3532276153564,1750.6736            28.3680076599121,-26.3532161712646,0            28.3680114746094,-26.3532066345215,0            28.3680171966553,-26.3531913757324,0            28.3680248260498,-26.3531703948975,0            28.3680305480957,-26.3531513214111,0            28.3680305480957,-26.3531398773193,0            28.3680324554443,-26.3531303405762,0            28.368034362793,-26.353120803833,0            28.3680362701416,-26.3531112670898,0            28.3680381774902,-26.353099822998,1750.4409            28.3680419921875,-26.3530864715576,0            28.3680438995361,-26.3530750274658,0            28.3680458068848,-26.3530578613281,0            28.3680534362793,-26.3530426025391,0            28.3680553436279,-26.3530311584473,0            28.3680591583252,-26.3530197143555,0            28.3680572509766,-26.3530082702637,0            28.3680572509766,-26.3529968261719,0            28.3680591583252,-26.3529815673828,0            28.3680610656738,-26.3529663085938,1750.8658            28.3680667877197,-26.3529529571533,0            28.368070602417,-26.3529396057129,0            28.3680686950684,-26.3529281616211,0            28.3680686950684,-26.3529186248779,0            28.3680648803711,-26.3529090881348,0            28.3680591583252,-26.352897644043,0            28.3680610656738,-26.3528861999512,0            28.3680629730225,-26.3528747558594,0            28.3680667877197,-26.3528671264648,0            28.3680744171143,-26.3528575897217,1750.9532            28.3680782318115,-26.3528442382813,0            28.3680858612061,-26.3528308868408,0            28.368091583252,-26.352819442749,0            28.3680992126465,-26.3528079986572,0            28.3681049346924,-26.3527946472168,0            28.368106842041,-26.3527851104736,0            28.3681106567383,-26.3527717590332,0            28.3681125640869,-26.3527603149414,0            28.3681144714355,-26.3527507781982,1751.1979            28.3681144714355,-26.3527374267578,0            28.3681163787842,-26.3527240753174,0            28.3681221008301,-26.3527126312256,0            28.3681297302246,-26.3527030944824,0            28.3681354522705,-26.3526973724365,0            28.3681411743164,-26.3526859283447,0            28.3681468963623,-26.3526725769043,0            28.3681507110596,-26.3526592254639,0            28.3681564331055,-26.3526439666748,0            28.3681602478027,-26.3526344299316,0            28.3681602478027,-26.3526248931885,1751.2089            28.3681640625,-26.3526153564453,0            28.3681697845459,-26.3526077270508,0            28.3681678771973,-26.352596282959,0            28.3681678771973,-26.3525867462158,0            28.3681697845459,-26.3525772094727,0            28.3681735992432,-26.3525657653809,0            28.3681774139404,-26.3525505065918,0            28.3681831359863,-26.3525333404541,0            28.368185043335,-26.3525161743164,0            28.368185043335,-26.3524990081787,1750.8636            28.3681907653809,-26.3524856567383,0            28.3681945800781,-26.3524703979492,0            28.3681964874268,-26.3524570465088,0            28.3681983947754,-26.3524475097656,0            28.3681983947754,-26.3524341583252,0            28.3682022094727,-26.3524188995361,0            28.3682060241699,-26.3524036407471,0            28.3682117462158,-26.3523902893066,0            28.3682117462158,-26.3523731231689,0            28.3682174682617,-26.3523616790771,1750.5588            28.3682193756104,-26.3523502349854,0            28.3682231903076,-26.3523368835449,0            28.3682289123535,-26.3523254394531,0            28.3682308197021,-26.3523101806641,0            28.3682308197021,-26.3522987365723,0            28.3682308197021,-26.3522872924805,0            28.3682327270508,-26.35227394104,0            28.3682346343994,-26.3522644042969,0            28.3682422637939,-26.3522510528564,0            28.3682498931885,-26.3522357940674,1750.3829            28.3682556152344,-26.3522300720215,0            28.3682632446289,-26.3522167205811,0            28.3682632446289,-26.3522033691406,0            28.3682689666748,-26.3521938323975,0            28.3682746887207,-26.3521862030029,0            28.3682765960693,-26.3521785736084,0            28.3682765960693,-26.3521709442139,0            28.3682765960693,-26.3521575927734,0            28.3682765960693,-26.3521480560303,0            28.3682746887207,-26.3521347045898,1750.3622            28.3682842254639,-26.3521156311035,0            28.3682899475098,-26.3521022796631,0            28.3682975769043,-26.3520889282227,0            28.3683032989502,-26.3520774841309,0            28.3683109283447,-26.3520603179932,0            28.3683166503906,-26.3520450592041,0            28.3683204650879,-26.3520355224609,0            28.3683261871338,-26.3520259857178,0            28.3683300018311,-26.3520183563232,0            28.3683242797852,-26.3520088195801,1750.442            28.3683242797852,-26.3519992828369,0            28.3683242797852,-26.3519878387451,0            28.3683261871338,-26.351978302002,0            28.3683185577393,-26.3519630432129,0            28.3683166503906,-26.3519477844238,0            28.3683204650879,-26.3519325256348,0            28.3683223724365,-26.3519229888916,0            28.3683261871338,-26.3519134521484,0            28.3683319091797,-26.3519020080566,0            28.3683395385742,-26.3518886566162,1750.7654            28.3683414459229,-26.3518772125244,0            28.3683471679688,-26.351863861084,0            28.3683547973633,-26.3518505096436,0            28.3683605194092,-26.3518333435059,0            28.3683643341064,-26.3518238067627,0            28.3683662414551,-26.3518123626709,0            28.3683700561523,-26.3517990112305,0            28.3683776855469,-26.3517913818359,0            28.3683815002441,-26.3517818450928,0            28.3683834075928,-26.351770401001,1751.4055            28.3683795928955,-26.3517589569092,0            28.3683795928955,-26.3517513275146,0            28.3683795928955,-26.3517436981201,0            28.3683815002441,-26.351734161377,0            28.3683853149414,-26.3517208099365,0            28.3683853149414,-26.351713180542,0            28.3683795928955,-26.3517074584961,0            28.3683853149414,-26.3516960144043,0            28.3683948516846,-26.3516845703125,0            28.3684005737305,-26.3516731262207,1751.5388            28.3684043884277,-26.3516654968262,0            28.368408203125,-26.351655960083,0            28.3684101104736,-26.3516464233398,0            28.3684120178223,-26.3516368865967,0            28.3684158325195,-26.3516254425049,0            28.3684215545654,-26.3516139984131,0            28.3684215545654,-26.351598739624,0            28.3684253692627,-26.3515853881836,0            28.36842918396,-26.3515739440918,0            28.3684368133545,-26.3515625,1751.3444            28.3684387207031,-26.3515529632568,0            28.3684406280518,-26.3515377044678,0            28.3684425354004,-26.351526260376,0            28.368444442749,-26.3515148162842,0            28.3684463500977,-26.3515071868896,0            28.3684463500977,-26.3514995574951,0            28.3684501647949,-26.351490020752,0            28.3684539794922,-26.3514804840088,0            28.3684558868408,-26.351469039917,0            28.3684577941895,-26.3514575958252,1751.7605            28.3684558868408,-26.3514423370361,0            28.3684539794922,-26.3514251708984,0            28.3684577941895,-26.3514080047607,0            28.3684635162354,-26.3513965606689,0            28.368465423584,-26.3513851165771,0            28.3684730529785,-26.3513717651367,0            28.3684711456299,-26.3513622283936,0            28.3684749603271,-26.3513507843018,0            28.3684730529785,-26.3513412475586,0            28.3684768676758,-26.3513317108154,1752.2183            28.3684787750244,-26.3513259887695,0            28.368480682373,-26.3513145446777,0            28.368480682373,-26.3512992858887,0            28.368480682373,-26.3512859344482,0            28.3684902191162,-26.3512725830078,0            28.3684997558594,-26.351261138916,0            28.3685035705566,-26.3512496948242,0            28.3685073852539,-26.3512382507324,0            28.3685092926025,-26.3512268066406,0            28.3685111999512,-26.3512153625488,1752.357            28.3685131072998,-26.351203918457,0            28.3685169219971,-26.3511905670166,0            28.3685207366943,-26.3511734008789,0            28.3685245513916,-26.3511600494385,0            28.3685340881348,-26.3511505126953,0            28.3685398101807,-26.3511390686035,0            28.3685417175293,-26.3511257171631,0            28.3685455322266,-26.3511142730713,0            28.3685398101807,-26.3511047363281,0            28.3685436248779,-26.351095199585,1752.6487            28.3685417175293,-26.3510875701904,0            28.3685512542725,-26.35107421875,0            28.368558883667,-26.3510627746582,0            28.3685626983643,-26.351053237915,0            28.3685665130615,-26.3510456085205,0            28.3685703277588,-26.351037979126,0            28.3685722351074,-26.3510284423828,0            28.3685703277588,-26.351016998291,0            28.3685722351074,-26.3510036468506,1752.7634            28.3685722351074,-26.3509922027588,0            28.3685741424561,-26.3509635925293,0            28.3685817718506,-26.3509521484375,0            28.368595123291,-26.3509311676025,0            28.3685989379883,-26.3509178161621,0            28.3686122894287,-26.3509063720703,0            28.3686141967773,-26.3508949279785,0            28.368616104126,-26.3508796691895,1752.2937            28.368616104126,-26.3508682250977,0            28.3686199188232,-26.3508567810059,0            28.3686256408691,-26.35085105896,0            28.3686294555664,-26.3508396148682,0            28.3686332702637,-26.3508262634277,0            28.3686389923096,-26.3508186340332,0            28.3686504364014,-26.3508052825928,0            28.3686542510986,-26.350793838501,0            28.3686656951904,-26.3507823944092,0            28.3686676025391,-26.3507709503174,1751.364            28.3686676025391,-26.3507614135742,0            28.3686656951904,-26.3507480621338,0            28.3686656951904,-26.3507328033447,0            28.3686714172363,-26.3507175445557,0            28.3686752319336,-26.3507041931152,0            28.3686809539795,-26.3506927490234,0            28.3686809539795,-26.350679397583,0            28.3686847686768,-26.3506660461426,0            28.3686866760254,-26.3506507873535,0            28.3686809539795,-26.3506336212158,1751.6152            28.3686790466309,-26.3506202697754,0            28.3686752319336,-26.3506088256836,0            28.368673324585,-26.3505954742432,0            28.3686695098877,-26.3505821228027,0            28.3686676025391,-26.3505706787109,0            28.3686656951904,-26.3505611419678,0            28.3686656951904,-26.3505382537842,0            28.3686676025391,-26.3505306243896,0            28.3686695098877,-26.3505229949951,0            28.3686656951904,-26.350513458252,0            28.3686618804932,-26.3505020141602,0            28.3686637878418,-26.3504791259766,0            28.3686714172363,-26.3504676818848,0            28.3686790466309,-26.3504600524902,0            28.3686866760254,-26.3504486083984,0            28.3687000274658,-26.3504390716553,0            28.3687038421631,-26.3504295349121,0            28.3687076568604,-26.3504180908203,0            28.3687133789062,-26.3504085540771,1751.6404            28.3687191009521,-26.350399017334,0            28.3687171936035,-26.3503818511963,0            28.3687152862549,-26.3503684997559,0            28.3687210083008,-26.3503532409668,0            28.368724822998,-26.350341796875,0            28.3687267303467,-26.3503303527832,0            28.3687267303467,-26.35032081604,0            28.3687324523926,-26.3503112792969,0            28.3687343597412,-26.3503017425537,0            28.3687362670898,-26.3502902984619,1750.9434            28.3687381744385,-26.3502769470215,0            28.3687381744385,-26.3502674102783,0            28.3687419891357,-26.3502540588379,0            28.368745803833,-26.3502407073975,0            28.3687496185303,-26.3502292633057,0            28.3687515258789,-26.3502159118652,0            28.3687534332275,-26.3502044677734,0            28.3687553405762,-26.350191116333,0            28.3687591552734,-26.3501796722412,0            28.3687610626221,-26.350170135498,1750.8811            28.3687629699707,-26.3501567840576,0            28.368766784668,-26.3501491546631,0            28.3687725067139,-26.3501358032227,0            28.3687763214111,-26.3501243591309,0            28.3687801361084,-26.3501110076904,0            28.3687839508057,-26.3500995635986,0            28.3687877655029,-26.3500843048096,0            28.3687915802002,-26.3500728607178,0            28.3687934875488,-26.3500595092773,0            28.3687953948975,-26.3500480651855,1751.3727            28.3687953948975,-26.3500385284424,0            28.3687953948975,-26.3500328063965,0            28.368803024292,-26.3500213623047,0            28.3688011169434,-26.3500080108643,0            28.3687973022461,-26.3499946594238,0            28.3687915802002,-26.3499774932861,0            28.3687896728516,-26.3499584197998,0            28.3687877655029,-26.3499450683594,0            28.3687896728516,-26.3499374389648,0            28.3687934875488,-26.3499279022217,1751.5333            28.3687953948975,-26.3499183654785,0            28.3688049316406,-26.349910736084,0            28.3688125610352,-26.3499011993408,0            28.3688144683838,-26.3498878479004,0            28.3688182830811,-26.34987449646,0            28.3688182830811,-26.3498611450195,0            28.3688201904297,-26.3498458862305,0            28.3688354492188,-26.3498382568359,0            28.368839263916,-26.3498268127441,0            28.368839263916,-26.3498134613037,1751.8578            28.3688449859619,-26.349796295166,0            28.3688488006592,-26.349781036377,0            28.3688488006592,-26.3497676849365,0            28.3688488006592,-26.3497581481934,0            28.3688507080078,-26.3497467041016,0            28.3688507080078,-26.3497333526611,0            28.3688545227051,-26.3497200012207,0            28.368860244751,-26.3497142791748,0            28.3688621520996,-26.3497009277344,0            28.3688716888428,-26.3496913909912,1752.3461            28.3688793182373,-26.3496799468994,0            28.3688888549805,-26.3496685028076,0            28.3688945770264,-26.3496551513672,0            28.3688983917236,-26.3496398925781,0            28.3689002990723,-26.3496284484863,0            28.3689079284668,-26.3496150970459,0            28.3689098358154,-26.349609375,0            28.3689098358154,-26.3495998382568,0            28.3689098358154,-26.349588394165,0            28.3689117431641,-26.3495750427246,1752.5778            28.3689136505127,-26.3495635986328,0            28.36891746521,-26.349552154541,0            28.36891746521,-26.3495426177979,0            28.3689193725586,-26.3495311737061,0            28.3689289093018,-26.3495254516602,0            28.3689384460449,-26.3495025634766,0            28.3689403533936,-26.3494930267334,0            28.3689422607422,-26.349479675293,0            28.3689422607422,-26.3494701385498,1752.605            28.3689460754395,-26.3494548797607,0            28.3689441680908,-26.3494415283203,0            28.3689441680908,-26.3494281768799,0            28.3689460754395,-26.3494167327881,0            28.3689498901367,-26.3494091033936,0            28.3689517974854,-26.3493995666504,0            28.368953704834,-26.3493919372559,0            28.3689556121826,-26.3493824005127,0            28.3689556121826,-26.349365234375,0            28.3689556121826,-26.3493518829346,1752.4149            28.3689575195312,-26.3493385314941,0            28.3689594268799,-26.3493232727051,0            28.3689556121826,-26.3493118286133,0            28.3689556121826,-26.3493003845215,0            28.3689594268799,-26.3492832183838,0            28.3689594268799,-26.349271774292,0            28.3689632415771,-26.3492603302002,0            28.368968963623,-26.3492488861084,0            28.3689727783203,-26.3492374420166,1751.8392            28.3689785003662,-26.3492240905762,0            28.3689804077148,-26.3492107391357,0            28.3689785003662,-26.3491973876953,0            28.3689823150635,-26.3491821289063,0            28.368989944458,-26.3491725921631,0            28.3689937591553,-26.3491592407227,0            28.368989944458,-26.3491439819336,0            28.3689937591553,-26.3491325378418,0            28.3689956665039,-26.3491230010986,0            28.3689994812012,-26.3491115570068,0            28.3690032958984,-26.3491020202637,1751.7933            28.3690071105957,-26.3490905761719,0            28.3690032958984,-26.3490791320801,0            28.3690090179443,-26.3490657806396,0            28.369010925293,-26.3490562438965,0            28.3690204620361,-26.3490447998047,0            28.3690242767334,-26.3490352630615,0            28.3690242767334,-26.3490238189697,0            28.3690338134766,-26.3490142822266,0            28.3690376281738,-26.3489952087402,0            28.369047164917,-26.3489818572998,1751.3279            28.3690528869629,-26.348970413208,0            28.3690605163574,-26.3489589691162,0            28.3690662384033,-26.3489475250244,0            28.3690719604492,-26.348934173584,0            28.3690795898438,-26.3489227294922,0            28.3690814971924,-26.3489093780518,0            28.3690891265869,-26.34889793396,0            28.3690986633301,-26.3488883972168,0            28.369104385376,-26.3488807678223,0            28.3691024780273,-26.3488693237305,1750.9532            28.3691082000732,-26.3488597869873,0            28.3691139221191,-26.3488483428955,0            28.3691253662109,-26.3488368988037,0            28.3691272735596,-26.3488178253174,0            28.3691368103027,-26.3488025665283,0            28.369140625,-26.3487854003906,0            28.3691501617432,-26.3487701416016,0            28.3691501617432,-26.3487548828125,0            28.3691444396973,-26.3487396240234,0            28.3691463470459,-26.3487281799316,1750.997            28.3691539764404,-26.3487148284912,0            28.3691444396973,-26.3486862182617,0            28.3691482543945,-26.3486747741699,0            28.3691425323486,-26.3486614227295,0            28.3691444396973,-26.3486480712891,0            28.3691482543945,-26.3486385345459,0            28.3691501617432,-26.3486289978027,0            28.3691577911377,-26.3486175537109,1751.8042            28.3691520690918,-26.3486022949219,0            28.3691558837891,-26.3485851287842,0            28.3691577911377,-26.3485698699951,0            28.3691577911377,-26.3485584259033,0            28.3691577911377,-26.3485469818115,0            28.3691635131836,-26.3485317230225,0            28.3691692352295,-26.348518371582,0            28.3691673278809,-26.3485050201416,0            28.3691711425781,-26.3484878540039,0            28.3691711425781,-26.3484706878662,1752.3964            28.369176864624,-26.3484592437744,0            28.369176864624,-26.3484477996826,0            28.3691711425781,-26.3484344482422,0            28.3691673278809,-26.3484115600586,0            28.3691730499268,-26.3483829498291,0            28.3691787719727,-26.3483695983887,0            28.3691997528076,-26.34836769104,0            28.3692073822021,-26.3483562469482,0            28.3692169189453,-26.3483409881592,0            28.3692321777344,-26.348331451416,1752.5679            28.3692436218262,-26.3483219146729,0            28.3692493438721,-26.3483104705811,0            28.3692665100098,-26.3482971191406,0            28.3692722320557,-26.3482875823975,0            28.3692798614502,-26.3482761383057,0            28.3692855834961,-26.3482646942139,0            28.3692874908447,-26.3482551574707,0            28.3692932128906,-26.3482532501221,0            28.3692893981934,-26.3482570648193,0            28.3692893981934,-26.3482608795166,0            28.3693027496338,-26.3482456207275,1752.4685            28.3693180084229,-26.3482437133789,0            28.3693332672119,-26.3482437133789,0            28.3693466186523,-26.3482418060303,0            28.3693618774414,-26.3482437133789,0            28.3693733215332,-26.3482418060303,0            28.369384765625,-26.348237991333,0            28.3694019317627,-26.3482322692871,0            28.3694152832031,-26.3482246398926,0            28.3694286346436,-26.3482265472412,0            28.3694438934326,-26.3482246398926,1752.7067            28.3694553375244,-26.3482151031494,0            28.3694629669189,-26.3482093811035,0            28.3694725036621,-26.3482074737549,0            28.3694858551025,-26.3482055664063,0            28.3694972991943,-26.3482074737549,0            28.3695049285889,-26.3481998443604,0            28.3695163726807,-26.3481960296631,0            28.3695240020752,-26.3481979370117,0            28.3695449829102,-26.3481979370117,0            28.3695583343506,-26.3482055664063,1753.5337            28.3695735931396,-26.3482036590576,0            28.3695869445801,-26.3481979370117,0            28.3696002960205,-26.3481960296631,0            28.3696117401123,-26.3481998443604,0            28.3696212768555,-26.3481979370117,0            28.3696269989014,-26.3482036590576,0            28.3696403503418,-26.3482036590576,0            28.3696556091309,-26.348201751709,0            28.369665145874,-26.3482112884521,1752.8301            28.3696746826172,-26.3482208251953,0            28.369686126709,-26.3482208251953,0            28.3696975708008,-26.3482208251953,0            28.3697090148926,-26.3482246398926,0            28.3697204589844,-26.3482284545898,0            28.3697376251221,-26.3482303619385,0            28.3697528839111,-26.3482303619385,0            28.3697681427002,-26.3482227325439,0            28.369779586792,-26.3482208251953,0            28.3697929382324,-26.3482227325439,1751.7234            28.3698081970215,-26.3482208251953,0            28.3698234558105,-26.3482151031494,0            28.3698387145996,-26.3482074737549,0            28.3698539733887,-26.348201751709,0            28.3698616027832,-26.3482131958008,0            28.369873046875,-26.348217010498,0            28.3698806762695,-26.3482208251953,0            28.3698863983154,-26.3482189178467,0            28.3699035644531,-26.348217010498,0            28.3699226379395,-26.3482093811035,1750.9795            28.3699493408203,-26.3482074737549,0            28.3699645996094,-26.3482055664063,0            28.3699722290039,-26.3482093811035,0            28.3699836730957,-26.3482208251953,0            28.3699989318848,-26.3482227325439,0            28.3700160980225,-26.3482265472412,0            28.3700275421143,-26.3482322692871,0            28.3700408935547,-26.3482303619385,0            28.3700561523438,-26.3482284545898,0            28.3700656890869,-26.3482265472412,1749.9231            28.3700790405273,-26.3482265472412,0            28.3700866699219,-26.3482246398926,0            28.3701000213623,-26.3482208251953,0            28.3701133728027,-26.348217010498,0            28.3701419830322,-26.3482093811035,0            28.3701591491699,-26.3482093811035,0            28.3701801300049,-26.3482036590576,0            28.3701934814453,-26.3482055664063,1749.9067            28.3702068328857,-26.3481998443604,0            28.3702239990234,-26.3481979370117,0            28.3702335357666,-26.348201751709,0            28.3702526092529,-26.348217010498,0            28.3702621459961,-26.3482284545898,0            28.3702926635742,-26.3482227325439,0            28.3703231811523,-26.3482341766357,0            28.3703346252441,-26.3482360839844,1749.981            28.3703498840332,-26.3482437133789,0            28.3703594207764,-26.3482456207275,0            28.3703765869141,-26.3482551574707,0            28.3703899383545,-26.348258972168,0            28.3704071044922,-26.348258972168,0            28.3704204559326,-26.3482570648193,0            28.3704280853271,-26.3482551574707,0            28.370433807373,-26.3482513427734,0            28.3704395294189,-26.3482551574707,0            28.3704528808594,-26.3482551574707,1749.7701            28.3704643249512,-26.3482532501221,0            28.3704833984375,-26.3482532501221,0            28.3704986572266,-26.3482475280762,0            28.3705158233643,-26.3482513427734,0            28.3705310821533,-26.3482437133789,0            28.370548248291,-26.348237991333,0            28.3705635070801,-26.3482398986816,0            28.3705768585205,-26.3482437133789,0            28.3705902099609,-26.3482360839844,0            28.37060546875,-26.3482322692871,1750.4758            28.3706169128418,-26.3482265472412,0            28.3706283569336,-26.3482112884521,0            28.3706378936768,-26.3482074737549,0            28.3706398010254,-26.3482036590576,0            28.3706493377686,-26.3481998443604,0            28.3706588745117,-26.3481941223145,0            28.3706645965576,-26.3481941223145,0            28.3706741333008,-26.3481960296631,0            28.3706893920898,-26.3481903076172,0            28.3707008361816,-26.3481884002686,1750.9182            28.370719909668,-26.3481903076172,0            28.3707275390625,-26.3481979370117,0            28.3707389831543,-26.3482074737549,0            28.3707466125488,-26.3482093811035,0            28.370756149292,-26.3482093811035,0            28.3707714080811,-26.3482151031494,0            28.3707847595215,-26.3482131958008,0            28.3708019256592,-26.348217010498,0            28.3708171844482,-26.3482265472412,0            28.3708305358887,-26.3482284545898,1750.0127            28.3708477020264,-26.3482341766357,0            28.3708629608154,-26.348237991333,0            28.3708724975586,-26.348237991333,0            28.3708820343018,-26.3482398986816,0            28.3708934783936,-26.348237991333,0            28.3709011077881,-26.348237991333,0            28.3709144592285,-26.3482398986816,0            28.3709259033203,-26.3482437133789,0            28.3709354400635,-26.3482475280762,0            28.370943069458,-26.3482532501221,1749.6783            28.3709545135498,-26.3482532501221,0            28.3709621429443,-26.3482608795166,0            28.3709716796875,-26.3482666015625,0            28.3709774017334,-26.3482780456543,0            28.3709831237793,-26.3482837677002,0            28.3709964752197,-26.348295211792,0            28.3710117340088,-26.3483085632324,0            28.3710289001465,-26.3483219146729,0            28.3710441589355,-26.3483276367188,0            28.3710594177246,-26.3483295440674,1749.2141            28.3710670471191,-26.3483333587646,0            28.3710746765137,-26.3483390808105,0            28.3710861206055,-26.3483409881592,0            28.3710994720459,-26.3483409881592,0            28.3711109161377,-26.3483409881592,0            28.3711223602295,-26.3483390808105,0            28.3711490631104,-26.3483486175537,0            28.3711585998535,-26.348352432251,0            28.3711605072021,-26.3483562469482,0          </coordinates></LineString></Placemark></Folder></Document></kml>