<?xml version="1.0" encoding="UTF-8"?><kml xmlns="http://www.opengis.net/kml/2.2"><Document><name>Weltevrede Wine Estate parkrun</name><description/><Style id="icon-1899-0F9D58-nodesc-normal"><IconStyle><color>ff589d0f</color><scale>1</scale><Icon><href>https://www.gstatic.com/mapspro/images/stock/503-wht-blank_maps.png</href></Icon><hotSpot x="32" xunits="pixels" y="64" yunits="insetPixels"/></IconStyle><LabelStyle><scale>0</scale></LabelStyle><BalloonStyle><text><![CDATA[<h3>$[name]</h3>]]></text></BalloonStyle></Style><Style id="icon-1899-0F9D58-nodesc-highlight"><IconStyle><color>ff589d0f</color><scale>1</scale><Icon><href>https://www.gstatic.com/mapspro/images/stock/503-wht-blank_maps.png</href></Icon><hotSpot x="32" xunits="pixels" y="64" yunits="insetPixels"/></IconStyle><LabelStyle><scale>1</scale></LabelStyle><BalloonStyle><text><![CDATA[<h3>$[name]</h3>]]></text></BalloonStyle></Style><StyleMap id="icon-1899-0F9D58-nodesc"><Pair><key>normal</key><styleUrl>#icon-1899-0F9D58-nodesc-normal</styleUrl></Pair><Pair><key>highlight</key><styleUrl>#icon-1899-0F9D58-nodesc-highlight</styleUrl></Pair></StyleMap><Style id="icon-1899-FF5252-nodesc-normal"><IconStyle><color>ff5252ff</color><scale>1</scale><Icon><href>https://www.gstatic.com/mapspro/images/stock/503-wht-blank_maps.png</href></Icon><hotSpot x="32" xunits="pixels" y="64" yunits="insetPixels"/></IconStyle><LabelStyle><scale>0</scale></LabelStyle><BalloonStyle><text><![CDATA[<h3>$[name]</h3>]]></text></BalloonStyle></Style><Style id="icon-1899-FF5252-nodesc-highlight"><IconStyle><color>ff5252ff</color><scale>1</scale><Icon><href>https://www.gstatic.com/mapspro/images/stock/503-wht-blank_maps.png</href></Icon><hotSpot x="32" xunits="pixels" y="64" yunits="insetPixels"/></IconStyle><LabelStyle><scale>1</scale></LabelStyle><BalloonStyle><text><![CDATA[<h3>$[name]</h3>]]></text></BalloonStyle></Style><StyleMap id="icon-1899-FF5252-nodesc"><Pair><key>normal</key><styleUrl>#icon-1899-FF5252-nodesc-normal</styleUrl></Pair><Pair><key>highlight</key><styleUrl>#icon-1899-FF5252-nodesc-highlight</styleUrl></Pair></StyleMap><Style id="line-0288D1-5000-nodesc-normal"><LineStyle><color>ffd18802</color><width>5</width></LineStyle><BalloonStyle><text><![CDATA[<h3>$[name]</h3>]]></text></BalloonStyle></Style><Style id="line-0288D1-5000-nodesc-highlight"><LineStyle><color>ffd18802</color><width>7.5</width></LineStyle><BalloonStyle><text><![CDATA[<h3>$[name]</h3>]]></text></BalloonStyle></Style><StyleMap id="line-0288D1-5000-nodesc"><Pair><key>normal</key><styleUrl>#line-0288D1-5000-nodesc-normal</styleUrl></Pair><Pair><key>highlight</key><styleUrl>#line-0288D1-5000-nodesc-highlight</styleUrl></Pair></StyleMap><Folder><name>Untitled layer</name><Placemark><name>Course</name><styleUrl>#line-0288D1-5000-nodesc</styleUrl><LineString><tessellate>1</tessellate><coordinates>            20.0514,-33.94289,116            20.051403,-33.94289,116            20.051407,-33.942894,116            20.051414,-33.9429,116            20.051422,-33.94291,116            20.05143,-33.94292,116            20.051437,-33.94293,116            20.051445,-33.94294,116            20.051453,-33.94295,116            20.051458,-33.942963,116            20.051462,-33.942978,116            20.051464,-33.942986,116            20.051466,-33.942997,116            20.051468,-33.94301,116            20.051468,-33.943016,116            20.051472,-33.94303,116            20.051476,-33.943043,116            20.051477,-33.943054,116            20.051481,-33.943066,116            20.051485,-33.943077,116            20.051487,-33.94309,116            20.05149,-33.9431,116            20.051493,-33.943115,116            20.051497,-33.943123,116            20.0515,-33.94314,116            20.051504,-33.94315,116            20.051508,-33.94316,116            20.051512,-33.943176,116            20.051514,-33.94319,116            20.051516,-33.943203,116            20.051517,-33.94322,116            20.05152,-33.943233,116            20.05152,-33.943245,116            20.051523,-33.943256,116            20.051527,-33.943268,116            20.051533,-33.94328,116            20.051538,-33.94329,116            20.051542,-33.943302,116            20.051548,-33.943314,116            20.05155,-33.943325,116            20.051554,-33.94334,116            20.051554,-33.94335,116            20.051558,-33.943367,116            20.05156,-33.94338,116            20.051561,-33.94339,116            20.051563,-33.943405,116            20.051567,-33.943413,116            20.051569,-33.943424,116            20.051575,-33.943436,116            20.051579,-33.943443,116            20.051582,-33.94346,116            20.051586,-33.943466,116            20.05159,-33.94348,116            20.051594,-33.943493,116            20.051596,-33.943504,116            20.051598,-33.943516,116            20.051601,-33.943527,116            20.051605,-33.94354,116            20.051609,-33.94355,116            20.051613,-33.94356,116            20.051619,-33.943573,116            20.051624,-33.943584,116            20.051628,-33.9436,116            20.051632,-33.943615,116            20.051634,-33.943626,116            20.051636,-33.943638,116            20.05164,-33.943653,116            20.05164,-33.94367,116            20.051643,-33.943676,116            20.051643,-33.94369,116            20.051647,-33.943703,116            20.051651,-33.943714,116            20.051655,-33.943726,116            20.051659,-33.943737,116            20.051662,-33.943752,116            20.051666,-33.943764,116            20.051668,-33.94378,116            20.051672,-33.94379,116            20.051676,-33.9438,116            20.051678,-33.943813,116            20.051682,-33.943825,116            20.051685,-33.943836,116            20.051687,-33.943848,116            20.051691,-33.94386,116            20.051693,-33.94387,116            20.051695,-33.943886,116            20.051695,-33.943893,116            20.051695,-33.943905,116            20.051693,-33.943916,116            20.051695,-33.943924,116            20.051695,-33.943935,116            20.051697,-33.943947,116            20.051697,-33.94396,116            20.051699,-33.943966,116            20.0517,-33.943977,116            20.051702,-33.94399,116            20.051704,-33.943996,116            20.051706,-33.944008,116            20.05171,-33.944016,116            20.051714,-33.944027,116            20.05172,-33.944035,116            20.051725,-33.94405,116            20.051731,-33.944057,116            20.051737,-33.94407,116            20.051743,-33.94408,116            20.051748,-33.944088,116            20.051752,-33.9441,116            20.051758,-33.94411,116            20.051764,-33.94412,116            20.05177,-33.944134,116            20.051773,-33.944145,116            20.051777,-33.94416,116            20.051779,-33.944168,116            20.05178,-33.94418,116            20.051785,-33.94419,116            20.051788,-33.9442,116            20.05179,-33.944214,116            20.051792,-33.944225,116            20.051794,-33.944237,116            20.051796,-33.94425,116            20.051796,-33.94426,116            20.051796,-33.94427,116            20.051796,-33.944283,116            20.051796,-33.944294,116            20.051798,-33.944305,116            20.0518,-33.94432,116            20.051804,-33.944332,116            20.05181,-33.944344,116            20.051811,-33.944355,116            20.051813,-33.94437,116            20.051815,-33.94438,116            20.051819,-33.944393,116            20.051823,-33.94441,116            20.051826,-33.94442,116            20.051828,-33.94443,116            20.051834,-33.944443,116            20.051838,-33.944454,116            20.05184,-33.94446,116            20.051844,-33.944473,116            20.051846,-33.944485,116            20.051847,-33.9445,116            20.05185,-33.94451,116            20.05185,-33.944523,116            20.051853,-33.944534,116            20.051853,-33.944546,116            20.051857,-33.944557,116            20.05186,-33.944572,116            20.05186,-33.944584,116            20.051863,-33.944595,116            20.051865,-33.94461,116            20.051867,-33.944626,116            20.051867,-33.944633,116            20.051868,-33.94465,116            20.05187,-33.94466,116            20.05187,-33.94467,116            20.051874,-33.944687,116            20.051876,-33.944695,116            20.05188,-33.94471,116            20.051884,-33.94472,116            20.051886,-33.944736,116            20.05189,-33.944748,116            20.05189,-33.94476,116            20.051893,-33.944775,116            20.051897,-33.944782,116            20.051899,-33.944794,116            20.0519,-33.944805,116            20.051905,-33.944817,116            20.051908,-33.944828,116            20.051912,-33.944843,116            20.051918,-33.944855,116            20.051922,-33.944866,116            20.051924,-33.94488,116            20.051924,-33.944897,116            20.051926,-33.94491,116            20.051928,-33.94492,116            20.051931,-33.94493,116            20.051933,-33.944946,116            20.051935,-33.944958,116            20.05194,-33.94497,116            20.051945,-33.94498,116            20.051947,-33.944996,116            20.05195,-33.945007,116            20.051952,-33.945023,116            20.051954,-33.945038,116            20.051954,-33.94505,116            20.051958,-33.94506,116            20.051958,-33.945072,116            20.05196,-33.945084,116            20.05196,-33.945095,116            20.051962,-33.94511,116            20.051966,-33.94512,116            20.05197,-33.945133,116            20.051973,-33.94515,117            20.051977,-33.94516,117            20.051983,-33.94517,117            20.051987,-33.945183,117            20.051989,-33.945194,117            20.051992,-33.9452,117            20.051994,-33.945213,117            20.051998,-33.945225,117            20.051998,-33.945236,117            20.052002,-33.945248,117            20.052004,-33.94526,117            20.052006,-33.94527,117            20.05201,-33.945286,117            20.052013,-33.945297,117            20.052015,-33.94531,117            20.05202,-33.94532,117            20.052021,-33.945335,117            20.052025,-33.945343,117            20.052029,-33.945354,117            20.052032,-33.945366,117            20.052034,-33.94538,117            20.052036,-33.945393,117            20.05204,-33.945404,117            20.052044,-33.94542,117            20.052048,-33.945435,117            20.052052,-33.945446,117            20.052053,-33.945457,117            20.052057,-33.945473,117            20.052061,-33.945484,117            20.052063,-33.9455,117            20.052065,-33.945515,117            20.052065,-33.945526,117            20.052065,-33.945538,117            20.052069,-33.945553,117            20.05207,-33.945568,117            20.052073,-33.94558,117            20.052074,-33.94559,117            20.052076,-33.945606,117            20.05208,-33.945618,117            20.052084,-33.94563,117            20.052088,-33.945637,117            20.052095,-33.945652,117            20.052101,-33.945663,117            20.052107,-33.945675,117            20.05211,-33.94569,117            20.052114,-33.9457,117            20.052114,-33.945717,117            20.052116,-33.945724,117            20.052118,-33.94574,117            20.052118,-33.945747,117            20.05212,-33.945763,117            20.052122,-33.945774,117            20.052126,-33.945786,117            20.052128,-33.9458,117            20.05213,-33.945812,117            20.052134,-33.945824,117            20.052137,-33.945835,117            20.05214,-33.945847,117            20.052143,-33.945858,117            20.052149,-33.945873,117            20.052156,-33.945885,117            20.052162,-33.945896,117            20.052168,-33.94591,117            20.052172,-33.945923,117            20.052177,-33.945934,117            20.052181,-33.945946,117            20.052181,-33.945957,117            20.052185,-33.94597,117            20.052189,-33.94598,117            20.05219,-33.945995,117            20.052193,-33.946007,117            20.052197,-33.94602,117            20.0522,-33.946033,117            20.052202,-33.946045,117            20.052206,-33.946056,117            20.05221,-33.94607,117            20.052214,-33.946083,117            20.05222,-33.946095,117            20.052223,-33.946106,117            20.052227,-33.946114,117            20.052229,-33.946125,117            20.05223,-33.946136,117            20.052235,-33.946144,117            20.052237,-33.94616,117            20.052238,-33.946167,117            20.05224,-33.946182,117            20.05224,-33.946194,117            20.052242,-33.946205,117            20.052242,-33.946217,117            20.052242,-33.946228,117            20.052244,-33.94624,117            20.052244,-33.94625,117            20.052246,-33.946266,117            20.052248,-33.946278,117            20.052252,-33.946293,117            20.052256,-33.946304,117            20.05226,-33.946316,117            20.052263,-33.946327,117            20.052267,-33.94634,117            20.05227,-33.94635,117            20.05227,-33.94636,117            20.05227,-33.946377,117            20.05227,-33.946392,117            20.052275,-33.946407,117            20.052275,-33.94642,117            20.052277,-33.94643,117            20.052279,-33.946445,117            20.052282,-33.946457,117            20.052286,-33.946472,117            20.05229,-33.946484,117            20.052292,-33.946495,117            20.052296,-33.946507,117            20.0523,-33.946518,117            20.052305,-33.94653,117            20.052309,-33.94654,117            20.052313,-33.946556,117            20.052317,-33.946568,117            20.05232,-33.94658,117            20.052326,-33.94659,117            20.052332,-33.9466,117            20.052336,-33.946617,117            20.05234,-33.94663,117            20.052343,-33.94664,117            20.052347,-33.94665,117            20.05235,-33.946667,117            20.052353,-33.94668,117            20.052357,-33.94669,117            20.05236,-33.9467,117            20.052366,-33.946712,117            20.052372,-33.946728,117            20.052376,-33.946735,117            20.05238,-33.94675,117            20.052387,-33.94676,117            20.052391,-33.946774,117            20.052399,-33.94678,117            20.0524,-33.946796,117            20.052402,-33.94681,117            20.052404,-33.946823,117            20.052406,-33.94684,117            20.052408,-33.94685,117            20.05241,-33.94686,117            20.052414,-33.946873,117            20.052418,-33.946884,117            20.05242,-33.946896,117            20.052422,-33.946907,117            20.052425,-33.94692,117            20.052427,-33.94693,117            20.05243,-33.946945,117            20.052431,-33.946957,117            20.052433,-33.946968,117            20.052433,-33.946983,117            20.052435,-33.946995,117            20.052437,-33.947006,117            20.05244,-33.947018,117            20.052444,-33.947033,117            20.052448,-33.947044,117            20.052454,-33.94706,117            20.052458,-33.94707,117            20.05246,-33.947086,117            20.052462,-33.9471,117            20.052465,-33.947113,117            20.052465,-33.947124,117            20.05247,-33.947132,117            20.052473,-33.947144,117            20.052473,-33.947155,117            20.052477,-33.94717,117            20.052477,-33.94718,117            20.05248,-33.947193,117            20.052485,-33.94721,117            20.052485,-33.947224,117            20.052488,-33.947235,117            20.052488,-33.94725,117            20.052488,-33.947258,117            20.052492,-33.947273,117            20.052494,-33.947285,117            20.052498,-33.947296,117            20.052502,-33.947308,117            20.052507,-33.94732,117            20.05251,-33.947334,117            20.052511,-33.94735,117            20.052515,-33.94736,117            20.052519,-33.947372,117            20.052523,-33.947388,117            20.052523,-33.947403,117            20.052525,-33.947414,117            20.052526,-33.94743,117            20.052528,-33.94744,117            20.052534,-33.947453,117            20.052536,-33.947464,117            20.05254,-33.947475,117            20.052542,-33.94749,117            20.052544,-33.947506,117            20.05255,-33.94752,117            20.052555,-33.947536,117            20.052559,-33.947548,117            20.052563,-33.947563,117            20.052567,-33.947575,117            20.052568,-33.947586,117            20.05257,-33.947598,117            20.052572,-33.94761,117            20.052576,-33.947624,117            20.052578,-33.94764,117            20.052582,-33.94765,117            20.05259,-33.947662,117            20.052593,-33.947678,117            20.052597,-33.94769,117            20.0526,-33.9477,117            20.052603,-33.947712,117            20.052605,-33.947723,117            20.052608,-33.947735,117            20.05261,-33.947746,117            20.052614,-33.947758,117            20.052616,-33.94777,117            20.052618,-33.94778,117            20.05262,-33.947792,117            20.05262,-33.947803,117            20.05262,-33.94782,117            20.05262,-33.947834,117            20.052622,-33.947845,117            20.052624,-33.947857,117            20.052628,-33.94787,117            20.052631,-33.94788,117            20.052637,-33.94789,117            20.05264,-33.947903,117            20.052645,-33.947914,117            20.052649,-33.947926,117            20.052652,-33.947937,117            20.052656,-33.94795,117            20.052658,-33.94796,117            20.052662,-33.947975,117            20.052664,-33.947987,117            20.052668,-33.948006,117            20.05267,-33.948017,117            20.052673,-33.94803,117            20.052677,-33.948044,117            20.052681,-33.948055,117            20.052683,-33.948067,117            20.052687,-33.948082,117            20.05269,-33.94809,117            20.052694,-33.948105,117            20.052698,-33.948116,117            20.0527,-33.948128,117            20.052702,-33.948143,117            20.052706,-33.94815,117            20.052706,-33.948166,117            20.05271,-33.948177,117            20.052715,-33.948193,117            20.05272,-33.948208,117            20.052723,-33.94822,117            20.052725,-33.94823,117            20.052727,-33.948246,117            20.05273,-33.94826,117            20.052734,-33.948273,117            20.052736,-33.948284,117            20.052738,-33.9483,117            20.052742,-33.948307,117            20.052744,-33.948322,117            20.052748,-33.948334,117            20.05275,-33.948345,117            20.052753,-33.94836,117            20.052757,-33.94837,117            20.05276,-33.948383,117            20.052761,-33.948395,117            20.052765,-33.948406,117            20.052765,-33.94842,117            20.052769,-33.948433,117            20.052773,-33.94845,117            20.052776,-33.94846,117            20.052778,-33.948475,117            20.05278,-33.948486,117            20.052784,-33.948498,117            20.052786,-33.94851,117            20.052788,-33.94852,117            20.052792,-33.948532,117            20.052797,-33.948547,117            20.052803,-33.94856,117            20.052807,-33.948574,117            20.052813,-33.948586,116            20.052818,-33.948597,116            20.052822,-33.948612,116            20.052824,-33.948624,116            20.052826,-33.94864,116            20.052826,-33.94865,116            20.052828,-33.948666,116            20.052832,-33.948673,116            20.052835,-33.94869,116            20.05284,-33.9487,116            20.052845,-33.94871,116            20.05285,-33.948727,116            20.052855,-33.94874,116            20.052858,-33.94875,116            20.052862,-33.948765,116            20.052864,-33.948776,116            20.052866,-33.948788,116            20.05287,-33.9488,116            20.052874,-33.94881,116            20.052876,-33.948822,116            20.05288,-33.948833,116            20.052881,-33.948845,116            20.052885,-33.948856,116            20.052889,-33.948868,116            20.052895,-33.94888,116            20.052898,-33.94889,116            20.0529,-33.948902,116            20.052904,-33.948914,116            20.052904,-33.94893,116            20.052908,-33.94894,116            20.05291,-33.94895,116            20.052912,-33.948963,116            20.052916,-33.94898,116            20.052923,-33.948994,116            20.052929,-33.949,116            20.052933,-33.949017,116            20.052935,-33.949024,116            20.052937,-33.949036,116            20.05294,-33.949047,116            20.05294,-33.949055,116            20.05294,-33.949062,116            20.05294,-33.94907,116            20.05294,-33.949074,116            20.05294,-33.94908,116            20.052942,-33.949085,116            20.052944,-33.949093,116            20.052948,-33.949104,116            20.052952,-33.949104,116            20.052954,-33.94911,116            20.052956,-33.94911,116            20.05297,-33.94912,116            20.05297,-33.949123,116            20.05297,-33.94913,116            20.052973,-33.949142,116            20.052975,-33.949158,116            20.052979,-33.94917,116            20.052982,-33.94919,116            20.052986,-33.949203,116            20.05299,-33.94922,116            20.052992,-33.949234,116            20.052992,-33.94925,116            20.052994,-33.949265,116            20.052998,-33.949276,116            20.052998,-33.949287,116            20.053,-33.949303,116            20.053001,-33.949314,116            20.053003,-33.949326,116            20.053005,-33.94934,116            20.053005,-33.949356,116            20.053009,-33.949368,116            20.053009,-33.949383,116            20.05301,-33.949398,116            20.053013,-33.949406,116            20.053017,-33.94942,116            20.053019,-33.949436,116            20.053022,-33.949448,116            20.053022,-33.94946,116            20.053024,-33.949474,116            20.053026,-33.94949,116            20.053026,-33.949505,116            20.05303,-33.949516,116            20.053032,-33.949528,116            20.053034,-33.949543,116            20.05304,-33.94956,116            20.053045,-33.94957,116            20.053051,-33.949585,116            20.053053,-33.9496,115            20.05306,-33.949608,115            20.053068,-33.949623,115            20.053074,-33.949635,115            20.053078,-33.949646,115            20.05308,-33.94966,115            20.053082,-33.949673,115            20.053085,-33.949688,115            20.05309,-33.9497,115            20.053091,-33.949715,115            20.053091,-33.949734,115            20.053087,-33.94975,115            20.053085,-33.949764,115            20.053087,-33.949776,115            20.053087,-33.949787,115            20.053091,-33.949802,115            20.053095,-33.949818,115            20.053099,-33.94983,115            20.053104,-33.94984,115            20.053106,-33.949856,115            20.05311,-33.94987,115            20.053114,-33.949883,115            20.053116,-33.949894,115            20.05312,-33.94991,115            20.053123,-33.94992,115            20.053131,-33.949932,115            20.053137,-33.949944,115            20.05314,-33.949955,115            20.053146,-33.949966,115            20.05315,-33.94998,115            20.053158,-33.949993,115            20.05316,-33.95001,115            20.053165,-33.95002,115            20.05317,-33.950035,115            20.053175,-33.95005,115            20.053179,-33.950066,115            20.053185,-33.95008,115            20.053188,-33.950092,115            20.053194,-33.950108,115            20.053198,-33.950123,115            20.053202,-33.95013,115            20.053204,-33.950146,115            20.053207,-33.950157,115            20.053211,-33.95017,115            20.053215,-33.95018,115            20.053217,-33.95019,115            20.05322,-33.950207,115            20.05322,-33.95022,115            20.053225,-33.950233,115            20.053228,-33.950245,115            20.053228,-33.95026,115            20.053232,-33.950275,115            20.053236,-33.95029,115            20.053236,-33.950306,115            20.053236,-33.95032,115            20.053234,-33.950336,115            20.053232,-33.950348,115            20.053228,-33.950363,115            20.053225,-33.95037,115            20.053215,-33.950394,115            20.053213,-33.950394,115            20.05321,-33.950394,115            20.053205,-33.9504,115            20.0532,-33.9504,115            20.053192,-33.95041,115            20.053185,-33.95041,115            20.053177,-33.950417,115            20.05317,-33.95042,115            20.053162,-33.950424,115            20.05315,-33.95043,115            20.053139,-33.95043,115            20.053127,-33.95044,115            20.053114,-33.950447,115            20.053102,-33.95045,115            20.053091,-33.950455,115            20.053078,-33.950462,115            20.053064,-33.950466,115            20.053051,-33.950474,115            20.05304,-33.950478,115            20.053028,-33.950485,115            20.053017,-33.950493,115            20.053003,-33.9505,115            20.05299,-33.950512,115            20.052979,-33.95052,115            20.052963,-33.950527,115            20.052948,-33.950535,115            20.052935,-33.950542,115            20.052921,-33.95055,115            20.052908,-33.950558,115            20.052896,-33.950565,115            20.052883,-33.950573,115            20.05287,-33.95058,115            20.052856,-33.95059,115            20.052843,-33.950596,115            20.05283,-33.9506,115            20.052816,-33.950607,115            20.052801,-33.95062,115            20.052788,-33.950626,115            20.052773,-33.950634,115            20.052755,-33.95064,115            20.052742,-33.95065,115            20.05269,-33.950672,115            20.052687,-33.950672,115            20.052681,-33.950676,115            20.052671,-33.95068,115            20.052662,-33.950687,115            20.05265,-33.950695,115            20.052639,-33.950703,115            20.052628,-33.95071,115            20.052616,-33.950718,115            20.052605,-33.950726,115            20.052593,-33.950733,115            20.05258,-33.95074,115            20.052567,-33.95075,115            20.052555,-33.95076,115            20.052542,-33.950768,115            20.05253,-33.950775,115            20.052519,-33.950783,115            20.052505,-33.950794,115            20.052492,-33.9508,115            20.05248,-33.95081,115            20.05247,-33.950817,115            20.052454,-33.950825,115            20.052437,-33.950836,115            20.052422,-33.95084,115            20.052406,-33.950844,115            20.052393,-33.95085,115            20.05238,-33.950855,115            20.052366,-33.95086,115            20.052357,-33.950867,115            20.052343,-33.95087,115            20.052334,-33.95088,115            20.05232,-33.950886,115            20.052309,-33.950893,115            20.052298,-33.950897,115            20.052284,-33.950905,115            20.05227,-33.950912,115            20.052254,-33.950924,115            20.052235,-33.95093,115            20.05222,-33.95094,115            20.052204,-33.95095,115            20.052189,-33.95096,115            20.052176,-33.950966,115            20.052164,-33.950974,115            20.052153,-33.950977,115            20.05214,-33.950985,115            20.052128,-33.950993,115            20.052114,-33.950996,115            20.0521,-33.951,115            20.052088,-33.951008,115            20.052073,-33.951015,115            20.052061,-33.951023,115            20.052048,-33.951027,115            20.052034,-33.95103,115            20.052021,-33.95104,115            20.052006,-33.951046,115            20.051994,-33.951054,115            20.051983,-33.95106,115            20.05197,-33.951065,115            20.051956,-33.95107,115            20.051943,-33.951077,115            20.051928,-33.951088,115            20.051912,-33.951096,115            20.051897,-33.951103,115            20.051882,-33.95111,115            20.051865,-33.95112,115            20.05185,-33.951122,115            20.051834,-33.951126,115            20.051819,-33.951134,115            20.051804,-33.95114,114            20.051788,-33.95115,114            20.051775,-33.951153,114            20.051762,-33.951157,114            20.05175,-33.951164,114            20.051739,-33.95117,114            20.051725,-33.95118,114            20.051714,-33.951187,114            20.0517,-33.951195,114            20.051687,-33.9512,114            20.051672,-33.951206,114            20.051659,-33.951214,114            20.051643,-33.951218,114            20.051628,-33.951225,114            20.051615,-33.951233,114            20.051601,-33.95124,114            20.051588,-33.95125,114            20.051577,-33.951252,114            20.051565,-33.95126,114            20.051552,-33.951267,114            20.051538,-33.951275,114            20.051525,-33.951283,114            20.051512,-33.95129,114            20.051497,-33.951298,114            20.051477,-33.951305,114            20.05146,-33.95131,114            20.051445,-33.951317,114            20.05143,-33.95132,114            20.051414,-33.95133,114            20.0514,-33.951336,114            20.051384,-33.951344,114            20.051369,-33.95135,114            20.051357,-33.95136,114            20.051344,-33.951363,114            20.05133,-33.95137,114            20.051321,-33.95138,114            20.051311,-33.95139,114            20.051302,-33.951397,114            20.051292,-33.9514,114            20.051281,-33.95141,114            20.05127,-33.951416,114            20.051256,-33.951424,114            20.051243,-33.95143,114            20.051228,-33.95144,114            20.051212,-33.951443,114            20.051197,-33.95145,114            20.051182,-33.951458,114            20.051168,-33.951466,114            20.051155,-33.951473,114            20.051142,-33.95148,114            20.05113,-33.95149,114            20.051119,-33.951492,114            20.051105,-33.9515,114            20.051092,-33.951504,114            20.051079,-33.951508,114            20.051064,-33.951515,114            20.051048,-33.951523,114            20.051033,-33.95153,114            20.05102,-33.951538,114            20.051006,-33.951546,114            20.05099,-33.951553,114            20.050976,-33.95156,114            20.050959,-33.95157,114            20.050943,-33.951576,114            20.050926,-33.95158,114            20.050909,-33.951588,114            20.050892,-33.951595,115            20.050879,-33.951603,115            20.050863,-33.951614,115            20.05085,-33.951622,115            20.050837,-33.95163,115            20.050821,-33.951637,115            20.050808,-33.951645,115            20.050795,-33.951656,115            20.050783,-33.951664,115            20.050772,-33.951675,115            20.050762,-33.95168,115            20.050749,-33.951687,115            20.050737,-33.951694,115            20.050724,-33.951702,115            20.05071,-33.951702,115            20.050694,-33.95171,115            20.05068,-33.951717,115            20.050665,-33.95172,115            20.050653,-33.951725,115            20.050644,-33.951733,115            20.05063,-33.95174,115            20.05062,-33.951748,115            20.05061,-33.95176,115            20.0506,-33.951767,115            20.050589,-33.951775,115            20.050577,-33.95178,115            20.050562,-33.95179,115            20.050549,-33.951797,115            20.050535,-33.951805,115            20.05052,-33.951813,115            20.050505,-33.95182,115            20.050491,-33.951824,115            20.05048,-33.95183,115            20.050468,-33.951836,115            20.050457,-33.951843,115            20.050444,-33.95185,115            20.05043,-33.95186,115            20.050419,-33.951866,115            20.050406,-33.95187,115            20.050392,-33.951878,115            20.050379,-33.95188,115            20.050364,-33.95189,115            20.05035,-33.951897,115            20.050335,-33.951904,115            20.05032,-33.951912,115            20.050304,-33.95192,115            20.050293,-33.951927,115            20.05028,-33.951935,115            20.050268,-33.951942,115            20.050255,-33.95195,115            20.050243,-33.951958,115            20.050232,-33.951965,115            20.050219,-33.951973,115            20.050203,-33.95198,115            20.05019,-33.95199,115            20.050177,-33.951996,115            20.050165,-33.952003,115            20.050152,-33.95201,115            20.050138,-33.95202,115            20.050127,-33.952026,115            20.050116,-33.952038,115            20.050104,-33.95204,115            20.05009,-33.952053,115            20.05008,-33.952057,115            20.050066,-33.952065,115            20.050053,-33.95207,115            20.050035,-33.952072,115            20.050016,-33.952076,115            20.049995,-33.95208,115            20.04998,-33.952084,115            20.049969,-33.95209,115            20.04996,-33.9521,115            20.04995,-33.952106,115            20.049942,-33.952114,115            20.049936,-33.95212,115            20.04993,-33.952133,115            20.04993,-33.952145,115            20.04993,-33.952156,115            20.049932,-33.952168,115            20.049934,-33.952183,115            20.049936,-33.952198,115            20.049938,-33.952213,115            20.04994,-33.95223,115            20.049944,-33.952244,114            20.049944,-33.95226,114            20.049948,-33.95227,114            20.049952,-33.952282,114            20.049953,-33.952293,114            20.049955,-33.952305,114            20.04996,-33.952316,114            20.049961,-33.952324,114            20.049963,-33.952335,114            20.049963,-33.952347,114            20.049963,-33.95236,114            20.049963,-33.95237,114            20.049965,-33.95238,114            20.049969,-33.952393,114            20.049973,-33.952408,114            20.049978,-33.95242,114            20.049982,-33.95243,114            20.049988,-33.952442,114            20.04999,-33.952457,114            20.04999,-33.952465,114            20.049994,-33.95248,114            20.049995,-33.952496,114            20.049997,-33.952507,114            20.050001,-33.95252,114            20.050003,-33.95253,114            20.050005,-33.95254,114            20.050007,-33.952553,114            20.050009,-33.952564,114            20.05001,-33.95258,114            20.050016,-33.952595,114            20.050024,-33.952606,114            20.05003,-33.95262,114            20.050035,-33.952637,114            20.050037,-33.95265,114            20.05004,-33.95266,114            20.050041,-33.952675,114            20.050041,-33.95269,114            20.050045,-33.9527,114            20.050049,-33.952713,114            20.050053,-33.95273,114            20.050056,-33.952744,114            20.05006,-33.952755,114            20.050064,-33.952766,114            20.050068,-33.95278,114            20.05007,-33.952793,114            20.050074,-33.952805,114            20.05008,-33.952816,114            20.050083,-33.95283,114            20.050087,-33.952843,114            20.05009,-33.952854,114            20.05009,-33.95287,114            20.050095,-33.952885,114            20.050098,-33.9529,114            20.0501,-33.952915,114            20.050102,-33.95293,114            20.050106,-33.952946,114            20.05011,-33.95296,114            20.050112,-33.952972,114            20.050116,-33.952984,114            20.05012,-33.953,114            20.050125,-33.95301,114            20.05013,-33.953026,114            20.050137,-33.95304,114            20.050142,-33.953053,114            20.050146,-33.953064,114            20.05015,-33.95308,114            20.050154,-33.95309,114            20.050158,-33.953102,114            20.050161,-33.953117,114            20.050165,-33.953133,114            20.050165,-33.953144,114            20.050169,-33.953156,114            20.050169,-33.95317,114            20.05017,-33.953186,114            20.05017,-33.953194,114            20.050173,-33.95321,114            20.050173,-33.95322,114            20.050177,-33.95323,114            20.05018,-33.953243,114            20.050182,-33.953255,114            20.050186,-33.953266,114            20.050188,-33.953278,114            20.050192,-33.95329,114            20.050194,-33.953304,114            20.050196,-33.95332,114            20.050196,-33.95333,114            20.050194,-33.953346,113            20.050192,-33.95336,113            20.050192,-33.953377,113            20.05019,-33.953392,113            20.050188,-33.95341,113            20.050188,-33.953426,113            20.050188,-33.95344,113            20.050188,-33.95346,113            20.050186,-33.953476,113            20.050186,-33.95349,113            20.050184,-33.953506,112            20.050182,-33.95352,112            20.050182,-33.953537,112            20.05018,-33.953552,112            20.05018,-33.953568,112            20.05018,-33.95358,112            20.05018,-33.95359,112            20.05018,-33.9536,112            20.050182,-33.953617,112            20.050184,-33.953632,112            20.050186,-33.953644,112            20.050186,-33.953655,112            20.050186,-33.95367,112            20.050184,-33.953682,112            20.050184,-33.953693,112            20.050182,-33.95371,112            20.05018,-33.95372,112            20.05018,-33.953735,112            20.050179,-33.95375,112            20.050179,-33.953762,112            20.050179,-33.953777,112            20.05018,-33.953793,112            20.05018,-33.953804,112            20.05018,-33.953815,112            20.05018,-33.953827,112            20.05018,-33.953842,112            20.05018,-33.953854,112            20.050179,-33.953865,112            20.050179,-33.95388,112            20.050177,-33.953888,112            20.050177,-33.9539,112            20.050175,-33.95391,112            20.050173,-33.953922,112            20.05017,-33.953934,112            20.050169,-33.95395,112            20.050169,-33.95396,112            20.050167,-33.953976,113            20.050165,-33.95399,113            20.050167,-33.954002,113            20.050167,-33.954014,113            20.050169,-33.95403,113            20.050169,-33.95404,113            20.050169,-33.954052,113            20.050169,-33.954067,113            20.050169,-33.95408,113            20.050169,-33.95409,113            20.050173,-33.954105,113            20.050175,-33.95412,113            20.050179,-33.954136,113            20.050179,-33.954147,113            20.050179,-33.95416,113            20.050179,-33.95417,113            20.050177,-33.954185,114            20.050175,-33.954193,114            20.050173,-33.95421,114            20.050169,-33.954216,114            20.050165,-33.95423,114            20.050167,-33.954243,114            20.05017,-33.954254,114            20.050173,-33.954266,114            20.050177,-33.954277,114            20.05018,-33.95429,114            20.05018,-33.954296,114            20.050182,-33.954304,114            20.050186,-33.95431,114            20.05019,-33.95432,114            20.050192,-33.95433,114            20.050196,-33.95434,114            20.0502,-33.954353,114            20.050201,-33.954365,114            20.050205,-33.95438,114            20.050209,-33.954395,114            20.050213,-33.954407,115            20.050215,-33.95442,115            20.050219,-33.954433,115            20.05022,-33.95445,115            20.050222,-33.95446,115            20.050224,-33.95447,115            20.050228,-33.954483,115            20.050232,-33.954494,115            20.050234,-33.95451,115            20.050236,-33.954517,115            20.050241,-33.954533,115            20.050247,-33.95454,115            20.050251,-33.95455,115            20.050253,-33.954563,115            20.050255,-33.954575,115            20.050259,-33.954586,115            20.050262,-33.954597,115            20.050266,-33.95461,115            20.05027,-33.95462,115            20.050274,-33.95463,115            20.05028,-33.954643,115            20.050283,-33.95465,115            20.05029,-33.954662,115            20.050295,-33.95467,115            20.0503,-33.95468,115            20.050306,-33.954685,115            20.050312,-33.954693,115            20.050322,-33.954697,115            20.050331,-33.954704,115            20.050343,-33.954704,115            20.050352,-33.954704,115            20.050364,-33.954704,115            20.050379,-33.9547,115            20.050392,-33.954697,115            20.050407,-33.95469,115            20.050423,-33.954685,115            20.05044,-33.954678,115            20.050457,-33.954674,115            20.050474,-33.954666,115            20.050488,-33.954662,115            20.050503,-33.95466,115            20.050516,-33.95465,115            20.050526,-33.95465,115            20.050537,-33.954647,115            20.050549,-33.954643,115            20.050558,-33.954636,115            20.050571,-33.954628,115            20.050583,-33.95462,115            20.050596,-33.954613,115            20.05061,-33.954605,115            20.050623,-33.954597,115            20.050636,-33.954586,115            20.050648,-33.95458,115            20.050657,-33.954567,115            20.050667,-33.95456,115            20.050678,-33.954548,115            20.050686,-33.954536,115            20.050697,-33.954525,115            20.050709,-33.954514,115            20.050718,-33.954502,115            20.05073,-33.95449,115            20.050741,-33.95448,115            20.050749,-33.954468,115            20.05076,-33.954456,115            20.050772,-33.95445,115            20.050781,-33.954433,115            20.05079,-33.954426,115            20.050804,-33.95441,115            20.050814,-33.9544,115            20.050823,-33.954388,115            20.050835,-33.954376,115            20.050844,-33.954365,115            20.050856,-33.954353,115            20.05087,-33.954346,115            20.050884,-33.954334,115            20.050896,-33.954327,115            20.050909,-33.95432,115            20.050924,-33.95431,115            20.05094,-33.954304,115            20.050955,-33.9543,115            20.050972,-33.954292,115            20.050987,-33.954285,115            20.051003,-33.954285,115            20.051018,-33.954277,115            20.051035,-33.954277,115            20.051052,-33.954273,115            20.051065,-33.95427,115            20.051079,-33.954266,115            20.051094,-33.95426,115            20.05111,-33.95426,115            20.051123,-33.95426,115            20.05114,-33.95426,115            20.051155,-33.95426,115            20.05117,-33.95426,115            20.051186,-33.95426,115            20.0512,-33.95426,115            20.051218,-33.95426,115            20.051235,-33.95426,115            20.051252,-33.954258,115            20.05127,-33.954258,115            20.051285,-33.954254,114            20.051302,-33.954254,114            20.051317,-33.95425,114            20.051332,-33.954247,114            20.051348,-33.954247,114            20.051363,-33.954247,114            20.051378,-33.954247,114            20.051395,-33.954247,114            20.05141,-33.954247,114            20.051426,-33.954247,114            20.051443,-33.954243,114            20.05146,-33.95424,114            20.051477,-33.95424,114            20.051493,-33.95424,114            20.05151,-33.954235,114            20.051527,-33.954235,114            20.051546,-33.95423,114            20.051561,-33.95423,114            20.05158,-33.95423,114            20.051598,-33.954227,114            20.051613,-33.954224,114            20.051626,-33.954224,114            20.051641,-33.95422,114            20.051659,-33.95422,114            20.051676,-33.954216,114            20.051693,-33.954216,114            20.051708,-33.954216,114            20.051723,-33.954212,114            20.051737,-33.954212,114            20.051752,-33.954212,114            20.051767,-33.95421,114            20.05178,-33.95421,114            20.051792,-33.95421,114            20.051804,-33.954205,114            20.051815,-33.9542,114            20.051826,-33.9542,114            20.05184,-33.9542,114            20.051857,-33.9542,114            20.05187,-33.9542,114            20.051886,-33.9542,114            20.051903,-33.9542,114            20.05192,-33.954197,114            20.051939,-33.954193,114            20.051958,-33.954193,114            20.051975,-33.954193,114            20.051994,-33.954193,114            20.052011,-33.95419,114            20.052029,-33.95419,114            20.052044,-33.954185,114            20.05206,-33.954185,114            20.052076,-33.954185,114            20.052092,-33.95418,114            20.052107,-33.954178,114            20.052126,-33.954178,114            20.052145,-33.954178,114            20.052162,-33.954174,114            20.05218,-33.95417,114            20.052197,-33.95417,114            20.052214,-33.95417,114            20.05223,-33.95417,114            20.052246,-33.95417,114            20.05226,-33.95417,114            20.052275,-33.95417,114            20.052292,-33.95417,114            20.052309,-33.954166,114            20.052324,-33.954166,114            20.052338,-33.954166,114            20.052353,-33.954163,114            20.052368,-33.95416,114            20.052383,-33.954155,114            20.052399,-33.95415,114            20.052414,-33.954147,114            20.05243,-33.954144,114            20.052446,-33.954144,114            20.052462,-33.954144,114            20.052477,-33.954144,114            20.052494,-33.954144,113            20.052511,-33.954144,113            20.052526,-33.954144,113            20.052544,-33.954147,113            20.052563,-33.954147,113            20.05258,-33.954147,113            20.052597,-33.954144,113            20.052612,-33.954144,113            20.052626,-33.954144,113            20.052643,-33.954144,113            20.052658,-33.954144,113            20.052673,-33.954144,113            20.052689,-33.954144,113            20.052702,-33.954144,113            20.052717,-33.954144,113            20.052732,-33.954144,113            20.052746,-33.954144,113            20.052763,-33.95415,113            20.05278,-33.95415,113            20.0528,-33.95416,113            20.052814,-33.95416,113            20.052834,-33.954163,113            20.05285,-33.954166,113            20.052868,-33.954166,113            20.052885,-33.954166,113            20.0529,-33.954166,113            20.052916,-33.954166,113            20.052933,-33.954166,113            20.052944,-33.954166,113            20.05296,-33.95417,113            20.052973,-33.95417,113            20.05299,-33.95417,113            20.053007,-33.95417,113            20.053022,-33.954174,113            20.053038,-33.954174,113            20.053055,-33.95417,113            20.053072,-33.95417,113            20.053091,-33.95417,113            20.05311,-33.95417,113            20.05313,-33.954166,113            20.053148,-33.954166,113            20.053167,-33.954166,113            20.053185,-33.954166,113            20.0532,-33.95417,113            20.053213,-33.95417,113            20.053228,-33.954174,113            20.053244,-33.954178,113            20.053263,-33.954178,113            20.053282,-33.954178,113            20.053303,-33.95418,113            20.053322,-33.954185,113            20.053339,-33.954185,113            20.053354,-33.954185,113            20.053371,-33.95419,113            20.053385,-33.954193,113            20.053398,-33.954193,113            20.053411,-33.954197,113            20.053421,-33.9542,113            20.053434,-33.9542,113            20.05345,-33.9542,113            20.053465,-33.954205,113            20.053478,-33.95421,113            20.053492,-33.95421,113            20.053507,-33.954216,113            20.05352,-33.954216,113            20.053534,-33.95422,113            20.053547,-33.95422,113            20.053564,-33.954216,113            20.053581,-33.95421,113            20.053595,-33.95421,113            20.05361,-33.9542,113            20.053621,-33.954197,113            20.053635,-33.95419,113            20.053646,-33.95418,113            20.053656,-33.95417,113            20.053667,-33.954163,113            20.053675,-33.95415,113            20.053682,-33.954144,113            20.05369,-33.954132,113            20.053694,-33.95412,113            20.053701,-33.954105,113            20.053705,-33.954094,113            20.053709,-33.954082,112            20.053713,-33.954067,112            20.053719,-33.954056,112            20.053726,-33.954044,112            20.053732,-33.95403,112            20.053738,-33.954014,112            20.053743,-33.954006,112            20.053751,-33.953995,112            20.053757,-33.953983,112            20.05376,-33.95397,112            20.053766,-33.953957,112            20.053772,-33.95395,112            20.053778,-33.953934,112            20.053783,-33.953922,112            20.05379,-33.95391,112            20.053795,-33.953896,112            20.0538,-33.953884,112            20.053808,-33.953873,112            20.053814,-33.953857,112            20.053822,-33.95385,112            20.053827,-33.95384,112            20.053835,-33.953827,112            20.053839,-33.953815,112            20.053843,-33.953804,112            20.053846,-33.953793,112            20.053852,-33.95378,112            20.053858,-33.95377,112            20.05387,-33.95376,112            20.053877,-33.953747,112            20.053885,-33.95373,112            20.053892,-33.953724,112            20.053898,-33.95371,112            20.053904,-33.953697,112            20.053907,-33.953682,112            20.053913,-33.95367,112            20.053919,-33.953655,112            20.053925,-33.953644,112            20.053928,-33.953632,112            20.053934,-33.953617,112            20.05394,-33.953606,112            20.053947,-33.953594,112            20.053955,-33.953583,112            20.053963,-33.953568,112            20.05397,-33.953556,112            20.053974,-33.953545,112            20.053982,-33.953533,112            20.053988,-33.95352,112            20.053993,-33.953506,112            20.053995,-33.953495,112            20.053997,-33.953484,112            20.053999,-33.953472,112            20.054,-33.95346,112            20.054003,-33.953445,112            20.054007,-33.953438,112            20.05401,-33.953423,112            20.05401,-33.95341,112            20.054012,-33.9534,112            20.054014,-33.953384,112            20.054014,-33.953373,112            20.05401,-33.953358,112            20.054008,-33.953346,112            20.054008,-33.95333,111            20.05401,-33.953316,111            20.054014,-33.9533,111            20.054016,-33.95328,111            20.054016,-33.953266,111            20.054018,-33.95325,111            20.054018,-33.95324,111            20.054018,-33.953224,111            20.054018,-33.95321,111            20.054018,-33.953194,111            20.05402,-33.95318,111            20.05402,-33.953167,111            20.054022,-33.953156,111            20.054024,-33.95314,111            20.05403,-33.953125,111            20.054033,-33.953114,111            20.054037,-33.9531,111            20.054037,-33.953083,111            20.054037,-33.95307,111            20.054037,-33.95306,111            20.054039,-33.95305,111            20.05404,-33.953033,111            20.05404,-33.95302,111            20.05404,-33.953007,111            20.054045,-33.95299,111            20.054045,-33.952976,111            20.054047,-33.952965,111            20.054049,-33.952953,111            20.054049,-33.95294,111            20.05405,-33.95293,111            20.054052,-33.952915,111            20.054056,-33.952908,111            20.054058,-33.952892,111            20.054058,-33.952885,111            20.054058,-33.95287,110            20.054056,-33.952854,110            20.054056,-33.952843,110            20.054054,-33.95283,110            20.054054,-33.952812,110            20.054052,-33.9528,110            20.054052,-33.95279,110            20.054052,-33.952778,110            20.054052,-33.952766,110            20.05405,-33.952755,110            20.054049,-33.952744,110            20.05405,-33.95273,110            20.054052,-33.952717,110            20.054052,-33.9527,110            20.054054,-33.95269,110            20.054056,-33.952675,110            20.054056,-33.952663,110            20.054056,-33.952652,110            20.054056,-33.952644,110            20.054056,-33.95263,110            20.05406,-33.952618,110            20.054062,-33.952606,110            20.054066,-33.952595,110            20.054068,-33.95258,110            20.05407,-33.95257,110            20.05407,-33.952557,110            20.054071,-33.95254,110            20.054073,-33.95253,110            20.054075,-33.95252,110            20.05408,-33.952507,110            20.05408,-33.952496,110            20.054083,-33.952488,110            20.054085,-33.952473,110            20.054085,-33.952465,110            20.054087,-33.95245,110            20.054089,-33.952442,110            20.054092,-33.95243,110            20.054096,-33.952415,111            20.0541,-33.952408,111            20.054104,-33.952396,111            20.054108,-33.952385,111            20.054111,-33.95237,111            20.05412,-33.95236,111            20.054125,-33.952347,111            20.05413,-33.95233,111            20.05414,-33.952316,111            20.05415,-33.952305,111            20.054157,-33.95229,111            20.054167,-33.95228,111            20.054173,-33.952263,111            20.05418,-33.95225,111            20.054184,-33.95224,111            20.05419,-33.95223,111            20.054193,-33.95222,111            20.054197,-33.952206,111            20.054205,-33.952198,111            20.05421,-33.952187,111            20.054218,-33.952175,111            20.054224,-33.952164,111            20.054232,-33.952152,111            20.054237,-33.95214,111            20.054243,-33.95213,111            20.054245,-33.952118,111            20.054247,-33.952106,111            20.05425,-33.95209,111            20.054255,-33.952084,111            20.054262,-33.95207,111            20.054268,-33.95206,111            20.054274,-33.95205,111            20.054281,-33.952038,111            20.054289,-33.952026,111            20.054295,-33.95201,111            20.054302,-33.952,111            20.054308,-33.95199,111            20.054317,-33.951973,111            20.054327,-33.951965,111            20.054337,-33.95195,111            20.054344,-33.951942,111            20.05435,-33.951927,111            20.054358,-33.951916,111            20.054363,-33.951904,111            20.054369,-33.95189,111            20.054373,-33.95188,111            20.05438,-33.951866,111            20.054384,-33.951855,111            20.054388,-33.95184,111            20.054394,-33.951828,111            20.0544,-33.951817,111            20.054401,-33.9518,111            20.054405,-33.951786,111            20.05441,-33.95177,111            20.054417,-33.951756,111            20.054422,-33.95174,111            20.05443,-33.951725,111            20.054434,-33.951714,111            20.05444,-33.951702,111            20.054445,-33.951687,111            20.05445,-33.95168,111            20.054453,-33.951664,111            20.054457,-33.951653,111            20.05446,-33.95164,111            20.054464,-33.95163,111            20.054472,-33.95162,111            20.054478,-33.951607,111            20.054482,-33.95159,111            20.05449,-33.95158,111            20.054493,-33.951565,111            20.054497,-33.951553,111            20.0545,-33.951538,111            20.054502,-33.951523,111            20.054508,-33.951508,111            20.054512,-33.951492,111            20.054518,-33.95148,111            20.05452,-33.95147,111            20.054523,-33.951458,111            20.054527,-33.951443,111            20.054531,-33.951435,111            20.054539,-33.951424,111            20.054543,-33.951412,111            20.05455,-33.9514,111            20.054554,-33.95139,111            20.05456,-33.951378,111            20.054565,-33.951366,111            20.054571,-33.95135,111            20.054575,-33.95134,111            20.054579,-33.95133,111            20.054585,-33.951313,111            20.054592,-33.9513,111            20.0546,-33.951286,111            20.054605,-33.95127,111            20.05461,-33.951256,111            20.054613,-33.951244,111            20.054617,-33.951233,111            20.054625,-33.951218,111            20.054628,-33.95121,111            20.054634,-33.9512,111            20.054636,-33.951187,111            20.05464,-33.951176,112            20.054642,-33.951164,112            20.054644,-33.95115,112            20.054647,-33.95114,112            20.054655,-33.951126,112            20.05466,-33.951115,111            20.054668,-33.951103,111            20.054674,-33.951088,111            20.054682,-33.951077,111            20.054688,-33.95106,111            20.05469,-33.951046,111            20.054691,-33.95103,111            20.054695,-33.951023,111            20.054699,-33.951008,111            20.0547,-33.951,111            20.054703,-33.950985,111            20.054708,-33.950977,111            20.054714,-33.950966,111            20.05472,-33.950954,111            20.054726,-33.950943,111            20.05473,-33.95093,111            20.054735,-33.950924,111            20.054737,-33.950912,111            20.054735,-33.9509,111            20.054733,-33.95089,111            20.054733,-33.950874,111            20.054731,-33.950867,111            20.054733,-33.95085,111            20.054737,-33.95084,111            20.054745,-33.95083,111            20.05475,-33.95082,111            20.054756,-33.95081,111            20.05476,-33.950798,111            20.054764,-33.95079,111            20.054766,-33.95078,111            20.054773,-33.950768,111            20.05478,-33.950752,111            20.054785,-33.95074,111            20.05479,-33.95073,111            20.054796,-33.950718,111            20.054804,-33.950706,111            20.054813,-33.9507,111            20.054821,-33.950687,111            20.054825,-33.950672,110            20.054825,-33.950665,110            20.054827,-33.95065,110            20.054825,-33.950638,110            20.054823,-33.950626,110            20.054823,-33.95062,110            20.054823,-33.95061,110            20.054823,-33.950596,110            20.054823,-33.95059,110            20.054827,-33.950577,110            20.054829,-33.950565,110            20.05483,-33.950558,110            20.054834,-33.950546,110            20.054834,-33.950535,110            20.054838,-33.950527,110            20.054842,-33.950512,110            20.054844,-33.9505,110            20.054846,-33.95049,110            20.05485,-33.95048,110            20.054853,-33.95047,110            20.054857,-33.950462,110            20.05486,-33.95045,110            20.05486,-33.95044,110            20.054863,-33.950424,110            20.054869,-33.95041,110            20.054874,-33.950394,110            20.05488,-33.95038,110            20.054884,-33.950363,110            20.054886,-33.950344,110            20.054888,-33.950333,110            20.05489,-33.950317,110            20.05489,-33.950302,110            20.054892,-33.95029,110            20.054892,-33.950275,110            20.054892,-33.950268,110            20.054892,-33.950256,110            20.054892,-33.950245,110            20.054893,-33.95023,110            20.054897,-33.95022,110            20.054897,-33.950207,110            20.054897,-33.95019,110            20.0549,-33.950176,110            20.054901,-33.950165,110            20.054905,-33.95015,110            20.054907,-33.950138,109            20.05491,-33.950123,109            20.054914,-33.95011,109            20.054918,-33.950096,109            20.05492,-33.95008,109            20.054926,-33.95007,109            20.05493,-33.950054,109            20.054932,-33.95004,109            20.054935,-33.950024,109            20.05494,-33.950012,108            20.054943,-33.949997,108            20.054947,-33.94998,108            20.05495,-33.94997,108            20.054953,-33.949955,108            20.054953,-33.949944,108            20.054955,-33.94993,108            20.054956,-33.949917,108            20.05496,-33.9499,108            20.054964,-33.949894,108            20.054966,-33.94988,108            20.054968,-33.949863,108            20.054968,-33.949852,108            20.054966,-33.949837,108            20.054964,-33.94982,108            20.05496,-33.949806,108            20.054958,-33.94979,108            20.054956,-33.94977,108            20.054955,-33.949757,108            20.054953,-33.949745,108            20.054953,-33.94973,108            20.05495,-33.949715,108            20.054949,-33.949703,108            20.054947,-33.94969,108            20.054943,-33.949677,108            20.054941,-33.949665,108            20.05494,-33.949654,108            20.05494,-33.949646,108            20.054943,-33.94963,108            20.054947,-33.949623,108            20.054953,-33.949615,108            20.054956,-33.9496,108            20.054962,-33.94959,108            20.054968,-33.949577,108            20.054972,-33.949566,110            20.054976,-33.949554,110            20.05498,-33.949543,110            20.054983,-33.949528,110            20.054983,-33.949512,110            20.054983,-33.9495,110            20.054983,-33.94949,110            20.054983,-33.949474,110            20.054985,-33.949467,110            20.054985,-33.94945,110            20.054987,-33.94944,110            20.054987,-33.94943,110            20.054989,-33.949413,110            20.05499,-33.9494,110            20.054993,-33.94939,110            20.054996,-33.94938,110            20.055,-33.949368,110            20.055004,-33.949356,110            20.05501,-33.94934,110            20.055014,-33.94933,110            20.05502,-33.949318,110            20.055025,-33.949303,110            20.055029,-33.949287,110            20.055033,-33.94928,110            20.05504,-33.949265,110            20.055044,-33.949253,110            20.055048,-33.94924,110            20.05505,-33.94923,110            20.055056,-33.94922,110            20.05506,-33.94921,110            20.055065,-33.9492,110            20.055069,-33.94919,110            20.055077,-33.949173,110            20.055082,-33.94916,110            20.055092,-33.949146,110            20.055098,-33.949135,110            20.055101,-33.94912,111            20.055105,-33.94911,111            20.055107,-33.949093,111            20.055109,-33.949078,111            20.05511,-33.949066,111            20.055115,-33.949055,111            20.055119,-33.949043,111            20.055122,-33.94903,111            20.055126,-33.949017,111            20.05513,-33.94901,111            20.055134,-33.948997,111            20.055138,-33.948986,111            20.055141,-33.94897,111            20.055143,-33.948963,111            20.055147,-33.948948,111            20.055151,-33.948936,111            20.055153,-33.94892,111            20.055153,-33.948914,111            20.055155,-33.9489,111            20.055159,-33.948887,111            20.055162,-33.948875,111            20.05517,-33.948864,111            20.055174,-33.948853,111            20.05518,-33.948837,111            20.055185,-33.94883,111            20.05519,-33.948814,111            20.055197,-33.948803,111            20.0552,-33.94879,112            20.055204,-33.94878,112            20.05521,-33.94877,112            20.055216,-33.948753,112            20.05522,-33.948742,112            20.055227,-33.94873,112            20.055235,-33.94872,112            20.055244,-33.94871,112            20.055252,-33.9487,112            20.05526,-33.94869,112            20.055267,-33.94868,112            20.055275,-33.94867,112            20.05528,-33.948658,113            20.055286,-33.948647,113            20.055294,-33.948635,113            20.055302,-33.948624,113            20.055307,-33.948612,113            20.055315,-33.9486,113            20.05532,-33.94859,113            20.055325,-33.948578,113            20.055328,-33.948566,113            20.055334,-33.948555,113            20.055342,-33.948547,113            20.05535,-33.948536,113            20.055357,-33.948524,113            20.055365,-33.94851,113            20.055368,-33.948498,113            20.055372,-33.948486,113            20.055378,-33.948475,113            20.055384,-33.948463,113            20.05539,-33.948452,113            20.055395,-33.94844,113            20.055399,-33.948433,113            20.055405,-33.94842,113            20.055408,-33.94841,113            20.055414,-33.948395,113            20.055418,-33.948383,113            20.055426,-33.948368,113            20.055431,-33.948353,113            20.055439,-33.948338,113            20.055443,-33.948322,113            20.055447,-33.948307,113            20.05545,-33.948296,113            20.055454,-33.94828,113            20.05546,-33.94827,113            20.055466,-33.948257,113            20.055473,-33.948246,113            20.055475,-33.94823,113            20.05548,-33.94822,113            20.055485,-33.948208,113            20.055489,-33.948196,113            20.055496,-33.948185,113            20.055502,-33.948174,113            20.05551,-33.948162,113            20.055515,-33.94815,113            20.055523,-33.948143,113            20.055532,-33.94813,113            20.055538,-33.94812,113            20.055544,-33.948112,113            20.055552,-33.9481,113            20.05556,-33.948093,113            20.055567,-33.948082,113            20.055574,-33.948074,113            20.05558,-33.948063,113            20.055588,-33.94805,113            20.055597,-33.948036,113            20.055607,-33.94802,113            20.055616,-33.94801,113            20.055624,-33.947998,113            20.055634,-33.947983,113            20.055641,-33.94797,113            20.055647,-33.947964,113            20.05565,-33.947952,113            20.055658,-33.94794,113            20.055666,-33.94793,113            20.055672,-33.947918,113            20.05568,-33.94791,113            20.055687,-33.947895,113            20.055695,-33.947887,113            20.0557,-33.947872,113            20.05571,-33.947865,113            20.05572,-33.947853,113            20.05573,-33.94784,113            20.055742,-33.947834,113            20.05575,-33.94782,113            20.055758,-33.947807,113            20.055765,-33.947792,113            20.055775,-33.947784,113            20.055784,-33.94777,113            20.05579,-33.94776,113            20.055798,-33.947746,113            20.055805,-33.94774,113            20.055813,-33.947727,113            20.055819,-33.947716,113            20.055824,-33.947704,113            20.055832,-33.947693,113            20.055841,-33.94768,113            20.055851,-33.94767,113            20.055862,-33.94766,113            20.055872,-33.947647,113            20.055882,-33.947636,113            20.05589,-33.947624,113            20.055897,-33.947617,113            20.055906,-33.9476,113            20.055914,-33.94759,113            20.055922,-33.94758,113            20.05593,-33.947567,113            20.055937,-33.94756,113            20.055946,-33.94755,113            20.055958,-33.94754,113            20.05597,-33.94753,113            20.055983,-33.94752,113            20.055994,-33.947514,113            20.056005,-33.947506,113            20.056015,-33.947495,113            20.056026,-33.947483,113            20.056038,-33.947475,113            20.056047,-33.947464,113            20.056057,-33.947453,113            20.056068,-33.947445,113            20.05608,-33.947433,113            20.056087,-33.947426,113            20.056099,-33.947414,113            20.056108,-33.947403,113            20.056122,-33.947395,113            20.056131,-33.947384,113            20.05614,-33.947372,113            20.05615,-33.94736,113            20.056158,-33.94735,113            20.056166,-33.947342,113            20.056173,-33.94733,113            20.056181,-33.94732,113            20.056189,-33.94731,113            20.056198,-33.947304,113            20.05621,-33.947292,113            20.056221,-33.94728,113            20.056229,-33.947273,113            20.056236,-33.94726,113            20.056244,-33.94725,113            20.056253,-33.947243,113            20.056263,-33.94723,113            20.056276,-33.947216,113            20.05629,-33.9472,113            20.056303,-33.94719,113            20.056314,-33.947178,113            20.056328,-33.947163,113            20.056341,-33.947147,113            20.056353,-33.947136,113            20.056362,-33.947124,113            20.05637,-33.947113,113            20.05638,-33.9471,113            20.05639,-33.947086,113            20.0564,-33.94708,113            20.056412,-33.947063,113            20.05642,-33.947056,113            20.056429,-33.947044,113            20.056437,-33.947033,113            20.056442,-33.947025,113            20.05645,-33.947014,113            20.056458,-33.947006,113            20.056467,-33.946995,113            20.056479,-33.946983,113            20.056488,-33.94697,113            20.056498,-33.94696,113            20.056509,-33.946953,113            20.056517,-33.94694,113            20.05652,-33.94693,113            20.056528,-33.94692,113            20.056536,-33.946907,113            20.056545,-33.94689,113            20.056553,-33.946884,113            20.056562,-33.94687,113            20.05657,-33.94686,113            20.056576,-33.946846,113            20.056583,-33.94684,113            20.05659,-33.946827,113            20.056599,-33.946815,113            20.056608,-33.946804,113            20.056618,-33.946796,113            20.056625,-33.94678,113            20.056635,-33.946774,113            20.056643,-33.94676,113            20.056652,-33.946747,113            20.05666,-33.946735,113            20.056665,-33.946728,113            20.056671,-33.946716,113            20.056679,-33.946705,113            20.056688,-33.946697,113            20.056694,-33.946686,113            20.056704,-33.946674,113            20.056711,-33.94666,113            20.05672,-33.946644,113            20.05673,-33.946632,113            20.056738,-33.946617,113            20.056746,-33.946606,113            20.056755,-33.946594,113            20.056763,-33.946583,113            20.056768,-33.94657,113            20.056778,-33.946564,113            20.056786,-33.946552,113            20.056793,-33.94654,113            20.056797,-33.946533,113            20.056803,-33.946526,113            20.05681,-33.94651,113            20.056816,-33.946503,113            20.056824,-33.946487,113            20.05683,-33.94648,113            20.056837,-33.946472,113            20.056843,-33.946457,113            20.056852,-33.946445,113            20.056862,-33.946438,113            20.056871,-33.946423,113            20.056877,-33.946415,113            20.056885,-33.9464,113            20.05689,-33.946392,113            20.056898,-33.94638,113            20.056904,-33.946373,112            20.056911,-33.94637,112            20.056921,-33.94636,112            20.056929,-33.946358,112            20.056936,-33.946354,112            20.05694,-33.946354,112            20.056952,-33.946346,112            20.056953,-33.946354,112            20.056957,-33.94635,112            20.056957,-33.946346,112            20.05696,-33.94634,112            20.056963,-33.946323,112            20.056969,-33.94631,112            20.056974,-33.946285,112            20.056984,-33.946262,112            20.056992,-33.94623,112            20.057003,-33.946205,112            20.057016,-33.946175,112            20.05703,-33.946148,112            20.057045,-33.94612,112            20.057056,-33.94609,112            20.057068,-33.946064,112            20.057085,-33.946033,112            20.0571,-33.946003,112            20.057112,-33.945972,111            20.057125,-33.945942,111            20.057137,-33.94591,111            20.05715,-33.94588,111            20.05716,-33.94585,111            20.057175,-33.94582,111            20.057192,-33.945786,111            20.057207,-33.945755,111            20.05722,-33.94573,111            20.057232,-33.9457,111            20.057247,-33.945667,111            20.057257,-33.945637,111            20.057264,-33.945606,111            20.057268,-33.94558,111            20.057272,-33.945553,111            20.057272,-33.945522,111            20.057268,-33.94549,111            20.057264,-33.94546,111            20.057259,-33.94543,111            20.057253,-33.9454,111            20.057247,-33.945374,111            20.057238,-33.945347,111            20.057228,-33.94532,111            20.05722,-33.945293,111            20.057209,-33.94527,111            20.057201,-33.94525,111            20.057194,-33.945236,111            20.05719,-33.94522,111            20.057188,-33.94521,111            20.057186,-33.945198,111            20.057186,-33.945194,111            20.057184,-33.945187,111            20.057182,-33.945183,111            20.057175,-33.945175,111            20.057175,-33.94517,111            20.057173,-33.94517,111            20.057167,-33.94517,111            20.057165,-33.945168,111            20.057169,-33.945164,111            20.057175,-33.94516,111            20.057182,-33.945156,111            20.057188,-33.94515,111            20.057194,-33.945145,111            20.057205,-33.94513,111            20.057203,-33.945133,111            20.057207,-33.945126,111            20.05721,-33.945126,111            20.057219,-33.945118,111            20.05723,-33.94511,111            20.057243,-33.945103,111            20.057255,-33.94509,111            20.057268,-33.945084,111            20.05728,-33.945076,111            20.057295,-33.94507,111            20.057312,-33.94506,111            20.05733,-33.945053,111            20.057344,-33.945045,111            20.057364,-33.945038,111            20.05738,-33.94503,111            20.057394,-33.945026,111            20.05741,-33.945023,111            20.057425,-33.945015,111            20.057438,-33.94501,111            20.05745,-33.945004,111            20.05746,-33.945,111            20.05747,-33.944992,111            20.057478,-33.944984,111            20.057487,-33.94498,111            20.0575,-33.944977,111            20.057516,-33.94497,111            20.057535,-33.944965,111            20.05755,-33.94496,111            20.057568,-33.944954,111            20.057579,-33.944946,111            20.057592,-33.94494,111            20.057606,-33.94493,111            20.057617,-33.944923,111            20.05763,-33.94492,111            20.05764,-33.944912,111            20.057653,-33.9449,111            20.057667,-33.94489,111            20.05768,-33.94488,111            20.05769,-33.94487,111            20.057701,-33.94486,111            20.057713,-33.94485,111            20.057722,-33.94484,111            20.057732,-33.944828,111            20.057741,-33.944817,111            20.057747,-33.944805,111            20.057755,-33.944794,111            20.057762,-33.944782,111            20.057768,-33.944775,111            20.057774,-33.94476,111            20.057781,-33.94475,111            20.057789,-33.944736,111            20.057796,-33.944725,111            20.057804,-33.944714,111            20.05781,-33.944702,111            20.057817,-33.944695,111            20.057823,-33.944683,111            20.057829,-33.94467,111            20.05783,-33.94466,111            20.057835,-33.94465,111            20.057838,-33.944633,111            20.057842,-33.94462,111            20.057852,-33.94461,111            20.05786,-33.9446,111            20.057867,-33.944588,111            20.057875,-33.94458,111            20.057882,-33.944565,111            20.057894,-33.944553,111            20.057905,-33.944542,111            20.057913,-33.944534,111            20.057922,-33.944527,111            20.057932,-33.944515,111            20.057938,-33.9445,111            20.057945,-33.944492,111            20.057951,-33.944477,111            20.057957,-33.944466,111            20.057964,-33.944454,111            20.057972,-33.944443,111            20.05798,-33.94443,111            20.057987,-33.944424,111            20.057995,-33.94441,111            20.058,-33.9444,111            20.058008,-33.944386,111            20.058018,-33.944374,111            20.058025,-33.944363,111            20.058037,-33.944347,111            20.058044,-33.94434,111            20.058054,-33.94433,111            20.058062,-33.94432,111            20.058071,-33.94431,111            20.05808,-33.9443,111            20.058086,-33.94429,111            20.058094,-33.944283,111            20.058104,-33.94427,111            20.05811,-33.94426,111            20.058119,-33.94425,111            20.05813,-33.944233,111            20.058142,-33.94422,111            20.058151,-33.94421,111            20.05816,-33.9442,111            20.058167,-33.944187,111            20.058172,-33.944176,111            20.05818,-33.94416,111            20.058187,-33.944153,111            20.058197,-33.944145,111            20.058207,-33.944134,111            20.058214,-33.944126,111            20.058222,-33.944115,111            20.058231,-33.944103,111            20.05824,-33.944096,111            20.058249,-33.944088,111            20.058258,-33.944077,111            20.058268,-33.944065,111            20.058279,-33.944057,111            20.058289,-33.94405,111            20.0583,-33.94404,111            20.05831,-33.944027,111            20.05832,-33.94402,111            20.058329,-33.944008,111            20.058338,-33.943996,111            20.058346,-33.94399,111            20.058353,-33.943977,111            20.058363,-33.943966,111            20.058372,-33.943954,111            20.05838,-33.943943,111            20.058392,-33.94393,111            20.058403,-33.94392,111            20.058414,-33.94391,111            20.058424,-33.943897,111            20.058435,-33.943886,111            20.058443,-33.943874,111            20.058455,-33.943863,111            20.058462,-33.943855,111            20.05847,-33.943844,111            20.05848,-33.943832,111            20.058489,-33.943825,111            20.058496,-33.943817,111            20.058508,-33.94381,111            20.058516,-33.943798,111            20.058527,-33.94379,111            20.058537,-33.94378,111            20.058544,-33.94377,111            20.058552,-33.943764,111            20.05856,-33.943752,111            20.058567,-33.94374,111            20.058575,-33.943733,111            20.058584,-33.94372,111            20.058592,-33.943714,110            20.0586,-33.943703,110            20.058609,-33.94369,110            20.058619,-33.943684,110            20.058628,-33.943672,110            20.058638,-33.94366,110            20.058645,-33.943653,110            20.058655,-33.94364,110            20.05866,-33.94363,110            20.058668,-33.943623,110            20.058678,-33.94361,110            20.058687,-33.9436,110            20.058695,-33.943592,110            20.058706,-33.943584,110            20.058716,-33.943573,110            20.058723,-33.94356,110            20.058735,-33.943554,110            20.058744,-33.943542,110            20.058754,-33.94353,110            20.058762,-33.94352,110            20.05877,-33.94351,110            20.058777,-33.9435,110            20.05878,-33.943493,110            20.058784,-33.94349,110            20.058792,-33.943474,110            20.058794,-33.943474,110            20.0588,-33.943474,110            20.058807,-33.943466,110            20.058817,-33.94346,110            20.058825,-33.94345,110            20.058834,-33.943443,110            20.058844,-33.94343,110            20.058855,-33.943424,110            20.058863,-33.943413,110            20.058872,-33.943405,110            20.058882,-33.943394,110            20.05889,-33.943382,110            20.0589,-33.943375,110            20.058912,-33.943363,110            20.058922,-33.943356,110            20.058933,-33.94334,110            20.058943,-33.943333,110            20.058952,-33.943325,110            20.058964,-33.943317,110            20.058973,-33.943306,110            20.058985,-33.9433,110            20.058994,-33.943287,110            20.059004,-33.94328,110            20.059015,-33.94327,110            20.059027,-33.943264,110            20.059038,-33.94325,110            20.059046,-33.94324,110            20.059057,-33.94323,110            20.059069,-33.943222,110            20.059078,-33.94321,110            20.059088,-33.943203,110            20.059095,-33.943195,110            20.059105,-33.943184,110            20.059113,-33.943172,110            20.059124,-33.94316,110            20.059132,-33.943153,110            20.05914,-33.943146,110            20.059147,-33.94314,110            20.059155,-33.94313,110            20.059162,-33.94312,110            20.059172,-33.94311,110            20.05918,-33.943104,110            20.059187,-33.943092,110            20.059198,-33.943085,110            20.05921,-33.943077,109            20.059221,-33.94307,109            20.059233,-33.94306,109            20.059246,-33.943054,109            20.05926,-33.943047,109            20.059273,-33.94304,109            20.059284,-33.943027,109            20.059298,-33.94302,109            20.05931,-33.943012,109            20.059326,-33.943,110            20.05934,-33.942993,110            20.059353,-33.94299,110            20.059364,-33.942978,110            20.059378,-33.94297,110            20.059391,-33.942963,110            20.059402,-33.942955,110            20.059416,-33.942947,109            20.059427,-33.942944,109            20.059439,-33.942936,109            20.05945,-33.94293,109            20.059462,-33.942917,109            20.059473,-33.94291,109            20.059483,-33.942905,109            20.059496,-33.942894,109            20.05951,-33.942886,109            20.05952,-33.94288,109            20.059532,-33.94287,109            20.059544,-33.942867,109            20.059557,-33.94286,109            20.059572,-33.942852,109            20.059587,-33.942844,109            20.059603,-33.942833,109            20.059618,-33.942825,109            20.059631,-33.942818,109            20.059645,-33.94281,109            20.059658,-33.942802,109            20.059671,-33.942795,109            20.059685,-33.942787,109            20.0597,-33.94278,109            20.059711,-33.94277,109            20.059727,-33.94276,109            20.059742,-33.94275,109            20.059757,-33.94274,109            20.059772,-33.942734,109            20.059786,-33.942722,109            20.059801,-33.942715,109            20.059814,-33.942707,109            20.059826,-33.942696,109            20.059837,-33.942688,109            20.059849,-33.94268,109            20.059858,-33.942673,109            20.05987,-33.942665,109            20.05988,-33.942657,109            20.05989,-33.94265,109            20.059904,-33.942642,109            20.059917,-33.942635,109            20.059929,-33.942627,109            20.059942,-33.94262,109            20.059956,-33.942616,109            20.059969,-33.94261,109            20.059982,-33.942608,108            20.059996,-33.942604,108            20.060013,-33.9426,108            20.06003,-33.942596,108            20.060047,-33.942593,108            20.060062,-33.942585,108            20.06008,-33.942585,108            20.060095,-33.942577,108            20.06011,-33.94257,107            20.060125,-33.942566,107            20.06014,-33.942562,107            20.060154,-33.942554,107            20.060167,-33.942554,107            20.06018,-33.942547,107            20.060194,-33.942547,107            20.060205,-33.94254,107            20.060219,-33.94254,107            20.06023,-33.94253,107            20.060244,-33.942528,107            20.06026,-33.942524,107            20.060276,-33.94252,107            20.060291,-33.942516,107            20.060307,-33.942513,107            20.060324,-33.94251,107            20.06034,-33.9425,107            20.060356,-33.942497,107            20.06037,-33.942493,107            20.060385,-33.942486,107            20.060398,-33.942482,107            20.060411,-33.94248,107            20.060425,-33.942474,107            20.06044,-33.94247,107            20.060457,-33.942467,107            20.060472,-33.942463,107            20.06049,-33.94246,107            20.060505,-33.942455,107            20.06052,-33.942448,107            20.060535,-33.942444,107            20.060553,-33.94244,107            20.060568,-33.942432,107            20.060583,-33.942425,107            20.060598,-33.94242,107            20.060614,-33.942413,106            20.060633,-33.94241,106            20.06065,-33.9424,106            20.060665,-33.94239,106            20.06068,-33.942383,106            20.060696,-33.94238,106            20.06071,-33.94237,106            20.060726,-33.942368,106            20.060741,-33.942364,106            20.060757,-33.94236,106            20.060774,-33.942352,106            20.06079,-33.942345,106            20.060804,-33.942337,106            20.06082,-33.942333,106            20.060835,-33.94233,106            20.06085,-33.942326,106            20.060863,-33.94232,106            20.060879,-33.942318,106            20.060892,-33.942314,106            20.060905,-33.94231,106            20.06092,-33.942307,106            20.060938,-33.942303,106            20.060953,-33.9423,106            20.060968,-33.9423,106            20.060984,-33.942295,106            20.060999,-33.94229,106            20.061016,-33.942287,106            20.061035,-33.942284,106            20.06105,-33.94228,106            20.061066,-33.942276,106            20.06108,-33.942272,106            20.061096,-33.94227,106            20.06111,-33.94227,106            20.061123,-33.942265,106            20.06114,-33.94226,106            20.061152,-33.94226,106            20.061167,-33.942257,106            20.06118,-33.942253,106            20.061195,-33.94225,106            20.061213,-33.942245,106            20.061228,-33.94224,106            20.061243,-33.942238,106            20.061258,-33.942234,106            20.061274,-33.94223,106            20.061287,-33.942223,106            20.061304,-33.942215,106            20.061321,-33.942207,106            20.061338,-33.9422,106            20.061354,-33.942196,106            20.061369,-33.94219,106            20.061382,-33.94218,106            20.061396,-33.942177,106            20.061413,-33.94217,106            20.061428,-33.94216,106            20.061443,-33.942154,106            20.06146,-33.942146,106            20.061478,-33.942142,106            20.061495,-33.942135,106            20.061514,-33.94213,106            20.061531,-33.942127,106            20.061548,-33.94212,106            20.061563,-33.942112,106            20.06158,-33.942112,106            20.061596,-33.942104,106            20.061611,-33.942104,106            20.061625,-33.9421,106            20.061638,-33.942097,106            20.061651,-33.94209,106            20.061666,-33.942085,106            20.061682,-33.94208,107            20.061695,-33.942078,107            20.061712,-33.942074,107            20.061728,-33.942066,107            20.061743,-33.942066,107            20.061758,-33.94206,107            20.061775,-33.94206,107            20.061792,-33.94206,107            20.061811,-33.942055,107            20.061829,-33.942055,107            20.061842,-33.942055,107            20.061857,-33.94205,107            20.061872,-33.94205,107            20.061886,-33.94205,107            20.0619,-33.94205,107            20.061909,-33.94205,107            20.06192,-33.94205,107            20.061937,-33.94205,107            20.061953,-33.94205,107            20.061972,-33.94205,107            20.061989,-33.942047,107            20.062008,-33.942047,107            20.062027,-33.942043,107            20.062042,-33.942043,107            20.06206,-33.942043,107            20.062077,-33.94204,107            20.062092,-33.94204,107            20.062105,-33.942036,107            20.06212,-33.942036,107            20.062136,-33.942036,107            20.062151,-33.942036,107            20.062166,-33.94203,107            20.06218,-33.94203,107            20.062195,-33.942028,107            20.062212,-33.94202,107            20.062227,-33.942013,107            20.062243,-33.94201,107            20.06226,-33.942,107            20.062271,-33.941994,107            20.062286,-33.941994,107            20.0623,-33.941986,107            20.062311,-33.941986,107            20.062325,-33.94198,107            20.062338,-33.941975,107            20.062353,-33.94197,107            20.062368,-33.941963,107            20.062384,-33.941956,107            20.062397,-33.941948,107            20.06241,-33.94194,107            20.062424,-33.941933,107            20.062435,-33.94193,107            20.062447,-33.94192,107            20.062462,-33.941914,107            20.062473,-33.94191,107            20.062489,-33.941902,107            20.062502,-33.9419,107            20.062515,-33.941895,107            20.062529,-33.941887,107            20.062544,-33.94188,107            20.06256,-33.941875,107            20.062574,-33.94187,107            20.062588,-33.941868,107            20.062601,-33.941864,108            20.062613,-33.94186,108            20.062624,-33.941856,108            20.062637,-33.94185,108            20.062653,-33.94184,108            20.062666,-33.941837,108            20.062681,-33.941833,108            20.062695,-33.941826,108            20.062708,-33.941826,108            20.06272,-33.94182,108            20.062735,-33.941814,108            20.062748,-33.94181,108            20.062761,-33.941807,108            20.062777,-33.9418,108            20.062792,-33.941795,108            20.062809,-33.94179,108            20.062824,-33.941784,108            20.062841,-33.94178,108            20.062857,-33.941776,108            20.062872,-33.94177,108            20.062887,-33.94177,108            20.0629,-33.941765,108            20.062914,-33.94176,108            20.062931,-33.941757,108            20.062944,-33.941753,108            20.062962,-33.941746,108            20.062977,-33.941742,108            20.062992,-33.941734,108            20.06301,-33.94173,108            20.063026,-33.941723,108            20.063042,-33.94172,108            20.063059,-33.941715,108            20.063076,-33.941708,108            20.06309,-33.941704,108            20.063105,-33.9417,107            20.06312,-33.9417,107            20.063133,-33.941692,107            20.063147,-33.941692,107            20.06316,-33.94169,107            20.063175,-33.941685,107            20.063189,-33.941677,107            20.063204,-33.941673,107            20.06322,-33.94167,107            20.063234,-33.94166,107            20.063253,-33.941654,107            20.06327,-33.94165,107            20.063288,-33.941647,107            20.063303,-33.94164,107            20.063316,-33.941635,107            20.06333,-33.94163,107            20.063345,-33.941624,107            20.06336,-33.94162,107            20.063377,-33.941612,107            20.063393,-33.94161,107            20.063408,-33.941605,107            20.063423,-33.9416,107            20.063438,-33.941597,107            20.063456,-33.941593,107            20.063473,-33.94159,107            20.06349,-33.941586,107            20.063505,-33.94158,107            20.063522,-33.94158,107            20.063538,-33.941574,107            20.063557,-33.941574,107            20.063572,-33.94157,107            20.063587,-33.941566,107            20.063602,-33.941566,107            20.063616,-33.941566,107            20.06363,-33.941563,107            20.063644,-33.94156,107            20.063658,-33.94156,107            20.063673,-33.941555,107            20.063686,-33.94155,107            20.063698,-33.94155,107            20.06371,-33.94155,107            20.06372,-33.941547,107            20.063736,-33.941544,107            20.063751,-33.941544,107            20.063766,-33.94154,107            20.063782,-33.941536,107            20.063797,-33.941536,107            20.063808,-33.941536,107            20.06382,-33.941536,107            20.063833,-33.941532,107            20.063847,-33.94153,106            20.063862,-33.94153,106            20.063877,-33.94153,106            20.063892,-33.941525,106            20.063908,-33.94152,106            20.063923,-33.94152,106            20.063938,-33.941513,106            20.063951,-33.94151,106            20.063963,-33.941505,106            20.063976,-33.941498,106            20.063984,-33.94149,106            20.063992,-33.94148,106            20.063995,-33.941467,106            20.064,-33.94146,106            20.064,-33.941452,106            20.063997,-33.94144,106            20.063997,-33.94143,106            20.063995,-33.941418,106            20.063992,-33.94141,106            20.063988,-33.9414,106            20.06398,-33.941387,106            20.063974,-33.94138,106            20.063967,-33.94137,106            20.06396,-33.941357,106            20.06395,-33.94135,106            20.063942,-33.941334,106            20.063936,-33.941326,107            20.06393,-33.941315,107            20.063923,-33.941303,107            20.063915,-33.941296,107            20.063906,-33.941288,107            20.063894,-33.941277,107            20.063883,-33.941265,107            20.063871,-33.941257,107            20.063862,-33.941246,107            20.063852,-33.941235,107            20.063847,-33.941223,107            20.063837,-33.941216,107            20.06383,-33.941204,108            20.063822,-33.941193,108            20.063816,-33.941185,108            20.06381,-33.941177,108            20.063805,-33.941166,108            20.0638,-33.94116,108            20.0638,-33.941147,108            20.063797,-33.94114,109            20.063793,-33.94113,109            20.06379,-33.941124,109            20.063786,-33.941113,109            20.063778,-33.941105,109            20.06377,-33.941093,109            20.063763,-33.941086,109            20.063755,-33.94108,109            20.063745,-33.94107,109            20.063736,-33.941063,109            20.063725,-33.941055,109            20.063719,-33.941044,109            20.063711,-33.941032,109            20.063707,-33.94102,109            20.063696,-33.941013,110            20.063684,-33.941,110            20.063677,-33.94099,110            20.06367,-33.940983,110            20.063665,-33.940975,110            20.063662,-33.940968,110            20.06366,-33.94096,110            20.063656,-33.940956,110            20.063652,-33.940952,110            20.06365,-33.940945,111            20.063646,-33.940937,111            20.063643,-33.94093,111            20.063637,-33.94092,111            20.063631,-33.940914,111            20.063625,-33.940907,112            20.063618,-33.940895,112            20.063614,-33.940887,112            20.06361,-33.940876,112            20.063604,-33.94087,113            20.063599,-33.94086,113            20.063591,-33.94085,113            20.063583,-33.94084,113            20.063576,-33.940834,113            20.063572,-33.940823,114            20.063566,-33.940815,114            20.06356,-33.940804,114            20.063557,-33.940796,114            20.063549,-33.94079,114            20.063545,-33.94078,114            20.063541,-33.940773,114            20.063536,-33.940765,114            20.063532,-33.940758,114            20.063528,-33.940754,114            20.06352,-33.940746,114            20.063517,-33.94074,115            20.063509,-33.94073,115            20.063501,-33.940723,115            20.063498,-33.940716,115            20.06349,-33.940704,115            20.06348,-33.940693,116            20.06347,-33.94068,116            20.063463,-33.94067,116            20.063457,-33.94066,116            20.063452,-33.94065,116            20.063444,-33.94064,117            20.063438,-33.94063,117            20.063435,-33.940624,117            20.06343,-33.940617,117            20.063427,-33.94061,117            20.063423,-33.940598,117            20.063416,-33.940586,118            20.06341,-33.94058,118            20.063402,-33.94057,118            20.063396,-33.940563,118            20.063395,-33.940548,118            20.063389,-33.94054,118            20.063383,-33.940533,118            20.063375,-33.940533,119            20.06337,-33.94053,119            20.06336,-33.94053,119            20.063354,-33.94053,119            20.063347,-33.94053,119            20.063337,-33.94053,119            20.063328,-33.94053,119            20.063318,-33.940525,119            20.06331,-33.94052,119            20.063276,-33.94052,120            20.063272,-33.94052,120            20.063267,-33.94052,120            20.063257,-33.940525,120            20.06325,-33.940525,120            20.063238,-33.940525,120            20.063229,-33.94053,120            20.063217,-33.940533,120            20.063206,-33.940536,120            20.063198,-33.94054,120            20.063187,-33.940548,120            20.063177,-33.94055,120            20.063166,-33.94056,120            20.063154,-33.940563,120            20.063143,-33.940575,120            20.063131,-33.94058,120            20.063122,-33.940586,120            20.06311,-33.940586,120            20.063099,-33.940586,120            20.063086,-33.94059,120            20.063074,-33.940594,120            20.063063,-33.940594,120            20.063051,-33.9406,120            20.063042,-33.9406,120            20.06303,-33.940605,120            20.063019,-33.94061,120            20.063007,-33.94061,120            20.062994,-33.94061,120            20.062979,-33.94061,121            20.062965,-33.94061,121            20.062952,-33.94061,121            20.062937,-33.94061,121            20.062923,-33.94061,121            20.062912,-33.940605,121            20.062899,-33.940605,121            20.062885,-33.940605,121            20.062872,-33.940605,121            20.062855,-33.940605,121            20.06284,-33.940605,121            20.062824,-33.940605,121            20.06281,-33.940605,122            20.062798,-33.940605,122            20.062784,-33.94061,122            20.06277,-33.940605,122            20.062754,-33.9406,122            20.062738,-33.9406,122            20.062725,-33.9406,122            20.062712,-33.940598,122            20.062696,-33.940598,121            20.062681,-33.940594,121            20.062664,-33.940594,121            20.062649,-33.940594,121            20.062634,-33.940594,121            20.062618,-33.940594,121            20.062605,-33.940594,121            20.062592,-33.940594,121            20.062576,-33.940594,121            20.062563,-33.940594,121            20.06255,-33.940594,121            20.062534,-33.940594,121            20.062521,-33.940594,121            20.06251,-33.940594,121            20.062494,-33.940594,121            20.062479,-33.940594,121            20.062462,-33.940594,121            20.062447,-33.940594,121            20.062431,-33.940594,121            20.062416,-33.940594,121            20.0624,-33.94059,121            20.062387,-33.940586,121            20.062372,-33.940586,121            20.062357,-33.940586,121            20.062342,-33.940586,121            20.062326,-33.940586,121            20.06231,-33.940586,121            20.062292,-33.940586,121            20.062277,-33.940586,121            20.062263,-33.940586,121            20.062248,-33.940586,121            20.062235,-33.940586,121            20.062222,-33.94059,121            20.062206,-33.940594,121            20.062191,-33.940594,121            20.062178,-33.940594,121            20.062162,-33.940594,121            20.06215,-33.940594,120            20.062136,-33.940598,120            20.062122,-33.9406,120            20.06211,-33.9406,120            20.062101,-33.940605,120            20.062094,-33.94061,120            20.062082,-33.94061,120            20.062073,-33.940613,120            20.062061,-33.940617,120            20.062054,-33.940617,120            20.06205,-33.94062,120            20.062042,-33.940628,120            20.062033,-33.94063,120            20.062023,-33.94064,120            20.062012,-33.940647,120            20.062,-33.94065,120            20.06199,-33.940655,120            20.061983,-33.94066,120            20.061977,-33.940666,120            20.06197,-33.940674,120            20.061962,-33.94068,120            20.061953,-33.94069,120            20.061945,-33.940697,120            20.061937,-33.9407,120            20.061932,-33.940712,120            20.061926,-33.94072,120            20.061922,-33.94073,120            20.061914,-33.940742,120            20.061907,-33.94075,120            20.061897,-33.940758,120            20.061886,-33.940765,120            20.061874,-33.940773,120            20.061863,-33.94078,120            20.061852,-33.94079,120            20.061842,-33.940796,120            20.061832,-33.9408,120            20.061821,-33.940807,120            20.06181,-33.94081,120            20.061796,-33.94082,120            20.061785,-33.940826,120            20.061773,-33.940834,120            20.061762,-33.94084,120            20.061747,-33.94085,120            20.061731,-33.94086,120            20.061718,-33.94087,120            20.061705,-33.940876,120            20.061695,-33.940887,120            20.061686,-33.9409,120            20.061676,-33.94091,120            20.061663,-33.94092,120            20.06165,-33.94093,120            20.061634,-33.940937,120            20.061619,-33.940945,120            20.061605,-33.94095,120            20.06159,-33.940952,120            20.061579,-33.94096,120            20.061563,-33.940964,120            20.061548,-33.940968,120            20.061533,-33.940975,120            20.061516,-33.940975,120            20.0615,-33.940983,120            20.061483,-33.940983,120            20.061468,-33.94099,120            20.061453,-33.94099,120            20.061438,-33.940998,120            20.061424,-33.940998,120            20.061409,-33.941,120            20.061396,-33.941006,120            20.06138,-33.941006,120            20.061367,-33.941006,120            20.061354,-33.941006,120            20.061338,-33.941006,120            20.061323,-33.94101,120            20.061306,-33.941013,120            20.06129,-33.941017,120            20.061272,-33.94102,120            20.061256,-33.94102,120            20.061241,-33.941025,120            20.061226,-33.941025,120            20.061213,-33.941025,120            20.061197,-33.941025,120            20.06118,-33.94103,120            20.061165,-33.94103,120            20.06115,-33.94103,120            20.061134,-33.94103,120            20.06112,-33.941025,120            20.061104,-33.94102,120            20.061089,-33.941013,120            20.061073,-33.94101,120            20.061058,-33.941006,120            20.061047,-33.940998,120            20.061035,-33.940994,120            20.061022,-33.940987,120            20.06101,-33.94098,120            20.060997,-33.940968,120            20.060986,-33.94096,120            20.060972,-33.94095,120            20.060963,-33.940937,120            20.060953,-33.94092,120            20.060942,-33.94091,120            20.060932,-33.9409,120            20.060923,-33.940887,120            20.060913,-33.940876,120            20.060902,-33.940865,120            20.06089,-33.940853,120            20.06088,-33.94084,120            20.06087,-33.94083,120            20.06086,-33.94082,120            20.060848,-33.94081,120            20.060837,-33.940804,120            20.060823,-33.940792,120            20.06081,-33.94078,120            20.0608,-33.940773,120            20.060791,-33.940765,120            20.060781,-33.940754,121            20.060772,-33.940746,121            20.06076,-33.940742,121            20.06075,-33.940735,121            20.060738,-33.940727,121            20.060724,-33.940727,122            20.06071,-33.94072,122            20.0607,-33.94072,122            20.060688,-33.940716,122            20.060673,-33.940712,122            20.060661,-33.940712,122            20.060646,-33.940712,123            20.060629,-33.940712,123            20.060614,-33.940712,123            20.060598,-33.940712,123            20.060583,-33.940716,123            20.06057,-33.940716,123            20.060556,-33.94072,123            20.06054,-33.94072,123            20.060526,-33.940727,124            20.06051,-33.94073,124            20.060495,-33.940735,124            20.060478,-33.940742,124            20.060463,-33.94075,124            20.060448,-33.940758,125            20.060434,-33.940765,125            20.06042,-33.940773,125            20.060406,-33.940777,125            20.060392,-33.94079,125            20.060377,-33.940796,125            20.060364,-33.940804,125            20.060352,-33.94081,125            20.060339,-33.94082,125            20.060328,-33.940826,125            20.060318,-33.940838,125            20.060305,-33.940845,125            20.060295,-33.940853,125            20.060284,-33.940865,125            20.060274,-33.940872,125            20.060266,-33.94088,125            20.060259,-33.94089,125            20.06025,-33.9409,125            20.060242,-33.94091,125            20.060234,-33.94092,125            20.060226,-33.94093,125            20.06022,-33.94094,125            20.060213,-33.940952,125            20.06021,-33.94096,125            20.060202,-33.94097,125            20.060196,-33.940983,125            20.060188,-33.940994,125            20.060183,-33.941006,125            20.060175,-33.941017,125            20.06017,-33.94103,125            20.060163,-33.941036,125            20.060158,-33.941048,125            20.06015,-33.94106,125            20.060143,-33.94107,125            20.060137,-33.94108,125            20.06013,-33.94109,125            20.06012,-33.9411,125            20.060112,-33.94111,125            20.060102,-33.94112,125            20.060093,-33.941128,125            20.060081,-33.94114,125            20.060072,-33.941147,125            20.06006,-33.94116,125            20.060051,-33.94117,125            20.060041,-33.941177,125            20.060032,-33.941185,125            20.060022,-33.941196,125            20.060013,-33.941204,125            20.060005,-33.94121,125            20.059998,-33.941216,125            20.059988,-33.941223,125            20.05998,-33.941227,125            20.059969,-33.941235,125            20.05996,-33.941242,125            20.05995,-33.94125,125            20.05994,-33.941257,125            20.059929,-33.941265,125            20.059917,-33.941273,125            20.059906,-33.94128,125            20.059895,-33.941288,125            20.059883,-33.941296,125            20.059872,-33.941303,125            20.059862,-33.94131,125            20.05985,-33.94132,125            20.05984,-33.941326,125            20.059826,-33.941334,125            20.059813,-33.941338,125            20.0598,-33.94134,125            20.059786,-33.94135,125            20.059772,-33.941353,125            20.05976,-33.941364,125            20.059746,-33.941372,125            20.059734,-33.94138,125            20.059723,-33.941395,125            20.059711,-33.941402,125            20.059702,-33.941414,125            20.059692,-33.941425,125            20.059683,-33.941437,125            20.059673,-33.941444,125            20.059664,-33.941452,125            20.059656,-33.94146,125            20.059645,-33.941467,125            20.059633,-33.941467,125            20.059622,-33.941463,125            20.059612,-33.94146,126            20.059603,-33.941452,126            20.059595,-33.941444,126            20.059586,-33.94144,127            20.059578,-33.94143,127            20.05957,-33.94142,127            20.059563,-33.94141,127            20.059555,-33.941402,127            20.059544,-33.941395,127            20.05953,-33.941387,128            20.059517,-33.941376,128            20.059502,-33.941372,128            20.059486,-33.941364,128            20.059473,-33.94136,128            20.05946,-33.94136,128            20.059446,-33.94136,129            20.059435,-33.941364,129            20.059423,-33.941364,129            20.059408,-33.94137,129            20.059395,-33.941372,129            20.059378,-33.94138,130            20.059362,-33.941387,130            20.05935,-33.94139,130            20.059334,-33.9414,130            20.059322,-33.941406,130            20.05931,-33.941414,130            20.0593,-33.94142,130            20.059288,-33.941425,130            20.059277,-33.941437,130            20.059263,-33.941444,130            20.05925,-33.94145,130            20.059238,-33.941452,130            20.059225,-33.94146,130            20.059214,-33.941463,130            20.0592,-33.94147,130            20.059185,-33.941475,130            20.059174,-33.941483,130            20.05916,-33.941486,130            20.059147,-33.94149,130            20.059135,-33.941498,130            20.059122,-33.9415,130            20.059109,-33.94151,130            20.059095,-33.941513,130            20.059084,-33.94152,130            20.059072,-33.941525,130            20.05906,-33.94153,130            20.059046,-33.941536,130            20.059034,-33.941544,130            20.05902,-33.94155,130            20.059008,-33.94156,130            20.058994,-33.941563,130            20.058987,-33.94157,130            20.058975,-33.941574,130            20.058964,-33.94158,130            20.058952,-33.941586,130            20.058939,-33.94159,130            20.05893,-33.941597,130            20.058916,-33.9416,130            20.058903,-33.941605,130            20.05889,-33.941612,130            20.058876,-33.94162,130            20.058863,-33.941628,130            20.05885,-33.941635,130            20.058836,-33.941643,130            20.058823,-33.941654,130            20.058813,-33.94166,130            20.058802,-33.941666,130            20.058788,-33.941673,130            20.058777,-33.941677,130            20.058762,-33.94168,130            20.058746,-33.941685,130            20.058733,-33.94169,130            20.05872,-33.941692,130            20.058702,-33.9417,130            20.05869,-33.941704,130            20.058674,-33.941708,130            20.058659,-33.94171,130            20.058643,-33.941715,130            20.058626,-33.941723,130            20.05861,-33.941723,130            20.058596,-33.941727,130            20.05858,-33.94173,130            20.058565,-33.94173,130            20.058552,-33.94174,130            20.058537,-33.941742,130            20.058521,-33.941746,130            20.058508,-33.941753,130            20.058496,-33.941753,130            20.058485,-33.941757,130            20.058474,-33.941753,130            20.05846,-33.941757,130            20.058445,-33.94176,130            20.058432,-33.94177,130            20.058418,-33.941772,130            20.058407,-33.941776,130            20.058395,-33.941776,130            20.058388,-33.94178,130            20.05838,-33.94178,130            20.058372,-33.941784,130            20.05836,-33.941784,130            20.058361,-33.94178,130            20.058357,-33.94178,130            20.058352,-33.94178,130            20.058342,-33.94178,130            20.058327,-33.94178,130            20.05831,-33.941776,130            20.05829,-33.941776,130            20.058271,-33.941776,130            20.058249,-33.941772,130            20.058228,-33.941772,130            20.058208,-33.941772,130            20.05819,-33.94177,130            20.058172,-33.94177,129            20.058155,-33.941765,129            20.05814,-33.94176,129            20.058123,-33.941753,129            20.058104,-33.941746,129            20.058088,-33.941742,129            20.05807,-33.941734,129            20.05805,-33.94173,129            20.058031,-33.941727,129            20.058014,-33.941727,129            20.057997,-33.941723,129            20.057983,-33.941723,129            20.057972,-33.941723,129            20.057957,-33.94172,129            20.05794,-33.941715,129            20.057924,-33.94171,129            20.057909,-33.941708,129            20.05789,-33.9417,129            20.057875,-33.941692,129            20.057861,-33.94169,129            20.057848,-33.941685,129            20.057835,-33.941685,129            20.057821,-33.941677,129            20.057808,-33.941673,129            20.057793,-33.941666,129            20.057777,-33.94166,129            20.057758,-33.941654,129            20.057741,-33.94165,129            20.057726,-33.941647,129            20.05771,-33.941643,129            20.057695,-33.94164,129            20.05768,-33.941635,129            20.057665,-33.94163,129            20.057652,-33.941624,129            20.057636,-33.94162,129            20.057621,-33.941616,129            20.057608,-33.941612,129            20.057592,-33.94161,129            20.057575,-33.941605,129            20.057562,-33.941605,129            20.057547,-33.941597,129            20.057531,-33.941593,129            20.057516,-33.94159,129            20.057499,-33.94158,129            20.057486,-33.94158,129            20.05747,-33.941578,129            20.057455,-33.941574,129            20.05744,-33.941574,129            20.057425,-33.941566,129            20.05741,-33.941566,129            20.057396,-33.94156,129            20.05738,-33.941555,129            20.057364,-33.94155,130            20.057348,-33.941547,130            20.057333,-33.941544,130            20.057318,-33.94154,130            20.0573,-33.941536,130            20.057283,-33.941532,130            20.057268,-33.94153,130            20.05725,-33.94152,130            20.057232,-33.941517,130            20.057215,-33.941513,130            20.057198,-33.94151,130            20.057182,-33.941505,130            20.057169,-33.9415,130            20.057156,-33.941498,130            20.057142,-33.941498,130            20.057127,-33.941494,130            20.057112,-33.94149,130            20.057096,-33.941483,130            20.057081,-33.94148,130            20.057066,-33.941475,130            20.057053,-33.941467,130            20.057037,-33.941467,130            20.057024,-33.941467,130            20.057013,-33.941467,130            20.057,-33.941467,130            20.056986,-33.941467,130            20.05697,-33.941463,130            20.056957,-33.94146,130            20.056944,-33.941452,130            20.056929,-33.941452,130            20.056913,-33.941452,130            20.0569,-33.94145,130            20.056889,-33.94145,130            20.056877,-33.941444,130            20.056866,-33.941444,130            20.056858,-33.94144,130            20.05685,-33.941437,130            20.056843,-33.941437,130            20.056839,-33.941437,130            20.056822,-33.941425,130            20.05682,-33.941425,130            20.056816,-33.94143,130            20.056808,-33.94143,130            20.0568,-33.94143,130            20.056791,-33.94143,130            20.05678,-33.94143,130            20.056768,-33.94143,130            20.056755,-33.94143,130            20.056742,-33.94143,130            20.056728,-33.941433,130            20.056715,-33.941433,130            20.0567,-33.941437,130            20.056686,-33.941437,130            20.056673,-33.941437,130            20.056664,-33.941437,130            20.056643,-33.941437,130            20.05664,-33.941437,130            20.056635,-33.941437,130            20.056627,-33.941444,130            20.056616,-33.94145,130            20.056604,-33.941456,130            20.056597,-33.941463,130            20.056593,-33.941475,130            20.05659,-33.941483,130            20.056585,-33.941494,130            20.056587,-33.941505,130            20.05659,-33.941513,130            20.056595,-33.941525,130            20.056599,-33.941536,130            20.056604,-33.941547,130            20.056614,-33.94156,130            20.056622,-33.941574,130            20.056627,-33.94159,129            20.056631,-33.94161,129            20.056635,-33.941624,129            20.056637,-33.94164,129            20.05664,-33.941647,128            20.056643,-33.94166,128            20.056644,-33.941673,128            20.056648,-33.941685,128            20.05665,-33.941696,128            20.056652,-33.941708,127            20.05666,-33.941723,127            20.056665,-33.941734,127            20.056671,-33.941746,127            20.056673,-33.941757,127            20.056677,-33.94177,126            20.056679,-33.94178,126            20.056683,-33.94179,126            20.056683,-33.9418,126            20.056684,-33.94181,126            20.056686,-33.941826,126            20.056688,-33.941833,125            20.056692,-33.941845,125            20.056696,-33.941856,125            20.0567,-33.941868,125            20.056704,-33.94188,125            20.056707,-33.941895,125            20.056707,-33.941906,124            20.056711,-33.941917,124            20.05671,-33.941933,124            20.05671,-33.941948,124            20.056707,-33.94196,124            20.056707,-33.94197,124            20.05671,-33.941986,124            20.056711,-33.941998,124            20.056715,-33.942013,124            20.056715,-33.942028,124            20.056719,-33.942043,124            20.056719,-33.942055,124            20.056719,-33.94207,124            20.056719,-33.94208,124            20.056719,-33.942097,124            20.056719,-33.942104,124            20.056719,-33.94212,123            20.056719,-33.94213,123            20.05672,-33.942142,123            20.05672,-33.942154,123            20.05672,-33.942165,123            20.056723,-33.942177,123            20.056725,-33.94219,123            20.056726,-33.942204,123            20.056726,-33.942215,123            20.05673,-33.94223,123            20.056732,-33.94224,123            20.056734,-33.942257,123            20.056738,-33.942272,122            20.056738,-33.942287,122            20.056734,-33.9423,122            20.05673,-33.942314,122            20.056726,-33.942326,122            20.056719,-33.942333,122            20.056713,-33.942337,122            20.056707,-33.942345,122            20.056704,-33.942345,122            20.0567,-33.94235,122            20.056694,-33.94235,122            20.056688,-33.942352,122            20.056686,-33.942352,122            20.056683,-33.942352,122            20.056677,-33.942352,122            20.056671,-33.942356,122            20.056662,-33.94236,122            20.05665,-33.94236,122            20.056639,-33.94236,122            20.056625,-33.942364,122            20.056614,-33.942364,122            20.056599,-33.942368,122            20.056581,-33.942368,122            20.056562,-33.942368,122            20.056547,-33.942368,122            20.056528,-33.942368,122            20.056509,-33.94237,122            20.05649,-33.94237,122            20.05647,-33.942375,122            20.056452,-33.94238,122            20.05643,-33.942383,122            20.056414,-33.942383,122            20.056395,-33.94239,122            20.056376,-33.94239,122            20.056356,-33.942394,122            20.056337,-33.942398,122            20.05632,-33.9424,122            20.056305,-33.942406,122            20.05629,-33.94241,122            20.056278,-33.94241,122            20.056263,-33.942413,122            20.056248,-33.942417,122            20.05623,-33.94242,122            20.056215,-33.942425,122            20.0562,-33.94243,122            20.056183,-33.942432,122            20.056166,-33.942432,122            20.05615,-33.942436,122            20.056131,-33.94244,122            20.056112,-33.94244,122            20.056091,-33.942448,122            20.056072,-33.942448,122            20.056053,-33.94245,122            20.056036,-33.942455,122            20.056017,-33.94246,122            20.056,-33.942463,122            20.055983,-33.942467,122            20.055965,-33.94247,122            20.055948,-33.94247,122            20.055931,-33.94248,122            20.055914,-33.94248,122            20.055899,-33.942482,122            20.055885,-33.942486,122            20.055874,-33.942486,122            20.055862,-33.94249,122            20.055851,-33.94249,122            20.055843,-33.942493,122            20.055832,-33.942493,122            20.05582,-33.942497,122            20.055805,-33.942497,122            20.05579,-33.9425,122            20.055773,-33.9425,122            20.055754,-33.9425,122            20.055735,-33.9425,122            20.055717,-33.942505,122            20.055698,-33.942505,122            20.05568,-33.942505,122            20.05566,-33.94251,122            20.055641,-33.94251,122            20.055622,-33.94251,122            20.055603,-33.942513,122            20.055586,-33.942516,122            20.055569,-33.942516,122            20.055552,-33.94252,122            20.055532,-33.94252,122            20.055515,-33.942516,122            20.055496,-33.942516,122            20.055481,-33.942516,122            20.055466,-33.942516,122            20.055449,-33.942516,122            20.055431,-33.942516,122            20.055414,-33.942516,122            20.055397,-33.942516,122            20.05538,-33.94252,122            20.055365,-33.942524,122            20.05535,-33.942528,122            20.055334,-33.94253,122            20.055319,-33.942535,122            20.055302,-33.94254,122            20.055286,-33.942543,122            20.055271,-33.942547,122            20.055256,-33.942547,122            20.05524,-33.942547,122            20.055225,-33.942547,122            20.055208,-33.942547,122            20.055191,-33.942547,122            20.055172,-33.942547,122            20.055155,-33.942547,122            20.055136,-33.942547,122            20.055119,-33.94255,122            20.0551,-33.942554,122            20.055079,-33.942554,122            20.05506,-33.94256,122            20.05504,-33.942562,122            20.055025,-33.942562,122            20.055006,-33.942566,122            20.05499,-33.94257,122            20.054974,-33.94257,122            20.054958,-33.94257,122            20.054941,-33.94257,122            20.054924,-33.942574,122            20.054909,-33.942577,122            20.05489,-33.942577,122            20.05487,-33.942585,122            20.054853,-33.94259,122            20.054834,-33.942593,122            20.054815,-33.942596,122            20.054796,-33.942596,122            20.054777,-33.9426,122            20.05476,-33.942604,122            20.05474,-33.942604,122            20.054722,-33.942604,122            20.054703,-33.942604,122            20.054686,-33.942604,122            20.054668,-33.9426,122            20.054651,-33.942604,122            20.054636,-33.942604,122            20.054623,-33.942604,122            20.054605,-33.942604,122            20.05459,-33.942608,122            20.054575,-33.94261,122            20.054558,-33.94261,122            20.054543,-33.942616,122            20.054523,-33.94262,122            20.054504,-33.942623,122            20.054485,-33.942627,122            20.054466,-33.942627,122            20.054447,-33.94263,122            20.054426,-33.942635,122            20.054407,-33.94264,122            20.054386,-33.942642,122            20.054367,-33.942642,122            20.05435,-33.942646,122            20.05433,-33.942646,122            20.054312,-33.942646,122            20.054295,-33.942646,122            20.054276,-33.942646,122            20.054258,-33.94265,122            20.054241,-33.94265,122            20.054224,-33.94265,122            20.05421,-33.94265,122            20.054195,-33.942654,122            20.05418,-33.942657,122            20.054165,-33.942657,122            20.054153,-33.942657,122            20.054138,-33.94266,122            20.054123,-33.942665,122            20.05411,-33.942665,122            20.054092,-33.942665,122            20.054075,-33.94267,122            20.054058,-33.942673,122            20.05404,-33.942673,122            20.054028,-33.942673,122            20.054012,-33.942673,122            20.053999,-33.942677,122            20.053982,-33.94268,122            20.053967,-33.94268,122            20.053947,-33.94268,122            20.053928,-33.94268,122            20.053911,-33.94268,122            20.053894,-33.94268,122            20.053877,-33.94268,122            20.053862,-33.94268,122            20.053848,-33.94268,122            20.053833,-33.942684,122            20.05382,-33.942688,122            20.053804,-33.942688,122            20.053793,-33.94269,122            20.05378,-33.94269,122            20.053764,-33.942696,122            20.053753,-33.942696,122            20.053741,-33.9427,122            20.053726,-33.942703,122            20.053715,-33.942703,122            20.0537,-33.942707,122            20.053684,-33.94271,122            20.053669,-33.94271,122            20.053656,-33.94271,122            20.053642,-33.942715,122            20.053629,-33.94272,123            20.05362,-33.94272,123            20.053608,-33.942722,123            20.053596,-33.942726,123            20.053585,-33.942726,123            20.053572,-33.942726,123            20.05356,-33.942726,123            20.05355,-33.94272,123            20.05354,-33.94271,123            20.053532,-33.942703,123            20.053522,-33.942696,123            20.053514,-33.942684,123            20.053509,-33.942677,123            20.053503,-33.942665,123            20.053497,-33.942654,123            20.053492,-33.942642,123            20.053488,-33.94263,123            20.053484,-33.94262,123            20.05348,-33.942604,123            20.053474,-33.94259,123            20.053469,-33.942577,124            20.053465,-33.942562,124            20.053463,-33.942554,124            20.053463,-33.94254,124            20.053463,-33.94253,124            20.053465,-33.94252,124            20.053461,-33.94251,124            20.053461,-33.942493,124            20.05346,-33.942486,124            20.053457,-33.942474,124            20.053457,-33.942463,124            20.053455,-33.94245,124            20.053453,-33.94244,124            20.05345,-33.94243,124            20.053446,-33.942417,124            20.053442,-33.942406,124            20.053438,-33.94239,124            20.053436,-33.942383,124            20.05343,-33.942375,124            20.053427,-33.942364,124            20.053423,-33.942352,124            20.05342,-33.942345,124            20.053415,-33.942333,124            20.053411,-33.94232,124            20.05341,-33.942314,124            20.053408,-33.942307,124            20.053404,-33.9423,124            20.053402,-33.942295,124            20.053398,-33.94229,124            20.053389,-33.94228,124            20.053387,-33.94228,124            20.053387,-33.942284,124            20.053385,-33.94229,124            20.053383,-33.94229,124          </coordinates></LineString></Placemark><Placemark><name>Finish</name><styleUrl>#icon-1899-FF5252-nodesc</styleUrl><Point><coordinates>            20.053383,-33.94229,124          </coordinates></Point></Placemark><Placemark><name>Start</name><styleUrl>#icon-1899-0F9D58-nodesc</styleUrl><Point><coordinates>            20.0514,-33.94289,116          </coordinates></Point></Placemark></Folder></Document></kml>