<?xml version="1.0" encoding="UTF-8"?><kml xmlns="http://www.opengis.net/kml/2.2"><Document><name>Windhoek parkrun</name><description/><Style id="icon-1899-0F9D58-nodesc-normal"><IconStyle><color>ff589d0f</color><scale>1</scale><Icon><href>https://www.gstatic.com/mapspro/images/stock/503-wht-blank_maps.png</href></Icon><hotSpot x="32" xunits="pixels" y="64" yunits="insetPixels"/></IconStyle><LabelStyle><scale>0</scale></LabelStyle><BalloonStyle><text><![CDATA[<h3>$[name]</h3>]]></text></BalloonStyle></Style><Style id="icon-1899-0F9D58-nodesc-highlight"><IconStyle><color>ff589d0f</color><scale>1</scale><Icon><href>https://www.gstatic.com/mapspro/images/stock/503-wht-blank_maps.png</href></Icon><hotSpot x="32" xunits="pixels" y="64" yunits="insetPixels"/></IconStyle><LabelStyle><scale>1</scale></LabelStyle><BalloonStyle><text><![CDATA[<h3>$[name]</h3>]]></text></BalloonStyle></Style><StyleMap id="icon-1899-0F9D58-nodesc"><Pair><key>normal</key><styleUrl>#icon-1899-0F9D58-nodesc-normal</styleUrl></Pair><Pair><key>highlight</key><styleUrl>#icon-1899-0F9D58-nodesc-highlight</styleUrl></Pair></StyleMap><Style id="icon-1899-FF5252-nodesc-normal"><IconStyle><color>ff5252ff</color><scale>1</scale><Icon><href>https://www.gstatic.com/mapspro/images/stock/503-wht-blank_maps.png</href></Icon><hotSpot x="32" xunits="pixels" y="64" yunits="insetPixels"/></IconStyle><LabelStyle><scale>0</scale></LabelStyle><BalloonStyle><text><![CDATA[<h3>$[name]</h3>]]></text></BalloonStyle></Style><Style id="icon-1899-FF5252-nodesc-highlight"><IconStyle><color>ff5252ff</color><scale>1</scale><Icon><href>https://www.gstatic.com/mapspro/images/stock/503-wht-blank_maps.png</href></Icon><hotSpot x="32" xunits="pixels" y="64" yunits="insetPixels"/></IconStyle><LabelStyle><scale>1</scale></LabelStyle><BalloonStyle><text><![CDATA[<h3>$[name]</h3>]]></text></BalloonStyle></Style><StyleMap id="icon-1899-FF5252-nodesc"><Pair><key>normal</key><styleUrl>#icon-1899-FF5252-nodesc-normal</styleUrl></Pair><Pair><key>highlight</key><styleUrl>#icon-1899-FF5252-nodesc-highlight</styleUrl></Pair></StyleMap><Style id="line-0288D1-5000-nodesc-normal"><LineStyle><color>ffd18802</color><width>5</width></LineStyle><BalloonStyle><text><![CDATA[<h3>$[name]</h3>]]></text></BalloonStyle></Style><Style id="line-0288D1-5000-nodesc-highlight"><LineStyle><color>ffd18802</color><width>7.5</width></LineStyle><BalloonStyle><text><![CDATA[<h3>$[name]</h3>]]></text></BalloonStyle></Style><StyleMap id="line-0288D1-5000-nodesc"><Pair><key>normal</key><styleUrl>#line-0288D1-5000-nodesc-normal</styleUrl></Pair><Pair><key>highlight</key><styleUrl>#line-0288D1-5000-nodesc-highlight</styleUrl></Pair></StyleMap><Folder><name>Untitled layer</name><Placemark><name>Course</name><styleUrl>#line-0288D1-5000-nodesc</styleUrl><LineString><tessellate>1</tessellate><coordinates>            17.075465,-22.618045,1707            17.075475,-22.618045,1707            17.075486,-22.618042,1707            17.075496,-22.618036,1707            17.075508,-22.618032,1707            17.075522,-22.618027,1706.8            17.075536,-22.618023,1706.8            17.07555,-22.618021,1706.8            17.075565,-22.618022,1706.8            17.07558,-22.618023,1706.8            17.075593,-22.618023,1706.8            17.075606,-22.618022,1706.8            17.075618,-22.618019,1706.8            17.075629,-22.618014,1706.8            17.07564,-22.618008,1706.8            17.075653,-22.618003,1706.8            17.075666,-22.618,1706.6            17.075679,-22.617996,1706.6            17.075691,-22.617991,1706.6            17.075704,-22.617987,1706.6            17.075718,-22.617984,1706.6            17.075733,-22.617979,1706.6            17.075746,-22.617977,1706.6            17.07576,-22.617977,1706.6            17.075774,-22.617977,1706.6            17.075787,-22.617977,1706.4            17.075803,-22.617974,1706.4            17.075818,-22.617972,1706.4            17.075832,-22.61797,1706.2            17.075847,-22.617968,1706.2            17.075861,-22.617964,1706.2            17.075873,-22.61796,1706.2            17.075887,-22.617956,1706            17.075902,-22.617954,1706            17.075915,-22.617954,1706            17.075928,-22.617955,1706            17.075942,-22.617955,1705.8            17.075957,-22.617955,1705.8            17.07597,-22.617955,1705.8            17.075983,-22.617955,1705.8            17.075996,-22.617958,1705.6            17.076011,-22.617961,1705.6            17.076027,-22.617964,1705.6            17.076037,-22.617967,1705.6            17.076048,-22.617971,1705.6            17.076061,-22.617976,1705.4            17.076073,-22.61798,1705.4            17.076086,-22.617983,1705.4            17.0761,-22.617985,1705.4            17.076114,-22.617986,1705.2            17.076126,-22.617986,1705.2            17.076138,-22.61799,1705.2            17.076149,-22.617993,1705.4            17.076162,-22.617998,1705.4            17.076175,-22.618005,1705.4            17.076185,-22.618009,1705.4            17.076199,-22.618015,1705.4            17.076211,-22.618024,1705.6            17.076222,-22.618032,1705.6            17.076233,-22.618038,1705.6            17.076247,-22.618042,1705.8            17.076262,-22.618045,1705.8            17.076274,-22.618051,1705.8            17.076288,-22.618056,1705.8            17.076304,-22.618059,1705.8            17.076316,-22.618066,1706            17.076331,-22.618072,1706            17.076346,-22.618078,1706            17.076359,-22.618084,1706.2            17.07637,-22.61809,1706.2            17.076384,-22.618095,1706.2            17.076399,-22.618101,1706.2            17.076412,-22.618107,1706.4            17.076427,-22.618111,1706.4            17.076439,-22.618115,1706.4            17.076452,-22.618116,1706.4            17.076466,-22.618118,1706.4            17.076478,-22.618119,1706.4            17.076492,-22.618118,1706.4            17.076505,-22.618118,1706.4            17.076518,-22.618115,1706.4            17.076531,-22.618111,1706.4            17.076544,-22.618105,1706.4            17.076556,-22.618099,1706.4            17.076569,-22.618094,1706.4            17.076584,-22.618088,1706.4            17.076597,-22.618083,1706.4            17.076611,-22.618079,1706.4            17.076622,-22.618076,1706.4            17.076633,-22.618071,1706.4            17.076645,-22.618064,1706.4            17.076656,-22.618058,1706.4            17.076668,-22.61805,1706.4            17.07668,-22.618043,1706.4            17.076695,-22.618037,1706.4            17.07671,-22.618035,1706.4            17.076725,-22.618034,1706.6            17.076739,-22.618031,1706.6            17.076749,-22.618029,1706.6            17.076759,-22.618028,1706.6            17.076767,-22.618028,1706.6            17.076777,-22.618028,1706.8            17.076791,-22.618028,1706.8            17.076805,-22.61803,1706.8            17.076821,-22.61803,1706.8            17.076833,-22.618033,1707            17.076845,-22.618035,1707            17.07686,-22.618036,1707            17.076875,-22.618037,1707.2            17.076889,-22.618039,1707.2            17.076903,-22.618038,1707.2            17.076917,-22.61804,1707.2            17.076931,-22.618042,1707.2            17.076945,-22.618044,1707.2            17.076957,-22.618045,1707.2            17.076971,-22.618045,1707.2            17.076983,-22.618044,1707.2            17.076997,-22.618043,1707.2            17.077011,-22.61804,1707.2            17.077022,-22.61804,1707.2            17.077036,-22.618039,1707.2            17.07705,-22.618038,1707.2            17.077061,-22.618036,1707.2            17.077074,-22.618034,1707.2            17.077089,-22.618033,1707.2            17.077105,-22.618033,1707.2            17.077118,-22.618032,1707.2            17.077132,-22.618031,1707.2            17.077146,-22.618028,1707.2            17.077164,-22.618026,1707.2            17.077178,-22.618023,1707.2            17.077193,-22.618022,1707.2            17.077208,-22.61802,1707.2            17.077225,-22.618019,1707.2            17.07724,-22.618019,1707.2            17.077256,-22.618018,1707.2            17.077272,-22.618014,1707.2            17.077288,-22.618012,1707.2            17.077304,-22.618009,1707.2            17.077319,-22.618009,1707.2            17.077334,-22.61801,1707.2            17.077349,-22.618008,1707.2            17.077365,-22.618007,1707.2            17.077381,-22.618009,1707.2            17.077395,-22.618013,1707.2            17.07741,-22.618016,1707.2            17.077423,-22.618019,1707.2            17.077435,-22.618024,1707.2            17.077448,-22.618027,1707.2            17.077461,-22.618031,1707.2            17.077473,-22.618033,1707.2            17.077486,-22.618035,1707.4            17.0775,-22.618037,1707.4            17.077515,-22.618038,1707.4            17.077531,-22.618037,1707.4            17.077546,-22.618036,1707.4            17.07756,-22.618034,1707.4            17.077574,-22.618033,1707.4            17.077587,-22.618034,1707.4            17.077602,-22.618037,1707.4            17.077618,-22.618036,1707.4            17.077634,-22.618037,1707.4            17.077649,-22.618036,1707.6            17.077664,-22.618037,1707.6            17.077678,-22.618038,1707.6            17.077692,-22.61804,1707.6            17.077708,-22.61804,1707.6            17.077724,-22.618039,1707.6            17.077741,-22.618041,1707.6            17.077758,-22.618041,1707.6            17.077773,-22.61804,1707.6            17.077787,-22.618039,1707.6            17.077801,-22.618039,1707.6            17.077813,-22.618039,1707.6            17.077824,-22.618039,1707.6            17.077837,-22.61804,1707.6            17.077851,-22.61804,1707.6            17.077864,-22.618041,1707.6            17.077876,-22.618042,1707.6            17.077888,-22.618043,1707.6            17.0779,-22.618043,1707.6            17.077912,-22.618043,1707.6            17.077926,-22.618044,1707.6            17.077939,-22.618044,1707.6            17.077953,-22.618042,1707.6            17.077968,-22.61804,1707.6            17.077985,-22.618036,1707.6            17.077999,-22.618032,1707.6            17.078013,-22.61803,1707.6            17.078026,-22.618028,1707.6            17.07804,-22.618025,1707.6            17.078053,-22.618022,1707.6            17.078068,-22.61802,1707.6            17.078084,-22.618017,1707.6            17.078098,-22.618014,1707.6            17.078112,-22.618011,1707.6            17.078127,-22.618007,1707.6            17.07814,-22.618001,1707.6            17.078155,-22.617997,1707.6            17.078169,-22.617993,1707.6            17.078181,-22.617991,1707.6            17.078193,-22.617988,1707.6            17.078204,-22.617986,1707.6            17.078216,-22.617983,1707.6            17.078229,-22.61798,1707.6            17.078241,-22.61798,1707.6            17.078252,-22.61798,1707.6            17.078265,-22.61798,1707.6            17.078281,-22.61798,1707.6            17.078297,-22.61798,1707.6            17.07831,-22.617979,1707.6            17.078323,-22.61798,1707.6            17.078336,-22.61798,1707.6            17.078348,-22.617979,1707.6            17.078359,-22.617978,1707.6            17.078368,-22.617977,1707.6            17.078382,-22.617974,1707.6            17.078396,-22.617972,1707.6            17.078408,-22.61797,1707.6            17.078424,-22.617966,1707.6            17.078438,-22.617964,1707.6            17.078453,-22.617961,1707.6            17.078468,-22.617956,1707.6            17.078482,-22.617952,1707.6            17.078496,-22.617949,1707.6            17.078512,-22.617945,1707.6            17.078531,-22.617941,1707.6            17.078548,-22.61794,1707.6            17.078563,-22.617939,1707.6            17.078577,-22.617936,1707.4            17.078592,-22.617933,1707.4            17.078607,-22.617931,1707.4            17.078622,-22.61793,1707.4            17.078638,-22.61793,1707.4            17.078654,-22.617927,1707.4            17.07867,-22.617924,1707.4            17.078683,-22.617923,1707.4            17.078695,-22.617922,1707.4            17.07871,-22.617922,1707.4            17.078726,-22.617921,1707.4            17.078741,-22.617921,1707.4            17.078754,-22.61792,1707.4            17.078767,-22.617916,1707.4            17.078779,-22.617911,1707.4            17.078792,-22.617903,1707.4            17.078805,-22.617892,1707.4            17.078816,-22.617881,1707.4            17.078827,-22.617872,1707.4            17.078839,-22.617862,1707.4            17.078848,-22.617853,1707.4            17.078856,-22.617846,1707.4            17.078864,-22.617837,1707.4            17.078872,-22.617827,1707.4            17.078882,-22.617817,1707.4            17.078894,-22.617809,1707.4            17.078905,-22.617801,1707.4            17.078917,-22.617792,1707.4            17.07893,-22.617782,1707.4            17.078943,-22.617775,1707.4            17.078956,-22.617767,1707.2            17.07897,-22.617757,1707.2            17.078984,-22.617752,1707.2            17.079001,-22.617748,1707.2            17.079016,-22.617745,1707.2            17.07903,-22.617744,1707.2            17.079045,-22.617742,1707.2            17.07906,-22.617741,1707.2            17.079074,-22.61774,1707.2            17.079089,-22.617739,1707.2            17.079104,-22.617739,1707.2            17.079117,-22.61774,1707.4            17.079129,-22.617743,1707.4            17.079141,-22.617746,1707.4            17.079155,-22.617744,1707.4            17.079167,-22.617744,1707.4            17.079181,-22.617744,1707.4            17.079193,-22.617745,1707.6            17.079206,-22.617744,1707.6            17.07922,-22.617743,1707.6            17.079234,-22.617741,1707.6            17.079247,-22.61774,1707.6            17.079261,-22.617739,1707.6            17.079275,-22.617739,1707.6            17.07929,-22.61774,1707.8            17.079303,-22.617739,1707.8            17.079317,-22.617738,1707.8            17.07933,-22.617738,1707.8            17.079343,-22.617737,1707.8            17.079358,-22.617736,1707.8            17.079372,-22.617735,1708            17.079385,-22.617733,1708            17.0794,-22.617731,1708            17.079416,-22.617728,1708            17.07943,-22.617725,1708            17.079443,-22.617719,1708            17.079455,-22.617712,1708            17.079464,-22.617704,1708.2            17.079473,-22.617695,1708.2            17.079479,-22.617685,1708.2            17.079487,-22.617674,1708.2            17.079496,-22.617662,1708.2            17.079503,-22.617649,1708.2            17.079508,-22.617636,1708.2            17.079513,-22.617624,1708.2            17.079515,-22.617613,1708.2            17.079517,-22.6176,1708.2            17.079518,-22.617589,1708            17.07952,-22.617578,1708            17.079521,-22.617565,1708            17.079521,-22.617552,1708            17.079518,-22.617538,1708            17.079515,-22.617524,1708            17.079512,-22.61751,1708            17.079509,-22.617496,1707.8            17.079508,-22.617483,1707.8            17.079506,-22.617468,1707.8            17.079506,-22.617454,1707.6            17.079505,-22.617439,1707.6            17.079505,-22.617426,1707.6            17.079504,-22.617412,1707.4            17.079506,-22.617399,1707.4            17.079508,-22.617385,1707.4            17.079508,-22.617371,1707.2            17.079508,-22.617357,1707.2            17.07951,-22.617344,1707.2            17.079513,-22.61733,1707            17.079516,-22.617317,1707            17.079519,-22.617304,1707            17.079522,-22.617292,1707            17.079528,-22.617281,1706.8            17.079534,-22.617271,1706.8            17.07954,-22.617259,1706.8            17.079544,-22.617247,1706.8            17.079549,-22.617232,1706.8            17.079554,-22.61722,1706.6            17.07956,-22.617208,1706.6            17.079568,-22.617197,1706.6            17.079578,-22.617186,1706.6            17.079592,-22.61718,1706.6            17.079603,-22.617177,1706.6            17.079617,-22.617174,1706.6            17.079632,-22.617172,1706.6            17.079645,-22.61717,1706.6            17.079658,-22.617171,1706.6            17.07967,-22.617172,1706.8            17.07968,-22.617175,1706.8            17.079691,-22.617179,1706.8            17.079706,-22.617182,1706.8            17.079718,-22.617186,1706.8            17.07973,-22.617192,1707            17.079742,-22.617196,1707            17.079756,-22.6172,1707            17.07977,-22.617202,1707            17.079783,-22.617204,1707.2            17.079796,-22.617206,1707.2            17.07981,-22.617207,1707.2            17.079824,-22.617211,1707.2            17.079836,-22.617212,1707.2            17.079847,-22.617212,1707.4            17.07986,-22.617211,1707.4            17.079874,-22.617208,1707.4            17.079889,-22.617204,1707.4            17.079901,-22.617202,1707.4            17.079914,-22.617199,1707.4            17.079927,-22.617195,1707.4            17.079938,-22.61719,1707.4            17.079948,-22.617184,1707.4            17.079961,-22.617175,1707.2            17.079977,-22.617168,1707            17.079992,-22.617161,1707            17.080008,-22.617157,1706.8            17.080025,-22.617151,1706.8            17.080037,-22.617145,1706.6            17.08005,-22.617143,1706.6            17.080066,-22.617139,1706.6            17.080081,-22.617134,1706.4            17.080098,-22.61713,1706.4            17.080114,-22.617128,1706.2            17.080132,-22.617126,1706.2            17.080148,-22.617123,1706            17.080165,-22.617119,1706            17.08018,-22.617117,1705.8            17.080193,-22.617117,1705.8            17.080206,-22.617118,1705.8            17.080222,-22.617115,1705.6            17.080235,-22.617115,1705.6            17.080248,-22.617117,1705.6            17.080262,-22.617118,1705.4            17.080275,-22.61712,1705.4            17.080287,-22.617121,1705.4            17.080301,-22.61712,1705.4            17.080315,-22.617118,1705.2            17.080329,-22.617117,1705.2            17.080342,-22.617116,1705.2            17.080355,-22.617114,1705            17.08037,-22.617113,1705            17.080384,-22.617111,1705            17.080397,-22.617109,1705            17.080411,-22.617107,1704.8            17.080427,-22.617105,1704.8            17.080441,-22.617102,1704.8            17.080456,-22.6171,1704.8            17.080472,-22.617098,1704.6            17.080487,-22.617096,1704.6            17.080502,-22.617095,1704.6            17.080515,-22.617095,1704.6            17.080528,-22.617097,1704.6            17.08054,-22.617098,1704.4            17.080552,-22.617098,1704.4            17.080566,-22.617098,1704.4            17.08058,-22.617097,1704.4            17.080593,-22.617096,1704.4            17.080609,-22.617094,1704.4            17.080626,-22.617092,1704.2            17.080642,-22.617091,1704.2            17.080655,-22.617091,1704.2            17.080669,-22.617092,1704.2            17.080682,-22.617093,1704.2            17.080695,-22.617093,1704            17.080708,-22.617094,1704            17.080721,-22.617094,1704            17.080734,-22.617093,1704            17.080748,-22.617094,1704            17.080762,-22.617095,1704            17.080776,-22.617096,1704            17.080791,-22.617095,1704            17.080804,-22.617092,1704            17.080816,-22.617089,1704            17.08083,-22.617087,1703.8            17.080845,-22.617085,1703.8            17.08086,-22.617083,1703.8            17.080874,-22.617083,1703.8            17.08089,-22.617081,1703.8            17.080905,-22.617079,1703.8            17.08092,-22.617076,1703.8            17.080932,-22.617071,1703.8            17.080944,-22.617066,1703.8            17.080957,-22.61706,1703.6            17.08097,-22.617055,1703.6            17.080983,-22.617049,1703.6            17.080996,-22.617043,1703.6            17.081008,-22.617036,1703.6            17.08102,-22.61703,1703.4            17.081033,-22.617025,1703.4            17.081047,-22.61702,1703.4            17.081061,-22.617017,1703.4            17.081076,-22.617013,1703.4            17.081092,-22.617008,1703.4            17.081106,-22.617004,1703.2            17.081121,-22.617,1703.2            17.081134,-22.616996,1703.2            17.081147,-22.616992,1703.2            17.081162,-22.616989,1703.2            17.081177,-22.616985,1703.2            17.081188,-22.61698,1703.2            17.0812,-22.616972,1703            17.081211,-22.616964,1703            17.081223,-22.616957,1703            17.081235,-22.616951,1703            17.081247,-22.616945,1702.8            17.08126,-22.616938,1702.8            17.081275,-22.616931,1702.8            17.08129,-22.616923,1702.8            17.081304,-22.616916,1702.6            17.081318,-22.61691,1702.6            17.081332,-22.616905,1702.6            17.081346,-22.616899,1702.6            17.08136,-22.616894,1702.4            17.081374,-22.616888,1702.4            17.081388,-22.616883,1702.4            17.0814,-22.61688,1702.4            17.081414,-22.616875,1702.4            17.081429,-22.616868,1702.4            17.081443,-22.616863,1702.2            17.081456,-22.61686,1702.2            17.081467,-22.616859,1702.2            17.08148,-22.616858,1702.2            17.081494,-22.616856,1702.2            17.081507,-22.616854,1702.2            17.08152,-22.616851,1702.2            17.081532,-22.616849,1702.2            17.081546,-22.616847,1702.2            17.081559,-22.616845,1702.2            17.081572,-22.616843,1702.2            17.081587,-22.616839,1702.2            17.081602,-22.616832,1702            17.081617,-22.616829,1702.2            17.081632,-22.616825,1702.2            17.081645,-22.616823,1702.2            17.081658,-22.616824,1702.2            17.081672,-22.616827,1702.4            17.081686,-22.61683,1702.4            17.081701,-22.61683,1702.6            17.081715,-22.616831,1702.6            17.08173,-22.61683,1702.6            17.081746,-22.616829,1702.8            17.081761,-22.61683,1702.8            17.081774,-22.61683,1702.8            17.08179,-22.616828,1703            17.081805,-22.616828,1703            17.081819,-22.616829,1703            17.081833,-22.616825,1703.2            17.081847,-22.61682,1703.2            17.081862,-22.616816,1703.2            17.081877,-22.616814,1703.2            17.08189,-22.616815,1703.4            17.081903,-22.616816,1703.4            17.081918,-22.616816,1703.4            17.081933,-22.616815,1703.6            17.081952,-22.616809,1703.6            17.081968,-22.616807,1703.6            17.081983,-22.616803,1703.6            17.081999,-22.616802,1703.8            17.082014,-22.616802,1703.8            17.082028,-22.616803,1704            17.082041,-22.616804,1704            17.082055,-22.616802,1704            17.08207,-22.616803,1704.2            17.082084,-22.616802,1704.2            17.082098,-22.616802,1704.2            17.082112,-22.6168,1704.2            17.082124,-22.616802,1704.4            17.08214,-22.616801,1704.4            17.082158,-22.616799,1704.6            17.082174,-22.616798,1704.6            17.082189,-22.616798,1704.6            17.082204,-22.616798,1704.8            17.082217,-22.616798,1704.8            17.082228,-22.6168,1704.8            17.082237,-22.616801,1704.8            17.082242,-22.616804,1705            17.082255,-22.616805,1705            17.082267,-22.616806,1705            17.082281,-22.616804,1705.2            17.082295,-22.616803,1705.2            17.082308,-22.616801,1705.2            17.082324,-22.6168,1705.2            17.082338,-22.616795,1705.2            17.082352,-22.616789,1705.2            17.082366,-22.616787,1705.2            17.082382,-22.616783,1705.2            17.082396,-22.616779,1705.2            17.082411,-22.616774,1705.2            17.082426,-22.616772,1705.2            17.082439,-22.616772,1705.2            17.082453,-22.61677,1705.2            17.082467,-22.616768,1705.2            17.082482,-22.616765,1705.2            17.082495,-22.616761,1705.2            17.082509,-22.61675,1705.2            17.082519,-22.616741,1705.2            17.082531,-22.616731,1705.2            17.082544,-22.616726,1705.4            17.082559,-22.616724,1705.4            17.082575,-22.616724,1705.4            17.082591,-22.61672,1705.4            17.082608,-22.616716,1705.4            17.082621,-22.616712,1705.4            17.082635,-22.61671,1705.6            17.082651,-22.616708,1705.6            17.082664,-22.616705,1705.6            17.082677,-22.616701,1705.6            17.08269,-22.616696,1705.6            17.082704,-22.616693,1705.6            17.082718,-22.61669,1705.6            17.082731,-22.616687,1705.8            17.082744,-22.616685,1705.8            17.082757,-22.616683,1705.8            17.082771,-22.616679,1705.8            17.082785,-22.616675,1705.8            17.082799,-22.616671,1706            17.082814,-22.616668,1706            17.082828,-22.616664,1706            17.082841,-22.61666,1706            17.082854,-22.616658,1706            17.082866,-22.616655,1706            17.082879,-22.616651,1706.2            17.082892,-22.616647,1706.2            17.082906,-22.616643,1706.2            17.082918,-22.616641,1706.2            17.082931,-22.616636,1706.2            17.082944,-22.616632,1706.2            17.082958,-22.616627,1706.4            17.082973,-22.616623,1706.4            17.082988,-22.61662,1706.4            17.083003,-22.616618,1706.4            17.083016,-22.616618,1706.4            17.083029,-22.616616,1706.6            17.083044,-22.616613,1706.6            17.08306,-22.61661,1706.6            17.083075,-22.616607,1706.6            17.083089,-22.616605,1706.6            17.083104,-22.616602,1706.8            17.083119,-22.6166,1706.8            17.083133,-22.616598,1706.8            17.083144,-22.616596,1706.8            17.083157,-22.616594,1706.8            17.083171,-22.616593,1706.8            17.083184,-22.616591,1707            17.083197,-22.616588,1707            17.08321,-22.616587,1707            17.083224,-22.616585,1707            17.083236,-22.616583,1707            17.083248,-22.616582,1707            17.083261,-22.616579,1707.2            17.083272,-22.616576,1707            17.083282,-22.616574,1707            17.083292,-22.616573,1707            17.083305,-22.616571,1707            17.083319,-22.616567,1706.8            17.083332,-22.616562,1706.8            17.083346,-22.616558,1706.8            17.08336,-22.616553,1706.8            17.083373,-22.616547,1706.6            17.083388,-22.616544,1706.6            17.083404,-22.616541,1706.6            17.083419,-22.616538,1706.4            17.083437,-22.616538,1706.4            17.083452,-22.616535,1706.2            17.083466,-22.61653,1706.2            17.083479,-22.616528,1706.2            17.083493,-22.616528,1706            17.083505,-22.61653,1706            17.083516,-22.61653,1706            17.083528,-22.616533,1706            17.08354,-22.616535,1705.8            17.083553,-22.616534,1705.8            17.083565,-22.616534,1705.8            17.083577,-22.616534,1705.6            17.083591,-22.616534,1705.6            17.083606,-22.616533,1705.6            17.08362,-22.616531,1705.4            17.083632,-22.61653,1705.4            17.083645,-22.616528,1705.4            17.083661,-22.616525,1705.2            17.083676,-22.616522,1705.2            17.083692,-22.61652,1705.2            17.083704,-22.616516,1705            17.08371,-22.616507,1705            17.083714,-22.616496,1705            17.083725,-22.616481,1705            17.083734,-22.616469,1705            17.083746,-22.616459,1705            17.083758,-22.616452,1705            17.08377,-22.616445,1704.8            17.083783,-22.616441,1704.8            17.083797,-22.616437,1704.8            17.083808,-22.616433,1704.6            17.083821,-22.616429,1704.6            17.083834,-22.616425,1704.6            17.083847,-22.616424,1704.6            17.08386,-22.61642,1704.4            17.083873,-22.616416,1704.4            17.083885,-22.616412,1704.4            17.083898,-22.616407,1704.2            17.083911,-22.616401,1704.2            17.083924,-22.616394,1704.2            17.083941,-22.616388,1704.2            17.083957,-22.616383,1704            17.083971,-22.616376,1704            17.083984,-22.616368,1704            17.083996,-22.616363,1703.8            17.084007,-22.616356,1703.8            17.084019,-22.616349,1703.8            17.084033,-22.616342,1703.8            17.084046,-22.616334,1703.6            17.084055,-22.616326,1703.6            17.084062,-22.616314,1703.6            17.084068,-22.6163,1703.6            17.084078,-22.616289,1703.6            17.084087,-22.616277,1703.6            17.084096,-22.616267,1703.6            17.084106,-22.616256,1703.6            17.084115,-22.616246,1703.6            17.084124,-22.616241,1703.6            17.084134,-22.616236,1703.4            17.084146,-22.61623,1703.4            17.084157,-22.616225,1703.4            17.08417,-22.616221,1703.4            17.084182,-22.616217,1703.4            17.084194,-22.616212,1703.4            17.084207,-22.616208,1703.4            17.084219,-22.616204,1703.4            17.084231,-22.6162,1703.4            17.084244,-22.616201,1703.4            17.084257,-22.616198,1703.4            17.084267,-22.6162,1703.4            17.084277,-22.616203,1703.4            17.084286,-22.616204,1703.4            17.084296,-22.616203,1703.4            17.084304,-22.6162,1703.4            17.084313,-22.616196,1703.4            17.084324,-22.616187,1703.4            17.084334,-22.616176,1703.4            17.084342,-22.616166,1703.4            17.084353,-22.616147,1703.4            17.084362,-22.616131,1703.4            17.084369,-22.616116,1703.4            17.084376,-22.616103,1703.4            17.084382,-22.61609,1703.4            17.084385,-22.616077,1703.4            17.084389,-22.616064,1703.4            17.084394,-22.616048,1703.4            17.084398,-22.616033,1703.4            17.084403,-22.61602,1703.4            17.084409,-22.616004,1703.4            17.084414,-22.615989,1703.4            17.084418,-22.615976,1703.4            17.084423,-22.615963,1703.4            17.084427,-22.615951,1703.4            17.084428,-22.615938,1703.6            17.084431,-22.615926,1703.6            17.084431,-22.615912,1703.6            17.084431,-22.615899,1703.6            17.084431,-22.615885,1703.6            17.084432,-22.615871,1703.6            17.084432,-22.615857,1703.6            17.084433,-22.615843,1703.6            17.084435,-22.615829,1703.6            17.084436,-22.615813,1703.4            17.084438,-22.6158,1703.4            17.084439,-22.615789,1703.4            17.084438,-22.615776,1703.4            17.084439,-22.615764,1703.2            17.084441,-22.615752,1703.2            17.084443,-22.615739,1703.2            17.084446,-22.615728,1703.2            17.084447,-22.615714,1703            17.08445,-22.615699,1703            17.084452,-22.615686,1703            17.084453,-22.615672,1703            17.084457,-22.615659,1702.8            17.084461,-22.615646,1702.8            17.084464,-22.615635,1702.8            17.084465,-22.615622,1702.8            17.084467,-22.615609,1702.6            17.084468,-22.615596,1702.6            17.084469,-22.615584,1702.6            17.084467,-22.615572,1702.6            17.084464,-22.61556,1702.6            17.084456,-22.615544,1702.4            17.08445,-22.615532,1702.4            17.084443,-22.615522,1702.4            17.084433,-22.615511,1702.4            17.084421,-22.615503,1702.4            17.084409,-22.615498,1702.6            17.084398,-22.615492,1702.6            17.084387,-22.615485,1702.6            17.084378,-22.615478,1702.6            17.084368,-22.61547,1702.8            17.084357,-22.615461,1702.8            17.084345,-22.615451,1702.8            17.084334,-22.615443,1702.8            17.084323,-22.615436,1703            17.084313,-22.615429,1703            17.084304,-22.615419,1703            17.084294,-22.61541,1703            17.084284,-22.6154,1703.2            17.084275,-22.61539,1703.2            17.084266,-22.615381,1703.2            17.084255,-22.615371,1703.2            17.084245,-22.615359,1703.2            17.084235,-22.615346,1703.4            17.084225,-22.615334,1703.4            17.084215,-22.615324,1703.4            17.084207,-22.615315,1703.4            17.084199,-22.615308,1703.6            17.08419,-22.615302,1703.6            17.08418,-22.615294,1703.6            17.08417,-22.615283,1703.6            17.084159,-22.615274,1703.8            17.084147,-22.615267,1703.8            17.084135,-22.615259,1703.8            17.084124,-22.615251,1703.8            17.084113,-22.615242,1704            17.084104,-22.615232,1704            17.084093,-22.615224,1704            17.084081,-22.615215,1704            17.084071,-22.615207,1704.2            17.08406,-22.615197,1704.2            17.08405,-22.61519,1704.2            17.08404,-22.615182,1704.2            17.084033,-22.615174,1704.4            17.084022,-22.615166,1704.4            17.08401,-22.615158,1704.4            17.083997,-22.615148,1704.4            17.083985,-22.615139,1704.6            17.083974,-22.61513,1704.6            17.083963,-22.615121,1704.4            17.083952,-22.615112,1704.4            17.083941,-22.615105,1704.4            17.08393,-22.615097,1704.4            17.08392,-22.61509,1704.4            17.083908,-22.615082,1704.4            17.083899,-22.615073,1704.2            17.083888,-22.615065,1704.2            17.083879,-22.615055,1704.2            17.083868,-22.615046,1704.2            17.083859,-22.615037,1704            17.083847,-22.615027,1704            17.083836,-22.615018,1704            17.083823,-22.615009,1704            17.083813,-22.615002,1704            17.083801,-22.614994,1703.8            17.08379,-22.614984,1703.8            17.083782,-22.614972,1703.8            17.08377,-22.614961,1703.8            17.083758,-22.61495,1703.6            17.083746,-22.61494,1703.6            17.083734,-22.614932,1703.6            17.083721,-22.614924,1703.6            17.083709,-22.614915,1703.6            17.083699,-22.614907,1703.4            17.083688,-22.614898,1703.4            17.083676,-22.614889,1703.4            17.083664,-22.61488,1703.4            17.083653,-22.614872,1703.2            17.083642,-22.614865,1703.2            17.08363,-22.614857,1703.2            17.083618,-22.61485,1703.2            17.083608,-22.614845,1703.2            17.083594,-22.614839,1703.2            17.08358,-22.614835,1703.2            17.083565,-22.614833,1703.2            17.083551,-22.614831,1703            17.083537,-22.614829,1703            17.083525,-22.614827,1703            17.083511,-22.614827,1703            17.083499,-22.61483,1703            17.083487,-22.614835,1703.2            17.083476,-22.614838,1703.2            17.083465,-22.614843,1703.2            17.083454,-22.614848,1703.2            17.08344,-22.614853,1703.2            17.083425,-22.614857,1703.2            17.083412,-22.614863,1703.2            17.0834,-22.614867,1703.4            17.08339,-22.614871,1703.4            17.083381,-22.614875,1703.4            17.083368,-22.614876,1703.4            17.083355,-22.614879,1703.4            17.083343,-22.614882,1703.4            17.083329,-22.614885,1703.6            17.083315,-22.614887,1703.6            17.083301,-22.614889,1703.6            17.083285,-22.614893,1703.6            17.08327,-22.614894,1703.6            17.083256,-22.614897,1703.8            17.083243,-22.6149,1703.8            17.083232,-22.614906,1703.8            17.083223,-22.61491,1703.8            17.083211,-22.614915,1703.8            17.083198,-22.614918,1703.8            17.083187,-22.614923,1703.8            17.083175,-22.614931,1703.8            17.083164,-22.61494,1703.8            17.083153,-22.61495,1703.8            17.083142,-22.614961,1703.8            17.083133,-22.614973,1703.8            17.083123,-22.61498,1704            17.083112,-22.614985,1704            17.0831,-22.614994,1704            17.083088,-22.615002,1704            17.083077,-22.615013,1704            17.083067,-22.615025,1704            17.083056,-22.615037,1704            17.083045,-22.615048,1704            17.083032,-22.615058,1704            17.083018,-22.615068,1704            17.083005,-22.615078,1704            17.082994,-22.615086,1704            17.082981,-22.615093,1704            17.082968,-22.615102,1704            17.082955,-22.615109,1704            17.082944,-22.615113,1704            17.082932,-22.615117,1704            17.082918,-22.615123,1704            17.082906,-22.615128,1704            17.082893,-22.615131,1704            17.082879,-22.615134,1704            17.082866,-22.615137,1704            17.082852,-22.61514,1704            17.082838,-22.615143,1704            17.082824,-22.615146,1704            17.082811,-22.615151,1704            17.082797,-22.615156,1704            17.082783,-22.615161,1704            17.082768,-22.615168,1704            17.082755,-22.615175,1704            17.082744,-22.615181,1704            17.08273,-22.615184,1704            17.082716,-22.615187,1704            17.082704,-22.615192,1704            17.082693,-22.615199,1704            17.08268,-22.615206,1704            17.082668,-22.615214,1704            17.082656,-22.615223,1704            17.082643,-22.61523,1704            17.08263,-22.615236,1704            17.082618,-22.615239,1704            17.082606,-22.615246,1704            17.082593,-22.615252,1704            17.082581,-22.615258,1704            17.082567,-22.615265,1704            17.082553,-22.615273,1704            17.082541,-22.615282,1704            17.08253,-22.615288,1704            17.082518,-22.615294,1704            17.082506,-22.6153,1704            17.082494,-22.615308,1704            17.082483,-22.615316,1704            17.08247,-22.615325,1704            17.082458,-22.615334,1704            17.082447,-22.615343,1704            17.082435,-22.615351,1704            17.082421,-22.61536,1704            17.082408,-22.615365,1704            17.082393,-22.615367,1704            17.082379,-22.615369,1703.8            17.082364,-22.61537,1703.8            17.08235,-22.61537,1703.8            17.082336,-22.615368,1703.8            17.082322,-22.615366,1703.8            17.082307,-22.615364,1703.8            17.082293,-22.615363,1703.6            17.082279,-22.615363,1703.6            17.082265,-22.615364,1703.6            17.082252,-22.615365,1703.6            17.082237,-22.615365,1703.6            17.082222,-22.615366,1703.4            17.082207,-22.615365,1703.4            17.082192,-22.615364,1703.4            17.082178,-22.615363,1703.4            17.082164,-22.615361,1703.4            17.082149,-22.615358,1703.4            17.082134,-22.615357,1703.2            17.08212,-22.615357,1703.2            17.082105,-22.615357,1703.2            17.08209,-22.615357,1703.2            17.082075,-22.615358,1703.2            17.082063,-22.615358,1703            17.082049,-22.615358,1703            17.082035,-22.615359,1703            17.082019,-22.615361,1702.8            17.082005,-22.615364,1702.8            17.081992,-22.615366,1702.8            17.081978,-22.615366,1702.6            17.081963,-22.615364,1702.6            17.08195,-22.615363,1702.6            17.081936,-22.615361,1702.4            17.081922,-22.615361,1702.4            17.081909,-22.615361,1702.4            17.081899,-22.615362,1702.2            17.081887,-22.615363,1702.2            17.081872,-22.615365,1702.2            17.081858,-22.615367,1702            17.081844,-22.615368,1702            17.08183,-22.615371,1702            17.081817,-22.615373,1702            17.081804,-22.615376,1701.8            17.081791,-22.615378,1701.8            17.081777,-22.61538,1701.8            17.081761,-22.615383,1701.6            17.081747,-22.615383,1701.6            17.081735,-22.615387,1701.6            17.081722,-22.61539,1701.4            17.081707,-22.615391,1701.4            17.081692,-22.615393,1701.4            17.081677,-22.615395,1701.2            17.081663,-22.615397,1701.2            17.081647,-22.615399,1701.2            17.081631,-22.615402,1701            17.081615,-22.615405,1701            17.081598,-22.615407,1701            17.081584,-22.615409,1701            17.08157,-22.615411,1701            17.081557,-22.615413,1700.8            17.081542,-22.615415,1700.8            17.081528,-22.615417,1700.8            17.081513,-22.615419,1700.8            17.0815,-22.615421,1700.8            17.081485,-22.615424,1700.8            17.081471,-22.615426,1700.8            17.081457,-22.615428,1700.8            17.081443,-22.61543,1700.8            17.081429,-22.615433,1700.8            17.081414,-22.615437,1700.8            17.081399,-22.615439,1700.8            17.081384,-22.615442,1700.8            17.081369,-22.615445,1700.8            17.081354,-22.615447,1700.8            17.081339,-22.615448,1700.8            17.081324,-22.615449,1700.8            17.08131,-22.615452,1700.6            17.081295,-22.615455,1700.6            17.081281,-22.615455,1700.6            17.081268,-22.615456,1700.6            17.081253,-22.615456,1700.6            17.081237,-22.615457,1700.6            17.081219,-22.615457,1700.6            17.081204,-22.615457,1700.6            17.08119,-22.615458,1700.6            17.081176,-22.615459,1700.6            17.081161,-22.615461,1700.6            17.081147,-22.615465,1700.6            17.081133,-22.615469,1700.6            17.08112,-22.61547,1700.6            17.081107,-22.615473,1700.6            17.081091,-22.615475,1700.6            17.081077,-22.615478,1700.6            17.081064,-22.615482,1700.6            17.081049,-22.615485,1700.6            17.081033,-22.615488,1700.6            17.081018,-22.615491,1700.6            17.081003,-22.615495,1700.8            17.080992,-22.615498,1700.8            17.080987,-22.615497,1700.8            17.080979,-22.615499,1700.8            17.080972,-22.615506,1700.8            17.080954,-22.615505,1700.8            17.080939,-22.615509,1700.8            17.080925,-22.61551,1700.8            17.080911,-22.615511,1700.8            17.080896,-22.615511,1700.8            17.080879,-22.615513,1700.8            17.080864,-22.615516,1700.8            17.08085,-22.615518,1700.8            17.080836,-22.615521,1701            17.080822,-22.615522,1701            17.080809,-22.615526,1701            17.080794,-22.61553,1701            17.08078,-22.615534,1701            17.080765,-22.615535,1701            17.080751,-22.615539,1701            17.08074,-22.615542,1701            17.080727,-22.615543,1701.2            17.080713,-22.615544,1701.2            17.0807,-22.615545,1701.2            17.080686,-22.615548,1701.2            17.080671,-22.615551,1701.4            17.080655,-22.615555,1701.4            17.08064,-22.615558,1701.4            17.080625,-22.615561,1701.4            17.080612,-22.615564,1701.6            17.080599,-22.615567,1701.6            17.080586,-22.61557,1701.6            17.080572,-22.615572,1701.6            17.080557,-22.615573,1701.8            17.080543,-22.615577,1701.8            17.080531,-22.615581,1701.8            17.080518,-22.615585,1701.8            17.080505,-22.615588,1702            17.080493,-22.615591,1702            17.080481,-22.615593,1702            17.080467,-22.615597,1702            17.080453,-22.615601,1702.2            17.080438,-22.615603,1702.2            17.080423,-22.615604,1702.2            17.080408,-22.615605,1702.2            17.080394,-22.615604,1702.4            17.080379,-22.615602,1702.4            17.080365,-22.615602,1702.4            17.080349,-22.615603,1702.4            17.080334,-22.615602,1702.6            17.08032,-22.6156,1702.6            17.080306,-22.615599,1702.6            17.080294,-22.615599,1702.6            17.080279,-22.615601,1702.8            17.080264,-22.6156,1702.8            17.080249,-22.615599,1702.8            17.080234,-22.615596,1703            17.08022,-22.615596,1703            17.080206,-22.615593,1703            17.080191,-22.615591,1703            17.080177,-22.615591,1703            17.080162,-22.615592,1703            17.080149,-22.615592,1703            17.080137,-22.615595,1703            17.080124,-22.615597,1703            17.080111,-22.6156,1703            17.080099,-22.615604,1703            17.080087,-22.615611,1703            17.080074,-22.615613,1703            17.080062,-22.615612,1702.8            17.080049,-22.615614,1702.8            17.080034,-22.615615,1702.8            17.080019,-22.615616,1702.8            17.080004,-22.615618,1702.8            17.079989,-22.615619,1702.8            17.079974,-22.615622,1702.8            17.079959,-22.615627,1702.8            17.079945,-22.615633,1702.8            17.07993,-22.615638,1702.8            17.079916,-22.615645,1702.8            17.079901,-22.615651,1702.8            17.079887,-22.615655,1702.8            17.079874,-22.615662,1702.8            17.079862,-22.615668,1702.8            17.079851,-22.615678,1702.8            17.079841,-22.615687,1702.8            17.079832,-22.615698,1703            17.079822,-22.615707,1703            17.079809,-22.615713,1703            17.079799,-22.615721,1703            17.079791,-22.615728,1703            17.079781,-22.615737,1703.2            17.07977,-22.615744,1703.2            17.079758,-22.61575,1703.2            17.079746,-22.615754,1703.2            17.079733,-22.615758,1703.2            17.079721,-22.615763,1703.2            17.079706,-22.615759,1703.2            17.079693,-22.615753,1703.2            17.079683,-22.615746,1703            17.079675,-22.615738,1703            17.07967,-22.61573,1703            17.079671,-22.615722,1703            17.079672,-22.615712,1702.8            17.079674,-22.615701,1702.8            17.079675,-22.615691,1702.8            17.07967,-22.61568,1702.6            17.079663,-22.615666,1702.6            17.079656,-22.615652,1702.4            17.07965,-22.615637,1702.4            17.07965,-22.615624,1702.2            17.079646,-22.615612,1702.2            17.079643,-22.6156,1702.2            17.079641,-22.615585,1702            17.079639,-22.615571,1702            17.079636,-22.615558,1701.8            17.079633,-22.615544,1701.8            17.079631,-22.61553,1701.8            17.079628,-22.615516,1701.6            17.079624,-22.615503,1701.6            17.079622,-22.615488,1701.4            17.079618,-22.615472,1701.4            17.079615,-22.615456,1701.2            17.07961,-22.615441,1701.2            17.079603,-22.615428,1701            17.079597,-22.615414,1701            17.079591,-22.615399,1700.8            17.079584,-22.615385,1700.8            17.079576,-22.615373,1700.6            17.079566,-22.615363,1700.6            17.07956,-22.615351,1700.6            17.079554,-22.61534,1700.6            17.07955,-22.615329,1700.4            17.079546,-22.615314,1700.4            17.07954,-22.615301,1700.4            17.079534,-22.615288,1700.2            17.079529,-22.615275,1700.2            17.079524,-22.615261,1700.2            17.079519,-22.615247,1700            17.079512,-22.615234,1700            17.079505,-22.615222,1700            17.079497,-22.615209,1700            17.079489,-22.615196,1699.8            17.079482,-22.615182,1699.8            17.079474,-22.61517,1699.8            17.079467,-22.615158,1699.6            17.079461,-22.615147,1699.6            17.079457,-22.615135,1699.6            17.079451,-22.615122,1699.4            17.079445,-22.615108,1699.4            17.079439,-22.615094,1699.4            17.079433,-22.615081,1699.2            17.079429,-22.615069,1699.2            17.079425,-22.615059,1699.2            17.079419,-22.615049,1699.2            17.079415,-22.615039,1699            17.079411,-22.615027,1699            17.079404,-22.615014,1699            17.079397,-22.615002,1699            17.079388,-22.614989,1699            17.079381,-22.614976,1699            17.079373,-22.614963,1699            17.079366,-22.61495,1699            17.07936,-22.614939,1699            17.079352,-22.614926,1699.2            17.079343,-22.614914,1699.2            17.079333,-22.6149,1699.2            17.079324,-22.614888,1699.2            17.079316,-22.614877,1699.2            17.079309,-22.614864,1699.2            17.079301,-22.614852,1699.2            17.079292,-22.614839,1699.2            17.079284,-22.614827,1699.2            17.079276,-22.614816,1699.2            17.079268,-22.614806,1699.2            17.07926,-22.614796,1699.2            17.079252,-22.614786,1699.2            17.079245,-22.614775,1699.2            17.079237,-22.614765,1699.2            17.079229,-22.614756,1699.2            17.079222,-22.614745,1699.2            17.079216,-22.614735,1699.2            17.079209,-22.614724,1699.2            17.079202,-22.614713,1699.2            17.079195,-22.614704,1699.2            17.079187,-22.614695,1699.2            17.079178,-22.614686,1699            17.079171,-22.614674,1699            17.079162,-22.614661,1699            17.079156,-22.614647,1699            17.07915,-22.614635,1699            17.079144,-22.614624,1699            17.079137,-22.614611,1699            17.07913,-22.614599,1699            17.079123,-22.614586,1699            17.079115,-22.614574,1699            17.079106,-22.614563,1699            17.079097,-22.614552,1699            17.079088,-22.614541,1699            17.079081,-22.614529,1699.2            17.079073,-22.614517,1699.2            17.079063,-22.614508,1699.2            17.079051,-22.614497,1699.4            17.079041,-22.614487,1699.4            17.079033,-22.614477,1699.4            17.079025,-22.614467,1699.6            17.079014,-22.614458,1699.6            17.079001,-22.614451,1699.6            17.07899,-22.614444,1699.8            17.078978,-22.614438,1699.8            17.078964,-22.614434,1700            17.07895,-22.61443,1700            17.078937,-22.614424,1700.2            17.078925,-22.614418,1700.2            17.078911,-22.614415,1700.4            17.078897,-22.614412,1700.4            17.078882,-22.61441,1700.6            17.07887,-22.614407,1700.6            17.078857,-22.614405,1700.6            17.078842,-22.614402,1700.6            17.078827,-22.6144,1700.8            17.078812,-22.614397,1700.8            17.078797,-22.614394,1700.8            17.078783,-22.61439,1700.8            17.078766,-22.614389,1701            17.078752,-22.614388,1701            17.078736,-22.614389,1701            17.07872,-22.614389,1701            17.078706,-22.614389,1701.2            17.078692,-22.614387,1701.2            17.078678,-22.614386,1701.2            17.078664,-22.614384,1701.2            17.07865,-22.614381,1701.4            17.078637,-22.614379,1701.4            17.078621,-22.614377,1701.4            17.078607,-22.614375,1701.4            17.078593,-22.614374,1701.4            17.078579,-22.614375,1701.6            17.078564,-22.614375,1701.6            17.078549,-22.614377,1701.6            17.078536,-22.614379,1701.8            17.078521,-22.614384,1701.8            17.078507,-22.614389,1701.8            17.078493,-22.614393,1702            17.078478,-22.614397,1702            17.078463,-22.614401,1702            17.078449,-22.614406,1702.2            17.078433,-22.614409,1702.2            17.078419,-22.614413,1702.2            17.078407,-22.614417,1702.4            17.078395,-22.614422,1702.4            17.078381,-22.61443,1702.4            17.078371,-22.614434,1702.6            17.078361,-22.614437,1702.6            17.078351,-22.614438,1702.6            17.078341,-22.614442,1702.6            17.078329,-22.614448,1702.8            17.078317,-22.614453,1702.8            17.078306,-22.614459,1702.8            17.078295,-22.614467,1703            17.078283,-22.614474,1703            17.078273,-22.614483,1703            17.078262,-22.61449,1703            17.078249,-22.614499,1703            17.078237,-22.614511,1703            17.078225,-22.614521,1703            17.078212,-22.614528,1703            17.078198,-22.614533,1703            17.078184,-22.614538,1703            17.07817,-22.614543,1703            17.078154,-22.614544,1702.8            17.078141,-22.614544,1702.8            17.078125,-22.614542,1702.8            17.078111,-22.614548,1702.8            17.078096,-22.614553,1702.8            17.078083,-22.614556,1702.6            17.078069,-22.614564,1702.6            17.078053,-22.614571,1702.6            17.078039,-22.614579,1702.6            17.078023,-22.614587,1702.6            17.07801,-22.614595,1702.6            17.077996,-22.614601,1702.6            17.077981,-22.614607,1702.6            17.077967,-22.614614,1702.4            17.077953,-22.614617,1702.4            17.077937,-22.614622,1702.4            17.077921,-22.614626,1702.4            17.077905,-22.614626,1702.2            17.07789,-22.614626,1702.2            17.077875,-22.614628,1702.2            17.07786,-22.61463,1702.2            17.077846,-22.614631,1702            17.077832,-22.614631,1702            17.077818,-22.61463,1702            17.077804,-22.614628,1702            17.07779,-22.614625,1702            17.077777,-22.614622,1701.8            17.077764,-22.614619,1701.8            17.07775,-22.614617,1701.8            17.077735,-22.614615,1701.8            17.07772,-22.614613,1701.8            17.077706,-22.61461,1701.6            17.077692,-22.614609,1701.6            17.077678,-22.614607,1701.6            17.077663,-22.614605,1701.6            17.07765,-22.614603,1701.6            17.077636,-22.614601,1701.4            17.077622,-22.614599,1701.4            17.077608,-22.614597,1701.4            17.077596,-22.614594,1701.4            17.077583,-22.61459,1701.4            17.07757,-22.614586,1701.2            17.077557,-22.614584,1701.2            17.077544,-22.614581,1701.2            17.077531,-22.614576,1701.2            17.077518,-22.614572,1701.2            17.077506,-22.61457,1701.2            17.077493,-22.614567,1701            17.077481,-22.614561,1701            17.077467,-22.614558,1701            17.077454,-22.614556,1701            17.077441,-22.614554,1701            17.077426,-22.614552,1700.8            17.077411,-22.614552,1700.8            17.077396,-22.614553,1700.8            17.077382,-22.614552,1700.8            17.077369,-22.614553,1700.8            17.077355,-22.614555,1700.8            17.077343,-22.614557,1700.8            17.07733,-22.614559,1700.8            17.077318,-22.614563,1701            17.077306,-22.614566,1701            17.077293,-22.61457,1701            17.07728,-22.614572,1701            17.077265,-22.614576,1701            17.07725,-22.614579,1701            17.077235,-22.614583,1701            17.077221,-22.614586,1701            17.077206,-22.614588,1701            17.077192,-22.614588,1701            17.07718,-22.614588,1701            17.077165,-22.614587,1701            17.077148,-22.614585,1701            17.077133,-22.614584,1701            17.077117,-22.614584,1701            17.077101,-22.614585,1701            17.077085,-22.614587,1701            17.07707,-22.614586,1701            17.077056,-22.614587,1701            17.077043,-22.614588,1701            17.07703,-22.614592,1701            17.077015,-22.614592,1701            17.076999,-22.614589,1701            17.076983,-22.614584,1701.2            17.076965,-22.614583,1701.2            17.076949,-22.614579,1701.2            17.076934,-22.614576,1701.4            17.07692,-22.614572,1701.4            17.076906,-22.614568,1701.4            17.076893,-22.614564,1701.4            17.07688,-22.61456,1701.6            17.076869,-22.614555,1701.6            17.076857,-22.614551,1701.6            17.076845,-22.614549,1701.6            17.076831,-22.614548,1701.8            17.076818,-22.614547,1701.8            17.076804,-22.614546,1701.8            17.076789,-22.614546,1701.8            17.076776,-22.614547,1702            17.076762,-22.614545,1702            17.076747,-22.614544,1702            17.076732,-22.614543,1702            17.076717,-22.614542,1702.2            17.076704,-22.61454,1702.2            17.076691,-22.614537,1702.2            17.076678,-22.614535,1702.2            17.076664,-22.614533,1702.4            17.076652,-22.61453,1702.4            17.07664,-22.614525,1702.4            17.076629,-22.614522,1702.4            17.076615,-22.614518,1702.6            17.076603,-22.614512,1702.6            17.076592,-22.614506,1702.6            17.07658,-22.614502,1702.6            17.076567,-22.614499,1702.6            17.076554,-22.614497,1702.8            17.07654,-22.614495,1702.8            17.076524,-22.614494,1702.8            17.076511,-22.614494,1702.8            17.076497,-22.614494,1702.8            17.076482,-22.614495,1703            17.076467,-22.614496,1703            17.076452,-22.614497,1703            17.076437,-22.614499,1703            17.076422,-22.614502,1703            17.076406,-22.614505,1703            17.07639,-22.614507,1703.2            17.076376,-22.614508,1703.2            17.07636,-22.614512,1703.2            17.076345,-22.614516,1703.2            17.076331,-22.614517,1703.2            17.076318,-22.614518,1703.2            17.076304,-22.614521,1703.2            17.076289,-22.614524,1703.4            17.076275,-22.614526,1703.4            17.076261,-22.614529,1703.4            17.076247,-22.614533,1703.4            17.076232,-22.614535,1703.4            17.076218,-22.614537,1703.4            17.076204,-22.614539,1703.4            17.076189,-22.614542,1703.4            17.076174,-22.614546,1703.4            17.076159,-22.61455,1703.4            17.076146,-22.614555,1703.4            17.076132,-22.614558,1703.4            17.076117,-22.61456,1703.4            17.076103,-22.614562,1703.4            17.076088,-22.614565,1703.2            17.076074,-22.614566,1703.2            17.076061,-22.61457,1703.2            17.076046,-22.614572,1703.2            17.076032,-22.614574,1703.2            17.076022,-22.614578,1703.2            17.076009,-22.614582,1703.2            17.075996,-22.614583,1703.2            17.075982,-22.614586,1703.2            17.075969,-22.614589,1703.2            17.075956,-22.614594,1703.2            17.075942,-22.614597,1703.2            17.075928,-22.6146,1703.2            17.075914,-22.614604,1703.2            17.0759,-22.614609,1703.2            17.075886,-22.614614,1703.2            17.075874,-22.614619,1703.2            17.075861,-22.614625,1703.2            17.075848,-22.61463,1703.2            17.075837,-22.614635,1703.2            17.075825,-22.614642,1703.2            17.075812,-22.614648,1703.2            17.075799,-22.614652,1703.2            17.075785,-22.614652,1703.2            17.075771,-22.614654,1703.2            17.075757,-22.614659,1703.2            17.075743,-22.614662,1703.2            17.075728,-22.614665,1703.2            17.075717,-22.614667,1703.2            17.075704,-22.614672,1703            17.075691,-22.614677,1703            17.075677,-22.614682,1703            17.075663,-22.614687,1703            17.075653,-22.614691,1703            17.075642,-22.614693,1703            17.07563,-22.614697,1703            17.075618,-22.6147,1703            17.075605,-22.614703,1703            17.075591,-22.614706,1703            17.075577,-22.614712,1703            17.075565,-22.614718,1703            17.075552,-22.614725,1703            17.075538,-22.614734,1703            17.075528,-22.614745,1703            17.07552,-22.614756,1703            17.075512,-22.614768,1703            17.075505,-22.614781,1703.2            17.075499,-22.614791,1703.2            17.075493,-22.614801,1703.2            17.075493,-22.614811,1703.2            17.075493,-22.614821,1703.2            17.075493,-22.614833,1703.2            17.075494,-22.614845,1703.2            17.075494,-22.614857,1703.2            17.07549,-22.614869,1703.4            17.075488,-22.614883,1703.4            17.075483,-22.614897,1703.4            17.07548,-22.614912,1703.4            17.075477,-22.614926,1703.4            17.075474,-22.61494,1703.4            17.075471,-22.614954,1703.4            17.075467,-22.61497,1703.6            17.075465,-22.614985,1703.6            17.075463,-22.615,1703.6            17.075459,-22.615012,1703.6            17.075459,-22.615025,1703.6            17.075456,-22.615039,1703.6            17.075453,-22.615055,1703.6            17.075447,-22.615069,1703.6            17.075441,-22.615081,1703.6            17.075438,-22.61509,1703.6            17.075438,-22.615102,1703.6            17.075436,-22.615115,1703.4            17.075435,-22.615127,1703.4            17.075436,-22.61514,1703.4            17.075439,-22.615149,1703.4            17.075443,-22.615162,1703.4            17.075447,-22.615176,1703.4            17.07545,-22.615188,1703.4            17.075455,-22.615201,1703.4            17.075458,-22.615214,1703.4            17.07546,-22.615229,1703.4            17.075463,-22.615242,1703.4            17.075469,-22.615255,1703.4            17.075471,-22.615268,1703.4            17.075471,-22.615282,1703.4            17.075474,-22.615295,1703.4            17.075479,-22.615307,1703.4            17.075482,-22.615319,1703.4            17.075486,-22.615333,1703.4            17.075488,-22.615347,1703.4            17.075489,-22.61536,1703.4            17.07549,-22.615374,1703.4            17.075492,-22.615388,1703.4            17.075494,-22.615402,1703.4            17.075496,-22.615416,1703.4            17.075496,-22.61543,1703.4            17.075497,-22.615444,1703.4            17.075498,-22.615457,1703.4            17.075502,-22.615471,1703.4            17.075505,-22.615486,1703.4            17.075508,-22.6155,1703.4            17.075507,-22.615514,1703.4            17.07551,-22.615528,1703.4            17.07551,-22.615542,1703.4            17.075508,-22.615557,1703.4            17.075506,-22.615571,1703.4            17.075505,-22.615585,1703.4            17.075503,-22.615599,1703.4            17.075503,-22.615614,1703.4            17.075501,-22.615628,1703.4            17.075499,-22.615642,1703.4            17.075498,-22.615655,1703.4            17.075493,-22.615669,1703.4            17.075487,-22.615682,1703.4            17.075482,-22.615695,1703.4            17.075479,-22.615708,1703.4            17.075475,-22.615719,1703.4            17.07547,-22.615732,1703.2            17.075464,-22.615744,1703.2            17.075459,-22.615757,1703.2            17.075454,-22.61577,1703.2            17.075448,-22.615782,1703.2            17.075442,-22.615793,1703.2            17.075436,-22.615805,1703.2            17.075429,-22.615816,1703.2            17.075423,-22.615826,1703.2            17.075417,-22.615838,1703.2            17.075413,-22.615848,1703.2            17.075408,-22.615858,1703.2            17.0754,-22.615871,1703.2            17.075391,-22.615879,1703.2            17.075385,-22.615891,1703.2            17.075379,-22.615905,1703.2            17.075374,-22.615919,1703.2            17.075365,-22.61593,1703.2            17.075356,-22.61594,1703.2            17.075346,-22.615951,1703.2            17.075333,-22.61596,1703.2            17.075324,-22.615971,1703.2            17.075315,-22.615982,1703.2            17.075304,-22.615991,1703.2            17.075293,-22.616,1703.2            17.075283,-22.616009,1703.2            17.075275,-22.616018,1703.2            17.075267,-22.616027,1703.2            17.075258,-22.616034,1703.2            17.075248,-22.616043,1703.2            17.075238,-22.616051,1703.2            17.075227,-22.61606,1703.2            17.075218,-22.616068,1703.2            17.075208,-22.616077,1703.2            17.075196,-22.616085,1703.2            17.075188,-22.616092,1703.2            17.07518,-22.616102,1703.2            17.075168,-22.61611,1703.2            17.075155,-22.616118,1703.2            17.075141,-22.616122,1703.2            17.075126,-22.616129,1703.2            17.07511,-22.616133,1703.2            17.075098,-22.616137,1703            17.075088,-22.616145,1703            17.07508,-22.616153,1703            17.07507,-22.616161,1703            17.075059,-22.616167,1703            17.07505,-22.616177,1703            17.075041,-22.616186,1703            17.075032,-22.616193,1703            17.075022,-22.616201,1703            17.075012,-22.616209,1703            17.075003,-22.616218,1703            17.074991,-22.616228,1703            17.07498,-22.616238,1703            17.074971,-22.616248,1703            17.07496,-22.61626,1703            17.074949,-22.61627,1703            17.074939,-22.616281,1703            17.074931,-22.616292,1703            17.074922,-22.616304,1703            17.074914,-22.616314,1703.2            17.074908,-22.616324,1703.2            17.074902,-22.616332,1703.2            17.074895,-22.616341,1703.2            17.074886,-22.616352,1703.2            17.074881,-22.616365,1703.2            17.074875,-22.616377,1703.2            17.074869,-22.61639,1703.2            17.074864,-22.616402,1703.4            17.074858,-22.616414,1703.4            17.074849,-22.616423,1703.4            17.074843,-22.616434,1703.4            17.074837,-22.616445,1703.4            17.07483,-22.616456,1703.4            17.074823,-22.616467,1703.4            17.074816,-22.616477,1703.4            17.074811,-22.616489,1703.6            17.074805,-22.616499,1703.6            17.074801,-22.61651,1703.6            17.074794,-22.616522,1703.6            17.074785,-22.616532,1703.6            17.074775,-22.616542,1703.6            17.074767,-22.616554,1703.6            17.074758,-22.616564,1703.8            17.074748,-22.616573,1703.8            17.074739,-22.616583,1703.8            17.074731,-22.616594,1703.8            17.074723,-22.616605,1703.8            17.074715,-22.616619,1703.8            17.074707,-22.61663,1703.8            17.074698,-22.616642,1703.8            17.07469,-22.616653,1704            17.074682,-22.616663,1704            17.074674,-22.616675,1704            17.074667,-22.616684,1704            17.074658,-22.616695,1704            17.074649,-22.616706,1704            17.074638,-22.616714,1704.2            17.07463,-22.616724,1704.2            17.074621,-22.616734,1704.2            17.074611,-22.61674,1704.2            17.074601,-22.616746,1704.2            17.074592,-22.616752,1704.2            17.074583,-22.616761,1704.2            17.074572,-22.61677,1704.4            17.074562,-22.61678,1704.4            17.074552,-22.61679,1704.4            17.074544,-22.616801,1704.4            17.074536,-22.616812,1704.4            17.07453,-22.616822,1704.4            17.074522,-22.616834,1704.6            17.074514,-22.616843,1704.6            17.074506,-22.616855,1704.6            17.074497,-22.616863,1704.6            17.074489,-22.616873,1704.6            17.074481,-22.616885,1704.8            17.074475,-22.616897,1704.8            17.074468,-22.616909,1704.8            17.07446,-22.616923,1704.8            17.074454,-22.616936,1705            17.074448,-22.616948,1705            17.074442,-22.616961,1705            17.074436,-22.616972,1705            17.074427,-22.616982,1705            17.07442,-22.616993,1705.2            17.074413,-22.617004,1705.2            17.074406,-22.617017,1705.2            17.074401,-22.617028,1705.2            17.074394,-22.617039,1705.2            17.074386,-22.617047,1705.2            17.074376,-22.617057,1705.4            17.074367,-22.617067,1705.4            17.07436,-22.617078,1705.4            17.074351,-22.617089,1705.4            17.074343,-22.617101,1705.4            17.074334,-22.617113,1705.6            17.074325,-22.617125,1705.6            17.074316,-22.617136,1705.6            17.074306,-22.617144,1705.6            17.074297,-22.617153,1705.6            17.074288,-22.617162,1705.8            17.07428,-22.617172,1705.8            17.074273,-22.617182,1705.8            17.074266,-22.617194,1705.8            17.07426,-22.617205,1705.8            17.074254,-22.617216,1706            17.074246,-22.617228,1706            17.074239,-22.617239,1706            17.074232,-22.617249,1706            17.074223,-22.617258,1706            17.074215,-22.617266,1706            17.074206,-22.617276,1706.2            17.074197,-22.617283,1706.2            17.074185,-22.617288,1706.2            17.074177,-22.617295,1706.2            17.074171,-22.617304,1706.2            17.074164,-22.617314,1706.2            17.07416,-22.617325,1706.2            17.074156,-22.617339,1706.4            17.074153,-22.617347,1706.4            17.074152,-22.617349,1706.4            17.074149,-22.61735,1706.4            17.07415,-22.617354,1706.4            17.074149,-22.617357,1706.4            17.07415,-22.617359,1706.4            17.074151,-22.617359,1706.4            17.074154,-22.61736,1706.4            17.07415,-22.617354,1706.4            17.074146,-22.61735,1706.4            17.074147,-22.617348,1706.4            17.074146,-22.617344,1706.4            17.074145,-22.617332,1706.4            17.074147,-22.617325,1706.2            17.074149,-22.617316,1706.2            17.074153,-22.617307,1706.2            17.074158,-22.6173,1706.2            17.074166,-22.617293,1706.2            17.074176,-22.617285,1706.2            17.074183,-22.617278,1706.2            17.074191,-22.617267,1706            17.0742,-22.617257,1706            17.074208,-22.617248,1706            17.074217,-22.617237,1706            17.074226,-22.617228,1706            17.074235,-22.617216,1706            17.074242,-22.617205,1705.8            17.074247,-22.617194,1705.8            17.074256,-22.617183,1705.8            17.074265,-22.617172,1705.8            17.074276,-22.617164,1705.8            17.074288,-22.617154,1705.6            17.074296,-22.617145,1705.6            17.074304,-22.617137,1705.6            17.074313,-22.617129,1705.6            17.074322,-22.617121,1705.6            17.074331,-22.61711,1705.6            17.074339,-22.6171,1705.4            17.074347,-22.617088,1705.4            17.074354,-22.617076,1705.4            17.07436,-22.617064,1705.4            17.074365,-22.617053,1705.4            17.074372,-22.617041,1705.2            17.07438,-22.617031,1705.2            17.074387,-22.61702,1705.2            17.074394,-22.617011,1705.2            17.074403,-22.617004,1705.2            17.074412,-22.616994,1705.2            17.074421,-22.616982,1705            17.074429,-22.61697,1705            17.074439,-22.616958,1705            17.074448,-22.616946,1705            17.074455,-22.616934,1704.8            17.074463,-22.616922,1704.8            17.074468,-22.616911,1704.8            17.074474,-22.6169,1704.8            17.074479,-22.616888,1704.8            17.074485,-22.616875,1704.6            17.074491,-22.616862,1704.6            17.074497,-22.616851,1704.6            17.074504,-22.616841,1704.6            17.074508,-22.616829,1704.6            17.074516,-22.616817,1704.4            17.074527,-22.616806,1704.4            17.074538,-22.616796,1704.4            17.074547,-22.616785,1704.4            17.074559,-22.616775,1704.4            17.07457,-22.616765,1704.2            17.074581,-22.616754,1704.2            17.074591,-22.616745,1704.2            17.074601,-22.616735,1704.2            17.07461,-22.616726,1704.2            17.07462,-22.616717,1704.2            17.07463,-22.616707,1704            17.074638,-22.616697,1704            17.074647,-22.616687,1704            17.074658,-22.616677,1704            17.074666,-22.616667,1704            17.074674,-22.616655,1704            17.074683,-22.616644,1704            17.074692,-22.616634,1703.8            17.074701,-22.616622,1703.8            17.074709,-22.616612,1703.8            17.074718,-22.616602,1703.8            17.074729,-22.616593,1703.8            17.074738,-22.616582,1703.8            17.074748,-22.61657,1703.8            17.074759,-22.616559,1703.6            17.074767,-22.616547,1703.6            17.074775,-22.616535,1703.6            17.074782,-22.616521,1703.6            17.074788,-22.616509,1703.6            17.074796,-22.616496,1703.6            17.074803,-22.616483,1703.6            17.07481,-22.616472,1703.4            17.074817,-22.61646,1703.4            17.074825,-22.616449,1703.4            17.074833,-22.616438,1703.4            17.074842,-22.616429,1703.4            17.074852,-22.616418,1703.4            17.07486,-22.616409,1703.4            17.074866,-22.616399,1703.4            17.074874,-22.616389,1703.2            17.074882,-22.616378,1703.2            17.074891,-22.616367,1703.2            17.074899,-22.616356,1703.2            17.074907,-22.616345,1703.2            17.074914,-22.616332,1703.2            17.074922,-22.616322,1703.2            17.074932,-22.616312,1703.2            17.074945,-22.616303,1703.2            17.074957,-22.616294,1703.2            17.074968,-22.616285,1703.2            17.074978,-22.616276,1703.2            17.07499,-22.616268,1703.2            17.075,-22.616261,1703.2            17.07501,-22.616252,1703.2            17.07502,-22.616241,1703.2            17.075029,-22.616232,1703.2            17.075039,-22.616222,1703.2            17.075051,-22.616212,1703.2            17.075063,-22.616203,1703.2            17.075074,-22.616195,1703.2            17.075086,-22.616185,1703.2            17.075095,-22.616177,1703.2            17.075104,-22.61617,1703.2            17.075115,-22.616164,1703.2            17.075125,-22.616154,1703.2            17.075137,-22.616144,1703.2            17.075148,-22.616135,1703.2            17.075158,-22.616126,1703.2            17.075169,-22.616119,1703.2            17.075179,-22.616112,1703.2            17.075188,-22.616105,1703.2            17.075198,-22.616095,1703.2            17.075208,-22.616086,1703.2            17.075217,-22.616076,1703.2            17.075225,-22.616063,1703.2            17.075234,-22.616052,1703.2            17.075243,-22.616041,1703.2            17.07525,-22.61603,1703.2            17.075259,-22.616017,1703.2            17.075268,-22.616007,1703.2            17.075278,-22.615997,1703.2            17.075288,-22.615988,1703.2            17.075299,-22.615978,1703.2            17.07531,-22.615967,1703.2            17.07532,-22.615958,1703.2            17.075329,-22.615949,1703.2            17.075339,-22.615941,1703.2            17.075351,-22.615933,1703.2            17.075362,-22.615923,1703.2            17.075372,-22.615912,1703.2            17.075383,-22.615903,1703.2            17.075392,-22.615894,1703.2            17.075399,-22.615883,1703.2            17.075406,-22.615869,1703.2            17.075413,-22.615857,1703.2            17.075418,-22.615845,1703.2            17.075423,-22.615835,1703.2            17.075428,-22.615824,1703.2            17.075432,-22.615813,1703.2            17.075436,-22.6158,1703.2            17.075441,-22.615788,1703.2            17.075448,-22.615777,1703.2            17.075454,-22.615765,1703.2            17.075459,-22.615753,1703.2            17.075464,-22.615741,1703.2            17.075471,-22.615728,1703.4            17.075478,-22.615715,1703.4            17.075484,-22.615703,1703.4            17.075489,-22.61569,1703.4            17.075494,-22.615678,1703.4            17.075498,-22.615665,1703.4            17.075502,-22.615654,1703.4            17.075504,-22.615643,1703.4            17.075505,-22.615629,1703.4            17.075506,-22.615616,1703.4            17.075508,-22.615602,1703.4            17.075508,-22.615589,1703.4            17.075509,-22.615576,1703.4            17.075509,-22.615563,1703.4            17.075509,-22.61555,1703.4            17.075509,-22.615536,1703.4            17.075507,-22.615521,1703.4            17.075504,-22.615508,1703.4            17.075503,-22.615497,1703.4            17.075502,-22.615484,1703.4            17.075505,-22.615471,1703.4            17.075506,-22.615458,1703.4            17.075504,-22.615446,1703.4            17.075502,-22.615434,1703.4            17.075496,-22.61542,1703.4            17.075492,-22.615405,1703.4            17.07549,-22.615392,1703.4            17.075486,-22.615379,1703.4            17.075484,-22.615365,1703.4            17.075482,-22.615353,1703.4            17.075478,-22.615341,1703.4            17.075473,-22.615327,1703.4            17.075469,-22.615312,1703.2            17.075465,-22.615297,1703.4            17.075461,-22.615282,1703.4            17.075458,-22.615267,1703.4            17.075454,-22.615253,1703.4            17.075448,-22.61524,1703.4            17.075445,-22.615228,1703.4            17.075441,-22.615216,1703.4            17.075437,-22.615203,1703.4            17.075433,-22.615189,1703.4            17.075431,-22.615173,1703.4            17.075426,-22.61516,1703.4            17.075424,-22.615149,1703.4            17.075418,-22.615137,1703.4            17.075416,-22.615123,1703.4            17.075416,-22.615108,1703.4            17.075417,-22.615094,1703.4            17.075419,-22.615078,1703.6            17.075421,-22.615064,1703.6            17.075423,-22.61505,1703.6            17.075426,-22.615033,1703.6            17.075428,-22.615017,1703.6            17.075429,-22.615002,1703.6            17.075432,-22.61499,1703.6            17.075433,-22.614976,1703.6            17.075435,-22.614964,1703.4            17.075438,-22.614952,1703.4            17.07544,-22.614937,1703.4            17.075442,-22.614924,1703.4            17.075448,-22.61491,1703.4            17.075454,-22.614896,1703.4            17.075457,-22.614882,1703.4            17.075459,-22.614869,1703.2            17.075462,-22.614857,1703.2            17.075464,-22.614843,1703.2            17.075468,-22.614831,1703.2            17.075471,-22.614817,1703.2            17.075476,-22.614804,1703.2            17.075483,-22.614793,1703.2            17.07549,-22.614782,1703.2            17.075497,-22.614771,1703            17.075505,-22.61476,1703            17.075514,-22.614751,1703            17.075526,-22.614745,1703            17.075542,-22.61474,1703            17.075556,-22.614737,1703            17.07557,-22.614735,1703            17.075584,-22.614732,1703            17.075598,-22.614728,1703.2            17.075614,-22.614725,1703.2            17.075628,-22.614722,1703.2            17.075642,-22.614719,1703.2            17.075654,-22.614715,1703.2            17.075666,-22.61471,1703.2            17.075679,-22.614705,1703.2            17.075693,-22.614706,1703.2            17.075705,-22.614703,1703.2            17.075716,-22.614698,1703.2            17.075729,-22.614693,1703.2            17.075742,-22.614688,1703.2            17.075755,-22.614684,1703.2            17.07577,-22.614678,1703.2            17.075783,-22.614674,1703.2            17.075797,-22.614669,1703.2            17.075811,-22.614664,1703.2            17.075826,-22.61466,1703.2            17.07584,-22.614655,1703.2            17.075854,-22.614649,1703.2            17.075869,-22.614644,1703.2            17.075882,-22.614639,1703.2            17.075898,-22.614635,1703.2            17.075913,-22.61463,1703.2            17.075928,-22.614626,1703.2            17.07594,-22.614622,1703.2            17.075953,-22.614617,1703.2            17.075966,-22.614612,1703.2            17.075978,-22.614609,1703.2            17.075991,-22.614608,1703.2            17.076004,-22.614608,1703.4            17.076017,-22.614604,1703.4            17.07603,-22.614601,1703.4            17.076043,-22.614598,1703.4            17.076057,-22.614595,1703.4            17.076072,-22.614593,1703.4            17.076087,-22.614591,1703.4            17.076101,-22.61459,1703.4            17.076116,-22.61459,1703.4            17.076133,-22.61459,1703.4            17.076148,-22.614589,1703.4            17.076162,-22.614585,1703.4            17.076176,-22.614583,1703.4            17.076191,-22.614582,1703.4            17.076207,-22.614581,1703.4            17.076218,-22.614587,1703.4            17.076233,-22.614587,1703.4            17.076245,-22.614586,1703.4            17.076261,-22.614585,1703.4            17.076276,-22.614584,1703.2            17.076289,-22.614584,1703.2            17.076305,-22.614586,1703.2            17.07632,-22.614586,1703.2            17.076335,-22.614586,1703.2            17.07635,-22.614587,1703.2            17.076364,-22.614588,1703            17.076378,-22.614588,1703            17.076392,-22.614587,1703            17.076406,-22.614585,1703            17.076421,-22.614584,1703            17.076434,-22.614584,1703            17.076448,-22.614583,1702.8            17.076461,-22.614583,1702.8            17.076475,-22.614583,1702.8            17.076487,-22.614585,1702.8            17.0765,-22.614586,1702.8            17.076513,-22.614585,1702.8            17.076526,-22.614583,1702.6            17.07654,-22.61458,1702.6            17.076555,-22.614576,1702.6            17.07657,-22.614573,1702.6            17.076585,-22.614572,1702.6            17.076599,-22.614572,1702.6            17.076616,-22.614571,1702.4            17.076632,-22.614568,1702.4            17.076646,-22.614565,1702.4            17.07666,-22.614562,1702.4            17.07667,-22.61456,1702.2            17.076682,-22.614558,1702.2            17.076695,-22.614557,1702.2            17.076712,-22.614558,1702.2            17.076725,-22.614557,1702            17.076736,-22.614554,1702            17.07675,-22.614555,1702            17.076766,-22.614557,1702            17.076784,-22.614558,1701.8            17.076799,-22.61456,1701.8            17.076814,-22.614563,1701.8            17.076828,-22.614566,1701.8            17.076843,-22.614566,1701.6            17.076857,-22.614567,1701.6            17.076872,-22.614568,1701.6            17.076886,-22.61457,1701.4            17.076901,-22.614572,1701.4            17.076914,-22.614578,1701.4            17.076927,-22.614582,1701.4            17.076939,-22.614585,1701.2            17.076949,-22.614587,1701.2            17.07696,-22.614586,1701.2            17.076972,-22.614585,1701.2            17.076983,-22.614585,1701.2            17.076995,-22.614586,1701            17.077008,-22.614586,1701            17.077022,-22.614585,1701            17.077037,-22.614584,1701            17.077051,-22.614584,1701            17.077065,-22.614587,1701            17.077078,-22.614585,1701            17.077091,-22.614581,1701            17.077105,-22.614577,1701            17.077117,-22.614573,1701            17.07713,-22.614568,1701            17.077142,-22.614565,1701            17.077155,-22.614565,1701            17.077171,-22.614565,1701            17.077187,-22.614563,1701            17.077202,-22.614562,1701            17.077219,-22.614563,1701            17.077234,-22.614564,1701            17.077249,-22.614562,1701            17.077263,-22.614562,1701            17.077277,-22.614562,1701            17.07729,-22.614563,1701            17.077304,-22.614562,1701            17.077318,-22.61456,1700.8            17.077336,-22.614558,1700.8            17.077352,-22.614557,1700.8            17.077368,-22.614555,1700.8            17.077383,-22.614554,1700.8            17.0774,-22.614555,1700.8            17.077416,-22.614557,1700.8            17.077431,-22.614558,1700.8            17.077446,-22.614561,1701            17.077462,-22.614564,1701            17.077478,-22.614566,1701            17.077494,-22.614568,1701            17.07751,-22.61457,1701.2            17.077526,-22.614573,1701.2            17.077541,-22.614576,1701.2            17.077557,-22.614579,1701.2            17.077574,-22.614583,1701.2            17.077589,-22.614584,1701.4            17.077604,-22.614585,1701.4            17.077618,-22.614587,1701.4            17.077631,-22.61459,1701.4            17.077645,-22.614594,1701.4            17.077661,-22.614596,1701.6            17.077676,-22.6146,1701.6            17.07769,-22.614602,1701.6            17.077706,-22.614604,1701.6            17.07772,-22.614605,1701.8            17.077733,-22.614607,1701.8            17.077746,-22.614607,1701.8            17.077758,-22.614609,1701.8            17.07777,-22.614613,1701.8            17.077785,-22.614615,1701.8            17.077799,-22.614618,1702            17.077813,-22.61462,1702            17.077828,-22.614619,1702            17.077842,-22.614619,1702            17.077857,-22.614617,1702            17.077871,-22.614615,1702.2            17.077887,-22.614611,1702.2            17.0779,-22.614608,1702.2            17.077913,-22.614604,1702.2            17.077925,-22.614602,1702.2            17.077938,-22.6146,1702.4            17.077951,-22.614599,1702.4            17.077965,-22.614595,1702.4            17.077978,-22.614589,1702.4            17.077991,-22.614585,1702.4            17.078003,-22.614583,1702.4            17.078015,-22.61458,1702.6            17.078031,-22.614576,1702.6            17.078046,-22.614573,1702.6            17.078059,-22.61457,1702.6            17.078071,-22.614569,1702.6            17.078082,-22.614566,1702.8            17.078095,-22.614561,1702.8            17.078109,-22.614555,1702.8            17.078121,-22.614552,1702.8            17.078134,-22.614549,1702.8            17.078146,-22.614544,1702.8            17.078158,-22.614542,1703            17.07817,-22.614539,1703            17.078183,-22.614536,1703            17.078197,-22.614529,1703            17.078212,-22.614521,1703            17.078227,-22.614514,1703            17.07824,-22.614506,1703            17.07825,-22.614497,1703            17.078259,-22.614488,1703            17.078271,-22.614481,1703            17.078284,-22.614474,1703            17.078296,-22.614467,1702.8            17.078308,-22.614459,1702.8            17.078321,-22.614453,1702.8            17.078334,-22.614446,1702.6            17.078348,-22.614442,1702.6            17.078361,-22.614438,1702.6            17.078377,-22.614432,1702.4            17.078392,-22.614427,1702.4            17.078407,-22.61442,1702.4            17.078421,-22.614415,1702.2            17.078436,-22.614411,1702.2            17.078448,-22.614405,1702.2            17.078459,-22.614399,1702            17.078469,-22.614392,1702            17.07848,-22.614387,1702            17.078492,-22.614385,1701.8            17.078504,-22.614381,1701.8            17.078515,-22.614379,1701.8            17.078525,-22.614376,1701.8            17.078536,-22.614375,1701.6            17.07855,-22.614373,1701.6            17.078562,-22.614372,1701.6            17.078575,-22.614372,1701.6            17.078589,-22.614372,1701.6            17.078603,-22.614372,1701.4            17.078618,-22.614371,1701.4            17.078634,-22.614372,1701.4            17.07865,-22.614373,1701.2            17.078665,-22.614375,1701.2            17.078683,-22.614378,1701.2            17.078699,-22.614379,1701.2            17.078713,-22.61438,1701            17.078726,-22.614381,1701            17.078741,-22.614386,1701            17.078755,-22.61439,1701            17.078772,-22.614395,1701            17.078787,-22.614401,1700.8            17.078803,-22.614404,1700.8            17.07882,-22.614406,1700.8            17.078835,-22.614408,1700.8            17.078849,-22.614411,1700.8            17.078867,-22.614415,1700.6            17.078884,-22.614417,1700.6            17.078898,-22.614421,1700.4            17.078911,-22.614426,1700.4            17.078925,-22.614431,1700.2            17.07894,-22.614436,1700.2            17.078953,-22.614441,1700            17.078966,-22.614447,1700            17.078979,-22.614454,1699.8            17.078993,-22.61446,1699.8            17.079006,-22.614466,1699.6            17.079018,-22.614473,1699.6            17.079031,-22.61448,1699.4            17.079042,-22.614488,1699.4            17.079051,-22.614498,1699.4            17.079061,-22.614506,1699.2            17.079073,-22.614515,1699.2            17.079084,-22.614524,1699            17.079093,-22.614535,1699            17.079103,-22.614547,1699            17.079112,-22.614558,1699            17.079122,-22.61457,1699            17.079131,-22.614582,1699            17.079141,-22.614595,1699            17.079149,-22.614608,1699            17.079155,-22.61462,1699            17.079163,-22.61463,1699            17.079171,-22.614641,1699            17.079179,-22.614653,1699            17.079187,-22.614663,1699.2            17.079198,-22.614675,1699.2            17.079208,-22.614686,1699.2            17.079217,-22.614696,1699.2            17.079226,-22.614707,1699.2            17.079234,-22.614719,1699.2            17.079242,-22.614732,1699.2            17.079248,-22.614744,1699.2            17.079257,-22.614755,1699.2            17.079265,-22.614766,1699.2            17.079274,-22.614777,1699.2            17.079284,-22.614788,1699.2            17.079295,-22.614798,1699.2            17.079304,-22.614808,1699.2            17.079313,-22.614818,1699.2            17.079323,-22.614828,1699.2            17.079332,-22.614839,1699.2            17.079337,-22.614852,1699.2            17.079341,-22.614862,1699.2            17.079349,-22.614871,1699.2            17.079356,-22.614882,1699.2            17.079362,-22.614893,1699.2            17.079368,-22.614905,1699.2            17.079374,-22.614918,1699.2            17.079378,-22.614929,1699.2            17.079384,-22.614942,1699            17.07939,-22.614954,1699            17.079395,-22.614966,1699            17.079399,-22.614979,1699            17.079404,-22.614992,1699            17.079408,-22.615006,1699            17.079411,-22.61502,1699            17.079414,-22.615035,1699            17.079416,-22.61505,1699.2            17.079418,-22.615064,1699.2            17.079423,-22.615075,1699.2            17.079429,-22.615085,1699.4            17.079433,-22.615096,1699.4            17.079435,-22.615108,1699.4            17.079439,-22.61512,1699.4            17.079444,-22.615131,1699.6            17.079449,-22.615142,1699.6            17.079453,-22.615153,1699.6            17.079458,-22.615166,1699.8            17.079462,-22.615178,1699.8            17.079468,-22.61519,1699.8            17.079473,-22.615201,1699.8            17.079478,-22.615213,1700            17.079483,-22.615226,1700            17.07949,-22.615239,1700            17.079499,-22.615248,1700            17.079507,-22.615257,1700.2            17.079512,-22.615267,1700.2            17.079518,-22.615278,1700.2            17.079525,-22.615289,1700.2            17.079529,-22.615301,1700.4            17.079534,-22.615312,1700.4            17.079541,-22.615324,1700.4            17.079549,-22.615337,1700.6            17.079555,-22.615349,1700.6            17.079561,-22.615361,1700.6            17.079566,-22.615376,1700.8            17.079571,-22.615389,1700.8            17.079577,-22.6154,1700.8            17.079583,-22.615411,1701            17.079588,-22.615423,1701            17.079592,-22.615435,1701            17.079595,-22.61545,1701.2            17.079601,-22.615465,1701.2            17.079606,-22.61548,1701.4            17.079611,-22.615493,1701.4            17.079617,-22.615504,1701.6            17.079623,-22.615514,1701.6            17.079629,-22.615523,1701.6            17.079634,-22.615535,1701.8            17.079637,-22.615549,1701.8            17.079639,-22.615563,1702            17.079642,-22.615576,1702            17.079644,-22.615589,1702            17.079645,-22.615601,1702.2            17.079647,-22.615613,1702.2            17.079649,-22.615624,1702.2            17.079651,-22.615636,1702.4            17.079654,-22.615648,1702.4            17.079657,-22.61566,1702.6            17.07966,-22.61567,1702.6            17.079665,-22.61568,1702.6            17.079668,-22.615687,1702.6            17.079673,-22.615695,1702.8            17.079674,-22.615705,1702.8            17.079674,-22.615716,1702.8            17.079676,-22.615726,1703            17.079682,-22.615738,1703            17.079691,-22.615746,1703            17.079701,-22.615751,1703.2            17.079712,-22.615756,1703.2            17.07972,-22.615755,1703.2            17.079732,-22.615754,1703.2            17.079743,-22.615752,1703.2            17.079755,-22.615747,1703.2            17.079763,-22.615742,1703.2            17.079774,-22.615734,1703.2            17.079788,-22.615719,1703            17.079801,-22.615707,1703            17.07981,-22.615698,1703            17.079822,-22.615689,1702.8            17.079834,-22.615678,1702.8            17.079842,-22.61567,1702.8            17.079846,-22.61566,1702.8            17.079853,-22.615651,1702.8            17.079863,-22.615642,1702.6            17.079872,-22.615632,1702.6            17.079883,-22.615618,1702.6            17.079893,-22.615612,1702.6            17.0799,-22.61561,1702.6            17.0799,-22.615613,1702.6            17.079899,-22.615615,1702.6            17.079901,-22.615614,1702.6            17.079902,-22.615616,1702.6            17.079903,-22.615616,1702.6            17.079902,-22.615616,1702.6            17.0799,-22.615618,1702.6            17.079899,-22.61562,1702.6            17.0799,-22.61562,1702.6            17.079905,-22.615616,1702.6            17.079913,-22.615614,1702.6            17.079922,-22.61561,1702.6            17.07993,-22.615608,1702.6            17.079941,-22.615605,1702.6            17.079951,-22.615604,1702.6            17.079963,-22.615602,1702.6            17.079977,-22.615602,1702.6            17.079991,-22.615604,1702.6            17.080007,-22.615603,1702.6            17.080023,-22.6156,1702.8            17.080036,-22.6156,1702.8            17.080048,-22.6156,1702.8            17.080062,-22.615598,1702.8            17.080075,-22.615595,1702.8            17.080088,-22.615591,1702.8            17.080103,-22.615592,1702.8            17.080118,-22.615587,1702.8            17.080133,-22.615585,1702.8            17.08015,-22.615581,1703            17.080166,-22.615577,1703            17.080182,-22.615578,1703            17.0802,-22.615579,1703            17.080216,-22.615573,1703            17.08023,-22.615573,1703            17.080245,-22.615572,1702.8            17.080261,-22.615573,1702.8            17.080275,-22.615577,1702.8            17.080289,-22.615577,1702.8            17.080304,-22.615579,1702.6            17.080317,-22.61558,1702.6            17.080328,-22.61558,1702.6            17.080344,-22.61558,1702.6            17.080359,-22.615583,1702.4            17.080377,-22.615581,1702.4            17.080389,-22.615581,1702.4            17.080405,-22.615581,1702.2            17.08042,-22.615581,1702.2            17.080435,-22.615581,1702.2            17.080445,-22.61558,1702.2            17.080459,-22.61558,1702            17.080473,-22.61558,1702            17.080488,-22.615578,1702            17.080504,-22.615573,1702            17.080518,-22.615571,1701.8            17.08053,-22.615569,1701.8            17.080545,-22.615565,1701.8            17.080558,-22.615562,1701.8            17.08057,-22.615561,1701.6            17.080584,-22.615559,1701.6            17.080599,-22.615556,1701.6            17.080611,-22.615551,1701.6            17.080624,-22.615549,1701.6            17.080636,-22.615546,1701.4            17.080651,-22.615545,1701.4            17.080667,-22.615542,1701.4            17.080686,-22.61554,1701.2            17.0807,-22.615538,1701.2            17.080713,-22.615537,1701.2            17.080725,-22.615538,1701.2            17.080739,-22.615538,1701            17.080753,-22.615538,1701            17.080766,-22.615536,1701            17.080779,-22.615534,1701            17.080793,-22.615533,1701            17.080806,-22.615533,1701            17.080819,-22.615533,1701            17.080833,-22.615533,1701            17.080846,-22.615534,1701            17.08086,-22.615533,1700.8            17.080873,-22.615531,1700.8            17.080885,-22.615528,1700.8            17.080898,-22.615525,1700.8            17.080911,-22.615523,1700.8            17.080924,-22.615522,1700.8            17.080938,-22.615519,1700.8            17.080954,-22.615516,1700.8            17.080967,-22.615517,1700.8            17.080982,-22.615514,1700.8            17.080999,-22.615507,1700.8            17.081015,-22.6155,1700.6            17.08103,-22.615493,1700.6            17.081045,-22.615486,1700.6            17.081061,-22.615481,1700.6            17.081074,-22.615474,1700.6            17.081089,-22.615467,1700.6            17.081106,-22.615465,1700.6            17.081123,-22.615462,1700.6            17.081136,-22.615458,1700.6            17.081149,-22.615453,1700.6            17.081162,-22.61545,1700.6            17.081174,-22.615449,1700.6            17.081185,-22.615449,1700.6            17.081196,-22.615448,1700.6            17.08121,-22.615447,1700.6            17.081225,-22.615445,1700.6            17.081238,-22.615444,1700.6            17.081253,-22.615441,1700.6            17.081264,-22.615444,1700.6            17.081275,-22.615445,1700.6            17.081289,-22.615445,1700.6            17.081304,-22.615443,1700.6            17.08132,-22.615444,1700.6            17.081334,-22.615444,1700.8            17.081349,-22.615439,1700.8            17.081363,-22.615437,1700.8            17.081381,-22.615431,1700.8            17.081397,-22.615428,1700.8            17.081412,-22.615426,1700.8            17.081429,-22.615424,1700.8            17.081444,-22.615422,1700.8            17.081459,-22.61542,1700.8            17.081473,-22.615419,1700.8            17.081486,-22.615417,1700.8            17.081499,-22.615416,1700.8            17.081512,-22.615415,1700.8            17.081527,-22.615411,1700.8            17.081541,-22.615408,1700.8            17.081555,-22.615405,1700.8            17.08157,-22.615403,1700.8            17.081585,-22.6154,1700.8            17.0816,-22.615398,1701            17.081614,-22.615395,1701            17.081627,-22.615393,1701            17.081641,-22.615391,1701.2            17.081654,-22.615388,1701.2            17.081668,-22.615387,1701.2            17.081681,-22.615387,1701.2            17.081694,-22.615386,1701.4            17.081709,-22.615385,1701.4            17.081724,-22.615383,1701.4            17.08174,-22.615381,1701.6            17.081755,-22.615378,1701.6            17.081769,-22.615374,1701.6            17.081783,-22.615371,1701.8            17.081796,-22.61537,1701.8            17.081808,-22.615368,1701.8            17.081823,-22.615366,1702            17.081837,-22.615363,1702            17.081854,-22.61536,1702            17.081868,-22.615358,1702.2            17.081883,-22.615357,1702.2            17.081897,-22.615355,1702.2            17.08191,-22.615353,1702.4            17.081925,-22.615352,1702.4            17.08194,-22.615351,1702.4            17.081953,-22.615352,1702.6            17.081966,-22.615352,1702.6            17.081979,-22.615348,1702.6            17.081993,-22.615346,1702.6            17.082007,-22.615347,1702.8            17.082024,-22.615348,1702.8            17.08204,-22.615348,1703            17.082055,-22.615348,1703            17.082069,-22.61535,1703            17.082083,-22.61535,1703.2            17.082099,-22.615349,1703.2            17.082113,-22.61535,1703.2            17.082129,-22.615353,1703.2            17.082143,-22.615354,1703.4            17.082157,-22.615353,1703.4            17.082172,-22.615353,1703.4            17.082187,-22.615353,1703.4            17.082202,-22.615354,1703.4            17.082216,-22.615354,1703.4            17.08223,-22.615356,1703.6            17.082242,-22.615357,1703.6            17.082257,-22.61536,1703.6            17.08227,-22.615363,1703.6            17.082284,-22.615365,1703.6            17.082299,-22.615366,1703.6            17.082315,-22.615368,1703.8            17.082329,-22.615371,1703.8            17.082343,-22.615371,1703.8            17.082357,-22.61537,1703.8            17.082372,-22.615368,1703.8            17.082386,-22.615365,1703.8            17.082398,-22.615361,1704            17.08241,-22.615357,1704            17.082422,-22.615351,1704            17.082433,-22.615345,1704            17.082445,-22.615337,1704            17.082457,-22.615328,1704            17.082468,-22.615319,1704            17.082479,-22.615312,1704            17.082491,-22.615305,1704            17.082503,-22.615298,1704            17.082517,-22.615291,1704            17.08253,-22.615282,1704            17.082543,-22.615274,1704            17.082555,-22.615268,1704            17.082567,-22.61526,1704            17.08258,-22.615254,1704            17.08259,-22.615247,1704            17.082602,-22.615241,1704            17.082617,-22.615235,1704            17.082629,-22.61523,1704            17.082639,-22.615224,1704            17.082651,-22.615219,1704            17.082665,-22.615214,1704            17.082679,-22.615208,1704            17.082691,-22.615202,1704            17.082704,-22.615196,1704            17.082718,-22.615191,1704            17.082732,-22.615186,1704            17.082747,-22.615183,1704            17.082761,-22.615177,1704            17.082773,-22.61517,1704            17.082786,-22.615166,1704            17.0828,-22.615162,1704            17.082812,-22.615157,1704            17.082825,-22.615153,1704            17.082838,-22.615149,1704            17.082852,-22.615146,1704            17.082866,-22.615141,1704            17.082882,-22.615137,1704            17.082895,-22.615133,1704            17.082908,-22.615128,1704            17.082921,-22.615122,1704            17.082933,-22.615116,1704            17.082947,-22.615112,1704            17.08296,-22.615108,1704            17.082971,-22.615105,1704            17.082981,-22.6151,1704            17.082992,-22.615093,1704            17.083003,-22.615085,1704            17.083015,-22.615078,1704            17.083029,-22.615069,1704            17.083042,-22.615061,1704            17.083054,-22.615052,1704            17.083065,-22.615042,1704            17.083077,-22.615033,1704            17.083086,-22.615029,1704            17.083094,-22.615021,1704            17.083103,-22.615011,1704            17.08311,-22.614999,1704            17.083117,-22.614987,1704            17.083125,-22.614977,1703.8            17.083136,-22.614965,1703.8            17.083147,-22.614955,1703.8            17.083159,-22.614949,1703.8            17.083171,-22.614943,1703.8            17.083184,-22.614937,1703.8            17.083196,-22.614929,1703.8            17.083208,-22.614923,1703.8            17.083222,-22.614922,1703.8            17.083236,-22.614922,1703.8            17.08325,-22.614917,1703.8            17.083264,-22.614914,1703.8            17.083278,-22.61491,1703.8            17.083294,-22.614907,1703.6            17.08331,-22.614901,1703.6            17.083323,-22.614895,1703.6            17.083338,-22.614891,1703.6            17.083352,-22.614887,1703.4            17.083367,-22.614883,1703.4            17.083379,-22.614878,1703.4            17.08339,-22.614873,1703.4            17.083398,-22.614865,1703.4            17.083408,-22.614859,1703.2            17.083418,-22.614853,1703.2            17.083429,-22.614846,1703.2            17.08344,-22.61484,1703.2            17.083452,-22.614833,1703.2            17.083465,-22.614826,1703            17.083479,-22.614821,1703            17.083494,-22.614817,1703            17.083511,-22.614814,1703            17.083528,-22.614809,1703            17.083544,-22.614808,1703            17.083556,-22.614811,1703            17.083567,-22.614816,1703            17.083579,-22.614821,1703            17.08359,-22.614829,1703            17.0836,-22.614837,1703.2            17.083612,-22.614843,1703.2            17.08362,-22.614853,1703.2            17.083631,-22.614861,1703.2            17.08364,-22.614871,1703.2            17.083651,-22.614881,1703.4            17.083663,-22.614888,1703.4            17.083673,-22.614896,1703.4            17.083681,-22.614906,1703.4            17.083688,-22.614915,1703.6            17.083696,-22.614924,1703.6            17.083704,-22.614934,1703.6            17.083713,-22.614945,1703.6            17.08372,-22.614955,1703.6            17.083726,-22.614965,1703.8            17.083735,-22.61497,1703.8            17.083746,-22.614976,1703.8            17.083755,-22.614984,1703.8            17.083767,-22.61499,1703.8            17.08378,-22.614995,1703.8            17.08379,-22.615004,1704            17.083801,-22.615014,1704            17.083812,-22.615024,1704            17.083822,-22.615035,1704            17.083833,-22.615045,1704.2            17.083844,-22.615053,1704.2            17.083853,-22.615061,1704.2            17.083865,-22.615069,1704.2            17.083877,-22.615076,1704.2            17.083884,-22.615083,1704.4            17.083893,-22.615091,1704.4            17.083906,-22.615096,1704.4            17.083919,-22.615103,1704.4            17.083929,-22.615112,1704.4            17.083939,-22.615121,1704.4            17.083948,-22.615131,1704.6            17.083959,-22.61514,1704.6            17.083969,-22.615151,1704.6            17.083978,-22.615161,1704.6            17.083987,-22.61517,1704.6            17.083998,-22.61518,1704.4            17.084009,-22.615187,1704.4            17.084019,-22.615196,1704.4            17.08403,-22.615204,1704.4            17.084039,-22.615213,1704.2            17.084049,-22.615222,1704.2            17.08406,-22.615232,1704.2            17.084071,-22.615242,1704.2            17.084083,-22.615251,1704            17.084096,-22.615258,1704            17.084107,-22.615266,1704            17.084119,-22.615275,1703.8            17.084131,-22.615282,1703.8            17.084143,-22.615289,1703.8            17.084155,-22.615297,1703.8            17.084167,-22.615306,1703.6            17.084179,-22.615316,1703.6            17.084192,-22.615324,1703.6            17.084203,-22.615333,1703.4            17.084214,-22.615342,1703.4            17.084226,-22.61535,1703.4            17.084235,-22.61536,1703.4            17.084244,-22.615371,1703.2            17.084252,-22.61538,1703.2            17.084264,-22.61539,1703.2            17.084277,-22.615398,1703.2            17.084288,-22.615406,1703            17.084297,-22.615415,1703            17.084305,-22.615425,1703            17.084313,-22.615434,1703            17.08432,-22.615446,1703            17.084332,-22.615451,1702.8            17.084342,-22.61546,1702.8            17.084354,-22.615465,1702.8            17.084363,-22.615473,1702.8            17.084376,-22.615476,1702.6            17.084391,-22.61548,1702.6            17.084406,-22.615485,1702.6            17.084418,-22.615494,1702.4            17.084428,-22.615502,1702.4            17.084434,-22.615511,1702.4            17.08444,-22.615522,1702.4            17.084442,-22.615538,1702.4            17.084445,-22.615551,1702.4            17.08445,-22.615559,1702.6            17.084459,-22.615569,1702.6            17.084468,-22.615578,1702.6            17.084475,-22.615587,1702.6            17.084478,-22.615598,1702.6            17.084479,-22.615607,1702.6            17.084478,-22.615617,1702.6            17.084475,-22.615628,1702.8            17.084473,-22.615639,1702.8            17.084472,-22.615651,1702.8            17.08447,-22.615662,1702.8            17.084466,-22.615675,1703            17.084461,-22.615689,1703            17.084455,-22.6157,1703            17.084452,-22.615712,1703            17.084445,-22.615723,1703.2            17.084442,-22.615736,1703.2            17.08444,-22.61575,1703.2            17.084438,-22.615763,1703.2            17.084438,-22.615775,1703.4            17.084434,-22.615786,1703.4            17.08443,-22.615797,1703.4            17.084426,-22.615808,1703.4            17.084425,-22.61582,1703.4            17.084424,-22.615833,1703.6            17.084422,-22.615843,1703.6            17.084421,-22.615854,1703.6            17.084421,-22.615863,1703.6            17.084422,-22.615877,1703.6            17.084422,-22.615892,1703.6            17.08442,-22.615908,1703.6            17.08442,-22.615925,1703.6            17.084418,-22.615942,1703.6            17.084417,-22.615959,1703.4            17.084418,-22.615974,1703.4            17.084418,-22.615989,1703.4            17.084416,-22.616002,1703.4            17.084415,-22.616018,1703.4            17.084413,-22.616032,1703.4            17.08441,-22.616046,1703.4            17.084406,-22.616058,1703.4            17.084404,-22.61607,1703.4            17.0844,-22.616079,1703.4            17.084394,-22.616087,1703.4            17.084384,-22.616096,1703.4            17.084377,-22.616106,1703.4            17.084371,-22.616119,1703.4            17.084359,-22.616124,1703.4            17.084353,-22.616134,1703.4            17.084346,-22.616142,1703.4            17.084337,-22.61615,1703.4            17.084327,-22.616158,1703.4            17.084316,-22.616164,1703.4            17.084301,-22.616166,1703.4            17.084284,-22.616163,1703.4            17.08427,-22.616161,1703.4            17.084256,-22.616159,1703.4            17.084241,-22.616161,1703.4            17.084227,-22.616165,1703.4            17.084215,-22.61617,1703.4            17.084202,-22.616173,1703.4            17.08419,-22.616178,1703.4            17.084179,-22.616182,1703.6            17.084168,-22.616189,1703.6            17.084158,-22.6162,1703.6            17.08415,-22.616212,1703.6            17.08414,-22.61622,1703.6            17.08413,-22.616234,1703.6            17.08412,-22.61625,1703.4            17.084111,-22.616262,1703.4            17.0841,-22.616274,1703.4            17.08409,-22.616286,1703.6            17.084078,-22.616297,1703.6            17.084066,-22.616308,1703.6            17.084052,-22.616317,1703.6            17.084037,-22.616326,1703.8            17.084022,-22.616332,1703.8            17.084005,-22.616341,1703.8            17.083989,-22.616349,1704            17.083971,-22.616352,1704            17.083956,-22.616357,1704            17.083943,-22.616361,1704.2            17.08393,-22.616365,1704.2            17.083918,-22.616369,1704.2            17.083904,-22.616374,1704.4            17.083891,-22.61638,1704.4            17.083879,-22.616387,1704.4            17.083865,-22.616395,1704.4            17.083853,-22.616401,1704.6            17.083842,-22.616406,1704.6            17.08383,-22.616412,1704.6            17.083818,-22.616417,1704.6            17.083805,-22.616424,1704.8            17.083793,-22.61643,1704.8            17.083781,-22.616438,1704.8            17.08377,-22.616445,1704.8            17.083758,-22.616451,1705            17.083748,-22.616458,1705            17.083739,-22.616466,1705            17.083729,-22.616474,1705            17.083716,-22.616483,1705            17.083703,-22.61649,1705.2            17.083692,-22.616498,1705.2            17.08368,-22.6165,1705.2            17.083667,-22.616503,1705.2            17.083656,-22.616507,1705.4            17.083644,-22.616509,1705.4            17.08363,-22.616509,1705.4            17.083615,-22.616509,1705.6            17.083601,-22.616509,1705.6            17.083587,-22.616508,1705.6            17.083573,-22.616507,1705.8            17.083559,-22.616505,1705.8            17.083544,-22.616504,1705.8            17.083529,-22.616504,1706            17.083513,-22.616505,1706            17.083499,-22.616506,1706            17.083483,-22.616508,1706.2            17.083469,-22.616508,1706.2            17.083456,-22.616509,1706.2            17.083443,-22.616511,1706.4            17.08343,-22.616512,1706.4            17.083416,-22.616512,1706.4            17.083401,-22.616513,1706.6            17.083384,-22.616514,1706.6            17.083369,-22.616516,1706.8            17.083354,-22.616516,1706.8            17.08334,-22.616518,1706.8            17.083325,-22.616522,1707            17.08331,-22.616526,1707            17.083295,-22.61653,1707            17.083281,-22.616533,1707.2            17.083265,-22.616537,1707.2            17.083251,-22.616538,1707.2            17.083238,-22.61654,1707.2            17.083225,-22.616543,1707            17.083212,-22.616546,1707            17.083199,-22.61655,1707            17.083186,-22.616555,1707            17.083173,-22.616558,1707            17.08316,-22.61656,1707            17.083147,-22.616563,1706.8            17.083134,-22.616563,1706.8            17.083119,-22.616568,1706.8            17.083104,-22.616572,1706.8            17.083089,-22.616576,1706.8            17.083075,-22.616582,1706.6            17.083062,-22.616588,1706.6            17.083047,-22.616594,1706.6            17.083032,-22.616599,1706.6            17.083019,-22.616602,1706.6            17.083004,-22.616605,1706.4            17.082989,-22.616607,1706.4            17.082975,-22.616612,1706.4            17.082961,-22.616617,1706.4            17.082947,-22.616624,1706.4            17.082935,-22.61663,1706.2            17.082923,-22.616635,1706.2            17.08291,-22.61664,1706.2            17.082896,-22.616647,1706.2            17.082881,-22.616652,1706.2            17.082864,-22.616655,1706            17.08285,-22.616658,1706            17.082836,-22.616663,1706            17.082822,-22.616667,1706            17.082807,-22.616669,1706            17.082792,-22.616673,1705.8            17.082778,-22.616676,1705.8            17.082764,-22.616679,1705.8            17.08275,-22.616682,1705.8            17.082736,-22.616685,1705.8            17.082722,-22.616688,1705.8            17.082709,-22.616689,1705.6            17.082695,-22.616693,1705.6            17.082681,-22.616697,1705.6            17.082666,-22.616701,1705.6            17.082651,-22.616705,1705.6            17.082637,-22.616709,1705.6            17.082623,-22.616714,1705.4            17.082609,-22.616718,1705.4            17.082595,-22.61672,1705.4            17.08258,-22.616723,1705.4            17.082565,-22.616726,1705.4            17.082551,-22.61673,1705.4            17.082537,-22.616736,1705.4            17.082523,-22.616739,1705.2            17.08251,-22.616741,1705.2            17.082498,-22.616742,1705.2            17.082487,-22.616743,1705.2            17.082473,-22.616745,1705.2            17.082461,-22.616748,1705.2            17.082447,-22.616751,1705.2            17.082431,-22.616754,1705            17.082417,-22.616759,1705.2            17.082403,-22.616764,1705.2            17.082388,-22.616768,1705.2            17.082375,-22.61677,1705.2            17.082361,-22.616776,1705.2            17.082346,-22.616782,1705.2            17.082332,-22.616785,1705.2            17.082316,-22.616789,1705.2            17.082301,-22.616792,1705.2            17.082287,-22.616794,1705            17.082272,-22.616796,1705            17.082257,-22.616797,1705            17.082243,-22.616797,1705            17.082229,-22.616797,1704.8            17.082215,-22.616797,1704.8            17.082201,-22.616797,1704.6            17.082187,-22.616795,1704.6            17.082173,-22.616794,1704.6            17.082159,-22.616794,1704.4            17.082145,-22.616794,1704.4            17.08213,-22.616796,1704.4            17.082116,-22.616798,1704.2            17.082102,-22.616799,1704.2            17.082087,-22.616799,1704.2            17.082074,-22.616799,1704.2            17.082061,-22.616798,1704            17.082048,-22.616797,1704            17.082034,-22.616798,1704            17.082019,-22.616798,1703.8            17.082005,-22.616797,1703.8            17.08199,-22.616797,1703.6            17.081976,-22.616797,1703.6            17.081964,-22.616798,1703.6            17.081948,-22.616797,1703.4            17.08193,-22.616796,1703.4            17.081914,-22.616795,1703.4            17.081899,-22.616795,1703.2            17.081883,-22.616795,1703.2            17.081868,-22.616794,1703            17.081852,-22.616797,1703            17.081839,-22.616802,1703            17.081826,-22.616804,1703            17.08181,-22.616805,1702.8            17.081796,-22.616807,1702.8            17.081782,-22.616808,1702.8            17.081768,-22.616811,1702.8            17.081752,-22.616813,1702.6            17.081737,-22.616815,1702.6            17.08172,-22.616819,1702.6            17.081705,-22.616821,1702.4            17.08169,-22.616824,1702.4            17.081675,-22.616828,1702.4            17.08166,-22.616832,1702.4            17.081646,-22.616833,1702.2            17.081633,-22.616834,1702.2            17.08162,-22.616836,1702.2            17.081608,-22.616838,1702.2            17.081595,-22.616838,1702            17.081581,-22.61684,1702.2            17.081565,-22.616841,1702.2            17.081551,-22.616843,1702.2            17.081537,-22.616845,1702.2            17.081524,-22.616847,1702.2            17.081509,-22.61685,1702.2            17.081495,-22.616852,1702.2            17.081481,-22.616853,1702.2            17.081469,-22.616855,1702.2            17.081456,-22.616858,1702.2            17.081442,-22.61686,1702.2            17.081427,-22.616865,1702.2            17.081414,-22.616868,1702.4            17.081399,-22.616871,1702.4            17.081383,-22.616874,1702.4            17.081369,-22.616878,1702.4            17.081354,-22.616883,1702.4            17.08134,-22.616889,1702.4            17.081326,-22.616894,1702.4            17.081315,-22.616898,1702.6            17.081303,-22.616904,1702.6            17.081292,-22.616911,1702.6            17.081279,-22.616918,1702.6            17.081267,-22.616924,1702.8            17.081255,-22.616931,1702.8            17.081242,-22.616939,1702.8            17.08123,-22.616946,1702.8            17.081218,-22.616955,1703            17.081208,-22.616962,1703            17.081198,-22.616968,1703            17.081187,-22.616975,1703            17.081176,-22.616982,1703.2            17.081164,-22.616986,1703.2            17.081152,-22.61699,1703.2            17.081139,-22.616994,1703.2            17.081126,-22.616996,1703.2            17.081113,-22.616997,1703.2            17.0811,-22.617,1703.2            17.081086,-22.617005,1703.2            17.081074,-22.61701,1703.4            17.08106,-22.617014,1703.4            17.081047,-22.617017,1703.4            17.081033,-22.617023,1703.4            17.08102,-22.617029,1703.4            17.081009,-22.617035,1703.6            17.080997,-22.617042,1703.6            17.080985,-22.617047,1703.6            17.080972,-22.617052,1703.6            17.080959,-22.617056,1703.6            17.080947,-22.617062,1703.8            17.080937,-22.617066,1703.8            17.080925,-22.61707,1703.8            17.080911,-22.617074,1703.8            17.080898,-22.617077,1703.8            17.080886,-22.617079,1703.8            17.080873,-22.617081,1703.8            17.080859,-22.617083,1703.8            17.080845,-22.617086,1703.8            17.080831,-22.617089,1704            17.080815,-22.617091,1704            17.0808,-22.617092,1704            17.080785,-22.617093,1704            17.080768,-22.617094,1704            17.080753,-22.617096,1704            17.080737,-22.617096,1704            17.080721,-22.617096,1704            17.080707,-22.617096,1704            17.080695,-22.617097,1704.2            17.080682,-22.617099,1704.2            17.080667,-22.617101,1704.2            17.080651,-22.617101,1704.2            17.080636,-22.617099,1704.2            17.080621,-22.617098,1704.4            17.080607,-22.617096,1704.4            17.080592,-22.617093,1704.4            17.080576,-22.617091,1704.4            17.080562,-22.61709,1704.4            17.080549,-22.617088,1704.4            17.080535,-22.617086,1704.4            17.080524,-22.617084,1704.4            17.080511,-22.617084,1704.4            17.080497,-22.617083,1704.4            17.080483,-22.617084,1704.6            17.080468,-22.617085,1704.6            17.080454,-22.617086,1704.6            17.08044,-22.617085,1704.6            17.080426,-22.617087,1704.6            17.080412,-22.617088,1704.8            17.080397,-22.617088,1704.8            17.080384,-22.617089,1704.8            17.08037,-22.617089,1704.8            17.080357,-22.617087,1704.8            17.080342,-22.617087,1705            17.080327,-22.617088,1705            17.080312,-22.61709,1705.2            17.080297,-22.61709,1705.2            17.080282,-22.617094,1705.2            17.080266,-22.617101,1705.4            17.08025,-22.617106,1705.4            17.080235,-22.61711,1705.6            17.080219,-22.617113,1705.6            17.080203,-22.617116,1705.8            17.08019,-22.617118,1705.8            17.080178,-22.617121,1705.8            17.080163,-22.617123,1706            17.080146,-22.617124,1706            17.080132,-22.617127,1706.2            17.080117,-22.61713,1706.2            17.080101,-22.617132,1706.4            17.080085,-22.617136,1706.4            17.08007,-22.617142,1706.6            17.080056,-22.617146,1706.6            17.08004,-22.61715,1706.6            17.080026,-22.617155,1706.8            17.080012,-22.617162,1706.8            17.08,-22.617169,1707            17.079987,-22.617178,1707            17.079973,-22.617186,1707.2            17.07996,-22.617194,1707.2            17.079948,-22.617202,1707.4            17.079935,-22.617208,1707.4            17.079923,-22.617214,1707.6            17.07991,-22.617218,1707.6            17.079897,-22.617222,1707.4            17.079884,-22.617225,1707.4            17.07987,-22.617228,1707.4            17.079857,-22.617229,1707.4            17.079842,-22.617231,1707.4            17.079828,-22.617233,1707.4            17.079815,-22.617232,1707.4            17.079802,-22.617231,1707.4            17.079789,-22.61723,1707.2            17.079777,-22.617227,1707.2            17.079765,-22.617219,1707.2            17.079755,-22.61721,1707            17.079743,-22.617205,1707            17.079731,-22.617201,1707            17.079718,-22.617195,1707            17.079705,-22.617188,1706.8            17.079692,-22.617184,1706.8            17.079678,-22.617182,1706.8            17.079661,-22.617179,1706.8            17.079648,-22.617174,1706.6            17.079636,-22.61717,1706.6            17.079623,-22.617169,1706.6            17.079609,-22.617171,1706.6            17.079596,-22.617178,1706.6            17.079585,-22.617185,1706.6            17.079577,-22.617195,1706.6            17.079572,-22.617207,1706.6            17.079567,-22.617221,1706.6            17.079564,-22.617234,1706.8            17.079561,-22.617247,1706.8            17.079558,-22.617262,1706.8            17.079553,-22.617275,1707            17.079547,-22.617287,1707            17.079541,-22.617301,1707            17.079535,-22.617313,1707            17.079531,-22.617328,1707.2            17.079528,-22.617342,1707.2            17.079523,-22.617355,1707.2            17.079519,-22.617367,1707.2            17.079516,-22.617379,1707.4            17.079513,-22.617392,1707.4            17.079512,-22.617403,1707.4            17.07951,-22.617415,1707.4            17.07951,-22.617427,1707.6            17.07951,-22.617439,1707.6            17.079511,-22.61745,1707.6            17.079513,-22.617463,1707.8            17.079516,-22.61748,1707.8            17.079519,-22.617495,1707.8            17.079521,-22.617508,1708            17.079522,-22.61752,1708            17.079526,-22.617532,1708            17.079529,-22.617546,1708            17.07953,-22.617559,1708            17.079531,-22.617571,1708.2            17.079531,-22.617585,1708.2            17.079531,-22.617597,1708.2            17.079528,-22.61761,1708.2            17.079523,-22.617622,1708.2            17.07952,-22.617636,1708.2            17.079514,-22.617648,1708.2            17.079506,-22.617658,1708.2            17.079497,-22.617669,1708.2            17.079488,-22.617678,1708.2            17.079479,-22.617687,1708.2            17.079469,-22.617694,1708.2            17.079457,-22.617702,1708            17.079443,-22.617711,1708            17.07943,-22.617714,1708            17.079415,-22.617712,1708            17.079402,-22.617711,1708            17.079389,-22.617711,1708            17.079376,-22.61771,1707.8            17.079362,-22.617711,1707.8            17.079346,-22.617712,1707.8            17.079331,-22.617713,1707.8            17.079316,-22.617714,1707.8            17.079302,-22.617713,1707.8            17.079288,-22.617714,1707.6            17.079274,-22.617714,1707.6            17.079259,-22.617715,1707.6            17.079245,-22.617718,1707.6            17.079232,-22.617721,1707.6            17.079218,-22.617724,1707.6            17.079205,-22.617725,1707.6            17.079191,-22.617726,1707.4            17.079178,-22.617726,1707.4            17.079166,-22.617725,1707.4            17.079153,-22.617724,1707.4            17.07914,-22.617723,1707.4            17.079127,-22.617721,1707.4            17.079112,-22.617722,1707.2            17.079096,-22.617724,1707.2            17.07908,-22.617728,1707.2            17.079064,-22.61773,1707.2            17.079048,-22.617731,1707.2            17.079035,-22.617732,1707.2            17.07902,-22.617735,1707.2            17.079005,-22.617739,1707.2            17.078994,-22.617743,1707.2            17.078981,-22.617747,1707.2            17.078969,-22.617753,1707.2            17.078958,-22.617759,1707.2            17.078947,-22.617762,1707.2            17.078934,-22.617767,1707.2            17.078923,-22.617771,1707.4            17.078911,-22.61778,1707.4            17.078899,-22.61779,1707.4            17.078887,-22.617799,1707.4            17.078876,-22.617808,1707.4            17.078866,-22.617818,1707.4            17.078856,-22.617829,1707.4            17.078847,-22.617839,1707.4            17.078837,-22.617848,1707.4            17.078825,-22.617857,1707.4            17.078811,-22.617864,1707.4            17.078795,-22.61787,1707.4            17.07878,-22.617875,1707.4            17.078769,-22.617879,1707.4            17.078755,-22.617888,1707.4            17.07874,-22.617894,1707.4            17.078723,-22.617899,1707.4            17.078708,-22.617902,1707.4            17.078694,-22.617904,1707.4            17.078679,-22.617903,1707.4            17.078663,-22.617904,1707.4            17.078649,-22.617904,1707.4            17.078634,-22.617905,1707.4            17.07862,-22.617906,1707.4            17.078604,-22.617908,1707.4            17.078588,-22.617912,1707.4            17.078574,-22.617914,1707.4            17.078559,-22.617917,1707.4            17.078544,-22.617921,1707.4            17.078528,-22.617926,1707.4            17.078514,-22.617929,1707.4            17.078501,-22.61793,1707.4            17.078488,-22.617931,1707.4            17.078475,-22.617933,1707.4            17.078463,-22.61793,1707.4            17.078452,-22.617935,1707.4            17.078439,-22.617936,1707.6            17.078426,-22.617936,1707.6            17.078413,-22.617938,1707.6            17.078399,-22.617937,1707.6            17.078382,-22.61794,1707.6            17.078369,-22.617941,1707.6            17.078356,-22.617942,1707.6            17.078343,-22.617941,1707.6            17.07833,-22.617939,1707.6            17.078315,-22.617942,1707.6            17.078304,-22.617944,1707.6            17.078287,-22.617951,1707.6            17.078276,-22.61795,1707.6            17.078262,-22.617953,1707.6            17.078249,-22.617953,1707.6            17.078235,-22.617958,1707.6            17.07822,-22.617964,1707.6            17.078206,-22.617972,1707.6            17.078195,-22.617979,1707.6            17.078181,-22.617985,1707.6            17.078167,-22.617991,1707.6            17.078154,-22.617995,1707.6            17.07814,-22.617997,1707.6            17.078126,-22.618,1707.6            17.078112,-22.618002,1707.6            17.078098,-22.618004,1707.6            17.078087,-22.618007,1707.6            17.078075,-22.61801,1707.6            17.078063,-22.618014,1707.6            17.078049,-22.618018,1707.6            17.078037,-22.618018,1707.6            17.078021,-22.61802,1707.6            17.078006,-22.61802,1707.6            17.077991,-22.618019,1707.6            17.077976,-22.618019,1707.6            17.077963,-22.61802,1707.6            17.077949,-22.618021,1707.6            17.077934,-22.618022,1707.6            17.077919,-22.618023,1707.6            17.077905,-22.618023,1707.6            17.07789,-22.618023,1707.6            17.077876,-22.618024,1707.6            17.07786,-22.618026,1707.6            17.077843,-22.618027,1707.6            17.077828,-22.618027,1707.6            17.077813,-22.618029,1707.6            17.077798,-22.618031,1707.6            17.077783,-22.618031,1707.6            17.077768,-22.618032,1707.6            17.077754,-22.618032,1707.6            17.07774,-22.618034,1707.6            17.077725,-22.618037,1707.6            17.07771,-22.618039,1707.6            17.077696,-22.618041,1707.6            17.077681,-22.618043,1707.6            17.077666,-22.618042,1707.6            17.077651,-22.618041,1707.6            17.077636,-22.618042,1707.6            17.077621,-22.618043,1707.4            17.077607,-22.618046,1707.4            17.077595,-22.618046,1707.4            17.07758,-22.618046,1707.4            17.077564,-22.618048,1707.4            17.077548,-22.618049,1707.4            17.077532,-22.618049,1707.4            17.077517,-22.618049,1707.4            17.077504,-22.618044,1707.4            17.077492,-22.618038,1707.4            17.07748,-22.618032,1707.2            17.077468,-22.618026,1707.2            17.077455,-22.618022,1707.2            17.07744,-22.618021,1707.2            17.077425,-22.618021,1707.2            17.077411,-22.618021,1707.2            17.077397,-22.618022,1707.2            17.077382,-22.618022,1707.2            17.077368,-22.618021,1707.2            17.077354,-22.61802,1707.2            17.077338,-22.61802,1707.2            17.077322,-22.61802,1707.2            17.077306,-22.618022,1707.2            17.077293,-22.618021,1707.2            17.07728,-22.618018,1707.2            17.077265,-22.618018,1707.2            17.077248,-22.61802,1707.2            17.077231,-22.618022,1707.2            17.077218,-22.618025,1707.2            17.077204,-22.618029,1707.2            17.077192,-22.61803,1707.2            17.077179,-22.618032,1707.2            17.077166,-22.618035,1707.2            17.077152,-22.618037,1707.2            17.077139,-22.618037,1707.2            17.077125,-22.618036,1707.2            17.077112,-22.618038,1707.2            17.077098,-22.618039,1707.2            17.077083,-22.618039,1707.2            17.077069,-22.618041,1707.2            17.077052,-22.618044,1707.2            17.077034,-22.618046,1707.2            17.077018,-22.618047,1707.2            17.077004,-22.618046,1707.2            17.076988,-22.618045,1707.2            17.076975,-22.618044,1707.2            17.07696,-22.618044,1707.2            17.076946,-22.618044,1707.2            17.076931,-22.618044,1707.2            17.076917,-22.618043,1707.2            17.076901,-22.618045,1707.2            17.076883,-22.618048,1707.2            17.076867,-22.618051,1707.2            17.076852,-22.618055,1707.2            17.076839,-22.618058,1707.2            17.076825,-22.618061,1707            17.076811,-22.618063,1707            17.076796,-22.618063,1707            17.076781,-22.618061,1707            17.076768,-22.618057,1706.8            17.076755,-22.618052,1706.8            17.076743,-22.61805,1706.8            17.07673,-22.618051,1706.6            17.076717,-22.618053,1706.6            17.076704,-22.618052,1706.6            17.076691,-22.618054,1706.6            17.076678,-22.618057,1706.6            17.076665,-22.618066,1706.6            17.076655,-22.618074,1706.6            17.076644,-22.618082,1706.6            17.076632,-22.618088,1706.6            17.076619,-22.61809,1706.6            17.076605,-22.618095,1706.4            17.07659,-22.618101,1706.4            17.076578,-22.618106,1706.4            17.076565,-22.618112,1706.6            17.076551,-22.618119,1706.6            17.076536,-22.618121,1706.6            17.076521,-22.618124,1706.6            17.076506,-22.618123,1706.6            17.076492,-22.618122,1706.4            17.076477,-22.618124,1706.4            17.076463,-22.618122,1706.4            17.076449,-22.618119,1706.4            17.076434,-22.618117,1706.4            17.076419,-22.618115,1706.4            17.076406,-22.618111,1706.4            17.076395,-22.618104,1706.2            17.076383,-22.618097,1706.2            17.076371,-22.61809,1706.2            17.076359,-22.618086,1706.2            17.076347,-22.61808,1706            17.076336,-22.618075,1706            17.076323,-22.61807,1706            17.076308,-22.618065,1706            17.076298,-22.618057,1705.8            17.076288,-22.61805,1705.8            17.076275,-22.618042,1705.8            17.076262,-22.618035,1705.6            17.076249,-22.61803,1705.6            17.076237,-22.618023,1705.6            17.076224,-22.618016,1705.6            17.076211,-22.618011,1705.4            17.076197,-22.618008,1705.4            17.076184,-22.618004,1705.4            17.076172,-22.617999,1705.4            17.076158,-22.617996,1705.4            17.076144,-22.617991,1705.2            17.07613,-22.61799,1705.2            17.076117,-22.617988,1705.2            17.076102,-22.617985,1705.4            17.076086,-22.617983,1705.4            17.076071,-22.61798,1705.4            17.076057,-22.617975,1705.4            17.076043,-22.61797,1705.6            17.076028,-22.617968,1705.6            17.076014,-22.617967,1705.6            17.076,-22.617967,1705.6            17.075985,-22.617966,1705.8            17.07597,-22.617966,1705.8            17.075954,-22.617965,1705.8            17.075939,-22.617964,1705.8            17.075925,-22.617964,1706            17.075909,-22.617964,1706            17.075893,-22.617965,1706            17.075879,-22.617967,1706.2            17.075864,-22.617968,1706.2            17.075851,-22.617969,1706.2            17.075836,-22.61797,1706.2            17.075822,-22.617971,1706.4            17.075807,-22.617974,1706.4            17.075794,-22.617976,1706.4            17.075782,-22.617977,1706.4            17.075769,-22.617979,1706.6            17.075756,-22.61798,1706.6            17.075741,-22.61798,1706.6            17.075725,-22.61798,1706.6            17.075711,-22.61798,1706.6            17.075698,-22.617982,1706.6            17.075684,-22.617986,1706.6            17.075672,-22.617989,1706.6            17.07566,-22.617993,1706.6            17.075647,-22.617996,1706.8            17.075636,-22.618,1706.8            17.075625,-22.618003,1706.8            17.075611,-22.618006,1706.8            17.075595,-22.61801,1706.8            17.075583,-22.618012,1706.8            17.075571,-22.618014,1706.8            17.075558,-22.618018,1706.8            17.075545,-22.618021,1706.8            17.075531,-22.618023,1706.8            17.075517,-22.618025,1707            17.075505,-22.618026,1707            17.075493,-22.618027,1707            17.075482,-22.618027,1707          </coordinates></LineString></Placemark><Placemark><name>Finish</name><styleUrl>#icon-1899-FF5252-nodesc</styleUrl><Point><coordinates>            17.075482,-22.618027,1707          </coordinates></Point></Placemark><Placemark><name>Start</name><styleUrl>#icon-1899-0F9D58-nodesc</styleUrl><Point><coordinates>            17.075465,-22.618045,1707          </coordinates></Point></Placemark></Folder></Document></kml>