<?xml version="1.0" encoding="UTF-8"?><kml xmlns="http://www.opengis.net/kml/2.2"><Document><name>Vallaskogen parkrun</name><description/><Style id="icon-1899-0F9D58-nodesc-normal"><IconStyle><color>ff589d0f</color><scale>1</scale><Icon><href>https://www.gstatic.com/mapspro/images/stock/503-wht-blank_maps.png</href></Icon><hotSpot x="32" xunits="pixels" y="64" yunits="insetPixels"/></IconStyle><LabelStyle><scale>0</scale></LabelStyle><BalloonStyle><text><![CDATA[<h3>$[name]</h3>]]></text></BalloonStyle></Style><Style id="icon-1899-0F9D58-nodesc-highlight"><IconStyle><color>ff589d0f</color><scale>1</scale><Icon><href>https://www.gstatic.com/mapspro/images/stock/503-wht-blank_maps.png</href></Icon><hotSpot x="32" xunits="pixels" y="64" yunits="insetPixels"/></IconStyle><LabelStyle><scale>1</scale></LabelStyle><BalloonStyle><text><![CDATA[<h3>$[name]</h3>]]></text></BalloonStyle></Style><StyleMap id="icon-1899-0F9D58-nodesc"><Pair><key>normal</key><styleUrl>#icon-1899-0F9D58-nodesc-normal</styleUrl></Pair><Pair><key>highlight</key><styleUrl>#icon-1899-0F9D58-nodesc-highlight</styleUrl></Pair></StyleMap><Style id="icon-1899-FF5252-nodesc-normal"><IconStyle><color>ff5252ff</color><scale>1</scale><Icon><href>https://www.gstatic.com/mapspro/images/stock/503-wht-blank_maps.png</href></Icon><hotSpot x="32" xunits="pixels" y="64" yunits="insetPixels"/></IconStyle><LabelStyle><scale>0</scale></LabelStyle><BalloonStyle><text><![CDATA[<h3>$[name]</h3>]]></text></BalloonStyle></Style><Style id="icon-1899-FF5252-nodesc-highlight"><IconStyle><color>ff5252ff</color><scale>1</scale><Icon><href>https://www.gstatic.com/mapspro/images/stock/503-wht-blank_maps.png</href></Icon><hotSpot x="32" xunits="pixels" y="64" yunits="insetPixels"/></IconStyle><LabelStyle><scale>1</scale></LabelStyle><BalloonStyle><text><![CDATA[<h3>$[name]</h3>]]></text></BalloonStyle></Style><StyleMap id="icon-1899-FF5252-nodesc"><Pair><key>normal</key><styleUrl>#icon-1899-FF5252-nodesc-normal</styleUrl></Pair><Pair><key>highlight</key><styleUrl>#icon-1899-FF5252-nodesc-highlight</styleUrl></Pair></StyleMap><Style id="line-0288D1-5000-nodesc-normal"><LineStyle><color>ffd18802</color><width>5</width></LineStyle><BalloonStyle><text><![CDATA[<h3>$[name]</h3>]]></text></BalloonStyle></Style><Style id="line-0288D1-5000-nodesc-highlight"><LineStyle><color>ffd18802</color><width>7.5</width></LineStyle><BalloonStyle><text><![CDATA[<h3>$[name]</h3>]]></text></BalloonStyle></Style><StyleMap id="line-0288D1-5000-nodesc"><Pair><key>normal</key><styleUrl>#line-0288D1-5000-nodesc-normal</styleUrl></Pair><Pair><key>highlight</key><styleUrl>#line-0288D1-5000-nodesc-highlight</styleUrl></Pair></StyleMap><Folder><name>Untitled layer</name><Placemark><name>Course</name><styleUrl>#line-0288D1-5000-nodesc</styleUrl><LineString><tessellate>1</tessellate><coordinates>            15.590811,58.40494,79.1            15.590784,58.40491,79.1            15.590771,58.404907,79.2            15.590759,58.404904,79.2            15.590746,58.404901,79.2            15.590733,58.404898,79.2            15.590728,58.404904,79.2            15.590715,58.404904,79.3            15.590688,58.404895,79.3            15.590645,58.40488,79.4            15.590635,58.404878,79.4            15.590618,58.404882,79.5            15.590602,58.40489,79.5            15.590587,58.404889,79.5            15.590577,58.404886,79.6            15.590557,58.404883,79.6            15.590529,58.404879,79.7            15.590496,58.404882,79.7            15.590465,58.404886,79.8            15.590408,58.404889,79.9            15.590346,58.404891,80            15.590322,58.40489,80.1            15.590269,58.404894,80.2            15.590253,58.404897,80.2            15.590194,58.404889,80.3            15.590178,58.404885,80.4            15.590145,58.404874,80.4            15.590086,58.404848,80.6            15.590034,58.404826,80.7            15.589995,58.404813,80.8            15.589939,58.404796,80.9            15.589916,58.404784,81            15.589897,58.40477,81            15.589887,58.404758,81.1            15.58988,58.404736,81.1            15.589873,58.404727,81.2            15.58986,58.404722,81.2            15.589848,58.404718,81.2            15.589837,58.404714,81.3            15.589816,58.404703,81.3            15.589801,58.404695,81.4            15.589765,58.404675,81.4            15.589745,58.404662,81.5            15.589718,58.404645,81.6            15.589688,58.404629,81.7            15.589669,58.40462,81.7            15.589642,58.404606,81.7            15.589621,58.404597,81.7            15.5896,58.404589,81.7            15.589578,58.404582,81.7            15.589557,58.404575,81.7            15.589533,58.404568,81.8            15.589508,58.404561,81.8            15.589472,58.404556,81.8            15.589441,58.404552,81.8            15.589431,58.404552,81.8            15.589409,58.404545,81.8            15.589392,58.40454,81.8            15.589371,58.404531,81.8            15.589357,58.404523,81.8            15.589341,58.404515,81.8            15.589315,58.404506,81.8            15.589279,58.404494,81.8            15.589257,58.404486,81.8            15.589238,58.404479,81.8            15.589216,58.404469,81.8            15.589203,58.404461,81.8            15.589196,58.404452,81.8            15.589189,58.404441,81.8            15.589175,58.404423,81.8            15.58917,58.404415,81.8            15.589164,58.404407,81.8            15.589149,58.404386,81.8            15.589129,58.404364,81.7            15.589117,58.404354,81.7            15.589101,58.404339,81.7            15.589083,58.404325,81.7            15.589061,58.404304,81.6            15.589046,58.404289,81.6            15.589033,58.404278,81.6            15.589015,58.404267,81.6            15.588992,58.404254,81.5            15.588977,58.404245,81.5            15.588964,58.404235,81.5            15.588953,58.404223,81.5            15.58895,58.404212,81.5            15.588947,58.404201,81.5            15.588939,58.404192,81.5            15.588929,58.404188,81.5            15.588918,58.404189,81.5            15.588909,58.404188,81.5            15.58889,58.404183,81.5            15.588874,58.404177,81.5            15.588848,58.404164,81.4            15.588825,58.404148,81.4            15.588816,58.404141,81.4            15.588807,58.404133,81.4            15.588795,58.404119,81.4            15.588779,58.404095,81.4            15.588757,58.40407,81.4            15.588749,58.40406,81.4            15.588736,58.404046,81.4            15.588722,58.404033,81.4            15.588688,58.404009,81.4            15.588678,58.404002,81.4            15.588665,58.403994,81.4            15.588655,58.403987,81.4            15.588638,58.403974,81.4            15.588625,58.403964,81.4            15.588616,58.403956,81.4            15.588609,58.40395,81.4            15.588599,58.403939,81.4            15.588588,58.403929,81.4            15.588575,58.40392,81.4            15.588566,58.403913,81.4            15.588562,58.403909,81.4            15.588558,58.403904,81.4            15.588555,58.4039,81.4            15.58854,58.403874,81.4            15.588523,58.403843,81.4            15.588498,58.403811,81.4            15.588487,58.403796,81.4            15.588466,58.403761,81.3            15.588461,58.40375,81.3            15.588434,58.40371,81.3            15.588423,58.403692,81.3            15.588403,58.40366,81.3            15.588382,58.40363,81.3            15.588352,58.403593,81.3            15.588327,58.403563,81.3            15.58832,58.403555,81.3            15.588299,58.40354,81.3            15.588282,58.403528,81.3            15.588249,58.403501,81.3            15.588242,58.403494,81.3            15.588228,58.403489,81.3            15.588217,58.403482,81.3            15.588205,58.403475,81.3            15.588194,58.403468,81.3            15.588182,58.40346,81.3            15.588172,58.403448,81.3            15.588165,58.403437,81.3            15.588159,58.403423,81.3            15.58815,58.403405,81.3            15.588131,58.403383,81.3            15.588102,58.403349,81.3            15.588083,58.403321,81.3            15.588055,58.403287,81.3            15.588044,58.403275,81.3            15.588006,58.403244,81.4            15.587994,58.403231,81.4            15.58797,58.403205,81.4            15.587964,58.403198,81.4            15.587934,58.403171,81.4            15.587926,58.403164,81.4            15.587895,58.403143,81.5            15.587878,58.403132,81.5            15.587862,58.40312,81.5            15.587845,58.403109,81.5            15.587829,58.403097,81.5            15.587812,58.403088,81.5            15.587791,58.40308,81.6            15.587766,58.403072,81.6            15.587753,58.403068,81.6            15.587739,58.403062,81.6            15.587728,58.403053,81.6            15.587719,58.403044,81.6            15.587712,58.403032,81.7            15.587702,58.403013,81.7            15.58769,58.402993,81.7            15.587678,58.402976,81.8            15.58767,58.402964,81.8            15.587661,58.402947,81.9            15.587657,58.402934,81.9            15.587651,58.402907,81.9            15.587649,58.40289,82            15.587646,58.402874,82            15.587641,58.402859,82.1            15.587634,58.402843,82.1            15.587616,58.402814,82.2            15.58761,58.402802,82.2            15.587603,58.402789,82.2            15.587597,58.402776,82.2            15.587593,58.402763,82.3            15.587589,58.40275,82.3            15.587588,58.402725,82.3            15.587593,58.40271,82.4            15.587599,58.402697,82.5            15.587611,58.402675,82.6            15.587616,58.402663,82.6            15.587618,58.402633,82.8            15.587618,58.402625,82.8            15.58762,58.402613,82.9            15.58762,58.402594,82.9            15.587619,58.402581,83            15.587629,58.402563,83.1            15.58766,58.402536,83.2            15.587668,58.402528,83.3            15.587693,58.402502,83.4            15.5877,58.402493,83.4            15.58772,58.40246,83.6            15.587724,58.402452,83.6            15.587731,58.402439,83.7            15.587738,58.402422,83.8            15.587747,58.402412,83.8            15.587755,58.402405,83.8            15.587763,58.4024,83.9            15.587768,58.402399,83.9            15.587776,58.402396,83.9            15.587784,58.402388,83.9            15.587791,58.402379,84            15.587803,58.402361,84.1            15.587809,58.402345,84.1            15.587809,58.402334,84.2            15.58781,58.402326,84.2            15.587816,58.402309,84.3            15.587817,58.402281,84.4            15.587817,58.40225,84.5            15.587819,58.402244,84.5            15.587831,58.402225,84.6            15.587839,58.402214,84.6            15.587851,58.402202,84.6            15.587879,58.402186,84.7            15.587894,58.402179,84.7            15.587912,58.402172,84.8            15.587924,58.402166,84.8            15.587935,58.402161,84.8            15.587951,58.402156,84.8            15.587965,58.402151,84.9            15.58798,58.402147,84.9            15.587994,58.402142,84.9            15.58801,58.402135,85            15.588025,58.402128,85            15.58808,58.402086,85.1            15.588098,58.402073,85.2            15.588115,58.402059,85.2            15.588144,58.402031,85.3            15.58815,58.402025,85.3            15.588169,58.40201,85.4            15.588178,58.402001,85.4            15.588188,58.401989,85.4            15.588199,58.401972,85.5            15.588206,58.401961,85.5            15.588222,58.401941,85.6            15.588235,58.401928,85.6            15.588254,58.401909,85.7            15.588275,58.401891,85.7            15.588292,58.401877,85.7            15.588318,58.401859,85.8            15.588331,58.401849,85.8            15.588352,58.401836,85.8            15.588365,58.401827,85.8            15.588381,58.401817,85.9            15.588405,58.401807,85.9            15.588431,58.401797,85.9            15.588451,58.40179,85.9            15.588476,58.401781,85.9            15.588523,58.401753,85.9            15.588571,58.401723,85.9            15.588621,58.401695,85.9            15.588639,58.401685,85.9            15.588673,58.401665,86            15.588685,58.401657,86            15.588711,58.401638,86            15.588719,58.401631,86            15.588728,58.401625,86            15.588745,58.401611,86            15.588754,58.401603,86            15.588769,58.401591,86            15.588778,58.401582,86            15.5888,58.40156,86            15.588809,58.401551,86            15.58882,58.401541,86            15.58883,58.40153,86            15.588841,58.401518,86            15.588865,58.401492,86            15.588876,58.40148,86            15.588889,58.401467,86            15.588902,58.401451,86            15.588916,58.401436,86            15.588932,58.401421,86            15.588954,58.4014,86            15.588977,58.401381,86            15.588986,58.401374,86            15.588995,58.401366,86            15.589015,58.401352,86            15.589032,58.401337,86            15.589042,58.401329,86            15.589056,58.401315,86            15.589066,58.401305,86            15.589079,58.40129,86            15.589088,58.401278,85.9            15.589096,58.401265,85.9            15.589108,58.401253,85.9            15.589136,58.401226,85.9            15.589145,58.401216,85.9            15.589181,58.401186,85.8            15.58919,58.401177,85.8            15.589224,58.401143,85.8            15.589232,58.401131,85.7            15.589243,58.401109,85.7            15.589265,58.401082,85.6            15.589296,58.401052,85.6            15.589309,58.401039,85.5            15.589323,58.401027,85.5            15.589335,58.401014,85.4            15.58935,58.400997,85.4            15.589365,58.400988,85.4            15.589406,58.400981,85.3            15.589424,58.400981,85.3            15.589443,58.40098,85.3            15.58949,58.400988,85.2            15.589515,58.400995,85.2            15.589541,58.401001,85.2            15.589567,58.401007,85.3            15.589591,58.401014,85.3            15.589641,58.401024,85.3            15.589695,58.401031,85.4            15.589711,58.401033,85.4            15.58974,58.401037,85.4            15.589772,58.401046,85.4            15.589801,58.401054,85.4            15.589826,58.401062,85.4            15.589849,58.401069,85.4            15.589868,58.401074,85.4            15.589892,58.401081,85.4            15.589955,58.401089,85.5            15.589977,58.401091,85.5            15.590006,58.401094,85.5            15.59006,58.4011,85.5            15.5901,58.401104,85.5            15.590127,58.401108,85.5            15.590162,58.401116,85.5            15.590194,58.401127,85.5            15.590217,58.401136,85.5            15.590247,58.401145,85.5            15.59031,58.40116,85.5            15.590329,58.401164,85.5            15.590356,58.40117,85.5            15.590399,58.401182,85.5            15.590447,58.401198,85.5            15.590468,58.401206,85.5            15.590513,58.401226,85.5            15.590525,58.401231,85.5            15.590563,58.40125,85.5            15.590578,58.401256,85.5            15.590635,58.401277,85.5            15.590651,58.401282,85.5            15.59067,58.401289,85.5            15.590691,58.401296,85.5            15.590725,58.401306,85.5            15.590752,58.401312,85.5            15.590784,58.401321,85.6            15.590819,58.401331,85.6            15.590834,58.401337,85.6            15.59085,58.401342,85.6            15.590871,58.401351,85.6            15.590893,58.401361,85.6            15.590926,58.401378,85.6            15.590955,58.401393,85.7            15.591002,58.401411,85.7            15.591016,58.401415,85.7            15.591047,58.401425,85.7            15.59107,58.401433,85.8            15.591127,58.401451,85.8            15.591143,58.401455,85.8            15.591174,58.401463,85.9            15.5912,58.401471,85.9            15.59126,58.401491,85.9            15.591303,58.40151,86            15.591315,58.401515,86            15.59137,58.401536,86.1            15.59139,58.401543,86.1            15.591418,58.401558,86.2            15.591434,58.401566,86.2            15.591449,58.401573,86.3            15.591468,58.401583,86.3            15.591517,58.401608,86.4            15.591532,58.401614,86.4            15.591563,58.401626,86.5            15.591586,58.401635,86.5            15.591613,58.401646,86.6            15.591656,58.401668,86.7            15.591669,58.401674,86.7            15.591688,58.401684,86.7            15.591718,58.401699,86.7            15.591753,58.401716,86.8            15.591768,58.40172,86.8            15.591815,58.401733,86.9            15.59183,58.401737,86.9            15.591854,58.401746,86.9            15.591893,58.40176,86.9            15.591925,58.40177,86.9            15.591962,58.401783,87            15.591993,58.401795,87            15.592031,58.40181,87            15.592051,58.401819,87            15.592075,58.401828,87            15.592102,58.401837,87            15.59213,58.401846,87            15.592181,58.401869,87            15.592194,58.401879,87            15.592211,58.401891,86.7            15.592225,58.401909,86.6            15.592235,58.401923,86.5            15.592245,58.401935,86.4            15.59226,58.401952,86.4            15.592268,58.401965,86.3            15.592277,58.401975,86.2            15.592288,58.40199,86.2            15.5923,58.402013,86.1            15.592302,58.40202,86            15.592304,58.402026,86            15.592317,58.402048,85.9            15.592322,58.402054,85.9            15.592328,58.402061,85.9            15.592336,58.402066,85.8            15.592344,58.402073,85.8            15.592352,58.402081,85.8            15.592358,58.402091,85.7            15.59236,58.402101,85.7            15.592366,58.40212,85.6            15.592362,58.402127,85.6            15.592361,58.402139,85.5            15.592363,58.402151,85.5            15.592366,58.402164,85.4            15.592371,58.402181,85.4            15.592386,58.402216,85.3            15.59239,58.402226,85.2            15.592394,58.402244,85.2            15.592401,58.40227,85.1            15.592408,58.402287,85.1            15.592414,58.402306,85            15.592424,58.402338,84.9            15.592427,58.402346,84.9            15.592441,58.402375,84.8            15.592444,58.402382,84.8            15.59245,58.402405,84.7            15.592455,58.402416,84.7            15.59246,58.402428,84.7            15.592468,58.402445,84.6            15.592481,58.402476,84.5            15.592487,58.402486,84.5            15.592493,58.402505,84.4            15.592496,58.40252,84.4            15.592498,58.402533,84.4            15.592504,58.402553,84.3            15.59251,58.402572,84.3            15.592517,58.402599,84.2            15.59252,58.40261,84.2            15.592524,58.402628,84.1            15.592531,58.402656,84            15.592537,58.402685,83.9            15.592543,58.4027,83.9            15.592551,58.402726,83.8            15.592554,58.402743,83.8            15.592556,58.402755,83.7            15.592558,58.402768,83.7            15.59256,58.402782,83.6            15.592567,58.402805,83.5            15.592568,58.402815,83.5            15.59257,58.402825,83.5            15.592564,58.402844,83.4            15.592564,58.402853,83.4            15.592563,58.402861,83.3            15.592568,58.402889,83.2            15.592572,58.402898,83.2            15.592578,58.40291,83.2            15.592587,58.402924,83.1            15.592602,58.402945,83            15.592622,58.40298,82.9            15.59263,58.40299,82.9            15.592636,58.403004,82.8            15.592645,58.403037,82.7            15.592654,58.403072,82.6            15.592658,58.403087,82.6            15.592661,58.403107,82.5            15.592663,58.403131,82.4            15.592662,58.403151,82.3            15.592663,58.403165,82.3            15.592666,58.403186,82.2            15.592668,58.403212,82.1            15.592674,58.403232,82            15.59268,58.403246,82            15.592684,58.40327,81.9            15.592689,58.403281,81.8            15.592693,58.403293,81.8            15.592695,58.403309,81.8            15.592693,58.403332,81.8            15.592691,58.403343,81.8            15.59269,58.403355,81.8            15.592688,58.403366,81.8            15.592686,58.403377,81.8            15.592677,58.403389,81.8            15.592659,58.403399,81.8            15.592619,58.403409,81.8            15.592585,58.40342,81.8            15.592574,58.403427,81.8            15.592563,58.403433,81.8            15.592536,58.403457,81.8            15.592526,58.403465,81.8            15.592511,58.403475,81.8            15.59249,58.403487,81.8            15.592458,58.403504,81.8            15.592443,58.403512,81.8            15.592429,58.403519,81.8            15.592398,58.403535,81.8            15.592382,58.403543,81.8            15.592365,58.403552,81.8            15.592349,58.40356,81.8            15.592333,58.403569,81.8            15.592324,58.403576,81.8            15.592313,58.403587,81.8            15.592301,58.4036,81.8            15.592284,58.403616,81.8            15.592254,58.403641,81.8            15.592225,58.403657,81.7            15.59221,58.403665,81.7            15.592194,58.403673,81.7            15.592159,58.403697,81.7            15.592148,58.403703,81.7            15.592128,58.403713,81.7            15.592109,58.403729,81.7            15.592098,58.40374,81.7            15.592087,58.403751,81.7            15.592066,58.403768,81.6            15.592043,58.403785,81.6            15.592033,58.403793,81.6            15.592023,58.403801,81.6            15.592007,58.403812,81.6            15.59199,58.403822,81.6            15.591965,58.403833,81.6            15.591941,58.403844,81.6            15.591915,58.403855,81.6            15.591892,58.403868,81.6            15.591868,58.403882,81.6            15.591848,58.403894,81.6            15.591833,58.403903,81.6            15.59181,58.403917,81.6            15.591794,58.403927,81.6            15.591762,58.403942,81.6            15.59175,58.403947,81.6            15.591738,58.403952,81.6            15.591713,58.403961,81.6            15.591688,58.40397,81.6            15.591636,58.403987,81.6            15.591621,58.403991,81.6            15.591568,58.40401,81.6            15.591556,58.404013,81.6            15.59151,58.404026,81.6            15.591489,58.404031,81.6            15.59147,58.404037,81.6            15.591436,58.404048,81.6            15.591402,58.404059,81.6            15.591369,58.40407,81.6            15.591339,58.404078,81.6            15.591322,58.404085,81.6            15.591294,58.404099,81.6            15.591282,58.404105,81.6            15.59127,58.404111,81.6            15.591241,58.404123,81.6            15.591223,58.40413,81.6            15.591199,58.404138,81.6            15.591161,58.404149,81.6            15.591114,58.404163,81.6            15.591097,58.404167,81.6            15.591073,58.404172,81.6            15.591046,58.404176,81.6            15.591011,58.404182,81.6            15.590987,58.404189,81.6            15.590923,58.404213,81.6            15.590907,58.404219,81.6            15.59089,58.404226,81.6            15.590874,58.404232,81.6            15.590848,58.404241,81.6            15.590819,58.40425,81.6            15.59079,58.40426,81.6            15.590764,58.404271,81.6            15.59074,58.404283,81.6            15.590714,58.404294,81.6            15.590688,58.404304,81.6            15.590662,58.404314,81.6            15.590638,58.404326,81.6            15.590618,58.404337,81.6            15.590589,58.404352,81.6            15.590557,58.404367,81.6            15.590516,58.404383,81.6            15.5905,58.404388,81.6            15.590482,58.404396,81.6            15.590466,58.404405,81.6            15.590439,58.404416,81.6            15.590409,58.404428,81.6            15.590378,58.404441,81.6            15.590357,58.40445,81.6            15.590338,58.404457,81.6            15.590301,58.40447,81.6            15.590266,58.404479,81.6            15.590227,58.404491,81.6            15.590192,58.404501,81.6            15.590162,58.404516,81.6            15.59013,58.404527,81.6            15.590106,58.404533,81.6            15.590083,58.40454,81.6            15.590051,58.404549,81.6            15.590026,58.404555,81.6            15.589997,58.404561,81.7            15.589956,58.404567,81.7            15.589938,58.404571,81.7            15.58992,58.404574,81.7            15.589882,58.40458,81.7            15.589867,58.404582,81.7            15.589851,58.404584,81.7            15.589813,58.404586,81.7            15.589797,58.404586,81.7            15.589781,58.404585,81.7            15.589742,58.404577,81.7            15.589728,58.404574,81.7            15.589715,58.40457,81.7            15.589681,58.404559,81.7            15.589668,58.404555,81.7            15.589654,58.40455,81.7            15.589632,58.404544,81.7            15.589592,58.404539,81.8            15.58956,58.404537,81.8            15.589531,58.404537,81.8            15.589503,58.404538,81.8            15.589475,58.404538,81.8            15.589447,58.40454,81.8            15.58942,58.404538,81.8            15.58939,58.404535,81.8            15.589363,58.404532,81.8            15.589334,58.404529,81.8            15.589305,58.404525,81.8            15.589281,58.404524,81.8            15.589261,58.404526,81.8            15.589243,58.404527,81.8            15.589206,58.404518,81.8            15.589194,58.404513,81.8            15.589182,58.404508,81.8            15.589165,58.404496,81.8            15.589149,58.404482,81.8            15.589136,58.404468,81.8            15.589126,58.404454,81.8            15.589114,58.404438,81.8            15.589104,58.404417,81.8            15.589093,58.404404,81.8            15.589072,58.404383,81.7            15.589038,58.404356,81.7            15.589032,58.40435,81.7            15.589018,58.404339,81.7            15.58899,58.404316,81.6            15.588976,58.404302,81.6            15.588957,58.404285,81.6            15.588944,58.404273,81.6            15.58893,58.40426,81.5            15.588915,58.404246,81.5            15.588898,58.404231,81.5            15.588878,58.404215,81.5            15.588853,58.404197,81.5            15.588832,58.404182,81.5            15.588812,58.404166,81.5            15.588797,58.404138,81.4            15.588792,58.404123,81.4            15.588789,58.404109,81.4            15.588783,58.404093,81.4            15.588766,58.404057,81.4            15.588762,58.404044,81.4            15.588755,58.404025,81.4            15.588736,58.403994,81.4            15.588713,58.403969,81.4            15.588699,58.403935,81.4            15.588695,58.403918,81.4            15.588679,58.4039,81.4            15.588665,58.40388,81.4            15.588656,58.403872,81.4            15.588648,58.403863,81.4            15.58863,58.403856,81.4            15.588612,58.403851,81.4            15.588589,58.403856,81.4            15.588558,58.403847,81.4            15.58854,58.403838,81.4            15.588515,58.403824,81.4            15.588484,58.403804,81.4            15.588473,58.403794,81.4            15.588446,58.403772,81.3            15.588433,58.40376,81.3            15.588421,58.403747,81.3            15.588398,58.403721,81.3            15.588392,58.403713,81.3            15.588382,58.403702,81.3            15.588372,58.403692,81.3            15.588352,58.403664,81.3            15.588334,58.403636,81.3            15.588329,58.403628,81.3            15.588318,58.403612,81.3            15.588307,58.403597,81.3            15.588281,58.403568,81.3            15.588277,58.403561,81.3            15.588265,58.403547,81.3            15.588254,58.403534,81.3            15.588235,58.403513,81.3            15.58821,58.403488,81.3            15.588197,58.403474,81.3            15.588179,58.403456,81.3            15.588167,58.403442,81.3            15.588156,58.40343,81.3            15.58814,58.403409,81.3            15.588137,58.403399,81.3            15.588128,58.403381,81.3            15.588123,58.403373,81.3            15.588118,58.403364,81.3            15.588111,58.403355,81.3            15.588099,58.403343,81.3            15.58809,58.403334,81.3            15.588077,58.403317,81.3            15.588067,58.403299,81.3            15.588059,58.403286,81.3            15.588044,58.403271,81.3            15.58803,58.40326,81.4            15.588012,58.403249,81.4            15.587996,58.403239,81.4            15.587981,58.40323,81.4            15.587953,58.403215,81.4            15.587937,58.403208,81.4            15.587911,58.403197,81.4            15.587893,58.403191,81.4            15.587877,58.403183,81.4            15.587861,58.403174,81.4            15.587827,58.403151,81.5            15.587816,58.403144,81.5            15.587797,58.403132,81.5            15.58778,58.403119,81.5            15.587767,58.403105,81.5            15.587754,58.403088,81.6            15.587731,58.403064,81.6            15.587723,58.403056,81.6            15.587707,58.403041,81.6            15.587689,58.403026,81.7            15.587673,58.403013,81.7            15.587659,58.402999,81.7            15.587644,58.402984,81.8            15.587625,58.402966,81.8            15.587611,58.402952,81.8            15.587597,58.402934,81.9            15.587586,58.402918,81.9            15.587578,58.402903,82            15.587567,58.402881,82            15.587558,58.402853,82.1            15.587547,58.402823,82.1            15.587543,58.402814,82.2            15.587532,58.402799,82.2            15.587521,58.402779,82.2            15.587512,58.402757,82.3            15.587509,58.402747,82.3            15.587506,58.402738,82.3            15.587508,58.402727,82.3            15.587512,58.402716,82.4            15.587517,58.402707,82.4            15.587523,58.402694,82.4            15.587527,58.402687,82.4            15.587529,58.402682,82.5            15.587533,58.402683,82.5            15.58754,58.402679,82.5            15.587546,58.402678,82.5            15.587582,58.402644,82.7            15.587592,58.402621,82.8            15.58759,58.402597,82.9            15.587585,58.402569,83            15.587588,58.402555,83.1            15.587597,58.40252,83.3            15.587608,58.40249,83.4            15.587612,58.402478,83.4            15.587616,58.402461,83.5            15.587622,58.40244,83.6            15.587647,58.402415,83.7            15.587657,58.402406,83.8            15.587672,58.402391,83.9            15.58769,58.402368,84            15.587705,58.402349,84            15.587717,58.402338,84.1            15.587727,58.40233,84.1            15.587741,58.40232,84.2            15.587751,58.402312,84.2            15.587757,58.402298,84.3            15.587758,58.40229,84.3            15.587759,58.402281,84.3            15.58776,58.402272,84.4            15.587761,58.402263,84.4            15.587762,58.402255,84.4            15.587763,58.402246,84.5            15.587782,58.402208,84.6            15.587794,58.402177,84.7            15.587803,58.402151,84.8            15.587808,58.40214,84.8            15.587821,58.402121,84.9            15.587851,58.402102,84.9            15.587903,58.402084,85            15.587917,58.402078,85.1            15.587961,58.402057,85.2            15.588002,58.402034,85.2            15.588032,58.402016,85.3            15.588042,58.401995,85.4            15.58808,58.401971,85.4            15.5881,58.401962,85.5            15.588148,58.401945,85.6            15.588171,58.401941,85.6            15.588188,58.401933,85.6            15.588201,58.401924,85.6            15.588214,58.401915,85.7            15.588227,58.401906,85.7            15.588267,58.40188,85.7            15.588285,58.401869,85.8            15.588324,58.401843,85.8            15.58834,58.401833,85.8            15.588388,58.401807,85.9            15.588403,58.401798,85.9            15.588439,58.401773,85.9            15.58845,58.401763,85.9            15.588469,58.401748,85.9            15.588482,58.401739,85.9            15.588494,58.401731,85.9            15.588519,58.401718,85.9            15.588536,58.401711,85.9            15.588556,58.401707,85.9            15.588591,58.401701,85.9            15.588643,58.401689,86            15.588665,58.401678,86            15.58868,58.40167,86            15.58869,58.401665,86            15.588699,58.401657,86            15.588716,58.401647,86            15.588721,58.401641,86            15.58873,58.401634,86            15.588739,58.401626,86            15.588747,58.401617,86            15.588755,58.401607,86            15.588767,58.401595,86            15.588772,58.401587,86            15.588781,58.401576,86            15.588789,58.401566,86            15.588799,58.401554,86            15.588809,58.401543,86            15.588823,58.401527,86            15.588826,58.401518,86            15.588834,58.401507,86            15.588848,58.40149,86            15.588856,58.401483,86            15.588868,58.401473,86            15.588872,58.401472,86            15.588882,58.401467,86            15.588886,58.401466,86            15.588892,58.401466,86            15.5889,58.401464,86            15.588909,58.40146,86            15.588921,58.401455,86            15.588938,58.401445,86            15.58895,58.401439,86            15.588955,58.401436,86            15.58896,58.401433,86            15.588978,58.401426,86            15.588993,58.401418,86            15.589011,58.40141,86            15.589029,58.4014,86            15.589037,58.401395,86            15.589047,58.40139,86            15.589053,58.401389,86            15.589058,58.401386,86            15.589065,58.401382,86            15.589073,58.401376,86            15.589083,58.401368,86            15.589102,58.401351,86            15.589116,58.401331,85.9            15.589125,58.401316,85.9            15.589141,58.401284,85.9            15.589146,58.401275,85.9            15.589158,58.401258,85.9            15.589171,58.401243,85.8            15.589185,58.401229,85.8            15.589195,58.401219,85.8            15.589208,58.401202,85.8            15.589218,58.401187,85.7            15.589227,58.401176,85.7            15.589233,58.401162,85.7            15.58924,58.401138,85.6            15.589245,58.401128,85.6            15.589261,58.401109,85.6            15.589273,58.401093,85.5            15.589287,58.401069,85.5            15.589295,58.401052,85.4            15.589301,58.401036,85.4            15.589307,58.401021,85.3            15.589324,58.401001,85.3            15.589342,58.400981,85.2            15.589359,58.400956,85.2            15.589372,58.400944,85.2            15.589383,58.400933,85.1            15.5894,58.400916,85.1            15.589432,58.400889,85            15.589447,58.400877,85            15.589461,58.400866,85            15.589476,58.400854,84.9            15.589491,58.400843,84.9            15.589512,58.400829,84.9            15.589545,58.400809,85            15.589563,58.400797,85.1            15.589575,58.400789,85.1            15.589586,58.400782,85.1            15.589598,58.400773,85.2            15.58961,58.400764,85.2            15.589618,58.400757,85.2            15.589628,58.400749,85.3            15.589644,58.400738,85.3            15.589654,58.40073,85.4            15.589674,58.400713,85.4            15.589686,58.400704,85.5            15.589723,58.400682,85.6            15.589734,58.400675,85.6            15.589773,58.400651,85.8            15.589786,58.400642,85.8            15.589818,58.40062,85.9            15.589829,58.400607,86            15.589847,58.400592,86.1            15.589865,58.400578,86.1            15.589888,58.400559,86.2            15.589918,58.400534,86.4            15.589926,58.400526,86.4            15.58995,58.400512,86.5            15.589969,58.400504,86.6            15.589988,58.400496,86.7            15.59001,58.400484,86.8            15.590022,58.400478,86.8            15.590032,58.400473,86.8            15.590039,58.400469,86.9            15.590048,58.400463,86.9            15.590056,58.400455,87            15.590062,58.40045,87            15.590079,58.400439,87.1            15.590131,58.400409,87.3            15.590155,58.400394,87.4            15.590195,58.400365,87.7            15.590228,58.400334,87.9            15.590237,58.400325,88            15.590256,58.400308,88.1            15.590272,58.400295,88.2            15.590293,58.400275,88.4            15.590302,58.400265,88.5            15.590315,58.400249,88.6            15.590325,58.400232,88.8            15.590333,58.40021,88.9            15.590333,58.400197,89            15.590333,58.400152,89.4            15.590335,58.400137,89.5            15.590336,58.400122,89.6            15.590341,58.400093,89.8            15.590342,58.400085,89.8            15.590344,58.400068,89.9            15.590347,58.40005,90            15.590351,58.400033,90.1            15.590351,58.399999,90.3            15.59035,58.399985,90.4            15.590348,58.39997,90.5            15.590343,58.399955,90.6            15.590337,58.399941,90.6            15.590331,58.399929,90.7            15.590337,58.399909,90.8            15.590364,58.399881,90.9            15.590375,58.399868,91            15.590386,58.39984,91.1            15.590389,58.399827,91.2            15.590392,58.399814,91.2            15.590395,58.399801,91.3            15.590396,58.399782,91.3            15.590398,58.39975,91.5            15.590399,58.399725,91.5            15.590405,58.399702,91.6            15.590408,58.399692,91.7            15.590412,58.399683,91.7            15.590414,58.399673,91.7            15.590412,58.399663,91.7            15.590412,58.399653,91.8            15.590411,58.399646,91.8            15.590408,58.399638,91.8            15.590407,58.399626,91.9            15.590406,58.399621,91.9            15.590405,58.399612,91.9            15.590407,58.399602,91.9            15.590406,58.399593,91.9            15.590401,58.399581,91.9            15.590396,58.399572,91.9            15.590385,58.399552,91.9            15.590375,58.399537,91.9            15.590368,58.399526,91.8            15.590359,58.399506,91.8            15.590356,58.399496,91.8            15.590353,58.399486,91.8            15.590353,58.399473,91.8            15.590355,58.39945,91.8            15.590358,58.399433,91.8            15.590361,58.399417,91.7            15.590371,58.399391,91.7            15.590386,58.399371,91.6            15.590447,58.399313,91.5            15.59049,58.399281,91.4            15.590502,58.399271,91.3            15.590528,58.399244,91.2            15.59055,58.399215,91.1            15.590554,58.399206,91.1            15.590561,58.399185,91            15.590563,58.399176,91            15.590567,58.399162,90.9            15.590575,58.399146,90.9            15.590581,58.399125,90.8            15.590582,58.399118,90.7            15.590592,58.399104,90.6            15.590617,58.399077,90.5            15.590644,58.399052,90.4            15.590654,58.399041,90.3            15.590678,58.399004,90            15.590696,58.398971,89.8            15.590702,58.398958,89.8            15.590709,58.39894,89.6            15.590714,58.398924,89.5            15.590718,58.398906,89.4            15.590727,58.398888,89.3            15.590737,58.398871,89.2            15.590748,58.398861,89.1            15.590759,58.398851,89            15.590766,58.39884,88.9            15.590768,58.398832,88.8            15.590784,58.39881,88.7            15.590799,58.398797,88.6            15.590813,58.398783,88.4            15.590827,58.398769,88.3            15.590856,58.398742,88.1            15.590863,58.398734,88            15.590877,58.398719,87.9            15.59089,58.398697,87.7            15.5909,58.398678,87.5            15.590898,58.398663,87.4            15.590901,58.398652,87.3            15.590905,58.398635,87.2            15.590906,58.398625,87.1            15.590905,58.398611,87            15.590906,58.398596,86.9            15.590916,58.398578,86.8            15.59093,58.39856,86.8            15.590935,58.398549,86.8            15.590942,58.398532,86.7            15.590947,58.398517,86.7            15.590954,58.398503,86.6            15.590959,58.398493,86.6            15.590968,58.39848,86.5            15.590977,58.398469,86.5            15.59099,58.39845,86.4            15.591002,58.398436,86.3            15.591017,58.398423,86.3            15.591027,58.39841,86.2            15.591035,58.398401,86.2            15.591047,58.39839,86.2            15.591055,58.398382,86.1            15.591066,58.398372,86.1            15.591081,58.39836,86.1            15.591098,58.398346,86            15.591113,58.398333,86            15.591127,58.398325,86            15.591156,58.39831,85.9            15.591171,58.398304,85.9            15.591189,58.398298,85.9            15.591198,58.398293,85.9            15.591207,58.398287,85.9            15.591222,58.398275,85.9            15.591228,58.398267,85.9            15.591248,58.398243,85.8            15.591258,58.398231,85.8            15.591297,58.398203,85.8            15.591313,58.398191,85.8            15.591384,58.398126,85.7            15.59143,58.398097,85.7            15.591446,58.398086,85.7            15.591485,58.398066,85.7            15.591501,58.398058,85.7            15.59153,58.398043,85.7            15.591544,58.398035,85.6            15.591557,58.398027,85.6            15.591584,58.398006,85.6            15.591596,58.397996,85.6            15.591616,58.397978,85.6            15.591628,58.39797,85.6            15.591639,58.397961,85.6            15.591654,58.397956,85.6            15.591687,58.397946,85.6            15.59171,58.397936,85.6            15.591732,58.397925,85.7            15.591788,58.397895,85.7            15.591857,58.397856,85.8            15.591915,58.397825,85.8            15.591936,58.397811,85.8            15.591972,58.397785,85.9            15.592018,58.397756,85.9            15.592035,58.397745,85.9            15.59205,58.397736,85.9            15.592074,58.397721,86            15.592091,58.397714,86            15.592107,58.397708,86            15.592123,58.3977,86            15.592125,58.397698,86            15.592134,58.39769,86            15.592148,58.397676,86            15.592173,58.397653,86.1            15.592184,58.397642,86.1            15.592199,58.397628,86.1            15.59221,58.397618,86.1            15.592228,58.397602,86.1            15.592246,58.397588,86.1            15.592259,58.397578,86.1            15.592271,58.397568,86.1            15.592281,58.397558,86.1            15.592296,58.397546,86.1            15.592317,58.397525,86.1            15.592339,58.397505,86.1            15.592355,58.397495,86.1            15.59237,58.397484,86.1            15.592408,58.397466,86            15.592447,58.397444,86            15.592489,58.397415,85.9            15.59253,58.397384,85.9            15.592546,58.397373,85.8            15.592602,58.397332,85.7            15.592617,58.397318,85.7            15.592633,58.397304,85.6            15.592639,58.397292,85.6            15.592648,58.397278,85.6            15.592665,58.397242,85.5            15.592668,58.397231,85.4            15.592686,58.397201,85.4            15.592688,58.397195,85.4            15.592693,58.397182,85.3            15.592694,58.397163,85.3            15.592693,58.397151,85.2            15.592696,58.397136,85.2            15.592704,58.39712,85.2            15.592714,58.397104,85.1            15.592722,58.397084,85.1            15.592727,58.397073,85            15.592742,58.397055,85            15.592766,58.397048,85            15.592816,58.397039,84.9            15.592834,58.397036,84.9            15.592882,58.397015,84.8            15.592898,58.397003,84.8            15.592913,58.396992,84.8            15.592928,58.39698,84.7            15.592955,58.396951,84.7            15.592962,58.396942,84.7            15.592966,58.396933,84.7            15.59299,58.396914,84.6            15.593,58.396904,84.6            15.593,58.396892,84.6            15.593005,58.396878,84.6            15.593009,58.396863,84.5            15.593013,58.396854,84.5            15.59302,58.396842,84.5            15.59303,58.396822,84.5            15.593033,58.396814,84.4            15.593035,58.396806,84.4            15.593037,58.396797,84.4            15.593042,58.39679,84.4            15.593078,58.396761,84.3            15.593113,58.396733,84.3            15.593122,58.396725,84.3            15.593141,58.396711,84.2            15.593159,58.396698,84.2            15.593182,58.396677,84.1            15.59319,58.396668,84.1            15.593198,58.396659,84.1            15.593207,58.396649,84.1            15.593221,58.396639,84            15.593234,58.396628,84            15.593249,58.396609,84            15.593254,58.3966,84            15.593259,58.396592,83.9            15.593269,58.396572,83.9            15.593277,58.39656,83.9            15.593284,58.396549,83.9            15.593292,58.396537,83.9            15.5933,58.396525,83.9            15.59331,58.396509,83.9            15.593317,58.396498,83.9            15.593327,58.396484,83.9            15.593344,58.396462,84            15.593365,58.396444,84            15.593374,58.396436,84            15.593382,58.396429,84            15.593393,58.396421,84            15.593407,58.396412,84            15.593414,58.396406,84            15.593425,58.396399,84            15.593439,58.396391,84            15.593453,58.396384,84.1            15.593467,58.396376,84.1            15.593488,58.396361,84.1            15.593503,58.396343,84.1            15.593511,58.396334,84.1            15.593519,58.396324,84.1            15.593534,58.39631,84.2            15.593562,58.396282,84.2            15.593581,58.396257,84.2            15.593588,58.396247,84.3            15.593614,58.396216,84.3            15.593622,58.396206,84.3            15.593655,58.396176,84.4            15.593669,58.396164,84.4            15.59371,58.396136,84.4            15.593725,58.396126,84.4            15.593791,58.396092,84.5            15.593818,58.396079,84.6            15.593844,58.396067,84.6            15.5939,58.396046,84.7            15.593924,58.396036,84.8            15.593959,58.396027,84.8            15.594024,58.396013,84.9            15.594049,58.396007,85            15.594087,58.395999,85            15.594121,58.395993,85.1            15.594142,58.395989,85.1            15.594178,58.395981,85.1            15.594193,58.395977,85.1            15.594216,58.395971,85.2            15.594242,58.395965,85.2            15.594269,58.395957,85.3            15.594297,58.395949,85.3            15.594343,58.395936,85.4            15.594383,58.395926,85.4            15.594407,58.395921,85.4            15.594435,58.395918,85.5            15.59446,58.395913,85.5            15.594494,58.395904,85.5            15.594518,58.395898,85.5            15.594545,58.39589,85.6            15.594572,58.395883,85.6            15.594613,58.395873,85.6            15.594663,58.395857,85.7            15.594689,58.395848,85.7            15.594731,58.395833,85.7            15.594763,58.395819,85.7            15.594807,58.3958,85.7            15.594828,58.395792,85.7            15.594854,58.395786,85.7            15.594872,58.395783,85.7            15.59489,58.395782,85.7            15.594916,58.395781,85.7            15.594945,58.395784,85.8            15.594977,58.395784,85.8            15.595008,58.395781,85.8            15.595028,58.395777,85.8            15.595048,58.395774,85.8            15.595092,58.395763,85.8            15.595113,58.395759,85.8            15.595133,58.395754,85.8            15.595154,58.39575,85.8            15.595175,58.395745,85.8            15.595218,58.395746,85.8            15.595238,58.395746,85.8            15.595257,58.395747,85.8            15.595276,58.395749,85.8            15.595313,58.395749,85.8            15.59538,58.395748,85.9            15.595396,58.395747,85.9            15.595441,58.395748,85.9            15.595463,58.395749,85.9            15.595517,58.395755,85.9            15.595532,58.395757,85.9            15.595586,58.395767,85.9            15.595637,58.395776,86            15.595712,58.395785,86            15.595736,58.395786,86            15.59576,58.395787,86            15.595791,58.395788,86            15.595827,58.395785,86.1            15.595881,58.395779,86.1            15.595898,58.395777,86.1            15.595959,58.395761,86.2            15.595974,58.395754,86.2            15.595999,58.395744,86.2            15.596031,58.395736,86.2            15.596054,58.395735,86.3            15.59609,58.395739,86.3            15.596128,58.395744,86.4            15.596143,58.395754,86.4            15.596164,58.395761,86.4            15.596185,58.395764,86.4            15.596208,58.395766,86.5            15.596246,58.395769,86.5            15.596265,58.39577,86.5            15.596286,58.395772,86.6            15.596322,58.395774,86.6            15.596344,58.395775,86.7            15.596383,58.395779,86.7            15.596409,58.395782,86.8            15.596457,58.395787,86.8            15.596487,58.395791,86.9            15.596517,58.395796,86.9            15.596576,58.395807,87.1            15.596588,58.39581,87.1            15.596617,58.395816,87.2            15.596644,58.395821,87.2            15.596668,58.395826,87.3            15.596719,58.395838,87.4            15.596732,58.395842,87.4            15.596754,58.395847,87.5            15.596779,58.39585,87.6            15.596807,58.395849,87.6            15.596873,58.395845,87.8            15.596924,58.395843,88            15.596955,58.395842,88.1            15.597003,58.395844,88.2            15.597058,58.395843,88.4            15.597091,58.395842,88.5            15.59712,58.39584,88.6            15.597148,58.395839,88.7            15.597176,58.395838,88.7            15.597201,58.395839,88.8            15.597247,58.395841,89            15.597269,58.395844,89            15.5973,58.395848,89.1            15.597327,58.395851,89.2            15.597365,58.395852,89.3            15.597405,58.395853,89.5            15.597428,58.395854,89.5            15.597486,58.395858,89.7            15.597498,58.395858,89.7            15.597542,58.395859,89.8            15.597566,58.39586,89.8            15.597596,58.39586,89.8            15.597626,58.395859,89.9            15.597667,58.395855,90            15.597694,58.39585,90            15.597724,58.395846,90.1            15.597745,58.395842,90.2            15.597785,58.395838,90.2            15.59781,58.395838,90.3            15.597844,58.395839,90.3            15.597879,58.395838,90.4            15.597911,58.395837,90.4            15.597934,58.395836,90.5            15.597957,58.395834,90.5            15.598005,58.395823,90.6            15.598021,58.395817,90.6            15.598039,58.395811,90.6            15.598058,58.395806,90.6            15.598077,58.395801,90.6            15.598119,58.39579,90.7            15.598153,58.395783,90.7            15.59817,58.395778,90.7            15.598187,58.395774,90.7            15.598218,58.395767,90.7            15.598251,58.395761,90.7            15.598265,58.395757,90.7            15.598302,58.395747,90.6            15.598324,58.395741,90.6            15.598358,58.395734,90.6            15.598404,58.395722,90.5            15.598411,58.39572,90.5            15.598436,58.395712,90.5            15.598454,58.395705,90.5            15.598492,58.395682,90.4            15.598505,58.395674,90.3            15.598517,58.395664,90.3            15.598541,58.395647,90.3            15.598563,58.395637,90.2            15.598587,58.39563,90.2            15.598621,58.395624,90.1            15.598641,58.395625,90.1            15.598665,58.395624,90.1            15.598715,58.395619,90            15.598743,58.395616,90            15.59879,58.395605,89.9            15.598811,58.395595,89.9            15.598836,58.395584,89.8            15.598862,58.395574,89.8            15.598889,58.395566,89.8            15.598938,58.395556,89.7            15.598958,58.395552,89.7            15.598983,58.395548,89.7            15.59901,58.395545,89.6            15.599073,58.395544,89.6            15.599087,58.395544,89.6            15.599122,58.395541,89.5            15.599149,58.395538,89.5            15.599187,58.395535,89.5            15.599216,58.395531,89.4            15.599242,58.395529,89.4            15.599291,58.395526,89.4            15.599354,58.395522,89.3            15.599368,58.395521,89.3            15.599402,58.395527,89.3            15.599456,58.395535,89.2            15.599492,58.395536,89.2            15.599535,58.39553,89.2            15.599556,58.395523,89.2            15.599593,58.395512,89.2            15.599616,58.395503,89.1            15.599639,58.395493,89.1            15.599667,58.395483,89.1            15.599689,58.395478,89            15.599716,58.395472,89            15.59973,58.395469,89            15.599748,58.395465,89            15.599765,58.395463,88.9            15.599794,58.395465,88.9            15.599809,58.395468,88.9            15.599831,58.39547,88.9            15.599848,58.395471,88.9            15.59986,58.39547,88.8            15.599873,58.395467,88.8            15.599896,58.395461,88.8            15.599934,58.39545,88.8            15.599964,58.395442,88.7            15.599989,58.395436,88.7            15.600016,58.395429,88.7            15.600046,58.395423,88.7            15.600095,58.395412,88.6            15.60015,58.3954,88.6            15.600164,58.395397,88.6            15.600203,58.395389,88.6            15.600266,58.395375,88.5            15.600302,58.395369,88.5            15.600317,58.395366,88.5            15.600332,58.395364,88.5            15.600362,58.395356,88.5            15.60038,58.395352,88.5            15.600408,58.395341,88.5            15.60043,58.39533,88.5            15.600442,58.395318,88.4            15.600459,58.395302,88.4            15.600477,58.395289,88.4            15.600495,58.395278,88.4            15.600513,58.395271,88.4            15.60054,58.39526,88.3            15.600553,58.395255,88.3            15.600583,58.39524,88.3            15.600599,58.39523,88.3            15.60062,58.395217,88.2            15.600649,58.395196,88.2            15.600663,58.395187,88.2            15.600676,58.395178,88.2            15.600706,58.395151,88.1            15.600713,58.395145,88.1            15.600727,58.395134,88.1            15.600745,58.395119,88.1            15.600771,58.395101,88            15.600781,58.395095,88            15.600791,58.395089,88            15.600818,58.395075,88            15.600841,58.395063,87.9            15.600881,58.395045,87.9            15.600936,58.395019,87.8            15.60097,58.394998,87.7            15.601017,58.394971,87.6            15.601032,58.394963,87.6            15.601082,58.394944,87.5            15.6011,58.394936,87.5            15.601121,58.394928,87.5            15.601143,58.394919,87.4            15.601177,58.394907,87.4            15.60119,58.394902,87.4            15.601204,58.394898,87.4            15.601229,58.39489,87.3            15.601254,58.394886,87.3            15.60128,58.39488,87.3            15.601304,58.394875,87.3            15.601334,58.394868,87.2            15.601376,58.394857,87.2            15.601427,58.394843,87.2            15.60144,58.394838,87.1            15.601497,58.394817,87.1            15.601515,58.39481,87.1            15.601539,58.394802,87.1            15.601566,58.394793,87.1            15.601594,58.394787,87.1            15.601624,58.394783,87            15.601654,58.394782,87.1            15.601727,58.394783,87.1            15.601784,58.394787,87.1            15.601803,58.394787,87.1            15.601861,58.394791,87.2            15.601881,58.394792,87.2            15.601961,58.3948,87.3            15.601984,58.394804,87.3            15.602008,58.394808,87.4            15.602058,58.394819,87.4            15.602073,58.394821,87.5            15.602104,58.394827,87.5            15.602129,58.394832,87.5            15.602179,58.394846,87.6            15.602191,58.39485,87.6            15.602215,58.394863,87.6            15.602241,58.394882,87.6            15.602252,58.394894,87.6            15.602263,58.394906,87.6            15.602275,58.394918,87.5            15.602289,58.394929,87.5            15.602317,58.394946,87.5            15.602334,58.394954,87.4            15.602378,58.394975,87.4            15.602391,58.394982,87.3            15.602409,58.394991,87.3            15.602436,58.395005,87.2            15.60245,58.395011,87.1            15.602478,58.395024,87            15.602497,58.395035,87            15.602525,58.395052,86.9            15.602551,58.39507,86.7            15.602561,58.395076,86.7            15.60257,58.395082,86.6            15.602597,58.395099,86.5            15.602606,58.395107,86.5            15.602616,58.395114,86.4            15.602642,58.395132,86.3            15.602652,58.395139,86.2            15.602675,58.395151,86.1            15.602688,58.39516,86.1            15.602697,58.395168,86            15.60271,58.395182,85.9            15.602714,58.395191,85.9            15.602719,58.395201,85.8            15.602726,58.395213,85.8            15.602736,58.395231,85.7            15.602747,58.39525,85.6            15.602757,58.395261,85.5            15.602776,58.395278,85.5            15.602801,58.395296,85.4            15.602819,58.395313,85.3            15.602829,58.395321,85.2            15.602845,58.395343,85.2            15.602849,58.395356,85.1            15.602853,58.395368,85.1            15.602856,58.39538,85            15.60286,58.395392,85            15.602864,58.395405,84.9            15.602868,58.395417,84.9            15.602867,58.395447,84.8            15.602866,58.395455,84.8            15.602863,58.395468,84.7            15.602864,58.395479,84.7            15.602865,58.395503,84.6            15.602866,58.395528,84.6            15.602861,58.395568,84.5            15.602856,58.395599,84.5            15.602846,58.395643,84.5            15.602844,58.395659,84.5            15.602841,58.395674,84.4            15.602839,58.395705,84.4            15.602838,58.395715,84.4            15.602837,58.39573,84.4            15.602838,58.395749,84.4            15.602837,58.395779,84.4            15.602838,58.395786,84.4            15.602838,58.395807,84.4            15.602838,58.395828,84.5            15.602843,58.395858,84.5            15.602847,58.395871,84.5            15.602853,58.395889,84.5            15.602859,58.395903,84.5            15.602866,58.395927,84.5            15.602863,58.395958,84.6            15.602861,58.395965,84.6            15.602856,58.395998,84.6            15.602854,58.396006,84.6            15.602852,58.396034,84.6            15.602851,58.396044,84.7            15.602853,58.396057,84.7            15.602856,58.396081,84.7            15.602852,58.396111,84.8            15.60285,58.396118,84.8            15.602842,58.396149,84.8            15.602839,58.396155,84.8            15.602826,58.396171,84.9            15.602808,58.396189,84.9            15.602788,58.396209,85            15.602777,58.396218,85            15.60276,58.396229,85            15.602747,58.396237,85.1            15.602732,58.396244,85.1            15.602712,58.396253,85.1            15.602687,58.396265,85.2            15.602663,58.396282,85.2            15.602649,58.396295,85.2            15.602621,58.396318,85.3            15.602601,58.39633,85.3            15.602589,58.396341,85.3            15.602576,58.396354,85.3            15.602563,58.396367,85.4            15.602537,58.396387,85.4            15.602527,58.396393,85.4            15.602502,58.396404,85.4            15.602482,58.39641,85.4            15.602459,58.396417,85.4            15.602426,58.396428,85.4            15.60241,58.396432,85.4            15.602383,58.39644,85.3            15.602371,58.396444,85.3            15.60237,58.396443,85.3            15.602373,58.39644,85.3            15.602374,58.39644,85.3            15.602372,58.396443,85.3            15.602369,58.396445,85.3            15.602368,58.39645,85.3            15.602365,58.396454,85.3            15.602364,58.396461,85.3            15.602367,58.396469,85.3            15.602374,58.396478,85.3            15.602385,58.39649,85.2            15.602399,58.396502,85.2            15.602409,58.396508,85.2            15.602436,58.396524,85.2            15.602449,58.396532,85.2            15.602461,58.39654,85.1            15.602479,58.396553,85.1            15.602502,58.396569,85.1            15.602526,58.396586,85            15.602538,58.396594,85            15.602554,58.396604,85            15.602557,58.396603,85            15.602583,58.396599,85            15.60259,58.396599,84.9            15.602618,58.396602,84.9            15.602653,58.396609,84.9            15.602699,58.396631,84.8            15.602746,58.39666,84.6            15.602771,58.396674,84.5            15.602794,58.396683,84.5            15.602818,58.396691,84.4            15.602843,58.396696,84.4            15.602895,58.396695,84.3            15.602903,58.396692,84.3            15.602915,58.39669,84.2            15.602927,58.396689,84.2            15.60294,58.396691,84.2            15.602953,58.396699,84.1            15.60297,58.39673,84            15.602973,58.396737,84            15.602988,58.396776,83.9            15.602993,58.396788,83.9            15.603016,58.396828,83.8            15.603024,58.396842,83.8            15.603033,58.396856,83.8            15.603045,58.396869,83.8            15.603064,58.396887,83.8            15.603078,58.396902,83.8            15.603093,58.396919,83.8            15.603103,58.396933,83.8            15.60312,58.396959,83.9            15.603147,58.396993,83.9            15.603155,58.397002,83.9            15.603178,58.39702,83.9            15.603193,58.397031,83.9            15.603209,58.397041,83.9            15.603233,58.397057,84            15.603263,58.397059,84            15.603294,58.397062,84            15.603347,58.397079,84            15.603357,58.397083,84            15.603384,58.397098,84.1            15.603397,58.397109,84.1            15.603407,58.397119,84.1            15.603411,58.397128,84.1            15.603417,58.397137,84.1            15.603427,58.397164,84.1            15.603431,58.397173,84.1            15.603446,58.3972,84.1            15.603457,58.397216,84            15.603482,58.397246,84            15.603492,58.397256,84            15.603507,58.397273,83.9            15.603529,58.397294,83.9            15.603538,58.397304,83.8            15.603548,58.397315,83.8            15.603557,58.397325,83.8            15.603566,58.397335,83.7            15.603594,58.397356,83.6            15.603606,58.397365,83.6            15.60364,58.397393,83.4            15.603651,58.397403,83.4            15.60367,58.397427,83.3            15.603689,58.397448,83.2            15.603706,58.397468,83.1            15.603716,58.397486,83            15.603723,58.397495,83            15.603738,58.397506,82.9            15.60375,58.397517,82.9            15.603765,58.397528,82.8            15.603778,58.397534,82.7            15.603797,58.397543,82.7            15.60381,58.39755,82.6            15.603824,58.397559,82.6            15.603844,58.397575,82.5            15.603875,58.397601,82.3            15.603885,58.397609,82.2            15.6039,58.397622,82.1            15.603914,58.397636,82.1            15.603943,58.397669,81.8            15.603951,58.397679,81.8            15.603959,58.397695,81.7            15.603966,58.397719,81.5            15.603974,58.397733,81.4            15.603982,58.397745,81.3            15.603992,58.397768,81.2            15.603997,58.397778,81.1            15.604001,58.397789,81            15.60401,58.397805,80.9            15.604018,58.397821,80.8            15.604035,58.39784,80.7            15.604054,58.397854,80.6            15.604069,58.397864,80.5            15.604088,58.397876,80.4            15.604105,58.397889,80.3            15.604124,58.397904,80.2            15.604136,58.397914,79.7            15.604143,58.397923,79.7            15.604149,58.397932,79.6            15.604153,58.397951,79.6            15.604152,58.397961,79.6            15.604152,58.39797,79.6            15.604146,58.397983,79.5            15.604139,58.397997,79.5            15.604133,58.398009,79.5            15.604127,58.398028,79.4            15.604125,58.398043,79.4            15.604117,58.398055,79.4            15.6041,58.398075,79.4            15.60409,58.398085,79.3            15.60408,58.398106,79.3            15.604081,58.398117,79.3            15.604082,58.398127,79.3            15.604068,58.398155,79.3            15.604062,58.398163,79.3            15.604055,58.398174,79.2            15.604049,58.398198,79.2            15.604049,58.398216,79.2            15.604045,58.398233,79.2            15.60404,58.398247,79.2            15.604037,58.398261,79.2            15.604033,58.398273,79.2            15.604046,58.398308,79.2            15.604043,58.398325,79.2            15.604034,58.398341,79.2            15.604016,58.398358,79.2            15.604004,58.39837,79.2            15.604002,58.398401,79.2            15.604008,58.39841,79.2            15.604008,58.398423,79.2            15.603998,58.398438,79.2            15.603975,58.398465,79.2            15.603972,58.398473,79.2            15.603991,58.39849,79.2            15.60398,58.398504,79.2            15.603952,58.398519,79.2            15.603929,58.398527,79.2            15.603905,58.398541,79.2            15.603948,58.398559,79.2            15.603942,58.398579,79.2            15.603932,58.398586,79.2            15.603921,58.398593,79.3            15.603891,58.398602,79.3            15.603841,58.398616,79.3            15.603846,58.398633,79.4            15.603839,58.398646,79.4            15.603802,58.398665,79.5            15.603785,58.398671,79.5            15.603766,58.398682,79.6            15.60374,58.398693,79.6            15.603716,58.398707,79.7            15.603701,58.39872,79.8            15.603687,58.398732,79.9            15.603673,58.398744,79.9            15.603659,58.398756,80            15.603635,58.398771,80.1            15.603644,58.398798,80.2            15.603632,58.398813,80.3            15.603596,58.39883,80.5            15.603572,58.39884,80.6            15.603547,58.398851,80.7            15.603534,58.398864,80.7            15.60353,58.398881,80.8            15.603518,58.398892,80.9            15.603488,58.398905,81            15.603469,58.398914,81.1            15.60345,58.398923,81.1            15.603433,58.398932,81.2            15.603405,58.398946,81.3            15.603382,58.398953,81.3            15.603357,58.398957,81.4            15.603339,58.398964,81.4            15.60333,58.398975,81.5            15.603319,58.398986,81.5            15.603297,58.399004,81.6            15.603286,58.399011,81.6            15.603276,58.399018,81.6            15.603243,58.399039,81.7            15.603231,58.399048,81.7            15.603214,58.399066,81.7            15.603194,58.399082,81.7            15.603175,58.399096,81.8            15.603143,58.399114,81.8            15.603118,58.39913,81.8            15.603099,58.399141,81.8            15.603039,58.399171,81.8            15.603016,58.399179,81.9            15.602992,58.399188,81.9            15.602964,58.399202,81.9            15.602949,58.399214,81.9            15.602929,58.39923,81.9            15.602916,58.39924,81.9            15.602904,58.399252,82            15.602891,58.399266,82            15.602881,58.399278,82            15.602865,58.399293,82            15.602854,58.399303,82            15.602843,58.399313,82            15.602833,58.399322,82.1            15.602815,58.399334,82.1            15.602804,58.39934,82.1            15.602789,58.399347,82.1            15.602768,58.399362,82.1            15.602757,58.399371,82.1            15.602747,58.399381,82.2            15.602736,58.39939,82.2            15.602725,58.3994,82.2            15.602714,58.399409,82.2            15.602697,58.399427,82.2            15.602684,58.399441,82.3            15.602661,58.399471,82.3            15.602654,58.399477,82.4            15.60264,58.399488,82.4            15.602624,58.399499,82.4            15.602598,58.399516,82.4            15.60259,58.399522,82.5            15.602581,58.399529,82.5            15.602576,58.399541,82.5            15.602566,58.399551,82.5            15.602554,58.399561,82.5            15.602532,58.399574,82.6            15.602514,58.399582,82.6            15.602489,58.39959,82.6            15.602458,58.399599,82.7            15.6024,58.399613,82.7            15.602333,58.39963,82.8            15.602305,58.399639,82.8            15.602278,58.39965,82.8            15.602228,58.399671,82.8            15.602213,58.399676,82.8            15.602165,58.399694,82.8            15.602151,58.399699,82.8            15.602119,58.399709,82.8            15.602098,58.399716,82.9            15.602073,58.399725,82.9            15.602035,58.399736,82.9            15.602011,58.399743,82.9            15.601977,58.399749,82.9            15.601951,58.399754,82.9            15.601924,58.399755,82.9            15.601891,58.399755,82.9            15.601844,58.399755,83            15.601818,58.399758,83.1            15.601784,58.399766,83.1            15.601761,58.399773,83.2            15.601737,58.399782,83.2            15.601713,58.399788,83.3            15.601687,58.399794,83.3            15.60165,58.3998,83.4            15.601624,58.399804,83.4            15.601593,58.399805,83.5            15.601542,58.399807,83.6            15.601501,58.399809,83.7            15.601479,58.399811,83.7            15.601459,58.399815,83.7            15.601441,58.399818,83.8            15.601416,58.399825,83.8            15.6014,58.39983,83.8            15.601382,58.399837,83.8            15.601364,58.399846,83.8            15.601341,58.399859,83.8            15.601322,58.39987,83.8            15.601297,58.399881,83.8            15.601281,58.399888,83.8            15.601256,58.399898,83.8            15.601218,58.39991,83.8            15.601193,58.399917,83.8            15.601169,58.399924,83.8            15.601126,58.399936,83.8            15.601106,58.399941,83.8            15.601081,58.399948,83.8            15.601056,58.399955,83.8            15.60103,58.39996,83.7            15.601005,58.399965,83.7            15.600982,58.39997,83.7            15.600952,58.399975,83.7            15.60093,58.399978,83.7            15.600907,58.399981,83.7            15.60086,58.399986,83.6            15.600803,58.399996,83.6            15.600784,58.399999,83.5            15.600758,58.400006,83.5            15.600724,58.400016,83.5            15.600675,58.400032,83.4            15.600661,58.400035,83.4            15.600634,58.400042,83.3            15.600615,58.400052,83.2            15.600593,58.400061,83.1            15.600567,58.400069,83            15.600534,58.400078,82.9            15.600509,58.400086,82.8            15.600485,58.400094,82.8            15.600452,58.400101,82.7            15.600425,58.400105,82.6            15.600382,58.400115,82.5            15.60035,58.400127,82.4            15.60033,58.400137,82.3            15.600316,58.400153,82.3            15.600302,58.400179,82.2            15.600285,58.400192,82.1            15.60026,58.400205,82.1            15.600232,58.400219,82            15.600206,58.400231,82            15.60019,58.400259,81.9            15.60018,58.400267,81.9            15.600159,58.400276,81.9            15.600122,58.400288,81.8            15.600097,58.400296,81.8            15.600076,58.400304,81.8            15.600061,58.400315,81.8            15.600024,58.400324,81.8            15.599994,58.400328,81.8            15.599953,58.400333,81.8            15.599921,58.400335,81.8            15.59989,58.400342,81.8            15.599864,58.400346,81.8            15.599822,58.40035,81.8            15.599785,58.400353,81.8            15.599761,58.400355,81.7            15.599743,58.400375,81.7            15.599725,58.40038,81.7            15.599687,58.400382,81.7            15.59967,58.400383,81.7            15.599653,58.400383,81.7            15.59963,58.400386,81.7            15.5996,58.400401,81.7            15.599569,58.400414,81.7            15.599529,58.400423,81.7            15.599489,58.400437,81.7            15.599473,58.400444,81.7            15.599454,58.400456,81.7            15.599432,58.400465,81.7            15.599381,58.400483,81.7            15.599369,58.400487,81.7            15.599331,58.400503,81.7            15.599314,58.400511,81.7            15.599289,58.400518,81.7            15.599262,58.400524,81.7            15.599224,58.40053,81.7            15.599198,58.400536,81.7            15.599175,58.400543,81.7            15.59915,58.400552,81.7            15.599126,58.400561,81.7            15.599101,58.400572,81.7            15.599061,58.40059,81.7            15.599043,58.400597,81.7            15.598982,58.400619,81.6            15.598963,58.400626,81.6            15.598937,58.400639,81.6            15.598898,58.400657,81.6            15.598872,58.400672,81.5            15.598854,58.400683,81.5            15.598825,58.400706,81.5            15.598815,58.400718,81.5            15.598797,58.400731,81.5            15.598764,58.400745,81.5            15.598717,58.40076,81.5            15.598704,58.400763,81.5            15.598652,58.400777,81.5            15.598609,58.400787,81.5            15.598561,58.400795,81.5            15.598522,58.400799,81.5            15.598494,58.400801,81.5            15.598469,58.400814,81.5            15.598446,58.400821,81.5            15.598413,58.400826,81.5            15.598389,58.400827,81.5            15.598365,58.400828,81.5            15.598333,58.400827,81.5            15.598293,58.400826,81.5            15.598278,58.400827,81.5            15.598264,58.400827,81.5            15.598234,58.400828,81.5            15.598212,58.400831,81.5            15.598187,58.400836,81.5            15.598157,58.400839,81.5            15.598119,58.400841,81.5            15.598092,58.400842,81.6            15.598068,58.400845,81.6            15.598047,58.40085,81.6            15.598027,58.400855,81.6            15.598008,58.400859,81.6            15.597978,58.400863,81.6            15.597957,58.400866,81.6            15.597928,58.400873,81.6            15.597909,58.400878,81.6            15.597875,58.400886,81.6            15.597853,58.40089,81.6            15.597821,58.400899,81.6            15.597799,58.400905,81.6            15.597771,58.400911,81.6            15.597747,58.400915,81.6            15.597719,58.400919,81.6            15.597695,58.400923,81.6            15.597669,58.400928,81.6            15.597633,58.400934,81.6            15.597605,58.40094,81.6            15.597578,58.400945,81.6            15.597548,58.400948,81.6            15.597483,58.400957,81.6            15.597465,58.400962,81.6            15.597419,58.40098,81.6            15.597392,58.400991,81.6            15.59736,58.400997,81.6            15.597341,58.401003,81.6            15.597319,58.401015,81.6            15.597306,58.401023,81.6            15.597289,58.401034,81.6            15.59728,58.401039,81.6            15.597254,58.401052,81.6            15.59724,58.401059,81.6            15.597227,58.401065,81.6            15.597209,58.401074,81.6            15.597179,58.40109,81.6            15.597158,58.401096,81.6            15.597127,58.401107,81.6            15.597097,58.40112,81.6            15.597073,58.401133,81.6            15.597036,58.401154,81.6            15.597021,58.401162,81.6            15.596998,58.401178,81.6            15.59698,58.401192,81.6            15.596935,58.401225,81.6            15.596919,58.401235,81.6            15.596904,58.401246,81.6            15.596887,58.401257,81.6            15.596867,58.401273,81.6            15.596854,58.401283,81.6            15.596842,58.401291,81.6            15.59683,58.4013,81.6            15.596794,58.40132,81.6            15.596776,58.401329,81.6            15.596757,58.401338,81.6            15.596739,58.401347,81.7            15.596705,58.40136,81.7            15.596692,58.401365,81.7            15.596678,58.40137,81.7            15.59665,58.401378,81.7            15.596626,58.401386,81.7            15.596602,58.401394,81.7            15.596578,58.401402,81.7            15.596555,58.40141,81.7            15.596532,58.401418,81.7            15.596487,58.401426,81.7            15.596464,58.401429,81.7            15.596442,58.401431,81.7            15.596419,58.401434,81.8            15.596397,58.401436,81.8            15.596368,58.401436,81.8            15.596329,58.401436,81.8            15.596304,58.401434,81.9            15.596273,58.401425,81.9            15.596253,58.401418,81.9            15.596234,58.401411,81.9            15.596215,58.401405,82            15.596168,58.40139,82            15.596155,58.401386,82            15.596125,58.401382,82.1            15.596104,58.40138,82.1            15.596081,58.401378,82.1            15.596061,58.401377,82.2            15.596041,58.401376,82.2            15.59602,58.401374,82.2            15.595999,58.401371,82.3            15.595978,58.401366,82.3            15.595958,58.401361,82.3            15.595928,58.401352,82.4            15.595863,58.401345,82.5            15.595842,58.401344,82.5            15.595808,58.401344,82.6            15.595784,58.401345,82.6            15.595758,58.401348,82.6            15.595732,58.401352,82.7            15.5957,58.401357,82.7            15.595672,58.401363,82.8            15.595651,58.401369,82.8            15.595631,58.401374,82.8            15.59561,58.401377,82.8            15.595572,58.401381,82.9            15.595553,58.401381,82.9            15.595533,58.401383,82.9            15.595512,58.401385,83            15.595471,58.401388,83            15.595431,58.401391,83            15.595398,58.401389,83.1            15.595363,58.401387,83.1            15.595333,58.401383,83.1            15.595306,58.401379,83.2            15.595275,58.401375,83.2            15.595221,58.401353,83.3            15.59521,58.401345,83.3            15.595195,58.40133,83.3            15.595175,58.401308,83.3            15.595159,58.401292,83.4            15.595146,58.401279,83.4            15.595127,58.401263,83.4            15.595115,58.401248,83.5            15.595105,58.401231,83.5            15.595091,58.401214,83.5            15.595081,58.401203,83.6            15.595074,58.401191,83.6            15.595068,58.401181,83.6            15.595054,58.401164,83.6            15.595043,58.401151,83.7            15.595027,58.401124,83.8            15.595023,58.401113,83.8            15.595001,58.401084,84            15.594997,58.401075,84            15.594986,58.401058,84.1            15.594966,58.401029,84.2            15.594945,58.400994,84.3            15.594939,58.400982,84.4            15.594925,58.400949,84.5            15.59492,58.400934,84.6            15.594914,58.400904,84.8            15.594911,58.40088,84.9            15.594908,58.400867,85            15.594906,58.400853,85            15.594903,58.400834,85.1            15.594902,58.400824,85.2            15.594901,58.400815,85.2            15.594898,58.400799,85.3            15.594889,58.400784,85.4            15.594885,58.400779,85.4            15.594874,58.400773,85.5            15.594861,58.400767,85.5            15.594843,58.400759,85.6            15.594831,58.400753,85.6            15.594817,58.400745,85.7            15.594808,58.400739,85.7            15.594797,58.400731,85.8            15.594787,58.400723,85.8            15.594769,58.400707,85.9            15.594752,58.400693,86            15.594743,58.400683,86.1            15.594729,58.400669,86.1            15.59472,58.40066,86.2            15.594704,58.400647,86.3            15.594686,58.400633,86.4            15.594675,58.400622,86.4            15.594662,58.400612,86.5            15.594647,58.400605,86.6            15.594625,58.400592,86.7            15.59461,58.400582,86.7            15.594603,58.400576,86.8            15.594594,58.400568,86.8            15.594578,58.400551,86.9            15.594568,58.400542,87            15.594559,58.400533,87            15.594554,58.400526,87.1            15.594537,58.400514,87.1            15.594525,58.400506,87.2            15.594499,58.400486,87.3            15.594493,58.400474,87.4            15.594491,58.400468,87.4            15.594485,58.40046,87.4            15.594481,58.400459,87.5            15.594473,58.400456,87.5            15.594472,58.400454,87.5            15.594465,58.400447,87.5            15.594431,58.400428,87.7            15.594414,58.400418,87.7            15.594365,58.40039,87.9            15.59435,58.400381,88            15.594303,58.400347,88.2            15.594272,58.400316,88.3            15.59426,58.400302,88.4            15.594244,58.400285,88.4            15.594234,58.40027,88.5            15.594209,58.400243,88.6            15.594198,58.400231,88.6            15.594183,58.400216,88.7            15.594162,58.400193,88.8            15.594149,58.400179,88.8            15.594133,58.400165,88.8            15.594098,58.400137,88.9            15.59409,58.40013,88.9            15.594073,58.400117,89            15.594053,58.400104,89            15.594038,58.4001,89            15.594024,58.400094,89            15.594009,58.400087,89.1            15.593994,58.400079,89.1            15.593978,58.400071,89.1            15.593958,58.400063,89.1            15.593922,58.400047,89.2            15.593906,58.400039,89.2            15.593878,58.400027,89.2            15.593841,58.400013,89.3            15.593811,58.399996,89.3            15.593802,58.39999,89.3            15.593792,58.399983,89.3            15.593779,58.399973,89.3            15.593762,58.39996,89.4            15.593747,58.399949,89.4            15.593724,58.399935,89.4            15.593694,58.399919,89.5            15.593673,58.399911,89.5            15.593639,58.3999,89.5            15.593619,58.399894,89.5            15.593601,58.399892,89.6            15.593578,58.39989,89.6            15.593558,58.399887,89.6            15.59352,58.399882,89.6            15.593499,58.399879,89.7            15.593473,58.399873,89.7            15.593459,58.399869,89.7            15.593441,58.399865,89.7            15.593421,58.399861,89.8            15.593401,58.399854,89.8            15.593385,58.399847,89.8            15.59335,58.39982,89.9            15.593337,58.399809,89.9            15.593324,58.399797,89.9            15.593311,58.399786,89.9            15.593296,58.399772,90            15.593272,58.39975,90            15.593248,58.399727,90.1            15.593237,58.399716,90.1            15.593202,58.399682,90.2            15.593166,58.399653,90.2            15.593158,58.399646,90.2            15.593119,58.399619,90.3            15.593109,58.399612,90.3            15.593086,58.399602,90.3            15.593056,58.399589,90.4            15.593007,58.399577,90.4            15.592988,58.399573,90.4            15.592968,58.399568,90.4            15.592949,58.399564,90.4            15.592929,58.399559,90.4            15.592909,58.399559,90.4            15.592892,58.399558,90.4            15.592863,58.399556,90.4            15.592837,58.399555,90.5            15.592804,58.399557,90.5            15.592775,58.399564,90.6            15.592755,58.399569,90.6            15.592722,58.399578,90.7            15.592714,58.399581,90.7            15.592699,58.399586,90.8            15.592682,58.399592,90.8            15.592665,58.399599,90.8            15.592648,58.399605,90.9            15.592625,58.399614,90.9            15.592604,58.39962,91            15.592567,58.39963,91            15.592549,58.399633,91.1            15.592532,58.399637,91.1            15.592496,58.399643,91.2            15.592443,58.399657,91.3            15.592386,58.399673,91.4            15.592372,58.399678,91.4            15.592337,58.399692,91.5            15.592295,58.399709,91.6            15.592239,58.399716,91.7            15.592223,58.399717,91.7            15.592194,58.399719,91.8            15.592157,58.399727,91.9            15.592132,58.399738,91.9            15.592116,58.399753,92            15.592104,58.399763,92            15.592091,58.399772,92.1            15.592079,58.399783,92.1            15.592064,58.399795,92.2            15.592052,58.399804,92.2            15.59204,58.399813,92.2            15.592026,58.399821,92.3            15.592002,58.399831,92.3            15.591978,58.399841,92.4            15.591964,58.399845,92.4            15.591946,58.399849,92.5            15.591921,58.399852,92.5            15.591894,58.399854,92.6            15.591862,58.399859,92.6            15.591845,58.399861,92.7            15.591816,58.399865,92.7            15.591776,58.399871,92.8            15.591756,58.399875,92.9            15.591737,58.399878,92.9            15.591713,58.399882,92.9            15.591682,58.399884,93            15.591626,58.399889,93.1            15.591576,58.399895,93.2            15.591557,58.399898,93.2            15.591527,58.399904,93.3            15.59151,58.399909,93.3            15.591493,58.399915,93.4            15.591467,58.399921,93.4            15.591456,58.399921,93.5            15.591442,58.39992,93.5            15.591421,58.399919,93.5            15.591403,58.399918,93.6            15.591388,58.399917,93.6            15.591368,58.399912,93.6            15.591354,58.399906,93.7            15.591321,58.399896,93.7            15.591301,58.399892,93.8            15.591282,58.399887,93.8            15.591265,58.399883,93.7            15.591227,58.399873,93.7            15.5912,58.399866,93.6            15.591173,58.39986,93.6            15.591146,58.399853,93.5            15.591113,58.399845,93.4            15.591089,58.399839,93.4            15.591062,58.399831,93.3            15.591005,58.399813,93.1            15.590991,58.399809,93.1            15.590946,58.399799,92.9            15.590908,58.399793,92.8            15.590865,58.399792,92.7            15.590848,58.399793,92.6            15.590831,58.399794,92.6            15.590789,58.399799,92.4            15.590771,58.3998,92.4            15.590746,58.399802,92.3            15.59071,58.399809,92.2            15.590687,58.399814,92.1            15.590651,58.399822,91.9            15.590634,58.399826,91.9            15.590616,58.39983,91.8            15.590599,58.399832,91.8            15.590576,58.39984,91.7            15.590566,58.399851,91.6            15.590569,58.399857,91.6            15.590573,58.399862,91.5            15.590577,58.39987,91.5            15.590578,58.399876,91.4            15.590574,58.399882,91.4            15.590565,58.399891,91.3            15.590561,58.399898,91.3            15.590559,58.39991,91.2            15.590548,58.399918,91.1            15.590536,58.39992,91.1            15.590524,58.399924,91            15.590515,58.399926,91            15.590506,58.399931,91            15.590498,58.399936,90.9            15.590491,58.399941,90.9            15.590485,58.399951,90.8            15.590476,58.399957,90.8            15.590467,58.399967,90.7            15.590461,58.399976,90.6            15.590455,58.39999,90.5            15.590451,58.400001,90.5            15.590448,58.400009,90.4            15.590446,58.400019,90.3            15.590444,58.400031,90.2            15.59044,58.400045,90.1            15.590435,58.400059,90            15.590428,58.400073,89.9            15.590422,58.400085,89.9            15.590415,58.400104,89.7            15.590406,58.400129,89.5            15.590402,58.400144,89.4            15.590398,58.400162,89.3            15.590396,58.400173,89.2            15.590393,58.400184,89.2            15.590389,58.400198,89.1            15.590384,58.40021,89            15.59038,58.40022,88.9            15.590375,58.400233,88.8            15.590365,58.400243,88.7            15.590353,58.40025,88.7            15.590333,58.40026,88.6            15.590321,58.400267,88.5            15.590306,58.400279,88.4            15.590297,58.400281,88.4            15.590261,58.400303,88.2            15.590243,58.400314,88            15.590224,58.400326,88            15.590205,58.400337,87.9            15.590185,58.400363,87.7            15.590179,58.400374,87.6            15.590167,58.400406,87.5            15.590163,58.400414,87.4            15.590149,58.400434,87.3            15.590136,58.400448,87.2            15.590113,58.400469,87.1            15.590083,58.400497,86.9            15.590047,58.400534,86.7            15.590031,58.40055,86.7            15.589993,58.400597,86.4            15.589981,58.400611,86.3            15.58997,58.400626,86.3            15.589939,58.400661,86.1            15.589925,58.400676,86.1            15.58991,58.400688,86            15.589892,58.4007,85.9            15.589873,58.400712,85.9            15.589852,58.400724,85.8            15.589818,58.400744,85.7            15.589805,58.400752,85.7            15.58979,58.400762,85.6            15.589771,58.400775,85.6            15.589755,58.400789,85.5            15.589739,58.400805,85.5            15.589702,58.400837,85.3            15.589691,58.400846,85.3            15.589674,58.400855,85.3            15.589663,58.400862,85.2            15.589652,58.400866,85.2            15.589642,58.400871,85.2            15.58963,58.400879,85.2            15.589624,58.400882,85.1            15.589614,58.400887,85.1            15.58959,58.400898,85.1            15.589577,58.400902,85            15.589564,58.400907,85            15.589551,58.400911,85            15.58951,58.400915,84.9            15.589492,58.400917,84.9            15.589474,58.400918,84.9            15.589445,58.400919,84.8            15.589416,58.40092,84.6            15.589376,58.400923,84.4            15.589352,58.400924,84.3            15.589325,58.400927,84.2            15.589297,58.400927,84            15.589269,58.400927,83.9            15.589242,58.400927,83.8            15.589203,58.400926,83.6            15.589171,58.400922,83.4            15.589144,58.400917,83.2            15.589114,58.400911,83            15.589087,58.400909,82.9            15.589054,58.400902,82.7            15.589026,58.400898,82.5            15.588991,58.400894,82.3            15.588937,58.40088,82            15.588919,58.400874,81.9            15.588893,58.400863,81.7            15.58887,58.400857,81.6            15.588825,58.400859,79.4            15.588804,58.400863,79.4            15.588783,58.400867,79.4            15.588755,58.400876,79.3            15.588726,58.400886,79.3            15.588702,58.400896,79.3            15.588677,58.400905,79.2            15.58865,58.400909,79.2            15.588634,58.40091,79.2            15.588615,58.400911,79.1            15.588574,58.400917,79.1            15.58856,58.400921,79.1            15.588546,58.400926,79            15.588523,58.400939,79            15.588507,58.40095,79            15.588495,58.400964,78.9            15.588482,58.400979,78.9            15.588469,58.400992,78.9            15.588449,58.401008,78.8            15.588439,58.401019,78.8            15.58842,58.401034,78.7            15.588391,58.401045,78.7            15.588373,58.401051,78.7            15.588348,58.401061,78.6            15.588327,58.401068,78.6            15.588314,58.401073,78.6            15.588297,58.401079,78.6            15.588284,58.401084,78.6            15.588262,58.40109,78.5            15.588248,58.401096,78.5            15.588224,58.401104,78.5            15.588202,58.40111,78.5            15.588171,58.401119,78.4            15.588153,58.401124,78.4            15.588128,58.401131,78.4            15.588094,58.401139,78.4            15.588055,58.401144,78.3            15.588028,58.401147,78.3            15.588007,58.401147,78.3            15.587981,58.401148,78.3            15.587943,58.401155,78.2            15.587919,58.401162,78.2            15.587888,58.401174,78.2            15.587863,58.401185,78.2            15.58784,58.401195,78.1            15.58782,58.401205,78.1            15.587794,58.401222,78.1            15.58777,58.401236,78.1            15.587755,58.401244,78.1            15.587729,58.401259,78            15.587711,58.401269,78            15.587671,58.401291,78            15.587659,58.401297,78            15.587602,58.401325,78            15.587582,58.401334,77.9            15.587566,58.401342,77.9            15.587546,58.401353,77.9            15.5875,58.401377,77.9            15.587452,58.4014,77.9            15.587436,58.401408,77.9            15.587383,58.40144,77.9            15.587366,58.40145,77.9            15.587349,58.40146,77.9            15.587308,58.401477,77.9            15.587294,58.401482,77.9            15.587243,58.401502,77.9            15.587227,58.401507,77.9            15.587206,58.401513,77.9            15.587186,58.401521,77.9            15.587165,58.401533,77.9            15.587156,58.401542,78.5            15.587129,58.401566,78.6            15.587106,58.401592,78.7            15.5871,58.4016,78.8            15.587092,58.401614,78.8            15.587089,58.401631,78.9            15.587096,58.401639,79            15.587099,58.401644,79            15.587101,58.401649,79            15.587098,58.401658,79            15.587083,58.40168,79.2            15.587077,58.401691,79.2            15.587072,58.401702,79.2            15.587066,58.401713,79.3            15.58706,58.401724,79.3            15.587062,58.401741,79.4            15.587066,58.401753,79.5            15.587069,58.401771,79.5            15.587074,58.401789,79.6            15.587082,58.401805,79.7            15.587088,58.401816,79.7            15.587096,58.401837,79.8            15.587099,58.401846,79.8            15.587102,58.401854,79.9            15.587122,58.401887,80            15.587128,58.401894,80            15.587137,58.401912,80.1            15.587141,58.401924,80.1            15.587151,58.401944,80.2            15.587157,58.401951,80.2            15.587163,58.401959,80.3            15.587185,58.401975,80.3            15.587195,58.401985,80.4            15.587202,58.401998,80.4            15.587208,58.402012,80.5            15.58722,58.402042,80.6            15.587223,58.40205,80.6            15.587238,58.402077,80.7            15.587245,58.402088,80.7            15.587262,58.402124,80.8            15.587268,58.402134,80.9            15.587271,58.402151,80.9            15.587274,58.402167,81            15.587282,58.402194,81.1            15.587285,58.402211,81.1            15.587287,58.402228,81.2            15.587287,58.402248,81.2            15.587288,58.402262,81.3            15.587291,58.402285,81.3            15.587293,58.402295,81.4            15.587294,58.402305,81.4            15.587307,58.402325,81.5            15.587314,58.402333,81.5            15.587321,58.402342,81.5            15.587337,58.402361,81.6            15.587344,58.402369,81.6            15.58735,58.402376,81.7            15.58736,58.402389,81.7            15.587371,58.402403,81.8            15.587382,58.402416,81.8            15.587392,58.402429,81.8            15.587402,58.402442,81.9            15.58741,58.402452,81.9            15.587419,58.402462,82            15.587428,58.402471,82            15.587435,58.402479,82            15.587441,58.402488,82            15.587453,58.402504,82.1            15.587462,58.402518,82.1            15.587473,58.402533,82.2            15.587481,58.402544,82.2            15.587491,58.402555,82.2            15.587502,58.402566,82.2            15.587515,58.402585,82.3            15.587527,58.402604,82.3            15.587536,58.402616,82.3            15.58755,58.40263,82.3            15.587563,58.402642,82.3            15.587577,58.402652,82.3            15.587595,58.402663,82.3            15.587613,58.402674,82.4            15.587635,58.402692,82.4            15.587647,58.402704,82.4            15.587659,58.402723,82.3            15.587668,58.40274,82.3            15.587677,58.402758,82.2            15.587676,58.402788,82.2            15.587675,58.402797,82.2            15.587668,58.402842,82.1            15.587668,58.402855,82            15.587668,58.402869,82            15.587669,58.402889,82            15.587671,58.402899,81.9            15.587672,58.402908,81.9            15.587686,58.402937,81.9            15.587693,58.402948,81.8            15.587701,58.402955,81.8            15.587716,58.402968,81.8            15.587735,58.402983,81.7            15.58775,58.402996,81.7            15.587767,58.403012,81.7            15.587782,58.403028,81.6            15.587794,58.403042,81.6            15.587816,58.403067,81.6            15.587828,58.403081,81.5            15.587851,58.403102,81.5            15.587865,58.403109,81.5            15.587887,58.403118,81.5            15.587911,58.403125,81.5            15.587935,58.403129,81.5            15.587953,58.403132,81.5            15.58797,58.40314,81.4            15.587976,58.403151,81.4            15.587979,58.403161,81.4            15.587995,58.403183,81.4            15.588001,58.40319,81.4            15.58801,58.4032,81.4            15.588021,58.403209,81.4            15.588033,58.403223,81.4            15.588041,58.403234,81.4            15.588059,58.403254,81.3            15.588064,58.40326,81.3            15.58807,58.403267,81.3            15.588082,58.403285,81.3            15.588087,58.403299,81.3            15.588101,58.403323,81.3            15.588108,58.403333,81.3            15.588121,58.403348,81.3            15.58813,58.403361,81.3            15.588141,58.403385,81.3            15.588149,58.403409,81.3            15.588158,58.403431,81.3            15.588162,58.403441,81.3            15.588165,58.403452,81.3            15.588177,58.403481,81.3            15.588182,58.403492,81.3            15.588195,58.403512,81.3            15.588203,58.403528,81.3            15.588211,58.403543,81.3            15.58822,58.403555,81.3            15.588238,58.403573,81.3            15.588246,58.40358,81.3            15.588254,58.403587,81.3            15.588268,58.403601,81.3            15.588287,58.403619,81.3            15.588303,58.403632,81.3            15.588316,58.403646,81.3            15.58832,58.403652,81.3            15.588331,58.403661,81.3            15.588342,58.403671,81.3            15.588355,58.403684,81.3            15.588369,58.403698,81.3            15.588378,58.403708,81.3            15.588388,58.403718,81.3            15.5884,58.403727,81.3            15.588421,58.403741,81.3            15.588447,58.40376,81.3            15.58846,58.403772,81.4            15.588475,58.403786,81.4            15.588501,58.403812,81.4            15.588511,58.403821,81.4            15.58854,58.403848,81.4            15.58855,58.403856,81.4            15.588579,58.403886,81.4            15.588587,58.403894,81.4            15.588602,58.40391,81.4            15.588614,58.403924,81.4            15.588638,58.403948,81.4            15.588649,58.403958,81.4            15.588662,58.403971,81.4            15.588674,58.403983,81.4            15.588696,58.404008,81.4            15.588705,58.404017,81.4            15.588733,58.404053,81.4            15.588741,58.404065,81.4            15.588751,58.404084,81.4            15.588768,58.404105,81.4            15.588781,58.404121,81.4            15.588812,58.404159,81.5            15.588824,58.404173,81.5            15.588838,58.404191,81.5            15.588861,58.404218,81.5            15.588883,58.404244,81.5            15.588892,58.404253,81.5            15.588919,58.404279,81.6            15.588929,58.404288,81.6            15.588959,58.404317,81.6            15.588971,58.404328,81.6            15.588987,58.404342,81.7            15.589001,58.404357,81.7            15.589014,58.404375,81.7            15.589022,58.404388,81.7            15.589032,58.404405,81.8            15.589039,58.404419,81.8            15.589044,58.404432,81.8            15.589046,58.404446,81.8            15.58905,58.40446,81.8            15.589056,58.404475,81.8            15.589063,58.40449,81.8            15.589074,58.40452,81.7            15.589077,58.404549,81.7            15.589078,58.404558,81.7            15.58908,58.404574,81.7            15.58908,58.404589,81.7            15.589073,58.404616,81.6            15.589067,58.404636,81.6            15.589059,58.404654,81.6            15.589053,58.404682,81.5            15.589053,58.404699,81.5            15.589058,58.404718,81.5            15.589076,58.404726,81.5          </coordinates></LineString></Placemark><Placemark><name>Finish</name><styleUrl>#icon-1899-FF5252-nodesc</styleUrl><Point><coordinates>            15.589076,58.404726,81.5          </coordinates></Point></Placemark><Placemark><name>Start</name><styleUrl>#icon-1899-0F9D58-nodesc</styleUrl><Point><coordinates>            15.590811,58.40494,79.1          </coordinates></Point></Placemark></Folder></Document></kml>