<?xml version="1.0" encoding="UTF-8"?><kml xmlns="http://www.opengis.net/kml/2.2"><Document><name>Barry Curtis parkrun Temporary (from Feb 2025)</name><description/><Style id="icon-123-nodesc-normal"><IconStyle><scale>1.1</scale><Icon><href>https://www.gstatic.com/mapspro/images/stock/123-red-dot.png</href></Icon><hotSpot x="16" xunits="pixels" y="32" yunits="insetPixels"/></IconStyle><LabelStyle><scale>0</scale></LabelStyle><BalloonStyle><text><![CDATA[<h3>$[name]</h3>]]></text></BalloonStyle></Style><Style id="icon-123-nodesc-highlight"><IconStyle><scale>1.1</scale><Icon><href>https://www.gstatic.com/mapspro/images/stock/123-red-dot.png</href></Icon><hotSpot x="16" xunits="pixels" y="32" yunits="insetPixels"/></IconStyle><LabelStyle><scale>1.1</scale></LabelStyle><BalloonStyle><text><![CDATA[<h3>$[name]</h3>]]></text></BalloonStyle></Style><StyleMap id="icon-123-nodesc"><Pair><key>normal</key><styleUrl>#icon-123-nodesc-normal</styleUrl></Pair><Pair><key>highlight</key><styleUrl>#icon-123-nodesc-highlight</styleUrl></Pair></StyleMap><Style id="icon-61-nodesc-normal"><IconStyle><scale>1.1</scale><Icon><href>https://www.gstatic.com/mapspro/images/stock/61-green-dot.png</href></Icon><hotSpot x="16" xunits="pixels" y="32" yunits="insetPixels"/></IconStyle><LabelStyle><scale>0</scale></LabelStyle><BalloonStyle><text><![CDATA[<h3>$[name]</h3>]]></text></BalloonStyle></Style><Style id="icon-61-nodesc-highlight"><IconStyle><scale>1.1</scale><Icon><href>https://www.gstatic.com/mapspro/images/stock/61-green-dot.png</href></Icon><hotSpot x="16" xunits="pixels" y="32" yunits="insetPixels"/></IconStyle><LabelStyle><scale>1.1</scale></LabelStyle><BalloonStyle><text><![CDATA[<h3>$[name]</h3>]]></text></BalloonStyle></Style><StyleMap id="icon-61-nodesc"><Pair><key>normal</key><styleUrl>#icon-61-nodesc-normal</styleUrl></Pair><Pair><key>highlight</key><styleUrl>#icon-61-nodesc-highlight</styleUrl></Pair></StyleMap><Style id="line-0288D1-5000-nodesc-normal"><LineStyle><color>ffd18802</color><width>5</width></LineStyle><BalloonStyle><text><![CDATA[<h3>$[name]</h3>]]></text></BalloonStyle></Style><Style id="line-0288D1-5000-nodesc-highlight"><LineStyle><color>ffd18802</color><width>7.5</width></LineStyle><BalloonStyle><text><![CDATA[<h3>$[name]</h3>]]></text></BalloonStyle></Style><StyleMap id="line-0288D1-5000-nodesc"><Pair><key>normal</key><styleUrl>#line-0288D1-5000-nodesc-normal</styleUrl></Pair><Pair><key>highlight</key><styleUrl>#line-0288D1-5000-nodesc-highlight</styleUrl></Pair></StyleMap><Folder><name>Untitled layer</name><Placemark><name>Course</name><styleUrl>#line-0288D1-5000-nodesc</styleUrl><LineString><tessellate>1</tessellate><coordinates>            174.912911,-36.958644,28.4            174.912907,-36.958641,28.4            174.912888,-36.95864,28.3            174.912876,-36.958634,28.3            174.912849,-36.958629,28.3            174.91284,-36.958625,28.3            174.912831,-36.958622,28.3            174.912808,-36.958616,28.2            174.912797,-36.958613,28.2            174.912785,-36.95861,28.2            174.912758,-36.958606,28.2            174.912748,-36.958604,28.2            174.912738,-36.958601,28.1            174.912724,-36.958599,28.1            174.912709,-36.958596,28.1            174.912695,-36.958592,28.1            174.912677,-36.958586,28.1            174.912656,-36.958579,28            174.912645,-36.958574,28            174.912632,-36.958571,28            174.912623,-36.958569,28            174.912609,-36.958571,28            174.912598,-36.958572,28            174.912583,-36.958574,27.9            174.912568,-36.958574,27.9            174.912548,-36.95857,27.9            174.912522,-36.958563,27.8            174.912512,-36.95856,27.8            174.912503,-36.958556,27.8            174.912488,-36.958553,27.8            174.912469,-36.958549,27.8            174.91245,-36.958547,27.8            174.912435,-36.958545,27.7            174.912416,-36.958538,27.7            174.912398,-36.958533,27.7            174.912378,-36.958522,27.7            174.912368,-36.958516,27.6            174.912359,-36.95851,27.6            174.91235,-36.958501,27.6            174.912336,-36.958491,27.6            174.912323,-36.958481,27.6            174.912313,-36.958476,27.5            174.912303,-36.958466,27.5            174.912279,-36.958451,27.5            174.912271,-36.958444,27.5            174.912263,-36.958437,27.5            174.912243,-36.958419,27.4            174.912238,-36.958412,27.4            174.912232,-36.958406,27.4            174.912213,-36.958392,27.4            174.912205,-36.958386,27.4            174.912197,-36.958379,27.4            174.912186,-36.958369,27.4            174.912173,-36.958359,27.3            174.912157,-36.958352,27.3            174.912141,-36.958349,27.3            174.912122,-36.95835,27.3            174.912101,-36.958347,27.3            174.912079,-36.958342,27.3            174.912066,-36.95834,27.3            174.912054,-36.958338,27.2            174.91203,-36.958331,27.2            174.912021,-36.958328,27.2            174.912011,-36.958325,27.2            174.911982,-36.958316,27.2            174.911971,-36.958312,27.2            174.911961,-36.958309,27.2            174.911936,-36.958305,27.2            174.911925,-36.958305,27.2            174.911913,-36.958305,27.2            174.911896,-36.958303,27.2            174.911873,-36.9583,27.1            174.911865,-36.958296,27.1            174.911845,-36.958292,27.1            174.911833,-36.95829,27.1            174.911814,-36.95829,27.1            174.911794,-36.958284,27.1            174.911779,-36.958281,27.1            174.911759,-36.958279,27.1            174.911737,-36.958276,27            174.911724,-36.958275,27            174.911712,-36.958275,27            174.911698,-36.95827,27            174.911674,-36.958266,27            174.911649,-36.958259,27            174.911635,-36.958256,27            174.911621,-36.958254,27            174.911609,-36.95825,26.9            174.911586,-36.958246,26.9            174.911561,-36.958239,26.9            174.911549,-36.958237,26.9            174.911537,-36.958234,26.9            174.911512,-36.958227,26.9            174.911501,-36.958225,26.9            174.911491,-36.958223,26.9            174.91147,-36.95822,26.8            174.911453,-36.958219,26.8            174.911434,-36.958218,26.8            174.911417,-36.958214,26.8            174.911396,-36.958211,26.8            174.911383,-36.95821,26.8            174.911366,-36.958208,26.7            174.91135,-36.958204,26.7            174.911331,-36.958201,26.7            174.91131,-36.958196,26.7            174.911287,-36.958189,26.6            174.911275,-36.958187,26.6            174.911263,-36.958185,26.6            174.91124,-36.958179,26.6            174.911228,-36.958178,26.6            174.911217,-36.958176,26.6            174.9112,-36.958174,26.5            174.911183,-36.95817,26.5            174.911168,-36.958166,26.5            174.91115,-36.958162,26.5            174.911134,-36.958156,26.5            174.911116,-36.958154,26.4            174.911091,-36.958149,26.4            174.91108,-36.958147,26.4            174.91107,-36.958144,26.4            174.911051,-36.958141,26.4            174.91103,-36.958138,26.3            174.911004,-36.958133,26.3            174.910993,-36.958131,26.3            174.910981,-36.958129,26.3            174.910956,-36.958124,26.2            174.910943,-36.958121,26.2            174.910931,-36.958119,26.2            174.910913,-36.958116,26.1            174.910897,-36.958111,26.1            174.91088,-36.958109,26            174.910863,-36.958107,26            174.910839,-36.958101,25.9            174.910829,-36.958098,25.9            174.910819,-36.958096,25.9            174.9108,-36.958094,25.9            174.910781,-36.95809,25.8            174.910756,-36.958085,25.7            174.910743,-36.958085,25.7            174.910731,-36.958084,25.7            174.910715,-36.958081,25.7            174.910697,-36.958077,25.6            174.910669,-36.958072,25.5            174.910657,-36.958069,25.5            174.910645,-36.958067,25.5            174.910619,-36.958061,25.4            174.910607,-36.95806,25.4            174.910595,-36.958058,25.4            174.910571,-36.958053,25.3            174.91056,-36.958052,25.3            174.910549,-36.95805,25.2            174.910522,-36.958046,25.2            174.91051,-36.958045,25.2            174.910499,-36.958043,25.1            174.910473,-36.958037,25.1            174.910462,-36.958035,25            174.910451,-36.958032,25            174.910439,-36.958031,25            174.910413,-36.958028,24.9            174.910392,-36.958019,24.9            174.910381,-36.958016,24.8            174.91037,-36.958013,24.8            174.91034,-36.958007,24.7            174.910331,-36.958007,24.7            174.910321,-36.958006,24.7            174.910304,-36.958001,24.6            174.910288,-36.957998,24.6            174.910261,-36.957993,24.5            174.91025,-36.95799,24.5            174.910239,-36.957988,24.4            174.910213,-36.957983,24.4            174.910202,-36.957981,24.3            174.910192,-36.957979,24.3            174.910174,-36.957974,24.3            174.910158,-36.957973,24.2            174.910142,-36.95797,24.2            174.910129,-36.957968,24.1            174.910116,-36.957967,24.1            174.910101,-36.957964,24.1            174.910083,-36.957962,24            174.910055,-36.957958,23.9            174.910045,-36.957957,23.9            174.910034,-36.957956,23.9            174.910016,-36.957953,23.8            174.910007,-36.957952,23.8            174.909998,-36.95795,23.8            174.909989,-36.957949,23.7            174.909958,-36.957942,23.7            174.909947,-36.957938,23.6            174.909936,-36.957935,23.6            174.909911,-36.957933,23.5            174.909901,-36.957933,23.5            174.90989,-36.957933,23.5            174.909867,-36.957928,23.4            174.909856,-36.957925,23.4            174.909834,-36.957921,23.3            174.909822,-36.957919,23.3            174.909804,-36.957916,23.2            174.909785,-36.957912,23.2            174.909772,-36.957911,23.2            174.909751,-36.957907,23.1            174.909741,-36.957904,23.1            174.909725,-36.957901,23            174.909708,-36.957898,23            174.909693,-36.957897,23            174.909672,-36.957893,22.9            174.909649,-36.957887,22.9            174.909639,-36.957884,22.9            174.909629,-36.95788,22.8            174.909601,-36.957872,22.8            174.909591,-36.95787,22.8            174.909582,-36.957867,22.7            174.909564,-36.957864,22.7            174.909546,-36.957862,22.7            174.909523,-36.957859,22.6            174.90951,-36.957857,22.6            174.909498,-36.957854,22.6            174.909474,-36.95785,22.5            174.909461,-36.957849,22.5            174.909449,-36.957847,22.5            174.909424,-36.957844,22.4            174.909413,-36.957843,22.4            174.909401,-36.957842,22.4            174.909384,-36.957839,22.4            174.909363,-36.957837,22.3            174.909348,-36.957832,22.3            174.909329,-36.95783,22.3            174.909309,-36.957828,22.3            174.909295,-36.957823,22.3            174.909279,-36.95782,22.2            174.909257,-36.957815,22.2            174.909245,-36.95781,22.2            174.909227,-36.957812,22.2            174.909213,-36.957807,22.2            174.909187,-36.957799,22.2            174.909177,-36.957797,22.2            174.909166,-36.957794,22.2            174.909147,-36.95779,22.2            174.909133,-36.957789,22.1            174.909112,-36.957788,22.1            174.909097,-36.957788,22.1            174.909076,-36.957789,22.1            174.909063,-36.957797,22.1            174.909046,-36.957801,22.1            174.909024,-36.957808,22.1            174.909009,-36.957811,22.1            174.90899,-36.957816,22.1            174.908966,-36.957825,22.1            174.908956,-36.957828,22.1            174.908945,-36.957831,22.1            174.908929,-36.957836,22.1            174.90891,-36.957841,22.1            174.908894,-36.957846,22.1            174.908876,-36.957853,22.1            174.908862,-36.957855,22.1            174.908843,-36.957859,22.1            174.908827,-36.957862,22.1            174.908811,-36.957868,22.1            174.908795,-36.957876,22.1            174.908778,-36.957881,22.1            174.908763,-36.957888,22.1            174.908748,-36.957896,22.1            174.908729,-36.957912,22.1            174.908722,-36.957921,22.1            174.908716,-36.957929,22.1            174.908719,-36.957952,22.1            174.908729,-36.957961,22.1            174.908739,-36.957978,22.1            174.908744,-36.957987,22.1            174.908755,-36.958007,22.1            174.908758,-36.958015,22.1            174.908761,-36.958022,22.1            174.908766,-36.958037,22.1            174.908773,-36.958049,22.1            174.908784,-36.95807,22.1            174.908788,-36.958076,22.1            174.908791,-36.958083,22.1            174.908798,-36.9581,22.2            174.908804,-36.95811,22.2            174.908816,-36.95813,22.2            174.90882,-36.958138,22.2            174.908823,-36.958146,22.2            174.908829,-36.958158,22.2            174.908838,-36.958175,22.2            174.908841,-36.958183,22.2            174.908849,-36.958196,22.2            174.908853,-36.958207,22.2            174.908859,-36.958219,22.2            174.908867,-36.958235,22.2            174.908877,-36.958252,22.2            174.908881,-36.958261,22.2            174.908885,-36.958269,22.2            174.90889,-36.958282,22.2            174.908897,-36.958297,22.2            174.908904,-36.958309,22.2            174.908911,-36.958322,22.2            174.908917,-36.958332,22.2            174.908924,-36.958344,22.2            174.90893,-36.958355,22.2            174.908943,-36.958377,22.2            174.908947,-36.958384,22.2            174.908952,-36.958391,22.2            174.908956,-36.958401,22.3            174.90896,-36.958413,22.3            174.908968,-36.958425,22.3            174.908975,-36.958437,22.3            174.908982,-36.95845,22.3            174.908994,-36.958471,22.3            174.908998,-36.958477,22.3            174.909002,-36.958484,22.3            174.909008,-36.958495,22.3            174.909017,-36.958509,22.3            174.909023,-36.95852,22.3            174.909031,-36.958532,22.3            174.909035,-36.958541,22.3            174.909044,-36.958558,22.3            174.909048,-36.958567,22.4            174.909054,-36.958581,22.4            174.909061,-36.958597,22.4            174.909069,-36.958616,22.4            174.909073,-36.958624,22.4            174.909076,-36.958633,22.4            174.909082,-36.958643,22.4            174.909091,-36.958655,22.4            174.909096,-36.958665,22.5            174.909107,-36.958685,22.5            174.909111,-36.958691,22.5            174.909116,-36.958698,22.5            174.909125,-36.958711,22.5            174.90913,-36.958724,22.6            174.909142,-36.958743,22.6            174.909145,-36.95875,22.6            174.909149,-36.958758,22.6            174.909153,-36.958778,22.7            174.909157,-36.958787,22.7            174.909161,-36.958797,22.7            174.909163,-36.958807,22.8            174.909168,-36.958816,22.8            174.909173,-36.958831,22.8            174.909178,-36.958851,22.9            174.909182,-36.958862,22.9            174.909187,-36.958874,22.9            174.909186,-36.958883,22.9            174.90919,-36.958897,23            174.909198,-36.958908,23            174.909205,-36.958922,23            174.909212,-36.958935,23.1            174.909223,-36.958946,23.1            174.909229,-36.958959,23.1            174.909232,-36.958964,23.1            174.90924,-36.958975,23.2            174.909249,-36.958985,23.2            174.90926,-36.958999,23.2            174.909265,-36.959007,23.3            174.909271,-36.959016,23.3            174.909275,-36.959031,23.3            174.909282,-36.959046,23.4            174.909297,-36.959067,23.4            174.909304,-36.959072,23.4            174.909311,-36.959078,23.5            174.909319,-36.95909,23.5            174.909327,-36.959102,23.5            174.909335,-36.959117,23.6            174.909337,-36.959129,23.6            174.909342,-36.959148,23.6            174.909344,-36.959156,23.7            174.909354,-36.959164,23.7            174.909366,-36.959171,23.7            174.909373,-36.959181,23.8            174.909385,-36.959194,23.8            174.909388,-36.959208,23.8            174.90939,-36.959222,23.8            174.909395,-36.959235,23.9            174.909406,-36.95926,23.9            174.909411,-36.959265,23.9            174.909415,-36.959271,24            174.909425,-36.959291,24            174.909427,-36.9593,24            174.909429,-36.959308,24            174.909435,-36.959321,24            174.909443,-36.959338,24.1            174.909446,-36.959346,24.1            174.909453,-36.959356,24.1            174.90946,-36.959369,24.1            174.909468,-36.959386,24.1            174.909474,-36.959394,24.1            174.909479,-36.959401,24.1            174.909485,-36.959411,24.1            174.90949,-36.95942,24.1            174.909495,-36.959432,24.1            174.909507,-36.959454,24.1            174.90951,-36.959461,24.1            174.909513,-36.959468,24.1            174.909521,-36.959486,24.1            174.909524,-36.959495,24.1            174.909528,-36.959503,24.1            174.909537,-36.959521,24.1            174.909541,-36.959531,24.1            174.909545,-36.95954,24.1            174.909552,-36.959551,24.1            174.90956,-36.959564,24.1            174.90957,-36.959588,24.1            174.909573,-36.959594,24.1            174.909577,-36.9596,24.1            174.909588,-36.95962,24.1            174.909593,-36.959627,24.1            174.909597,-36.959633,24.1            174.909612,-36.959655,24.1            174.909614,-36.95966,24.1            174.909617,-36.959666,24.1            174.909624,-36.959682,24.1            174.909631,-36.959699,24.1            174.909633,-36.959704,24.1            174.909641,-36.959717,24.1            174.909652,-36.95973,24.1            174.909656,-36.959736,24            174.909661,-36.959747,24            174.909665,-36.959757,24            174.909674,-36.959774,24            174.909679,-36.959784,24            174.909683,-36.959793,24            174.909691,-36.95981,24            174.909694,-36.959819,24            174.909698,-36.959829,24            174.909709,-36.95985,24            174.909714,-36.959858,24            174.909718,-36.959866,24            174.909725,-36.959877,24            174.90973,-36.959885,24            174.909738,-36.959898,23.9            174.909742,-36.959907,23.9            174.909748,-36.959921,23.9            174.909754,-36.959929,23.9            174.909765,-36.95995,23.9            174.909769,-36.959957,23.9            174.909774,-36.959964,23.9            174.909786,-36.959986,23.9            174.909791,-36.959994,23.9            174.909795,-36.960003,23.9            174.9098,-36.960009,23.9            174.909806,-36.960022,23.8            174.909812,-36.960034,23.8            174.909819,-36.960054,23.8            174.909823,-36.960063,23.8            174.909826,-36.960071,23.8            174.909836,-36.960092,23.8            174.909841,-36.960099,23.8            174.909845,-36.960107,23.8            174.909852,-36.960118,23.8            174.909856,-36.960134,23.8            174.909865,-36.960152,23.8            174.909868,-36.96016,23.8            174.909872,-36.960169,23.8            174.909888,-36.960185,23.8            174.909894,-36.960192,23.8            174.909901,-36.960199,23.8            174.909916,-36.960216,23.8            174.909918,-36.960224,23.8            174.909921,-36.960232,23.8            174.909929,-36.960244,23.8            174.909937,-36.960258,23.8            174.909937,-36.96027,23.7            174.909941,-36.960278,23.7            174.909946,-36.960287,23.7            174.909951,-36.960295,23.7            174.909965,-36.960313,23.7            174.90997,-36.960321,23.7            174.909974,-36.960328,23.7            174.909978,-36.960336,23.7            174.909985,-36.960349,23.7            174.909991,-36.960361,23.7            174.909996,-36.96037,23.7            174.910007,-36.960382,23.7            174.91001,-36.960394,23.7            174.910018,-36.960408,23.7            174.910022,-36.96042,23.7            174.910026,-36.960428,23.7            174.910031,-36.960439,23.7            174.910035,-36.960453,23.7            174.910041,-36.960466,23.6            174.910045,-36.96048,23.6            174.910056,-36.9605,23.6            174.91006,-36.960508,23.6            174.910063,-36.960517,23.6            174.910067,-36.960531,23.6            174.910075,-36.960543,23.6            174.910082,-36.960555,23.6            174.91009,-36.960568,23.6            174.910101,-36.960587,23.6            174.910105,-36.960594,23.6            174.910109,-36.960602,23.6            174.910116,-36.960622,23.6            174.910121,-36.960631,23.6            174.910125,-36.960639,23.6            174.910132,-36.960652,23.6            174.910139,-36.96066,23.6            174.910142,-36.960671,23.6            174.910146,-36.960683,23.6            174.910155,-36.960698,23.6            174.910166,-36.960715,23.6            174.910171,-36.960725,23.6            174.910176,-36.960734,23.6            174.910181,-36.960739,23.6            174.910187,-36.96075,23.6            174.910196,-36.960764,23.6            174.910201,-36.960772,23.5            174.910208,-36.960785,23.5            174.910214,-36.960795,23.5            174.910227,-36.960814,23.5            174.910231,-36.960824,23.5            174.910235,-36.960833,23.5            174.910237,-36.960843,23.5            174.910244,-36.960862,23.5            174.910249,-36.96087,23.5            174.910253,-36.960882,23.5            174.910259,-36.960896,23.5            174.910267,-36.960912,23.5            174.910275,-36.960916,23.5            174.910283,-36.960927,23.5            174.91029,-36.960942,23.5            174.910297,-36.960951,23.5            174.91031,-36.960974,23.5            174.910315,-36.960983,23.5            174.910319,-36.960993,23.5            174.910323,-36.960997,23.5            174.910331,-36.961011,23.5            174.91034,-36.961019,23.5            174.910344,-36.96103,23.4            174.910354,-36.961046,23.4            174.910357,-36.961055,23.4            174.910362,-36.961072,23.4            174.910367,-36.961081,23.4            174.910373,-36.961093,23.4            174.910377,-36.961104,23.4            174.910382,-36.961112,23.4            174.91039,-36.961129,23.4            174.910394,-36.961138,23.4            174.910405,-36.961159,23.4            174.91041,-36.961168,23.4            174.910415,-36.961177,23.4            174.91042,-36.961186,23.3            174.910428,-36.9612,23.3            174.910431,-36.961209,23.3            174.910439,-36.961229,23.3            174.910442,-36.961237,23.3            174.910445,-36.961246,23.3            174.910457,-36.961268,23.3            174.910463,-36.961276,23.3            174.910468,-36.961283,23.3            174.910472,-36.961293,23.3            174.91048,-36.961308,23.3            174.910484,-36.961315,23.3            174.910488,-36.961331,23.3            174.910492,-36.961342,23.3            174.9105,-36.961361,23.2            174.910503,-36.96137,23.2            174.910505,-36.961378,23.2            174.910508,-36.961389,23.2            174.910513,-36.961404,23.2            174.910519,-36.961413,23.2            174.910526,-36.96143,23.2            174.910529,-36.961438,23.2            174.910533,-36.961448,23.2            174.910536,-36.961462,23.1            174.91054,-36.961478,23.1            174.910544,-36.961488,23.1            174.910552,-36.96151,23.1            174.910553,-36.961518,23.1            174.910554,-36.961527,23.1            174.910559,-36.961551,23.1            174.910561,-36.961558,23.1            174.910563,-36.961565,23.1            174.910566,-36.961577,23.1            174.91057,-36.961593,23.1            174.910573,-36.961611,23.1            174.910574,-36.961622,23            174.910574,-36.961632,23            174.910576,-36.961651,23            174.910575,-36.961661,23            174.910575,-36.961671,23            174.910582,-36.96169,23            174.910582,-36.9617,23            174.910583,-36.961711,23            174.910583,-36.961717,23            174.910582,-36.961733,23            174.910579,-36.961742,23            174.91058,-36.961756,23            174.91058,-36.961765,23            174.910575,-36.961776,23            174.910569,-36.961791,23.1            174.910562,-36.961803,23.1            174.910546,-36.961817,23.2            174.910538,-36.961824,23.2            174.910529,-36.96183,23.3            174.910508,-36.961843,23.4            174.9105,-36.96185,23.4            174.910492,-36.961857,23.5            174.910488,-36.961865,23.5            174.910479,-36.961876,23.6            174.910469,-36.961887,23.7            174.910461,-36.961901,23.7            174.910454,-36.961908,23.8            174.910447,-36.961917,23.8            174.910439,-36.961928,23.9            174.910429,-36.96194,24            174.910424,-36.961947,24            174.910413,-36.96196,24.1            174.910408,-36.961969,24.1            174.910391,-36.961988,24.2            174.910385,-36.961994,24.3            174.910379,-36.962001,24.3            174.910366,-36.962012,24.4            174.910351,-36.962019,24.4            174.910326,-36.962029,24.5            174.910319,-36.962034,24.5            174.910311,-36.962038,24.5            174.910295,-36.962048,24.5            174.910288,-36.962052,24.6            174.910274,-36.962058,24.6            174.910252,-36.962068,24.7            174.910242,-36.962072,24.7            174.910232,-36.962077,24.7            174.910215,-36.962086,24.7            174.91021,-36.962091,24.7            174.910199,-36.962098,24.7            174.910188,-36.962106,24.8            174.910177,-36.962111,24.8            174.910161,-36.962116,24.8            174.910149,-36.962121,24.8            174.910135,-36.962127,24.8            174.910125,-36.962132,24.8            174.910114,-36.962136,24.9            174.910093,-36.962141,24.9            174.910086,-36.962145,24.9            174.910071,-36.962147,24.9            174.910055,-36.962153,24.9            174.910045,-36.962158,24.9            174.910022,-36.962171,24.9            174.910005,-36.962176,24.9            174.909984,-36.962181,25            174.909962,-36.962184,25            174.909955,-36.962185,25            174.909941,-36.962189,25            174.90992,-36.962192,25            174.909908,-36.962194,25            174.90988,-36.962202,25.1            174.909873,-36.962206,25.1            174.909865,-36.96221,25.1            174.909853,-36.962214,25.1            174.909841,-36.96222,25.2            174.909825,-36.962226,25.2            174.909811,-36.962233,25.2            174.909801,-36.962236,25.2            174.909788,-36.962239,25.3            174.909775,-36.962242,25.3            174.909761,-36.962247,25.3            174.909752,-36.96225,25.3            174.909735,-36.962252,25.4            174.90972,-36.962259,25.4            174.909696,-36.962267,25.4            174.909686,-36.962271,25.5            174.909677,-36.962274,25.5            174.90966,-36.962278,25.5            174.909652,-36.962281,25.5            174.90964,-36.962285,25.5            174.909621,-36.962288,25.6            174.909608,-36.962294,25.6            174.909593,-36.962299,25.6            174.909578,-36.962302,25.7            174.909567,-36.962302,25.7            174.909554,-36.962303,25.7            174.909541,-36.962304,25.7            174.909527,-36.962305,25.8            174.909499,-36.962303,25.8            174.909488,-36.962302,25.8            174.909478,-36.9623,25.9            174.909453,-36.962296,25.9            174.909443,-36.962295,25.9            174.909433,-36.962293,25.9            174.909425,-36.962292,26            174.90941,-36.96229,26            174.909394,-36.962283,26            174.909368,-36.962275,26.1            174.909358,-36.962273,26.1            174.909348,-36.96227,26.1            174.909334,-36.962264,26.2            174.909323,-36.962262,26.2            174.909309,-36.962257,26.2            174.909298,-36.962251,26.2            174.909282,-36.962242,26.3            174.909274,-36.962236,26.3            174.909265,-36.962231,26.3            174.909253,-36.962225,26.3            174.909242,-36.962218,26.4            174.90922,-36.962202,26.4            174.909213,-36.962196,26.4            174.909206,-36.962191,26.4            174.909196,-36.96218,26.4            174.909187,-36.962171,26.5            174.909178,-36.962165,26.5            174.909169,-36.96216,26.5            174.909157,-36.962145,26.5            174.909152,-36.962137,26.5            174.909141,-36.962132,26.5            174.909128,-36.962129,26.5            174.909113,-36.962127,26.5            174.909097,-36.962125,26.5            174.909082,-36.962123,26.5            174.909076,-36.962122,26.5            174.90907,-36.962125,26.5            174.909056,-36.962126,26.5            174.909047,-36.962128,26.5            174.909036,-36.962132,26.5            174.909024,-36.962137,26.4            174.909009,-36.962142,26.4            174.908994,-36.962146,26.4            174.908975,-36.962159,26.4            174.908966,-36.962164,26.4            174.908957,-36.96217,26.4            174.908943,-36.962178,26.4            174.908934,-36.962185,26.4            174.908926,-36.962191,26.3            174.908911,-36.962198,26.3            174.908894,-36.962205,26.3            174.908889,-36.96221,26.3            174.908877,-36.962216,26.3            174.908862,-36.962221,26.3            174.908847,-36.962227,26.3            174.908841,-36.962233,26.3            174.908822,-36.962239,26.2            174.908808,-36.962247,26.2            174.908803,-36.962251,26.2            174.908794,-36.962259,26.2            174.908782,-36.962264,26.2            174.908771,-36.962272,26.1            174.908768,-36.962275,26.1            174.908758,-36.962279,26.1            174.908744,-36.962287,26.1            174.908731,-36.962293,26.1            174.908718,-36.962301,26.1            174.908711,-36.962302,26.1            174.908698,-36.962309,26            174.908678,-36.962322,26            174.90867,-36.962327,26            174.908663,-36.962332,26            174.908645,-36.962342,26            174.908634,-36.962346,26            174.908623,-36.962351,26            174.908615,-36.962356,26            174.908609,-36.962362,26            174.908595,-36.96237,26            174.90858,-36.962374,26            174.908568,-36.96238,25.9            174.908554,-36.962384,25.9            174.908531,-36.962393,25.9            174.908522,-36.962398,25.9            174.908513,-36.962402,25.9            174.908499,-36.96241,25.9            174.908489,-36.962412,25.9            174.90848,-36.962419,25.9            174.908471,-36.962423,25.9            174.908451,-36.962431,25.9            174.908443,-36.962438,25.9            174.908432,-36.962448,25.8            174.908425,-36.962457,25.8            174.908425,-36.962466,25.7            174.90843,-36.962478,25.6            174.90843,-36.96249,25.5            174.908433,-36.962499,25.5            174.908436,-36.962518,25.3            174.908437,-36.962527,25.2            174.908438,-36.962537,25.1            174.908443,-36.962548,25            174.908448,-36.962554,25            174.90845,-36.962566,24.8            174.908451,-36.962578,24.7            174.908451,-36.962588,24.6            174.908451,-36.962599,24.5            174.908451,-36.962609,24.4            174.908453,-36.962623,24.2            174.908452,-36.962635,24.1            174.908451,-36.962648,23.9            174.908447,-36.96266,23.8            174.908447,-36.962671,23.7            174.908444,-36.962682,23.6            174.908441,-36.962693,23.4            174.908439,-36.962705,23.3            174.908433,-36.962715,23.2            174.908425,-36.96273,23.1            174.908416,-36.962748,22.9            174.90841,-36.962756,22.8            174.908404,-36.962764,22.7            174.908389,-36.962784,22.6            174.908381,-36.962789,22.5            174.908374,-36.962795,22.4            174.908365,-36.962804,22.3            174.908353,-36.962812,22.3            174.908338,-36.962817,22.2            174.908326,-36.962823,22.1            174.908316,-36.962828,22            174.908306,-36.96284,21.9            174.908295,-36.962844,21.9            174.908288,-36.96285,21.8            174.908277,-36.962861,21.7            174.908257,-36.962874,21.6            174.908249,-36.96288,21.5            174.90824,-36.962885,21.5            174.908236,-36.962889,21.4            174.908229,-36.962894,21.4            174.908222,-36.962902,21.3            174.908217,-36.962909,21.3            174.908212,-36.962919,21.2            174.908217,-36.962926,21.1            174.908228,-36.962937,21.1            174.908242,-36.962942,21.1            174.908257,-36.962947,21            174.90827,-36.962949,21            174.90828,-36.962941,21            174.908294,-36.962939,20.9            174.908313,-36.962938,20.9            174.908334,-36.962939,20.8            174.90835,-36.962939,20.8            174.908362,-36.962936,20.8            174.908375,-36.962933,20.8            174.908391,-36.962931,20.7            174.908411,-36.962917,20.7            174.908419,-36.962912,20.7            174.908427,-36.962908,20.7            174.908443,-36.962903,20.7            174.908454,-36.962899,20.7            174.908467,-36.962893,20.7            174.908481,-36.962882,20.6            174.908492,-36.962875,20.6            174.908511,-36.962859,20.6            174.90852,-36.962856,20.6            174.908529,-36.962852,20.6            174.908541,-36.962843,20.6            174.90855,-36.96284,20.6            174.90856,-36.962836,20.6            174.908569,-36.962832,20.6            174.908582,-36.962822,20.6            174.908596,-36.962812,20.6            174.908605,-36.962806,20.6            174.908617,-36.962804,20.6            174.908629,-36.962793,20.6            174.908639,-36.962787,20.6            174.908655,-36.96278,20.6            174.908659,-36.962782,20.6            174.908662,-36.962778,20.6            174.908671,-36.96277,20.6            174.908676,-36.962764,20.6            174.908687,-36.962755,20.6            174.908696,-36.962744,20.6            174.90871,-36.962733,20.6            174.908733,-36.962719,20.7            174.908742,-36.962715,20.7            174.908752,-36.96271,20.7            174.908766,-36.962698,20.7            174.908776,-36.96269,20.7            174.908785,-36.962682,20.8            174.908803,-36.962672,20.8            174.908812,-36.962663,20.8            174.908827,-36.962653,20.9            174.908839,-36.962637,20.9            174.908851,-36.962633,20.9            174.908861,-36.962623,20.9            174.908872,-36.962614,21            174.908885,-36.962606,21            174.908896,-36.962592,21            174.908904,-36.962585,21            174.908911,-36.962577,21.1            174.908924,-36.962569,21.1            174.90894,-36.962557,21.1            174.908958,-36.962547,21.1            174.908964,-36.962541,21.1            174.908974,-36.962532,21.1            174.908987,-36.96252,21.2            174.909001,-36.962516,21.2            174.909017,-36.96251,21.2            174.909026,-36.962507,21.2            174.909041,-36.962501,21.2            174.909066,-36.962495,21.2            174.909091,-36.962492,21.2            174.909102,-36.962488,21.1            174.909113,-36.962485,21.1            174.909122,-36.962481,21.1            174.909136,-36.962481,21.1            174.909156,-36.962478,21.1            174.909167,-36.962479,21.1            174.909178,-36.962478,21.1            174.909198,-36.962477,21.1            174.909225,-36.962479,21.1            174.909238,-36.96248,21.1            174.90925,-36.962481,21.1            174.909258,-36.962486,21.1            174.909273,-36.962486,21.1            174.909293,-36.962484,21.1            174.909317,-36.962483,21.1            174.909323,-36.962486,21.1            174.909336,-36.962488,21.1            174.909352,-36.962488,21.1            174.909368,-36.962492,21.2            174.909376,-36.962493,21.2            174.909395,-36.962495,21.2            174.909413,-36.962496,21.2            174.90943,-36.9625,21.3            174.909447,-36.962502,21.3            174.909463,-36.962502,21.3            174.909479,-36.962506,21.4            174.909491,-36.96251,21.4            174.909503,-36.96251,21.4            174.909521,-36.962515,21.5            174.909534,-36.962516,21.5            174.909552,-36.962518,21.6            174.909568,-36.962522,21.6            174.909583,-36.962524,21.7            174.909595,-36.962526,21.7            174.909608,-36.96253,21.8            174.909623,-36.962535,21.9            174.909637,-36.962539,21.9            174.909649,-36.96254,22            174.909671,-36.962537,22.1            174.909682,-36.962534,22.2            174.909693,-36.96253,22.3            174.909718,-36.96252,22.4            174.909725,-36.962515,22.5            174.909732,-36.962509,22.6            174.909744,-36.962501,22.7            174.909754,-36.962493,22.8            174.90976,-36.962485,22.9            174.909772,-36.962476,23            174.909784,-36.962466,23.1            174.909795,-36.962455,23.2            174.909806,-36.962443,23.4            174.909811,-36.962433,23.5            174.90982,-36.962417,23.6            174.909825,-36.962409,23.7            174.90983,-36.962401,23.7            174.909837,-36.962391,23.8            174.909851,-36.96237,24            174.909858,-36.962362,24            174.909865,-36.962353,24.1            174.909873,-36.962347,24.1            174.909883,-36.962335,24.1            174.909894,-36.962328,24.1            174.909899,-36.962318,24.2            174.909913,-36.962309,24.2            174.909924,-36.962301,24.2            174.909933,-36.962296,24.1            174.909947,-36.962289,24.1            174.909959,-36.962284,24.1            174.909974,-36.962274,24.1            174.909983,-36.962269,24            174.909998,-36.962266,24            174.910027,-36.962261,23.9            174.910038,-36.962258,23.9            174.910049,-36.962256,23.8            174.910062,-36.962254,23.8            174.910073,-36.962251,23.7            174.910087,-36.962247,23.7            174.9101,-36.962245,23.6            174.91012,-36.962243,23.5            174.910132,-36.96224,23.5            174.910141,-36.962235,23.5            174.910156,-36.962233,23.4            174.910171,-36.962236,23.3            174.910183,-36.962233,23.3            174.910195,-36.962233,23.2            174.910211,-36.962229,23.2            174.91023,-36.962229,23.1            174.910241,-36.962229,23            174.910254,-36.962228,23            174.91027,-36.962227,22.9            174.910291,-36.962226,22.8            174.910306,-36.962221,22.8            174.91032,-36.962223,22.7            174.910332,-36.962218,22.7            174.91035,-36.962213,22.6            174.910367,-36.962212,22.5            174.910381,-36.962205,22.4            174.910388,-36.9622,22.4            174.910399,-36.962194,22.4            174.910418,-36.962186,22.3            174.910431,-36.962184,22.2            174.91045,-36.962174,22.2            174.910456,-36.96217,22.2            174.910463,-36.962165,22.1            174.910469,-36.96216,22.1            174.910486,-36.962141,22.1            174.910491,-36.96213,22            174.910496,-36.96212,22            174.910505,-36.962108,22            174.910517,-36.962093,22            174.910515,-36.962087,22            174.91053,-36.962077,22            174.910538,-36.962065,22            174.910543,-36.962051,22            174.910547,-36.962042,22            174.910552,-36.962034,22            174.910556,-36.962025,22            174.910564,-36.962007,22            174.910572,-36.962,22            174.910584,-36.961981,22            174.910587,-36.961974,22.1            174.910591,-36.961966,22.1            174.910603,-36.961947,22.1            174.910608,-36.961939,22.2            174.910614,-36.961932,22.2            174.910619,-36.961925,22.2            174.910625,-36.961913,22.2            174.910628,-36.961906,22.3            174.910646,-36.961884,22.3            174.910651,-36.961876,22.4            174.910655,-36.961869,22.4            174.910659,-36.961858,22.4            174.910662,-36.961846,22.5            174.910669,-36.961841,22.5            174.910668,-36.961823,22.6            174.91067,-36.961813,22.6            174.910672,-36.961802,22.7            174.910675,-36.961785,22.7            174.910673,-36.961774,22.8            174.910672,-36.961763,22.8            174.910672,-36.96175,22.8            174.91067,-36.961738,22.8            174.910673,-36.96172,22.9            174.910674,-36.961711,22.9            174.910676,-36.961702,22.9            174.910686,-36.961682,22.9            174.91069,-36.961674,22.9            174.910694,-36.961665,22.9            174.910713,-36.961644,22.9            174.910718,-36.961638,22.9            174.910723,-36.961632,23            174.910734,-36.961615,23            174.91074,-36.961606,23            174.910745,-36.961598,23            174.910759,-36.96158,23            174.910766,-36.961573,23            174.910772,-36.961566,22.9            174.910783,-36.961551,22.9            174.910784,-36.961547,22.9            174.910789,-36.961533,22.9            174.910794,-36.961517,22.9            174.910797,-36.961509,22.9            174.9108,-36.961499,22.8            174.910803,-36.961486,22.8            174.91081,-36.961473,22.8            174.910813,-36.961452,22.8            174.910815,-36.961445,22.7            174.910816,-36.961437,22.7            174.910821,-36.961417,22.7            174.910821,-36.961407,22.6            174.910821,-36.961398,22.6            174.910823,-36.961383,22.5            174.910822,-36.961374,22.5            174.910819,-36.961364,22.5            174.910809,-36.961345,22.4            174.910803,-36.961335,22.4            174.910797,-36.961326,22.4            174.910794,-36.961317,22.4            174.91078,-36.961295,22.3            174.910783,-36.961288,22.3            174.910777,-36.961275,22.3            174.910769,-36.961263,22.3            174.910758,-36.961238,22.3            174.910752,-36.96123,22.3            174.910747,-36.961223,22.3            174.910744,-36.961213,22.3            174.910738,-36.9612,22.4            174.910736,-36.961189,22.4            174.910728,-36.961175,22.4            174.910722,-36.961166,22.4            174.910716,-36.961156,22.4            174.910703,-36.961132,22.4            174.910699,-36.961124,22.5            174.910695,-36.961116,22.5            174.910684,-36.961097,22.5            174.910679,-36.961088,22.5            174.910674,-36.961078,22.6            174.910663,-36.961061,22.6            174.910659,-36.961053,22.6            174.910655,-36.961044,22.7            174.910647,-36.961023,22.7            174.910643,-36.961014,22.8            174.910639,-36.961004,22.8            174.91063,-36.960984,22.9            174.910626,-36.960976,22.9            174.910622,-36.960967,22.9            174.91062,-36.960958,23            174.910611,-36.960944,23            174.910607,-36.960934,23.1            174.910597,-36.960912,23.2            174.910594,-36.960904,23.2            174.91059,-36.960895,23.3            174.910588,-36.960876,23.4            174.910587,-36.960866,23.4            174.910587,-36.960857,23.5            174.910588,-36.960843,23.6            174.910587,-36.960828,23.6            174.910586,-36.960809,23.7            174.910586,-36.9608,23.8            174.910587,-36.960791,23.8            174.910597,-36.96077,23.9            174.910601,-36.960762,24            174.910604,-36.960753,24            174.91061,-36.960741,24.1            174.910615,-36.960731,24.2            174.910618,-36.960719,24.2            174.910631,-36.960699,24.3            174.910636,-36.960691,24.3            174.91064,-36.960684,24.4            174.910655,-36.960668,24.5            174.910664,-36.960661,24.5            174.910673,-36.960654,24.5            174.910682,-36.960648,24.6            174.9107,-36.96064,24.6            174.910709,-36.960633,24.6            174.910733,-36.960619,24.7            174.91074,-36.960614,24.7            174.910747,-36.960609,24.7            174.910763,-36.960604,24.7            174.910776,-36.960595,24.8            174.910783,-36.960589,24.8            174.910793,-36.960585,24.8            174.910802,-36.96058,24.8            174.910817,-36.960573,24.8            174.910838,-36.960566,24.9            174.91085,-36.960562,24.9            174.910868,-36.960559,24.9            174.91088,-36.960556,24.9            174.910893,-36.960553,24.9            174.910919,-36.960545,24.9            174.910929,-36.960541,24.9            174.91094,-36.960538,25            174.910967,-36.960529,25            174.910976,-36.960525,25            174.910986,-36.960522,25            174.911016,-36.960521,25            174.911025,-36.960521,25            174.911034,-36.96052,25            174.91105,-36.960518,25            174.91107,-36.960512,25            174.911091,-36.960508,25            174.911104,-36.960507,25            174.911116,-36.960506,25            174.91114,-36.960505,25.1            174.911152,-36.960506,25.1            174.911165,-36.960507,25.1            174.911182,-36.960504,25.1            174.911202,-36.960501,25.1            174.911227,-36.960499,25.1            174.911238,-36.960499,25.1            174.91125,-36.960498,25.1            174.911281,-36.960488,25.1            174.91129,-36.960486,25.1            174.9113,-36.960483,25.1            174.911322,-36.960481,25.2            174.911336,-36.96048,25.2            174.911351,-36.960475,25.2            174.911369,-36.960472,25.2            174.911391,-36.960464,25.2            174.911403,-36.96046,25.2            174.911414,-36.960455,25.2            174.911441,-36.960449,25.3            174.911451,-36.960444,25.3            174.911462,-36.96044,25.3            174.911472,-36.960432,25.3            174.911483,-36.960424,25.3            174.911496,-36.960416,25.3            174.911515,-36.960398,25.3            174.911521,-36.960394,25.4            174.911527,-36.960389,25.4            174.911536,-36.960385,25.4            174.911553,-36.960367,25.4            174.911557,-36.960361,25.4            174.911568,-36.960349,25.4            174.91158,-36.960339,25.4            174.91159,-36.960319,25.3            174.911594,-36.960309,25.3            174.911599,-36.9603,25.3            174.911605,-36.960293,25.3            174.911612,-36.960288,25.3            174.911619,-36.960274,25.2            174.911627,-36.960264,25.2            174.911639,-36.960248,25.2            174.911644,-36.960243,25.1            174.911656,-36.96023,25.1            174.911666,-36.96022,25            174.911682,-36.960199,24.9            174.911687,-36.960193,24.9            174.911692,-36.960186,24.9            174.911708,-36.960169,24.8            174.911714,-36.960162,24.8            174.91172,-36.960155,24.7            174.911729,-36.960141,24.7            174.911738,-36.960132,24.6            174.911749,-36.960123,24.6            174.911761,-36.960109,24.5            174.911764,-36.960102,24.5            174.911775,-36.96009,24.4            174.911783,-36.960081,24.3            174.9118,-36.960066,24.3            174.911807,-36.960059,24.2            174.911814,-36.960051,24.2            174.911832,-36.960035,24.1            174.91184,-36.960029,24.1            174.911847,-36.960023,24.1            174.91186,-36.960016,24            174.911872,-36.960015,24            174.911886,-36.960015,24            174.911908,-36.960015,24            174.911923,-36.960022,23.9            174.911942,-36.960029,23.9            174.911959,-36.960035,23.9            174.911984,-36.960048,23.9            174.911994,-36.960052,23.8            174.912003,-36.960056,23.8            174.912024,-36.960072,23.8            174.912033,-36.960078,23.8            174.912042,-36.960083,23.8            174.912057,-36.960102,23.7            174.912063,-36.960107,23.7            174.91207,-36.960113,23.7            174.912084,-36.960123,23.7            174.912098,-36.960131,23.7            174.912113,-36.960136,23.7            174.912128,-36.960143,23.6            174.912158,-36.960157,23.6            174.912166,-36.960161,23.6            174.912174,-36.960164,23.6            174.912186,-36.960171,23.6            174.912204,-36.960182,23.6            174.912215,-36.960183,23.5            174.912232,-36.960189,23.5            174.912243,-36.960194,23.5            174.912269,-36.960193,23.5            174.912278,-36.960192,23.5            174.912288,-36.96019,23.5            174.9123,-36.96019,23.5            174.912322,-36.960192,23.5            174.912343,-36.96019,23.5            174.912358,-36.96019,23.5            174.912384,-36.960184,23.5            174.912397,-36.960181,23.5            174.91241,-36.960179,23.5            174.912423,-36.960175,23.5            174.912439,-36.960173,23.5            174.912454,-36.96017,23.5            174.912472,-36.960169,23.5            174.91249,-36.960166,23.5            174.912515,-36.96016,23.5            174.912528,-36.960157,23.5            174.912541,-36.960155,23.5            174.912551,-36.960152,23.5            174.912567,-36.960151,23.5            174.912585,-36.960151,23.5            174.9126,-36.960146,23.5            174.912618,-36.960143,23.5            174.912635,-36.960144,23.5            174.912652,-36.960144,23.5            174.912677,-36.960145,23.5            174.912688,-36.960145,23.5            174.9127,-36.960146,23.5            174.912727,-36.96015,23.5            174.912737,-36.96015,23.5            174.912748,-36.960151,23.5            174.912766,-36.960155,23.5            174.912784,-36.960159,23.5            174.91281,-36.96016,23.5            174.91282,-36.960161,23.5            174.912831,-36.960163,23.5            174.912858,-36.960173,23.5            174.912867,-36.960176,23.5            174.912877,-36.960179,23.5            174.912894,-36.960187,23.6            174.912908,-36.960192,23.6            174.912924,-36.960198,23.6            174.91294,-36.960203,23.6            174.912963,-36.960214,23.6            174.912973,-36.960218,23.6            174.912984,-36.960223,23.6            174.913008,-36.960229,23.7            174.913017,-36.960233,23.7            174.913027,-36.960238,23.7            174.913054,-36.960251,23.7            174.913062,-36.960255,23.8            174.913071,-36.96026,23.8            174.913082,-36.960266,23.8            174.913097,-36.960278,23.8            174.913107,-36.960288,23.8            174.913122,-36.960297,23.9            174.913138,-36.960312,23.9            174.913146,-36.96032,23.9            174.913154,-36.960327,23.9            174.913166,-36.960335,24            174.91318,-36.960345,24            174.913191,-36.960354,24            174.913206,-36.960366,24.1            174.913224,-36.960377,24.1            174.913233,-36.960384,24.1            174.913242,-36.960391,24.2            174.913258,-36.960406,24.2            174.913265,-36.960412,24.2            174.913272,-36.960419,24.2            174.913283,-36.960428,24.2            174.913294,-36.96044,24.3            174.913308,-36.960456,24.3            174.913317,-36.960463,24.3            174.913325,-36.960471,24.3            174.913335,-36.960479,24.3            174.913347,-36.960492,24.3            174.913357,-36.960507,24.3            174.913362,-36.960519,24.3            174.913377,-36.960535,24.3            174.913382,-36.960545,24.3            174.913386,-36.960554,24.4            174.913395,-36.960573,24.4            174.9134,-36.960583,24.4            174.913404,-36.960592,24.4            174.913412,-36.960612,24.4            174.913416,-36.96062,24.4            174.913419,-36.960628,24.4            174.913421,-36.960642,24.4            174.913426,-36.960658,24.4            174.913428,-36.960669,24.4            174.913436,-36.960685,24.4            174.913446,-36.960705,24.4            174.913451,-36.960711,24.5            174.913455,-36.960718,24.5            174.913464,-36.960724,24.5            174.913467,-36.960736,24.5            174.913471,-36.960748,24.5            174.913476,-36.960762,24.5            174.913482,-36.960777,24.5            174.913495,-36.960794,24.5            174.913501,-36.960801,24.5            174.913506,-36.960809,24.6            174.913525,-36.960822,24.6            174.913534,-36.960829,24.6            174.913542,-36.960835,24.6            174.913562,-36.960846,24.6            174.913572,-36.960853,24.6            174.913581,-36.960859,24.6            174.913588,-36.960865,24.6            174.913602,-36.960875,24.7            174.913612,-36.960883,24.7            174.913624,-36.960894,24.7            174.913637,-36.960907,24.7            174.913644,-36.960912,24.7            174.913655,-36.96092,24.7            174.913666,-36.960933,24.7            174.913679,-36.960939,24.8            174.913697,-36.960949,24.8            174.913709,-36.960958,24.8            174.913719,-36.96097,24.8            174.91374,-36.960986,24.8            174.913749,-36.960992,24.8            174.913758,-36.960999,24.9            174.913774,-36.961012,24.9            174.913783,-36.961019,24.9            174.913791,-36.961025,24.9            174.913812,-36.961041,24.9            174.913821,-36.961047,24.9            174.913829,-36.961054,24.9            174.913849,-36.961064,25            174.913858,-36.961071,25            174.913868,-36.961078,25            174.91389,-36.96109,25            174.913898,-36.961095,25            174.913907,-36.9611,25            174.913934,-36.961112,25            174.913943,-36.961115,25            174.913953,-36.961119,25            174.913973,-36.961127,25.1            174.913983,-36.961131,25.1            174.913999,-36.961138,25.1            174.914018,-36.961143,25.1            174.914042,-36.961148,25.1            174.914055,-36.961152,25.1            174.914067,-36.961156,25.1            174.914092,-36.961161,25.2            174.914105,-36.961163,25.2            174.914118,-36.961164,25.2            174.914141,-36.961161,25.2            174.914153,-36.961161,25.3            174.914165,-36.96116,25.3            174.914182,-36.961159,25.3            174.914205,-36.961162,25.3            174.914231,-36.961162,25.4            174.914244,-36.961161,25.4            174.914257,-36.961161,25.4            174.914269,-36.961163,25.5            174.914288,-36.961161,25.5            174.914301,-36.961166,25.5            174.914328,-36.961163,25.6            174.914338,-36.961162,25.6            174.914349,-36.96116,25.7            174.914378,-36.961153,25.7            174.914384,-36.961145,25.7            174.91439,-36.961138,25.7            174.914404,-36.961125,25.8            174.91441,-36.96111,25.8            174.914423,-36.961097,25.8            174.914428,-36.961087,25.8            174.914445,-36.961072,25.8            174.914454,-36.961064,25.8            174.914462,-36.961057,25.8            174.914472,-36.961048,25.9            174.914487,-36.961034,25.9            174.914504,-36.961019,25.9            174.914512,-36.961012,25.9            174.91452,-36.961004,25.9            174.914532,-36.960997,26            174.914549,-36.960986,26            174.914559,-36.960982,26            174.914567,-36.960972,26            174.914581,-36.960962,26.1            174.914602,-36.960948,26.1            174.914611,-36.960943,26.1            174.914619,-36.960939,26.1            174.914634,-36.96093,26.2            174.914649,-36.960919,26.2            174.91466,-36.960912,26.3            174.914673,-36.960899,26.3            174.914685,-36.960882,26.4            174.914691,-36.960874,26.4            174.914696,-36.960866,26.4            174.914707,-36.96085,26.5            174.914711,-36.960842,26.5            174.914716,-36.960833,26.5            174.914719,-36.960821,26.6            174.914728,-36.960805,26.6            174.914724,-36.960798,26.6            174.914727,-36.960785,26.7            174.914725,-36.960773,26.7            174.914726,-36.960761,26.8            174.914718,-36.960751,26.8            174.914713,-36.960739,26.8            174.9147,-36.960717,26.9            174.914695,-36.960711,26.9            174.914691,-36.960704,26.9            174.914672,-36.960684,26.9            174.914665,-36.960677,26.9            174.914657,-36.960671,26.9            174.91464,-36.960656,26.9            174.914635,-36.960649,26.9            174.914629,-36.960641,26.9            174.914608,-36.960624,27            174.914602,-36.960618,27            174.914596,-36.960612,27            174.914581,-36.960593,27            174.914576,-36.960585,27            174.91457,-36.960577,27            174.914564,-36.960566,27            174.914554,-36.960556,27.1            174.914549,-36.960545,27.1            174.914541,-36.960527,27.1            174.914538,-36.960517,27.1            174.914536,-36.960507,27.2            174.914538,-36.960486,27.2            174.914539,-36.960478,27.2            174.914541,-36.960469,27.2            174.914545,-36.960448,27.3            174.914548,-36.96044,27.3            174.91455,-36.960431,27.3            174.91456,-36.960411,27.3            174.914566,-36.960402,27.3            174.914571,-36.960393,27.4            174.914578,-36.960382,27.4            174.914586,-36.960369,27.4            174.914593,-36.960359,27.4            174.914604,-36.960344,27.5            174.914609,-36.960334,27.6            174.914619,-36.960325,27.6            174.914626,-36.960314,27.7            174.914641,-36.9603,27.8            174.91465,-36.960292,27.9            174.914658,-36.960285,27.9            174.914668,-36.960279,28            174.914674,-36.960274,28            174.914686,-36.960265,28.1            174.9147,-36.960256,28.2            174.914714,-36.960247,28.3            174.914727,-36.96024,28.4            174.914731,-36.960234,28.4            174.914747,-36.960224,28.5            174.914762,-36.96021,28.6            174.914772,-36.960205,28.7            174.914785,-36.960196,28.8            174.914802,-36.960184,28.8            174.914824,-36.960177,28.9            174.914835,-36.960174,29            174.914847,-36.96017,29            174.914856,-36.960164,29            174.91487,-36.960157,29.1            174.914881,-36.960152,29.1            174.914895,-36.960146,29.1            174.914909,-36.960136,29.1            174.91492,-36.960128,29.1            174.914934,-36.960118,29.1            174.914953,-36.960106,29.1            174.914961,-36.9601,29.1            174.914968,-36.960093,29.1            174.914979,-36.960086,29.1            174.915003,-36.960074,29            174.915009,-36.960071,29            174.915023,-36.96006,28.9            174.915035,-36.960054,28.9            174.915052,-36.960041,28.8            174.915065,-36.960034,28.8            174.915089,-36.960022,28.7            174.915098,-36.960016,28.6            174.915106,-36.96001,28.6            174.915125,-36.959992,28.5            174.915133,-36.959984,28.4            174.915142,-36.959975,28.4            174.915156,-36.95996,28.3            174.915164,-36.959953,28.3            174.915171,-36.959946,28.3            174.915185,-36.959937,28.3            174.915198,-36.959927,28.2            174.915211,-36.959918,28.2            174.915223,-36.959908,28.2            174.915233,-36.959894,28.2            174.915244,-36.959886,28.3            174.915252,-36.959876,28.3            174.915267,-36.959866,28.3            174.915285,-36.959851,28.3            174.915294,-36.959843,28.4            174.915302,-36.959836,28.4            174.915314,-36.959819,28.5            174.915319,-36.95981,28.5            174.915325,-36.959802,28.5            174.915337,-36.959784,28.6            174.915341,-36.959777,28.6            174.915346,-36.959769,28.7            174.915354,-36.959755,28.7            174.915365,-36.959744,28.8            174.91538,-36.959723,28.9            174.915386,-36.959716,28.9            174.915392,-36.959708,29            174.915398,-36.959696,29            174.91541,-36.959682,29.1            174.915419,-36.959663,29.2            174.915423,-36.959654,29.2            174.915427,-36.959645,29.2            174.915429,-36.959627,29.3            174.915424,-36.959615,29.3            174.91542,-36.959599,29.3            174.915408,-36.959588,29.4            174.915401,-36.959575,29.4            174.915394,-36.959562,29.4            174.915389,-36.959548,29.4            174.915386,-36.959535,29.5            174.91538,-36.959514,29.5            174.915377,-36.959506,29.5            174.915373,-36.959497,29.5            174.915367,-36.959475,29.5            174.915364,-36.959467,29.5            174.915361,-36.95946,29.6            174.915355,-36.959437,29.6            174.915353,-36.95943,29.6            174.91535,-36.959422,29.6            174.915348,-36.959411,29.6            174.915349,-36.959395,29.6            174.91535,-36.959374,29.6            174.915351,-36.959364,29.6            174.915351,-36.959355,29.6            174.91535,-36.959345,29.6            174.915348,-36.959333,29.6            174.915348,-36.95932,29.6            174.915345,-36.959296,29.6            174.915342,-36.959289,29.6            174.91534,-36.959281,29.7            174.91533,-36.95926,29.7            174.915327,-36.959252,29.7            174.915323,-36.959245,29.7            174.915316,-36.95923,29.7            174.915306,-36.95922,29.8            174.915293,-36.9592,29.8            174.915288,-36.959193,29.9            174.915283,-36.959186,29.9            174.915279,-36.959174,29.9            174.91527,-36.959165,30            174.915257,-36.959158,30            174.915245,-36.95915,30.1            174.915235,-36.959142,30.1            174.915223,-36.959134,30.2            174.915213,-36.959128,30.2            174.915204,-36.959121,30.3            174.915194,-36.959119,30.3            174.915175,-36.959133,30.2            174.915166,-36.959141,30.2            174.915158,-36.959148,30.2            174.915143,-36.959164,30.2            174.915136,-36.959173,30.2            174.91513,-36.959181,30.2            174.915114,-36.959196,30.2            174.915106,-36.959203,30.2            174.915099,-36.959209,30.1            174.915088,-36.959218,30.1            174.915081,-36.959232,30.1            174.915069,-36.959243,30.1            174.915058,-36.959252,30.1            174.915037,-36.959272,30            174.91503,-36.95928,30            174.915024,-36.959288,30            174.915018,-36.95929,30            174.915014,-36.959301,30            174.915006,-36.959313,29.9            174.914992,-36.959327,29.9            174.914982,-36.959334,29.9            174.914964,-36.959352,29.9            174.91496,-36.959359,29.8            174.914955,-36.959366,29.8            174.914932,-36.959379,29.8            174.914924,-36.959385,29.8            174.914916,-36.959392,29.8            174.914911,-36.959396,29.7            174.914904,-36.959403,29.7            174.914897,-36.959409,29.7            174.914892,-36.959415,29.7            174.914889,-36.95942,29.7            174.914883,-36.959421,29.7            174.914885,-36.959419,29.7            174.914875,-36.959426,29.7            174.914867,-36.959431,29.7            174.914856,-36.959432,29.6            174.914846,-36.959441,29.6            174.914835,-36.959448,29.6            174.914831,-36.95944,29.6            174.914827,-36.959443,29.6            174.914824,-36.959452,29.6            174.914812,-36.959461,29.5            174.914804,-36.959469,29.5            174.914794,-36.959479,29.5            174.91479,-36.959485,29.5            174.914785,-36.959493,29.5            174.91478,-36.959501,29.5            174.91477,-36.959509,29.5            174.914762,-36.959514,29.5            174.91475,-36.959522,29.4            174.914736,-36.959529,29.4            174.914728,-36.959532,29.4            174.914719,-36.95954,29.4            174.914709,-36.959549,29.4            174.91469,-36.959563,29.4            174.914681,-36.95957,29.4            174.914671,-36.959577,29.4            174.914664,-36.959585,29.4            174.914661,-36.959593,29.4            174.914651,-36.959603,29.4            174.914641,-36.959612,29.4            174.914633,-36.959621,29.4            174.914619,-36.959624,29.4            174.914604,-36.959627,29.4            174.914583,-36.959627,29.4            174.914567,-36.959622,29.4            174.914553,-36.959613,29.4            174.914529,-36.959601,29.3            174.91452,-36.959595,29.3            174.914512,-36.95959,29.3            174.914499,-36.959581,29.3            174.914492,-36.959571,29.3            174.914483,-36.959564,29.3            174.914473,-36.959553,29.3            174.914458,-36.959546,29.2            174.91444,-36.959533,29.2            174.914431,-36.959528,29.2            174.914423,-36.959522,29.2            174.914408,-36.959515,29.2            174.914393,-36.959507,29.2            174.914377,-36.959499,29.2            174.914367,-36.959491,29.1            174.914357,-36.959485,29.1            174.914345,-36.959477,29.1            174.914331,-36.959471,29.1            174.914322,-36.959462,29.1            174.914302,-36.95945,29.1            174.914292,-36.959445,29.1            174.914283,-36.959441,29.1            174.914262,-36.959425,29.1            174.914253,-36.95942,29            174.914245,-36.959414,29            174.914238,-36.959401,29            174.914226,-36.959394,29            174.914214,-36.959391,29            174.914194,-36.959381,29            174.914186,-36.959378,29            174.914177,-36.959374,29            174.914169,-36.95937,29            174.914158,-36.95936,29            174.914144,-36.95935,29            174.914132,-36.959341,29            174.914114,-36.959329,29            174.914097,-36.959314,28.9            174.91409,-36.959306,28.9            174.914084,-36.959299,28.9            174.914064,-36.959284,28.9            174.914054,-36.959277,28.9            174.914045,-36.959271,28.9            174.914026,-36.959256,28.9            174.914017,-36.959252,28.9            174.914009,-36.959247,28.9            174.914,-36.959243,28.9            174.913987,-36.959232,28.9            174.91398,-36.95922,28.9            174.913964,-36.95921,28.9            174.913954,-36.959205,28.9            174.913945,-36.959201,28.9            174.913935,-36.959196,28.9            174.913924,-36.959188,28.9            174.913906,-36.959178,28.8            174.913886,-36.959166,28.8            174.913876,-36.95916,28.8            174.913867,-36.959155,28.8            174.913855,-36.959148,28.8            174.913843,-36.959141,28.8            174.913833,-36.959132,28.8            174.913819,-36.95912,28.8            174.913806,-36.959113,28.8            174.913796,-36.959106,28.8            174.913786,-36.959099,28.8            174.913774,-36.959095,28.8            174.913759,-36.959085,28.7            174.913752,-36.959082,28.7            174.913739,-36.959077,28.7            174.913719,-36.959065,28.7            174.91371,-36.95906,28.7            174.913702,-36.959056,28.7            174.913689,-36.959045,28.7            174.913676,-36.959037,28.7            174.913661,-36.959019,28.7            174.913655,-36.959009,28.7            174.913648,-36.959,28.7            174.913636,-36.958986,28.6            174.913627,-36.958976,28.6            174.913617,-36.958969,28.6            174.913604,-36.958965,28.6            174.913593,-36.958961,28.6            174.913578,-36.958958,28.6            174.913565,-36.958952,28.6            174.913557,-36.958944,28.6            174.913543,-36.958934,28.6            174.913528,-36.958923,28.6            174.913507,-36.958911,28.6            174.913499,-36.958906,28.5            174.91349,-36.958901,28.5            174.913476,-36.958888,28.5            174.913465,-36.95888,28.5            174.913454,-36.958874,28.5            174.913445,-36.95887,28.5            174.913434,-36.95886,28.5            174.913425,-36.958854,28.5            174.913414,-36.958845,28.5            174.913403,-36.958839,28.5            174.913389,-36.958827,28.5            174.91338,-36.958815,28.5            174.913369,-36.958809,28.5            174.913354,-36.958798,28.5            174.913341,-36.958796,28.5            174.913324,-36.958788,28.5            174.913309,-36.958779,28.5            174.913295,-36.958776,28.5            174.913284,-36.958771,28.5            174.913265,-36.958769,28.5            174.91325,-36.958767,28.5            174.913234,-36.958766,28.5            174.913222,-36.958763,28.5            174.913205,-36.958758,28.5            174.913189,-36.958754,28.5            174.913161,-36.958746,28.5            174.91315,-36.958743,28.5            174.913138,-36.958741,28.5            174.913125,-36.958735,28.5            174.913117,-36.958735,28.5            174.913105,-36.958733,28.5            174.91308,-36.958729,28.5            174.913071,-36.958725,28.5            174.913062,-36.958722,28.5            174.913048,-36.958721,28.5            174.913036,-36.958714,28.5            174.913025,-36.958706,28.5            174.912994,-36.958697,28.5            174.912982,-36.958692,28.5            174.912969,-36.958686,28.5            174.912953,-36.95868,28.4            174.912943,-36.958675,28.4            174.912916,-36.95867,28.4            174.912906,-36.958666,28.4            174.912896,-36.958663,28.4            174.912887,-36.958662,28.4            174.912884,-36.958659,28.4            174.912886,-36.958657,28.4            174.912887,-36.958657,28.4            174.912886,-36.958654,28.4            174.912887,-36.958655,28.4            174.912887,-36.958656,28.4            174.912887,-36.958655,28.4            174.912887,-36.958654,28.4            174.912886,-36.958653,28.4            174.912884,-36.958652,28.4            174.912882,-36.95865,28.4            174.912882,-36.958649,28.4            174.912883,-36.958648,28.4            174.91289,-36.958649,28.4            174.912891,-36.958649,28.4            174.912892,-36.958647,28.4            174.912894,-36.958649,28.4            174.912893,-36.958649,28.4            174.912892,-36.958648,28.4            174.912891,-36.958648,28.4            174.912888,-36.958648,28.4            174.912883,-36.958648,28.4            174.912877,-36.958647,28.4            174.91286,-36.958646,28.3            174.912844,-36.958639,28.3            174.912833,-36.95864,28.3            174.912823,-36.958637,28.3            174.912813,-36.958637,28.3            174.91279,-36.958635,28.3            174.912779,-36.958633,28.2            174.912769,-36.958629,28.2            174.912755,-36.958625,28.2            174.912743,-36.958623,28.2            174.912717,-36.958618,28.2            174.912706,-36.958616,28.1            174.912695,-36.958614,28.1            174.912681,-36.95861,28.1            174.912669,-36.958608,28.1            174.912651,-36.958609,28.1            174.912635,-36.958601,28            174.912618,-36.958598,28            174.912607,-36.958594,28            174.912592,-36.95859,28            174.91258,-36.958587,28            174.912554,-36.958582,27.9            174.912544,-36.95858,27.9            174.912534,-36.958579,27.9            174.912513,-36.958573,27.9            174.912506,-36.958567,27.9            174.912496,-36.958566,27.8            174.91247,-36.958559,27.8            174.912459,-36.958555,27.8            174.912448,-36.958552,27.8            174.912437,-36.958551,27.8            174.912424,-36.958544,27.7            174.912408,-36.958542,27.7            174.912381,-36.958532,27.7            174.912373,-36.958527,27.7            174.912365,-36.958523,27.7            174.912349,-36.958515,27.6            174.912339,-36.958511,27.6            174.91233,-36.958504,27.6            174.912314,-36.958494,27.6            174.912301,-36.958486,27.6            174.912277,-36.958469,27.5            174.912269,-36.958464,27.5            174.912262,-36.958458,27.5            174.912241,-36.958443,27.5            174.912234,-36.958438,27.5            174.912226,-36.958433,27.4            174.912211,-36.958424,27.4            174.912197,-36.958413,27.4            174.912179,-36.958402,27.4            174.912171,-36.958396,27.4            174.912162,-36.95839,27.4            174.912149,-36.95838,27.4            174.912135,-36.958372,27.3            174.912118,-36.958358,27.3            174.912109,-36.958351,27.3            174.912101,-36.958344,27.3            174.912087,-36.95834,27.3            174.912071,-36.958331,27.3            174.912053,-36.958327,27.2            174.912038,-36.958328,27.2            174.912007,-36.958324,27.2            174.911997,-36.958323,27.2            174.911986,-36.958321,27.2            174.911976,-36.95832,27.2            174.911961,-36.958319,27.2            174.911943,-36.958318,27.2            174.911927,-36.958315,27.2            174.91191,-36.958311,27.2            174.911883,-36.958306,27.1            174.911872,-36.958304,27.1            174.91186,-36.958302,27.1            174.911848,-36.958298,27.1            174.911829,-36.958297,27.1            174.911817,-36.958295,27.1            174.911802,-36.958293,27.1            174.911782,-36.958288,27.1            174.91176,-36.958283,27.1            174.911747,-36.958281,27            174.911735,-36.958279,27            174.911723,-36.958278,27            174.911708,-36.958275,27            174.911695,-36.958271,27            174.911666,-36.958268,27            174.911656,-36.958267,27            174.911647,-36.958265,27            174.91162,-36.958264,27            174.91161,-36.958264,26.9            174.9116,-36.958264,26.9            174.911572,-36.958257,26.9            174.911563,-36.958255,26.9            174.911553,-36.958252,26.9            174.911537,-36.958251,26.9            174.911517,-36.958248,26.9            174.911505,-36.958247,26.9            174.91149,-36.958244,26.9            174.911475,-36.958241,26.8            174.911461,-36.958239,26.8            174.911441,-36.958236,26.8            174.911416,-36.958227,26.8            174.911406,-36.958225,26.8            174.911396,-36.958222,26.8            174.911381,-36.958219,26.8            174.911361,-36.958219,26.7            174.911335,-36.958213,26.7            174.911322,-36.958211,26.7            174.91131,-36.958208,26.7            174.911297,-36.958206,26.7            174.911281,-36.958202,26.6            174.911266,-36.958198,26.6            174.91124,-36.958191,26.6            174.91123,-36.958189,26.6            174.911221,-36.958186,26.6            174.911192,-36.95818,26.5            174.911182,-36.958178,26.5            174.911172,-36.958176,26.5            174.911155,-36.958173,26.5            174.911138,-36.958171,26.5            174.911111,-36.958167,26.4            174.9111,-36.958164,26.4            174.911089,-36.958162,26.4            174.911076,-36.958162,26.4            174.911058,-36.958157,26.4            174.911048,-36.958155,26.4            174.911017,-36.958153,26.3            174.911008,-36.958152,26.3            174.910998,-36.958151,26.3            174.910983,-36.958148,26.3            174.910969,-36.958144,26.2            174.910957,-36.958143,26.2            174.910936,-36.958142,26.2            174.910918,-36.95814,26.1            174.910896,-36.958136,26.1            174.910885,-36.958133,26.1            174.910874,-36.958131,26            174.910856,-36.958126,26            174.910841,-36.958122,26            174.910817,-36.95812,25.9            174.910806,-36.958119,25.9            174.910795,-36.958117,25.9            174.910781,-36.958115,25.8            174.910763,-36.958108,25.8            174.910737,-36.958102,25.7            174.910724,-36.9581,25.7            174.910712,-36.958098,25.6            174.910689,-36.958092,25.6            174.910678,-36.958089,25.6            174.910667,-36.958087,25.5            174.910642,-36.958084,25.5            174.910631,-36.958083,25.5            174.910621,-36.958081,25.4            174.910595,-36.958074,25.4            174.910586,-36.958073,25.3            174.910576,-36.958071,25.3            174.910561,-36.958068,25.3            174.910542,-36.958065,25.2            174.910517,-36.958061,25.2            174.910506,-36.958058,25.1            174.910495,-36.958055,25.1            174.910468,-36.958049,25.1            174.910459,-36.958046,25            174.91045,-36.958044,25            174.910424,-36.958042,24.9            174.910413,-36.95804,24.9            174.910403,-36.958039,24.9            174.910386,-36.958036,24.9            174.910368,-36.958032,24.8            174.910355,-36.95803,24.8            174.91034,-36.95803,24.7            174.910327,-36.958027,24.7            174.9103,-36.958022,24.6            174.910291,-36.95802,24.6            174.910281,-36.958018,24.6            174.910254,-36.95801,24.5            174.910243,-36.958008,24.5            174.910232,-36.958005,24.4            174.910206,-36.958001,24.4            174.910195,-36.958,24.3            174.910183,-36.957998,24.3            174.910159,-36.957993,24.2            174.910147,-36.957991,24.2            174.910136,-36.957988,24.2            174.910112,-36.957984,24.1            174.9101,-36.957983,24.1            174.910089,-36.957981,24            174.910065,-36.957974,24            174.910055,-36.957971,23.9            174.910044,-36.957969,23.9            174.910025,-36.957967,23.8            174.910011,-36.957962,23.8            174.909983,-36.95796,23.7            174.909975,-36.957959,23.7            174.909966,-36.957957,23.7            174.909947,-36.957954,23.6            174.909931,-36.957952,23.6            174.909906,-36.957947,23.5            174.909895,-36.957944,23.5            174.909883,-36.957942,23.4            174.90987,-36.95794,23.4            174.909854,-36.957938,23.4            174.909839,-36.957932,23.3            174.909813,-36.957926,23.3            174.9098,-36.957924,23.2            174.909787,-36.957922,23.2            174.909777,-36.957921,23.2            174.909762,-36.957918,23.1            174.909745,-36.957916,23.1            174.909724,-36.957911,23            174.909711,-36.957908,23            174.909684,-36.957903,22.9            174.909674,-36.957902,22.9            174.909665,-36.957902,22.9            174.90965,-36.957899,22.9            174.909631,-36.957893,22.8            174.909619,-36.95789,22.8            174.909606,-36.957887,22.8            174.909598,-36.957884,22.8            174.909583,-36.957882,22.7            174.909571,-36.957881,22.7            174.909554,-36.957878,22.7            174.909529,-36.957874,22.6            174.909519,-36.957872,22.6            174.909508,-36.957871,22.6            174.909493,-36.957869,22.6            174.909483,-36.957864,22.5            174.909468,-36.957862,22.5            174.909452,-36.957858,22.5            174.909431,-36.957857,22.4            174.909424,-36.957855,22.4            174.909407,-36.957853,22.4            174.909388,-36.957851,22.4            174.909358,-36.957846,22.3            174.909348,-36.957845,22.3            174.909339,-36.957843,22.3            174.909309,-36.957838,22.3            174.9093,-36.957838,22.3            174.90929,-36.957837,22.2            174.909274,-36.957834,22.2            174.909253,-36.957829,22.2            174.909245,-36.95783,22.2            174.909227,-36.957824,22.2            174.909217,-36.95782,22.2            174.90919,-36.957815,22.2            174.909178,-36.957813,22.2            174.909166,-36.957812,22.2            174.909154,-36.957811,22.2            174.909137,-36.957809,22.2            174.909122,-36.957808,22.1            174.909096,-36.957805,22.1            174.909086,-36.957805,22.1            174.909075,-36.957804,22.1            174.90906,-36.957811,22.1            174.909041,-36.957815,22.1            174.909026,-36.957822,22.1            174.90901,-36.95783,22.1            174.909001,-36.957833,22.1            174.908987,-36.957835,22.1            174.90897,-36.95784,22.1            174.908957,-36.957847,22.1            174.908936,-36.957853,22.1            174.908926,-36.957856,22.1            174.908909,-36.957859,22.1            174.908894,-36.957864,22.1            174.908873,-36.957874,22.1            174.908864,-36.957879,22.1            174.908855,-36.957884,22.1            174.908841,-36.957892,22.2            174.908827,-36.9579,22.1            174.908802,-36.95791,22.1            174.908793,-36.957913,22.1            174.908785,-36.957917,22.1            174.908769,-36.957923,22.1            174.908758,-36.957928,22.1            174.908747,-36.957935,22.1            174.908736,-36.957944,22.1            174.908732,-36.957954,22.1            174.908731,-36.957969,22.1            174.90874,-36.957978,22.1            174.908748,-36.957994,22.1            174.908758,-36.958013,22.1            174.908762,-36.958021,22.1            174.908766,-36.958029,22.1            174.908773,-36.958041,22.1            174.90878,-36.958049,22.1            174.908789,-36.95806,22.1            174.908793,-36.95807,22.1            174.908802,-36.958086,22.2            174.908809,-36.958093,22.2            174.908815,-36.958105,22.2            174.908822,-36.958118,22.2            174.908831,-36.958135,22.2            174.908837,-36.958144,22.2            174.908842,-36.958152,22.2            174.908845,-36.958158,22.2            174.908851,-36.958171,22.2            174.908859,-36.958185,22.2            174.908867,-36.958204,22.2            174.908871,-36.958212,22.2            174.908876,-36.95822,22.2            174.908883,-36.958233,22.2            174.908886,-36.958241,22.2            174.908892,-36.958253,22.2            174.908905,-36.958273,22.2            174.908908,-36.958281,22.2            174.908912,-36.958288,22.2            174.908925,-36.958308,22.2            174.90893,-36.958315,22.2            174.908935,-36.958323,22.2            174.908938,-36.958334,22.2            174.908947,-36.958347,22.2            174.90895,-36.958356,22.2            174.908965,-36.958374,22.2            174.908971,-36.958382,22.2            174.908977,-36.958389,22.3            174.908989,-36.958406,22.3            174.908994,-36.958415,22.3            174.908999,-36.958423,22.3            174.909011,-36.958441,22.3            174.909014,-36.95845,22.3            174.909017,-36.958458,22.3            174.909029,-36.958478,22.3            174.909033,-36.958485,22.3            174.909038,-36.958493,22.3            174.90905,-36.958512,22.3            174.909053,-36.95852,22.3            174.909055,-36.958528,22.3            174.90906,-36.958541,22.3            174.909063,-36.958555,22.4            174.909065,-36.958569,22.4            174.909065,-36.958581,22.4            174.909067,-36.95859,22.4            174.909073,-36.958602,22.4            174.909079,-36.958616,22.4            174.909094,-36.958636,22.4            174.909098,-36.958643,22.4            174.909103,-36.95865,22.4            174.909107,-36.95866,22.5            174.909114,-36.958668,22.5            174.909126,-36.95868,22.5            174.90914,-36.958701,22.5            174.909143,-36.958708,22.6            174.909147,-36.958715,22.6            174.909153,-36.958726,22.6            174.909161,-36.958742,22.6            174.909169,-36.958762,22.7            174.909172,-36.95877,22.7            174.909174,-36.958779,22.7            174.909185,-36.958803,22.8            174.909187,-36.958812,22.8            174.90919,-36.958822,22.8            174.909195,-36.958839,22.9            174.909203,-36.95885,22.9            174.909208,-36.958854,22.9            174.909211,-36.958866,22.9            174.909218,-36.958877,23            174.909227,-36.958899,23            174.909229,-36.958907,23            174.909231,-36.958915,23            174.909239,-36.958926,23.1            174.909249,-36.958936,23.1            174.909251,-36.958946,23.1            174.909257,-36.958956,23.2            174.909268,-36.958971,23.2            174.909274,-36.958986,23.2            174.909279,-36.959,23.3            174.909286,-36.959019,23.3            174.90929,-36.95903,23.3            174.909293,-36.959041,23.4            174.909301,-36.959054,23.4            174.909307,-36.959068,23.4            174.909312,-36.959086,23.5            174.909317,-36.959095,23.5            174.909325,-36.959106,23.5            174.909332,-36.959117,23.6            174.909334,-36.959127,23.6            174.909343,-36.95914,23.6            174.90935,-36.959157,23.7            174.909361,-36.959176,23.7            174.909363,-36.959184,23.8            174.909366,-36.959191,23.8            174.909373,-36.959205,23.8            174.90938,-36.959218,23.8            174.90939,-36.959232,23.9            174.9094,-36.95924,23.9            174.909416,-36.959259,23.9            174.909422,-36.959266,24            174.909428,-36.959273,24            174.909435,-36.959284,24            174.909443,-36.959301,24            174.909449,-36.959321,24.1            174.909454,-36.959328,24.1            174.909458,-36.959336,24.1            174.909469,-36.959356,24.1            174.909474,-36.959363,24.1            174.909478,-36.95937,24.1            174.909487,-36.959383,24.1            174.909492,-36.959396,24.1            174.909503,-36.959418,24.1            174.909508,-36.959426,24.1            174.909513,-36.959433,24.1            174.909525,-36.959452,24.1            174.90953,-36.959459,24.1            174.909534,-36.959467,24.1            174.909543,-36.959488,24.1            174.909546,-36.959496,24.1            174.909549,-36.959505,24.1            174.909554,-36.959515,24.1            174.909559,-36.959531,24.1            174.909563,-36.959543,24.1            174.909572,-36.959552,24.1            174.909575,-36.959563,24.1            174.909581,-36.959575,24.1            174.909587,-36.959589,24.1            174.909591,-36.95961,24.1            174.909593,-36.959619,24.1            174.909594,-36.959629,24.1            174.909602,-36.959651,24.1            174.909607,-36.959658,24.1            174.909611,-36.959665,24.1            174.909617,-36.959676,24.1            174.909622,-36.959691,24.1            174.909628,-36.959701,24.1            174.909636,-36.959713,24.1            174.909642,-36.959724,24.1            174.909656,-36.959743,24            174.909659,-36.95975,24            174.909663,-36.959758,24            174.909675,-36.959778,24            174.90968,-36.959785,24            174.909685,-36.959793,24            174.909694,-36.959803,24            174.909699,-36.959815,24            174.909703,-36.959823,24            174.909714,-36.95983,24            174.909713,-36.959843,24            174.909724,-36.959851,24            174.909735,-36.959868,24            174.90974,-36.959875,24            174.909743,-36.959891,24            174.909748,-36.959903,23.9            174.909751,-36.959912,23.9            174.909762,-36.959925,23.9            174.909767,-36.959934,23.9            174.909771,-36.959944,23.9            174.909774,-36.959954,23.9            174.909781,-36.959967,23.9            174.90979,-36.959978,23.9            174.909798,-36.959997,23.9            174.909803,-36.960003,23.9            174.909806,-36.960015,23.9            174.909814,-36.960029,23.8            174.909821,-36.96004,23.8            174.90983,-36.960053,23.8            174.909834,-36.960061,23.8            174.909845,-36.960081,23.8            174.909848,-36.96009,23.8            174.909852,-36.960099,23.8            174.909861,-36.960116,23.8            174.909865,-36.960125,23.8            174.909869,-36.960133,23.8            174.909878,-36.960154,23.8            174.909883,-36.960161,23.8            174.909888,-36.960167,23.8            174.909895,-36.960187,23.8            174.909901,-36.960195,23.8            174.909906,-36.960203,23.8            174.909915,-36.960222,23.8            174.909918,-36.96023,23.8            174.909921,-36.960239,23.8            174.90993,-36.960258,23.8            174.909935,-36.960265,23.8            174.90994,-36.960272,23.8            174.909945,-36.960285,23.7            174.909954,-36.960298,23.7            174.909967,-36.960318,23.7            174.909971,-36.960327,23.7            174.909976,-36.960336,23.7            174.909981,-36.960348,23.7            174.909986,-36.960362,23.7            174.909992,-36.960374,23.7            174.91,-36.960383,23.7            174.910003,-36.960395,23.7            174.910016,-36.960415,23.7            174.910022,-36.960424,23.7            174.910027,-36.960432,23.7            174.910041,-36.960448,23.7            174.910045,-36.960456,23.7            174.91005,-36.960465,23.7            174.910056,-36.960475,23.6            174.910061,-36.960488,23.6            174.910068,-36.960496,23.6            174.910077,-36.960515,23.6            174.910081,-36.960523,23.6            174.910085,-36.960531,23.6            174.91009,-36.960544,23.6            174.910096,-36.960558,23.6            174.91011,-36.960577,23.6            174.910115,-36.960583,23.6            174.910121,-36.960589,23.6            174.91013,-36.960613,23.6            174.910132,-36.960621,23.6            174.910134,-36.96063,23.6            174.910133,-36.960643,23.6            174.910143,-36.960658,23.6            174.910149,-36.960669,23.6            174.910155,-36.960679,23.6            174.910162,-36.960691,23.6            174.910168,-36.960704,23.6            174.910174,-36.960717,23.6            174.910186,-36.960737,23.6            174.910193,-36.960745,23.6            174.910199,-36.960753,23.6            174.910211,-36.960772,23.6            174.910217,-36.96078,23.6            174.910222,-36.960789,23.6            174.910231,-36.960803,23.5            174.910238,-36.960814,23.5            174.910249,-36.960835,23.5            174.910252,-36.960842,23.5            174.910256,-36.960849,23.5            174.910265,-36.960869,23.5            174.910269,-36.960878,23.5            174.910272,-36.960886,23.5            174.910283,-36.960907,23.5            174.910287,-36.960916,23.5            174.910292,-36.960925,23.5            174.910295,-36.960934,23.5            174.910303,-36.960944,23.5            174.910309,-36.960958,23.5            174.910319,-36.960979,23.5            174.910323,-36.960988,23.5            174.910326,-36.960996,23.5            174.91034,-36.961013,23.5            174.910344,-36.961021,23.5            174.910349,-36.96103,23.5            174.910357,-36.961043,23.5            174.910364,-36.961058,23.5            174.910375,-36.961079,23.4            174.910378,-36.961087,23.4            174.910382,-36.961095,23.4            174.91039,-36.961116,23.4            174.910394,-36.961123,23.4            174.910397,-36.961131,23.4            174.910404,-36.961146,23.4            174.910409,-36.96116,23.4            174.91042,-36.96118,23.4            174.910423,-36.961187,23.4            174.910426,-36.961194,23.4            174.910436,-36.961216,23.4            174.910441,-36.961223,23.3            174.910446,-36.961231,23.3            174.910448,-36.961243,23.3            174.910459,-36.961258,23.3            174.910462,-36.961267,23.3            174.910473,-36.961281,23.3            174.910478,-36.961291,23.3            174.910486,-36.961306,23.3            174.91049,-36.961317,23.3            174.910501,-36.961337,23.3            174.910506,-36.961346,23.3            174.910511,-36.961355,23.3            174.910516,-36.961363,23.3            174.910523,-36.961375,23.2            174.91053,-36.961387,23.2            174.910543,-36.961405,23.2            174.910547,-36.961415,23.2            174.910552,-36.961424,23.2            174.910558,-36.961438,23.2            174.910562,-36.961451,23.2            174.910571,-36.961471,23.2            174.910574,-36.961478,23.2            174.910577,-36.961486,23.2            174.910577,-36.961502,23.2            174.910584,-36.961514,23.1            174.910587,-36.961531,23.1            174.910588,-36.961536,23.1            174.910591,-36.961548,23.1            174.910594,-36.961569,23.1            174.910596,-36.961578,23.1            174.910597,-36.961586,23.1            174.9106,-36.961598,23.1            174.910604,-36.961614,23.1            174.910606,-36.961626,23.1            174.910609,-36.961641,23.1            174.910611,-36.961651,23            174.910615,-36.961665,23            174.910617,-36.961676,23            174.910612,-36.961695,23            174.910611,-36.961704,23            174.910609,-36.961712,23            174.910607,-36.961726,23            174.910603,-36.96174,23            174.9106,-36.96175,23            174.910598,-36.96176,23            174.910594,-36.961769,23            174.910579,-36.961787,23            174.910573,-36.961795,23.1            174.910568,-36.961803,23.1            174.910551,-36.961819,23.2            174.910541,-36.96183,23.2            174.910529,-36.961839,23.3            174.910523,-36.961849,23.4            174.910514,-36.961859,23.4            174.910509,-36.961863,23.5            174.910494,-36.961878,23.5            174.910491,-36.961885,23.6            174.910481,-36.961895,23.7            174.910469,-36.961903,23.7            174.91046,-36.961912,23.8            174.910452,-36.961922,23.8            174.910441,-36.961933,23.9            174.910433,-36.961939,23.9            174.910425,-36.96195,24            174.910419,-36.961957,24.1            174.910415,-36.961968,24.1            174.910396,-36.961987,24.2            174.910389,-36.961993,24.2            174.910382,-36.962,24.3            174.910366,-36.962017,24.4            174.910359,-36.962022,24.4            174.910352,-36.962027,24.4            174.910332,-36.962042,24.5            174.910321,-36.962049,24.5            174.91031,-36.962055,24.5            174.910299,-36.962064,24.6            174.91029,-36.962074,24.6            174.910278,-36.962081,24.6            174.910255,-36.962086,24.7            174.910239,-36.962094,24.7            174.91022,-36.962104,24.7            174.91021,-36.96211,24.7            174.910201,-36.962115,24.8            174.910187,-36.962122,24.8            174.910171,-36.962128,24.8            174.910155,-36.962137,24.8            174.910141,-36.962141,24.8            174.910115,-36.962149,24.9            174.910103,-36.962152,24.9            174.910092,-36.962154,24.9            174.910077,-36.962162,24.9            174.910061,-36.962165,24.9            174.910039,-36.96217,24.9            174.910028,-36.962177,24.9            174.910012,-36.962185,24.9            174.909999,-36.962191,24.9            174.909972,-36.962198,25            174.909963,-36.962199,25            174.909953,-36.962201,25            174.909934,-36.962208,25            174.909922,-36.962212,25            174.909901,-36.962215,25.1            174.909881,-36.962218,25.1            174.909872,-36.962221,25.1            174.90986,-36.96223,25.1            174.909844,-36.96224,25.2            174.90982,-36.962246,25.2            174.909809,-36.962248,25.2            174.909799,-36.962251,25.2            174.909777,-36.962261,25.3            174.909767,-36.962264,25.3            174.909758,-36.962267,25.3            174.909738,-36.962271,25.4            174.909719,-36.962278,25.4            174.90971,-36.962279,25.4            174.909694,-36.962283,25.4            174.909676,-36.962285,25.5            174.909657,-36.962288,25.5            174.909638,-36.962291,25.5            174.909611,-36.962293,25.6            174.909601,-36.962295,25.6            174.90959,-36.962297,25.6            174.909564,-36.962304,25.7            174.909553,-36.962307,25.7            174.909542,-36.962309,25.7            174.909528,-36.962309,25.8            174.909514,-36.962309,25.8            174.909497,-36.962306,25.8            174.909469,-36.962303,25.9            174.909458,-36.962301,25.9            174.909446,-36.9623,25.9            174.909419,-36.962297,26            174.909407,-36.962295,26            174.909395,-36.962293,26            174.909383,-36.962285,26            174.909363,-36.962278,26.1            174.90934,-36.96227,26.1            174.90933,-36.962266,26.1            174.909319,-36.962263,26.2            174.909297,-36.962248,26.2            174.909289,-36.962245,26.2            174.909281,-36.962241,26.3            174.909256,-36.962226,26.3            174.909247,-36.962222,26.3            174.909238,-36.962217,26.3            174.909226,-36.96221,26.4            174.909211,-36.962199,26.4            174.909197,-36.962185,26.4            174.909189,-36.962178,26.4            174.909181,-36.962171,26.5            174.909158,-36.962152,26.5            174.909151,-36.962149,26.5            174.909144,-36.962145,26.5            174.909122,-36.962135,26.5            174.90911,-36.962133,26.5            174.909098,-36.962132,26.5            174.909081,-36.962139,26.5            174.909062,-36.96214,26.5            174.909047,-36.962142,26.5            174.909034,-36.962148,26.5            174.909022,-36.96215,26.4            174.908999,-36.962162,26.4            174.908989,-36.962167,26.4            174.90898,-36.962172,26.4            174.908967,-36.962181,26.4            174.908952,-36.96219,26.4            174.908938,-36.962198,26.4            174.90892,-36.962205,26.3            174.908899,-36.962217,26.3            174.908889,-36.96222,26.3            174.90888,-36.962223,26.3            174.908865,-36.962228,26.3            174.908857,-36.962236,26.3            174.908845,-36.962243,26.2            174.908823,-36.962256,26.2            174.908815,-36.96226,26.2            174.908806,-36.962264,26.2            174.908793,-36.962268,26.2            174.90878,-36.962273,26.1            174.908766,-36.96228,26.1            174.908746,-36.962293,26.1            174.908737,-36.962297,26.1            174.908728,-36.962301,26.1            174.908714,-36.962316,26            174.908703,-36.962322,26            174.908691,-36.962327,26            174.908668,-36.962339,26            174.90866,-36.962344,25.9            174.908652,-36.962349,25.9            174.908641,-36.962354,25.9            174.908625,-36.962361,25.9            174.908616,-36.962368,25.9            174.9086,-36.962373,25.9            174.908585,-36.962382,25.9            174.908575,-36.962388,25.9            174.908558,-36.962394,25.9            174.908545,-36.962396,25.9            174.908523,-36.962407,25.9            174.908512,-36.962412,25.8            174.9085,-36.962417,25.8            174.908488,-36.962423,25.8            174.908474,-36.96243,25.8            174.908468,-36.962443,25.8            174.908444,-36.962452,25.7            174.908436,-36.962456,25.7            174.908427,-36.96246,25.7            174.908419,-36.962479,25.7            174.908416,-36.962487,25.7            174.908413,-36.962495,25.7            174.908419,-36.962508,25.6            174.908421,-36.962524,25.4            174.908429,-36.962535,25.3            174.908438,-36.962547,25.2            174.908443,-36.96256,25.1            174.908446,-36.962571,25            174.908449,-36.962582,24.9            174.908449,-36.962593,24.7            174.908457,-36.962609,24.5            174.908466,-36.962623,24.4            174.908468,-36.962626,24.3            174.908468,-36.962639,24.2            174.908468,-36.962647,24.1            174.908468,-36.962654,24            174.908466,-36.962667,23.9            174.908459,-36.962688,23.6            174.908455,-36.962697,23.5            174.908452,-36.962706,23.4            174.908443,-36.962729,23.2            174.908436,-36.962736,23.1            174.90843,-36.962743,23            174.908424,-36.962751,22.9            174.908414,-36.962759,22.8            174.908402,-36.96277,22.7            174.908396,-36.962777,22.6            174.908392,-36.962783,22.6            174.908379,-36.962795,22.5            174.908365,-36.962806,22.3            174.908354,-36.962818,22.2            174.908343,-36.962825,22.2            174.908328,-36.962835,22            174.908317,-36.962839,22            174.908305,-36.962847,21.9            174.90829,-36.962851,21.8            174.908288,-36.962854,21.8            174.908271,-36.96286,21.7            174.90826,-36.962866,21.6            174.908252,-36.962872,21.6            174.90824,-36.962885,21.5            174.908234,-36.962893,21.4            174.908224,-36.962903,21.3            174.908218,-36.962912,21.2            174.908217,-36.96292,21.2            174.908226,-36.962934,21.1            174.908241,-36.962939,21.1            174.908258,-36.962942,21            174.908274,-36.962944,21            174.908286,-36.962942,21            174.908296,-36.962941,20.9            174.908308,-36.962938,20.9            174.908321,-36.962936,20.9            174.908347,-36.962931,20.8            174.908356,-36.962928,20.8            174.908366,-36.962926,20.8            174.908392,-36.962918,20.8            174.908402,-36.962914,20.7            174.908411,-36.962911,20.7            174.908429,-36.962907,20.7            174.908445,-36.962904,20.7            174.90846,-36.962899,20.7            174.908466,-36.962893,20.7            174.90848,-36.96288,20.6            174.908498,-36.962869,20.6            174.908511,-36.962861,20.6            174.908527,-36.962851,20.6            174.908543,-36.962848,20.6            174.908564,-36.962833,20.6            174.908574,-36.962829,20.6            174.908585,-36.962824,20.6            174.908593,-36.96282,20.6            174.908608,-36.962814,20.6            174.90862,-36.962807,20.6            174.90863,-36.962804,20.6            174.90864,-36.962796,20.6            174.908651,-36.962787,20.6            174.908666,-36.962778,20.6            174.908679,-36.962769,20.6            174.908698,-36.962754,20.6            174.908706,-36.962748,20.6            174.908713,-36.962743,20.6            174.908728,-36.962737,20.6            174.908748,-36.962731,20.6            174.908756,-36.962723,20.7            174.908766,-36.962715,20.7            174.908776,-36.962707,20.7            174.908788,-36.962697,20.7            174.9088,-36.962687,20.8            174.90881,-36.962679,20.8            174.908821,-36.962667,20.8            174.908825,-36.962664,20.8            174.908838,-36.962654,20.8            174.908848,-36.962643,20.9            174.90886,-36.962635,20.9            174.908873,-36.962623,20.9            174.908881,-36.962617,20.9            174.908896,-36.962606,21            174.908902,-36.962603,21            174.908926,-36.962589,21            174.908935,-36.962584,21.1            174.908943,-36.96258,21.1            174.908952,-36.962569,21.1            174.908967,-36.962559,21.1            174.908974,-36.962556,21.1            174.908988,-36.962544,21.1            174.909,-36.962542,21.1            174.909012,-36.962532,21.2            174.90903,-36.962523,21.2            174.909042,-36.96252,21.2            174.909054,-36.962512,21.2            174.909064,-36.962505,21.2            174.909074,-36.962499,21.2            174.909087,-36.962492,21.2            174.909104,-36.96249,21.2            174.909121,-36.962487,21.1            174.909138,-36.962482,21.1            174.909157,-36.96248,21.1            174.909166,-36.962479,21.1            174.90918,-36.962479,21.1            174.9092,-36.962478,21.1            174.909217,-36.962478,21.1            174.909227,-36.962478,21.1            174.909245,-36.962481,21.1            174.90926,-36.962482,21.1            174.90928,-36.962482,21.1            174.909295,-36.962487,21.1            174.909308,-36.962489,21.1            174.909316,-36.962486,21.1            174.909329,-36.962484,21.1            174.90934,-36.962485,21.1            174.909354,-36.962486,21.1            174.909369,-36.962489,21.1            174.909395,-36.962494,21.2            174.909405,-36.962496,21.2            174.909415,-36.962499,21.2            174.909429,-36.962505,21.2            174.909455,-36.962507,21.3            174.909463,-36.96251,21.3            174.90948,-36.962512,21.3            174.909496,-36.962519,21.4            174.909511,-36.962521,21.4            174.909527,-36.962524,21.5            174.90954,-36.962526,21.5            174.90956,-36.962528,21.6            174.90957,-36.96253,21.6            174.90958,-36.962532,21.6            174.90959,-36.962534,21.7            174.909604,-36.962535,21.7            174.909616,-36.962538,21.8            174.909631,-36.962532,21.9            174.909649,-36.962535,21.9            174.909663,-36.962534,22            174.909673,-36.96253,22.1            174.909681,-36.962529,22.1            174.909691,-36.962522,22.2            174.909702,-36.962515,22.3            174.909715,-36.96251,22.4            174.909728,-36.962504,22.5            174.909741,-36.9625,22.6            174.90975,-36.962494,22.6            174.909756,-36.96249,22.7            174.909764,-36.962481,22.8            174.90977,-36.962476,22.9            174.909781,-36.962467,23            174.909794,-36.962458,23.1            174.909805,-36.962452,23.2            174.909812,-36.962439,23.3            174.909822,-36.962429,23.4            174.909827,-36.962423,23.5            174.909834,-36.962412,23.6            174.909841,-36.962405,23.7            174.90985,-36.962393,23.8            174.909864,-36.962373,23.9            174.909871,-36.962364,24            174.909877,-36.962355,24            174.909878,-36.962352,24            174.909887,-36.962342,24.1            174.909904,-36.96233,24.1            174.909914,-36.962321,24.1            174.909923,-36.962313,24.2            174.909932,-36.962305,24.2            174.909941,-36.962296,24.2            174.909954,-36.962286,24.1            174.909964,-36.96228,24.1            174.909987,-36.962271,24.1            174.909996,-36.962266,24            174.910005,-36.962261,24            174.910026,-36.962252,24            174.910035,-36.962248,23.9            174.910045,-36.962243,23.9            174.910072,-36.962239,23.8            174.910083,-36.962235,23.7            174.910093,-36.962232,23.7            174.910106,-36.962235,23.6            174.910122,-36.962235,23.6            174.910132,-36.962236,23.5            174.910156,-36.962238,23.4            174.910166,-36.962236,23.4            174.910177,-36.962235,23.3            174.910189,-36.962236,23.3            174.910203,-36.962236,23.2            174.910217,-36.962238,23.2            174.91023,-36.96224,23.1            174.910252,-36.962236,23            174.910269,-36.962234,23            174.910287,-36.962232,22.9            174.910299,-36.962232,22.8            174.910311,-36.962231,22.8            174.910325,-36.962233,22.7            174.910349,-36.962228,22.6            174.910361,-36.962225,22.6            174.910372,-36.962223,22.5            174.910392,-36.962218,22.4            174.910402,-36.962215,22.4            174.910413,-36.962208,22.4            174.910429,-36.962202,22.3            174.910448,-36.962193,22.2            174.910453,-36.962188,22.2            174.910464,-36.962179,22.2            174.910472,-36.96217,22.1            174.910486,-36.962153,22.1            174.910492,-36.962145,22.1            174.910498,-36.962137,22            174.910507,-36.962122,22            174.910513,-36.962111,22            174.910522,-36.962099,22            174.910524,-36.962088,22            174.910532,-36.96208,22            174.910536,-36.962069,22            174.910548,-36.962057,22            174.910548,-36.962048,22            174.910556,-36.962031,22            174.910558,-36.96202,22            174.910563,-36.962005,22            174.910568,-36.961994,22            174.910575,-36.96198,22            174.910579,-36.961975,22.1            174.910582,-36.961964,22.1            174.910588,-36.961955,22.1            174.910596,-36.961941,22.2            174.910603,-36.961934,22.2            174.910618,-36.961915,22.2            174.910624,-36.961906,22.3            174.910629,-36.961898,22.3            174.910635,-36.961886,22.3            174.910643,-36.961875,22.4            174.910642,-36.961868,22.4            174.910646,-36.961855,22.5            174.910654,-36.961842,22.5            174.910663,-36.961828,22.6            174.910669,-36.961816,22.6            174.910669,-36.961802,22.7            174.910673,-36.961788,22.7            174.910681,-36.961767,22.8            174.910683,-36.961759,22.8            174.910685,-36.96175,22.8            174.91069,-36.961737,22.8            174.910692,-36.961721,22.9            174.910693,-36.961713,22.9            174.910698,-36.9617,22.9            174.910703,-36.96169,22.9            174.910705,-36.96168,22.9            174.91071,-36.961669,22.9            174.910715,-36.961655,22.9            174.910726,-36.961645,22.9            174.910729,-36.961635,23            174.910732,-36.961624,23            174.910741,-36.961615,23            174.910755,-36.961603,23            174.910756,-36.961594,23            174.910762,-36.961579,23            174.910768,-36.96157,23            174.910775,-36.961557,22.9            174.910779,-36.961544,22.9            174.910793,-36.961524,22.9            174.910797,-36.961516,22.9            174.910801,-36.961509,22.9            174.910807,-36.961489,22.8            174.910809,-36.96148,22.8            174.910811,-36.96147,22.8            174.910818,-36.961451,22.7            174.910821,-36.961441,22.7            174.910824,-36.961431,22.7            174.910827,-36.961412,22.6            174.910828,-36.961402,22.6            174.91083,-36.961392,22.6            174.910833,-36.96137,22.5            174.910833,-36.961362,22.5            174.910833,-36.961355,22.5            174.910822,-36.961334,22.4            174.910819,-36.961326,22.4            174.910816,-36.961318,22.4            174.91081,-36.961306,22.4            174.9108,-36.96129,22.3            174.910795,-36.961279,22.3            174.91079,-36.961263,22.3            174.910783,-36.961244,22.3            174.910778,-36.961236,22.3            174.910774,-36.961227,22.3            174.910759,-36.961205,22.3            174.910755,-36.961199,22.4            174.91075,-36.961192,22.4            174.910738,-36.961174,22.4            174.910734,-36.961166,22.4            174.910731,-36.961157,22.4            174.910723,-36.961142,22.4            174.910713,-36.961136,22.4            174.910711,-36.961131,22.4            174.910702,-36.961114,22.5            174.910696,-36.961103,22.5            174.910684,-36.961081,22.6            174.910681,-36.961074,22.6            174.910677,-36.961067,22.6            174.910669,-36.961047,22.7            174.910665,-36.961038,22.7            174.91066,-36.961028,22.7            174.910653,-36.961017,22.8            174.910645,-36.961003,22.8            174.910639,-36.96099,22.9            174.910632,-36.960976,22.9            174.910625,-36.960964,23            174.910619,-36.960951,23            174.910614,-36.960938,23.1            174.910608,-36.960924,23.1            174.9106,-36.960903,23.2            174.910597,-36.960895,23.3            174.910594,-36.960886,23.3            174.910589,-36.960874,23.4            174.910586,-36.960862,23.5            174.910584,-36.960852,23.5            174.910579,-36.96083,23.6            174.910578,-36.960822,23.7            174.910576,-36.960813,23.7            174.910576,-36.960792,23.8            174.910577,-36.960783,23.9            174.910577,-36.960774,23.9            174.910578,-36.960761,24            174.910586,-36.960747,24.1            174.910592,-36.960726,24.2            174.910597,-36.960718,24.2            174.910601,-36.96071,24.2            174.91061,-36.960698,24.3            174.910625,-36.96069,24.4            174.910635,-36.960676,24.4            174.910645,-36.960667,24.5            174.910662,-36.960649,24.5            174.910671,-36.960643,24.6            174.910679,-36.960636,24.6            174.910692,-36.960628,24.6            174.910705,-36.960619,24.7            174.91072,-36.960612,24.7            174.910735,-36.960606,24.7            174.910757,-36.960596,24.8            174.910765,-36.960591,24.8            174.910774,-36.960587,24.8            174.910791,-36.960578,24.8            174.910804,-36.960571,24.8            174.910829,-36.960562,24.9            174.91084,-36.960557,24.9            174.91085,-36.960552,24.9            174.91087,-36.960543,24.9            174.910881,-36.960539,24.9            174.910891,-36.960535,24.9            174.910917,-36.960529,24.9            174.910927,-36.960525,25            174.910937,-36.960522,25            174.910964,-36.960517,25            174.910974,-36.960515,25            174.910985,-36.960513,25            174.911001,-36.96051,25            174.911018,-36.960508,25            174.911043,-36.960502,25            174.911054,-36.960501,25            174.911065,-36.960499,25            174.91109,-36.960495,25            174.911101,-36.960494,25            174.911111,-36.960492,25.1            174.911139,-36.960493,25.1            174.91115,-36.960492,25.1            174.911161,-36.960491,25.1            174.911175,-36.96049,25.1            174.911191,-36.960485,25.1            174.911203,-36.960487,25.1            174.911222,-36.960481,25.1            174.911239,-36.960476,25.1            174.911267,-36.960475,25.1            174.911278,-36.960476,25.1            174.911289,-36.960476,25.1            174.911315,-36.960471,25.2            174.911325,-36.960469,25.2            174.911334,-36.960468,25.2            174.911352,-36.960464,25.2            174.911368,-36.960462,25.2            174.911395,-36.960457,25.2            174.911405,-36.960454,25.2            174.911415,-36.960452,25.2            174.911429,-36.960446,25.3            174.911437,-36.960442,25.3            174.911455,-36.960435,25.3            174.911469,-36.960429,25.3            174.911486,-36.960424,25.3            174.911497,-36.960419,25.3            174.91151,-36.960413,25.3            174.911521,-36.960403,25.4            174.911539,-36.960387,25.4            174.911544,-36.960379,25.4            174.911549,-36.960372,25.4            174.911567,-36.960356,25.4            174.911572,-36.960349,25.4            174.911578,-36.960343,25.4            174.911589,-36.960332,25.4            174.911599,-36.96032,25.3            174.91161,-36.9603,25.3            174.911616,-36.960291,25.3            174.911621,-36.960283,25.3            174.911634,-36.960265,25.2            174.911639,-36.960256,25.2            174.911645,-36.960248,25.2            174.911657,-36.960229,25.1            174.911664,-36.960222,25            174.91167,-36.960215,25            174.911682,-36.960205,25            174.911692,-36.960194,24.9            174.911704,-36.960173,24.8            174.911708,-36.960165,24.8            174.911713,-36.960157,24.7            174.911725,-36.960147,24.7            174.911736,-36.960135,24.6            174.911744,-36.960124,24.6            174.911754,-36.960111,24.5            174.911763,-36.960101,24.5            174.911773,-36.960089,24.4            174.911789,-36.960072,24.3            174.911795,-36.960064,24.3            174.9118,-36.960056,24.3            174.911821,-36.960041,24.2            174.91183,-36.960035,24.1            174.911838,-36.960029,24.1            174.911849,-36.960017,24.1            174.911864,-36.96001,24            174.911891,-36.960006,24            174.911903,-36.960007,24            174.911915,-36.960009,24            174.911933,-36.960018,23.9            174.911948,-36.960025,23.9            174.911963,-36.960032,23.9            174.911978,-36.960039,23.9            174.911992,-36.960047,23.9            174.912005,-36.960057,23.8            174.912027,-36.96007,23.8            174.912036,-36.960076,23.8            174.912044,-36.960082,23.8            174.912057,-36.96009,23.8            174.91207,-36.960095,23.7            174.912079,-36.960101,23.7            174.912102,-36.960114,23.7            174.912113,-36.960118,23.7            174.912123,-36.960122,23.7            174.912139,-36.960124,23.6            174.912153,-36.960135,23.6            174.912168,-36.960141,23.6            174.912183,-36.960148,23.6            174.912199,-36.960153,23.6            174.912213,-36.960164,23.6            174.912228,-36.960172,23.5            174.912242,-36.960178,23.5            174.912258,-36.960184,23.5            174.912274,-36.960189,23.5            174.912299,-36.960195,23.5            174.91231,-36.960195,23.5            174.91232,-36.960196,23.5            174.912347,-36.960195,23.5            174.912357,-36.960196,23.5            174.912367,-36.960196,23.5            174.912393,-36.960193,23.5            174.912403,-36.960191,23.5            174.912414,-36.960189,23.5            174.91244,-36.960183,23.5            174.912452,-36.96018,23.5            174.912463,-36.960178,23.5            174.912488,-36.960171,23.5            174.912498,-36.960169,23.5            174.912508,-36.960166,23.5            174.912536,-36.960164,23.5            174.912547,-36.960162,23.5            174.912558,-36.96016,23.5            174.912574,-36.960157,23.5            174.912592,-36.960154,23.5            174.912619,-36.960152,23.5            174.912631,-36.960151,23.5            174.912642,-36.96015,23.5            174.91267,-36.960149,23.5            174.912681,-36.96015,23.5            174.912693,-36.960151,23.5            174.91272,-36.960151,23.5            174.912731,-36.960152,23.5            174.912742,-36.960154,23.5            174.912768,-36.960155,23.5            174.912778,-36.960156,23.5            174.912789,-36.960156,23.5            174.912814,-36.960162,23.5            174.912825,-36.960165,23.5            174.912835,-36.960168,23.5            174.91285,-36.960172,23.5            174.91287,-36.960178,23.5            174.912896,-36.960182,23.6            174.912906,-36.960186,23.6            174.912917,-36.960189,23.6            174.912933,-36.960195,23.6            174.912948,-36.9602,23.6            174.912964,-36.960206,23.6            174.912978,-36.960214,23.6            174.913001,-36.960224,23.7            174.913011,-36.960227,23.7            174.913021,-36.960231,23.7            174.913046,-36.960243,23.7            174.913055,-36.960248,23.7            174.913065,-36.960252,23.7            174.91308,-36.960259,23.8            174.913093,-36.960268,23.8            174.913105,-36.960278,23.8            174.913118,-36.960287,23.8            174.913139,-36.9603,23.9            174.913148,-36.960307,23.9            174.913156,-36.960313,23.9            174.913174,-36.96033,24            174.913183,-36.960335,24            174.913191,-36.960341,24            174.913211,-36.960355,24.1            174.913218,-36.960362,24.1            174.913226,-36.960368,24.1            174.913245,-36.960384,24.2            174.913252,-36.960392,24.2            174.913259,-36.960399,24.2            174.913269,-36.960409,24.2            174.91328,-36.96042,24.2            174.913293,-36.960429,24.2            174.913305,-36.960438,24.3            174.913315,-36.960449,24.3            174.913326,-36.96046,24.3            174.913344,-36.960476,24.3            174.91335,-36.960485,24.3            174.913357,-36.960493,24.3            174.913366,-36.960503,24.3            174.913374,-36.960516,24.3            174.913382,-36.960527,24.3            174.913384,-36.960536,24.3            174.91339,-36.960549,24.4            174.913399,-36.960565,24.4            174.913404,-36.960575,24.4            174.913409,-36.960587,24.4            174.913417,-36.960599,24.4            174.913423,-36.960607,24.4            174.913428,-36.960615,24.4            174.913434,-36.960635,24.4            174.913438,-36.960645,24.4            174.913442,-36.960657,24.4            174.913445,-36.960666,24.4            174.913454,-36.960683,24.4            174.913461,-36.960692,24.4            174.913467,-36.960701,24.4            174.913481,-36.960718,24.5            174.913487,-36.960726,24.5            174.913493,-36.960733,24.5            174.913499,-36.960747,24.5            174.913508,-36.960758,24.5            174.913518,-36.960769,24.5            174.913531,-36.960779,24.5            174.913542,-36.960789,24.5            174.913552,-36.960801,24.5            174.91356,-36.960813,24.6            174.913574,-36.960822,24.6            174.913591,-36.96084,24.6            174.913596,-36.960847,24.6            174.913602,-36.960855,24.6            174.913617,-36.960865,24.6            174.913626,-36.960875,24.7            174.913642,-36.960891,24.7            174.91365,-36.960897,24.7            174.913657,-36.960903,24.7            174.913679,-36.960917,24.7            174.913687,-36.960923,24.7            174.913695,-36.960929,24.7            174.913707,-36.960941,24.8            174.913721,-36.960949,24.8            174.913729,-36.960961,24.8            174.913742,-36.960971,24.8            174.913754,-36.960983,24.8            174.913765,-36.960992,24.8            174.913785,-36.961007,24.9            174.913792,-36.961014,24.9            174.9138,-36.96102,24.9            174.913812,-36.96103,24.9            174.913826,-36.961038,24.9            174.913838,-36.961048,24.9            174.913852,-36.961056,24.9            174.913868,-36.961062,24.9            174.913882,-36.96107,24.9            174.913905,-36.961082,25            174.913915,-36.961086,25            174.913924,-36.96109,25            174.913948,-36.961102,25            174.913958,-36.961106,25            174.913968,-36.96111,25            174.913993,-36.96112,25            174.914002,-36.961124,25            174.914012,-36.961128,25.1            174.914037,-36.961137,25.1            174.914048,-36.96114,25.1            174.914058,-36.961143,25.1            174.914085,-36.96115,25.1            174.914095,-36.961152,25.1            174.914105,-36.961155,25.1            174.91413,-36.961161,25.2            174.91414,-36.961163,25.2            174.914151,-36.961164,25.2            174.914177,-36.961165,25.2            174.914188,-36.961166,25.2            174.914198,-36.961167,25.2            174.914224,-36.961168,25.3            174.914235,-36.961168,25.3            174.914245,-36.961168,25.3            174.91426,-36.961167,25.3            174.914277,-36.961165,25.3            174.914291,-36.961164,25.4            174.914308,-36.961166,25.4            174.914325,-36.961165,25.4            174.914352,-36.961161,25.5            174.914362,-36.961159,25.5            174.914373,-36.961158,25.6            174.914398,-36.961155,25.6            174.914409,-36.961153,25.6            174.914419,-36.96115,25.7            174.914431,-36.961141,25.7            174.914435,-36.961126,25.7            174.914442,-36.961115,25.7            174.914447,-36.961105,25.7            174.914455,-36.961095,25.7            174.91446,-36.961082,25.8            174.914471,-36.96107,25.8            174.914481,-36.96105,25.8            174.914487,-36.961043,25.8            174.914493,-36.961036,25.8            174.914506,-36.961024,25.8            174.914516,-36.961016,25.8            174.914532,-36.960999,25.9            174.914538,-36.960993,25.9            174.914544,-36.960986,25.9            174.914558,-36.960979,25.9            174.914574,-36.96097,25.9            174.914591,-36.960952,26            174.914597,-36.960945,26            174.914603,-36.960937,26            174.914624,-36.960924,26.1            174.914632,-36.960918,26.1            174.91464,-36.960912,26.1            174.914659,-36.960897,26.2            174.914666,-36.960892,26.2            174.914674,-36.960886,26.2            174.914682,-36.960875,26.2            174.914691,-36.960871,26.3            174.914692,-36.96086,26.3            174.914708,-36.960844,26.4            174.914716,-36.960837,26.4            174.914723,-36.96083,26.4            174.914728,-36.960821,26.4            174.914732,-36.960814,26.5            174.914742,-36.960803,26.5            174.914744,-36.96078,26.6            174.914743,-36.960772,26.6            174.914743,-36.960763,26.6            174.914738,-36.96074,26.7            174.914736,-36.960731,26.7            174.914733,-36.960723,26.8            174.914723,-36.960711,26.8            174.914713,-36.960699,26.8            174.914697,-36.96069,26.9            174.914684,-36.960679,26.9            174.914678,-36.960668,26.9            174.914667,-36.96066,26.9            174.914656,-36.960652,26.9            174.914636,-36.960632,26.9            174.914627,-36.960625,26.9            174.914619,-36.960617,27            174.914601,-36.960602,27            174.914595,-36.960596,27            174.914588,-36.96059,27            174.914578,-36.960579,27            174.914568,-36.960566,27            174.914562,-36.960553,27            174.914556,-36.96054,27.1            174.914547,-36.96052,27.1            174.914545,-36.960512,27.1            174.914542,-36.960504,27.1            174.914538,-36.960483,27.2            174.914537,-36.960475,27.2            174.914535,-36.960466,27.2            174.914539,-36.960452,27.2            174.914542,-36.960439,27.3            174.914548,-36.960425,27.3            174.914552,-36.960411,27.3            174.914563,-36.960391,27.4            174.914567,-36.960383,27.4            174.914572,-36.960376,27.4            174.914584,-36.960357,27.4            174.914589,-36.960349,27.5            174.914593,-36.960342,27.5            174.914608,-36.960332,27.6            174.914616,-36.960321,27.7            174.914635,-36.960305,27.8            174.914642,-36.960298,27.8            174.914648,-36.960291,27.9            174.914655,-36.960283,27.9            174.914667,-36.960273,28            174.914676,-36.960266,28.1            174.914696,-36.960253,28.2            174.914705,-36.960248,28.3            174.914714,-36.960243,28.3            174.914724,-36.960235,28.4            174.914736,-36.960228,28.5            174.914746,-36.960219,28.5            174.914763,-36.960215,28.6            174.914777,-36.960206,28.7            174.914792,-36.960197,28.8            174.914808,-36.960191,28.8            174.914828,-36.960177,28.9            174.914837,-36.960171,29            174.914845,-36.960166,29            174.914867,-36.960153,29.1            174.914875,-36.960149,29.1            174.914884,-36.960145,29.1            174.914903,-36.960133,29.1            174.914912,-36.960128,29.1            174.914921,-36.960123,29.1            174.914933,-36.960114,29.1            174.914945,-36.960106,29.1            174.914953,-36.960099,29.1            174.914964,-36.960096,29.1            174.914974,-36.960089,29.1            174.914986,-36.960083,29.1            174.914997,-36.960073,29            174.91501,-36.960065,29            174.915012,-36.960057,29            174.915017,-36.96005,28.9            174.91503,-36.960045,28.9            174.915039,-36.960037,28.8            174.915051,-36.960033,28.8            174.915065,-36.960027,28.7            174.915075,-36.960023,28.7            174.91508,-36.960017,28.7            174.915088,-36.960008,28.6            174.915105,-36.959997,28.5            174.915118,-36.959989,28.5            174.915133,-36.95998,28.4            174.915142,-36.959971,28.4            174.915154,-36.959963,28.3            174.915164,-36.959957,28.3            174.915184,-36.959947,28.3            174.915194,-36.959938,28.3            174.915205,-36.959929,28.2            174.915215,-36.959923,28.2            174.915214,-36.959917,28.2            174.915226,-36.959903,28.2            174.915243,-36.959889,28.3            174.915261,-36.959874,28.3            174.91527,-36.959867,28.3            174.915278,-36.95986,28.3            174.915288,-36.959848,28.4            174.915294,-36.959835,28.4            174.915304,-36.959823,28.4            174.915313,-36.959813,28.5            174.915326,-36.959793,28.6            174.91533,-36.959784,28.6            174.915335,-36.959776,28.6            174.91535,-36.959757,28.7            174.915356,-36.959748,28.8            174.915362,-36.95974,28.8            174.915372,-36.959722,28.9            174.915378,-36.959715,28.9            174.915383,-36.959707,29            174.915392,-36.959686,29.1            174.915396,-36.959678,29.1            174.915401,-36.95967,29.2            174.915415,-36.959652,29.2            174.915419,-36.959644,29.2            174.915424,-36.959637,29.3            174.915422,-36.959623,29.3            174.91542,-36.959613,29.3            174.915411,-36.959603,29.3            174.915407,-36.959588,29.4            174.9154,-36.959577,29.4            174.915394,-36.959564,29.4            174.915388,-36.959553,29.4            174.915385,-36.959544,29.4            174.915378,-36.959525,29.5            174.915372,-36.959516,29.5            174.91537,-36.959501,29.5            174.915369,-36.959488,29.5            174.915364,-36.959466,29.5            174.915362,-36.959458,29.5            174.915361,-36.959449,29.5            174.915356,-36.959427,29.6            174.915354,-36.959419,29.6            174.915353,-36.95941,29.6            174.915351,-36.95939,29.6            174.915352,-36.959382,29.6            174.915353,-36.959373,29.6            174.91535,-36.95935,29.6            174.915351,-36.959342,29.6            174.915352,-36.959333,29.6            174.915355,-36.959313,29.6            174.915355,-36.959304,29.6            174.915356,-36.959296,29.6            174.915354,-36.959285,29.6            174.915348,-36.959274,29.6            174.915344,-36.959265,29.6            174.915336,-36.959244,29.7            174.915332,-36.959235,29.7            174.915329,-36.959227,29.7            174.915316,-36.959207,29.7            174.91531,-36.9592,29.7            174.915305,-36.959192,29.8            174.915293,-36.959182,29.8            174.91528,-36.959172,29.8            174.91527,-36.959162,29.9            174.915256,-36.959153,29.9            174.915237,-36.959138,30            174.915229,-36.959132,30            174.91522,-36.959127,30.1            174.915198,-36.959115,30.1            174.915188,-36.95911,30.2            174.915179,-36.959106,30.2            174.915163,-36.959105,30.3            174.915149,-36.959113,30.3            174.915149,-36.959119,30.3            174.915141,-36.959129,30.2            174.915137,-36.959145,30.2            174.915118,-36.95916,30.2            174.915112,-36.959168,30.2            174.915106,-36.959176,30.2            174.915096,-36.959188,30.2            174.915087,-36.9592,30.2            174.91508,-36.959214,30.1            174.915068,-36.959225,30.1            174.915058,-36.959236,30.1            174.915047,-36.959247,30.1            174.915038,-36.959258,30.1            174.915029,-36.95927,30            174.915016,-36.959281,30            174.915009,-36.959293,30            174.914989,-36.959309,30            174.914981,-36.959315,30            174.914973,-36.959321,29.9            174.914958,-36.959338,29.9            174.91495,-36.959343,29.9            174.914942,-36.959349,29.9            174.914926,-36.959361,29.8            174.914917,-36.959368,29.8            174.914911,-36.959378,29.8            174.914902,-36.959383,29.8            174.914899,-36.959387,29.8            174.914895,-36.959394,29.8            174.914885,-36.9594,29.8            174.914875,-36.959401,29.7            174.91487,-36.959403,29.7            174.914877,-36.959397,29.7            174.914877,-36.959399,29.7            174.91487,-36.959399,29.7            174.914871,-36.959398,29.7            174.914871,-36.959401,29.7            174.914871,-36.95941,29.7            174.914858,-36.959411,29.7            174.914861,-36.959409,29.7            174.914867,-36.959403,29.7            174.914865,-36.959402,29.7            174.91486,-36.9594,29.6            174.914864,-36.959401,29.6            174.914865,-36.959404,29.6            174.914854,-36.959406,29.6            174.914846,-36.959422,29.6            174.914834,-36.95943,29.6            174.914835,-36.959441,29.6            174.914826,-36.959449,29.5            174.914819,-36.959455,29.5            174.914811,-36.959462,29.5            174.914804,-36.959468,29.5            174.914783,-36.959483,29.5            174.914775,-36.959488,29.5            174.914767,-36.959493,29.5            174.914757,-36.959504,29.5            174.914747,-36.959518,29.4            174.914738,-36.959528,29.4            174.914722,-36.959541,29.4            174.9147,-36.959555,29.4            174.914692,-36.959562,29.4            174.914685,-36.959568,29.4            174.914668,-36.959586,29.4            174.91466,-36.959593,29.4            174.914653,-36.959599,29.4            174.91464,-36.959611,29.4            174.914631,-36.959619,29.4            174.914617,-36.959626,29.4            174.914603,-36.959634,29.4            174.914588,-36.959627,29.4            174.914571,-36.959619,29.4            174.914559,-36.959607,29.3            174.914536,-36.959593,29.3            174.914528,-36.959587,29.3            174.914521,-36.959582,29.3            174.91451,-36.959573,29.3            174.914494,-36.959559,29.3            174.914481,-36.959552,29.3            174.914466,-36.95954,29.2            174.914445,-36.959528,29.2            174.914435,-36.959524,29.2            174.914426,-36.959519,29.2            174.914411,-36.959508,29.2            174.9144,-36.959499,29.2            174.914387,-36.959492,29.2            174.914372,-36.959483,29.1            174.914359,-36.959473,29.1            174.914347,-36.959465,29.1            174.914327,-36.959451,29.1            174.914318,-36.959446,29.1            174.91431,-36.959442,29.1            174.914297,-36.959436,29.1            174.914289,-36.95943,29.1            174.914276,-36.95942,29.1            174.914264,-36.959415,29            174.914251,-36.959408,29            174.91424,-36.959401,29            174.914229,-36.959395,29            174.914218,-36.959389,29            174.914209,-36.959381,29            174.914196,-36.95937,29            174.914187,-36.959362,29            174.914177,-36.959354,29            174.914167,-36.959344,29            174.914152,-36.959336,29            174.914133,-36.95932,29            174.914125,-36.959312,29            174.914116,-36.959305,28.9            174.914104,-36.959298,28.9            174.914092,-36.959289,28.9            174.914082,-36.959283,28.9            174.914066,-36.95927,28.9            174.914057,-36.959265,28.9            174.914047,-36.959258,28.9            174.914033,-36.959248,28.9            174.914023,-36.959241,28.9            174.914007,-36.959234,28.9            174.914002,-36.959225,28.9            174.91399,-36.959221,28.9            174.913972,-36.959207,28.9            174.913965,-36.959201,28.9            174.913957,-36.959194,28.9            174.913944,-36.959183,28.9            174.913936,-36.959176,28.9            174.913926,-36.959172,28.8            174.913906,-36.959158,28.8            174.913896,-36.959152,28.8            174.913886,-36.959146,28.8            174.913876,-36.95914,28.8            174.913867,-36.959131,28.8            174.913853,-36.959124,28.8            174.913845,-36.959115,28.8            174.913836,-36.95911,28.8            174.913819,-36.9591,28.8            174.913799,-36.959087,28.8            174.913791,-36.95908,28.8            174.913782,-36.959074,28.7            174.913772,-36.959068,28.7            174.91376,-36.95906,28.7            174.913749,-36.959051,28.7            174.913737,-36.95904,28.7            174.913725,-36.95903,28.7            174.913705,-36.959015,28.7            174.913697,-36.95901,28.7            174.913689,-36.959004,28.7            174.91368,-36.958999,28.7            174.913654,-36.958984,28.6            174.91365,-36.958978,28.6            174.913639,-36.958969,28.6            174.913628,-36.958962,28.6            174.913607,-36.95895,28.6            174.913598,-36.958945,28.6            174.913588,-36.958939,28.6            174.913576,-36.958933,28.6            174.913565,-36.958925,28.6            174.913558,-36.958918,28.6            174.913545,-36.958908,28.6            174.913533,-36.958899,28.6            174.913525,-36.958894,28.5            174.913509,-36.958888,28.5            174.913496,-36.958878,28.5            174.913479,-36.958864,28.5            174.913472,-36.958858,28.5            174.913464,-36.958852,28.5            174.913441,-36.958841,28.5            174.913433,-36.958835,28.5            174.913425,-36.95883,28.5            174.913413,-36.958819,28.5            174.913401,-36.95881,28.5            174.913382,-36.958798,28.5            174.913373,-36.958793,28.5            174.913365,-36.958787,28.5            174.913341,-36.958776,28.5            174.913331,-36.958771,28.5            174.913322,-36.958767,28.5            174.913311,-36.958763,28.5            174.913294,-36.958758,28.5            174.913278,-36.95876,28.5            174.913248,-36.958754,28.5            174.913239,-36.958754,28.5            174.913229,-36.958754,28.5            174.913214,-36.958753,28.5            174.913198,-36.958753,28.5            174.913185,-36.958753,28.5            174.913171,-36.958756,28.5            174.913149,-36.958757,28.5            174.913135,-36.958759,28.5            174.91312,-36.95876,28.5            174.913107,-36.958761,28.5            174.913082,-36.958759,28.5            174.91307,-36.958757,28.5            174.913059,-36.958756,28.5            174.913046,-36.958756,28.5            174.913027,-36.958754,28.5            174.913016,-36.958751,28.5            174.913001,-36.95875,28.4            174.912989,-36.958749,28.4          </coordinates></LineString></Placemark><Placemark><name>Start</name><styleUrl>#icon-61-nodesc</styleUrl><Point><coordinates>            174.912911,-36.958644,28.4          </coordinates></Point></Placemark><Placemark><name>Finish</name><styleUrl>#icon-123-nodesc</styleUrl><Point><coordinates>            174.912989,-36.958749,28.4          </coordinates></Point></Placemark></Folder></Document></kml>