<?xml version="1.0" encoding="UTF-8"?><kml xmlns="http://www.opengis.net/kml/2.2"><Document><name>Cambridge NZ parkrun (from Sep 2025)</name><description/><Style id="icon-1899-0F9D58-nodesc-normal"><IconStyle><color>ff589d0f</color><scale>1</scale><Icon><href>https://www.gstatic.com/mapspro/images/stock/503-wht-blank_maps.png</href></Icon><hotSpot x="32" xunits="pixels" y="64" yunits="insetPixels"/></IconStyle><LabelStyle><scale>0</scale></LabelStyle><BalloonStyle><text><![CDATA[<h3>$[name]</h3>]]></text></BalloonStyle></Style><Style id="icon-1899-0F9D58-nodesc-highlight"><IconStyle><color>ff589d0f</color><scale>1</scale><Icon><href>https://www.gstatic.com/mapspro/images/stock/503-wht-blank_maps.png</href></Icon><hotSpot x="32" xunits="pixels" y="64" yunits="insetPixels"/></IconStyle><LabelStyle><scale>1</scale></LabelStyle><BalloonStyle><text><![CDATA[<h3>$[name]</h3>]]></text></BalloonStyle></Style><StyleMap id="icon-1899-0F9D58-nodesc"><Pair><key>normal</key><styleUrl>#icon-1899-0F9D58-nodesc-normal</styleUrl></Pair><Pair><key>highlight</key><styleUrl>#icon-1899-0F9D58-nodesc-highlight</styleUrl></Pair></StyleMap><Style id="icon-1899-FF5252-nodesc-normal"><IconStyle><color>ff5252ff</color><scale>1</scale><Icon><href>https://www.gstatic.com/mapspro/images/stock/503-wht-blank_maps.png</href></Icon><hotSpot x="32" xunits="pixels" y="64" yunits="insetPixels"/></IconStyle><LabelStyle><scale>0</scale></LabelStyle><BalloonStyle><text><![CDATA[<h3>$[name]</h3>]]></text></BalloonStyle></Style><Style id="icon-1899-FF5252-nodesc-highlight"><IconStyle><color>ff5252ff</color><scale>1</scale><Icon><href>https://www.gstatic.com/mapspro/images/stock/503-wht-blank_maps.png</href></Icon><hotSpot x="32" xunits="pixels" y="64" yunits="insetPixels"/></IconStyle><LabelStyle><scale>1</scale></LabelStyle><BalloonStyle><text><![CDATA[<h3>$[name]</h3>]]></text></BalloonStyle></Style><StyleMap id="icon-1899-FF5252-nodesc"><Pair><key>normal</key><styleUrl>#icon-1899-FF5252-nodesc-normal</styleUrl></Pair><Pair><key>highlight</key><styleUrl>#icon-1899-FF5252-nodesc-highlight</styleUrl></Pair></StyleMap><Style id="line-0288D1-3713-nodesc-normal"><LineStyle><color>ffd18802</color><width>3.713</width></LineStyle><BalloonStyle><text><![CDATA[<h3>$[name]</h3>]]></text></BalloonStyle></Style><Style id="line-0288D1-3713-nodesc-highlight"><LineStyle><color>ffd18802</color><width>5.5695</width></LineStyle><BalloonStyle><text><![CDATA[<h3>$[name]</h3>]]></text></BalloonStyle></Style><StyleMap id="line-0288D1-3713-nodesc"><Pair><key>normal</key><styleUrl>#line-0288D1-3713-nodesc-normal</styleUrl></Pair><Pair><key>highlight</key><styleUrl>#line-0288D1-3713-nodesc-highlight</styleUrl></Pair></StyleMap><Folder><name>Untitled layer</name><Placemark><name>Course</name><styleUrl>#line-0288D1-3713-nodesc</styleUrl><LineString><tessellate>1</tessellate><coordinates>            175.4359217,-37.890281,64            175.4359332,-37.8902894,64            175.4359678,-37.8903126,64            175.4359843,-37.8903324,64            175.4360077,-37.8903468,64            175.4360367,-37.8903553,64            175.4360539,-37.890362,64            175.4360703,-37.8903733,64            175.4361001,-37.8903799,64            175.4361259,-37.8903877,64            175.4361479,-37.8903924,64            175.4361664,-37.8903986,63            175.4361937,-37.8903996,63            175.4362194,-37.8903986,63            175.4362554,-37.8903968,63            175.4362696,-37.8904011,62            175.436284,-37.8904074,62            175.4363071,-37.8904016,62            175.4363322,-37.890401,62            175.4363572,-37.8904103,62            175.436443,-37.8903796,60            175.4364668,-37.8903769,60            175.4364924,-37.8903772,60            175.4365199,-37.8903844,59            175.4365407,-37.8903937,59            175.4365632,-37.8903927,59            175.4365839,-37.8903965,58            175.4366108,-37.8904069,58            175.4366396,-37.8904155,58            175.4366567,-37.8904201,58            175.4366855,-37.8904225,57            175.4367146,-37.8904279,57            175.4367332,-37.8904322,56            175.4367554,-37.8904374,56            175.4367791,-37.8904457,56            175.4367972,-37.8904585,55            175.4368184,-37.8904733,55            175.4368468,-37.8904849,54            175.4368612,-37.8904966,54            175.4368834,-37.8905134,54            175.4368999,-37.8905354,53            175.4369094,-37.890551,53            175.436926,-37.8905789,53            175.4369457,-37.8905959,53            175.4369584,-37.8906106,52            175.4369751,-37.8906369,52            175.4369901,-37.8906503,52            175.4370094,-37.8906675,52            175.4370241,-37.8906863,52            175.437041,-37.8907006,51            175.4370615,-37.8907188,51            175.4370846,-37.8907324,51            175.4371058,-37.8907494,50            175.4371272,-37.8907655,50            175.4371552,-37.8907741,49            175.4371799,-37.8907814,49            175.4372107,-37.8907924,48            175.4372317,-37.8908026,47            175.4372578,-37.8908075,47            175.4372833,-37.8908154,47            175.4373146,-37.8908246,47            175.4373384,-37.8908265,47            175.4373674,-37.8908363,47            175.437399,-37.8908445,47            175.4374247,-37.8908483,47            175.4374592,-37.8908573,47            175.4374898,-37.890856,47            175.437523,-37.8908559,47            175.437552,-37.8908563,47            175.4375828,-37.8908661,47            175.4376095,-37.8908807,47            175.4376324,-37.8908971,47            175.4376552,-37.8909175,48            175.4376695,-37.8909358,48            175.4376823,-37.8909553,49            175.4377007,-37.8909797,49            175.4377104,-37.8909964,50            175.4377298,-37.8910164,50            175.4377454,-37.8910268,50            175.4377632,-37.8910413,51            175.4377903,-37.8910584,51            175.437817,-37.8910696,50            175.4378337,-37.8910912,51            175.4378591,-37.8911024,50            175.43788,-37.8911134,50            175.4379104,-37.8911242,50            175.4379342,-37.8911348,50            175.4379544,-37.8911474,49            175.4379894,-37.8911579,49            175.4380143,-37.891171,48            175.4380359,-37.8911832,48            175.4380642,-37.8911986,48            175.4380903,-37.8912086,48            175.4381072,-37.8912141,48            175.4381375,-37.8912283,48            175.4381679,-37.8912326,47            175.4381908,-37.8912413,47            175.438217,-37.891256,47            175.4382507,-37.8912621,47            175.4382698,-37.8912801,47            175.4382936,-37.8912923,47            175.4383193,-37.8913062,47            175.4383372,-37.8913171,47            175.4383633,-37.8913269,47            175.4383833,-37.8913432,47            175.4384036,-37.8913559,47            175.4384285,-37.8913749,47            175.4384545,-37.8913867,47            175.4384726,-37.8914016,47            175.4384998,-37.8914157,47            175.4385269,-37.8914226,47            175.4385421,-37.8914313,47            175.4385699,-37.8914468,47            175.4385946,-37.89146,47            175.4386112,-37.8914722,47            175.4386353,-37.8914892,47            175.4386554,-37.8915027,47            175.4386793,-37.8915121,47            175.4387028,-37.891521,47            175.4387239,-37.891542,47            175.4387476,-37.8915501,47            175.4387731,-37.8915637,47            175.4387938,-37.8915759,47            175.4388138,-37.8915915,47            175.4388432,-37.8916027,47            175.4388618,-37.8916158,47            175.4388872,-37.891629,47            175.4389119,-37.8916434,47            175.4389326,-37.8916507,47            175.4389581,-37.8916616,47            175.4389814,-37.8916771,47            175.4389983,-37.8916944,47            175.4390155,-37.8917074,47            175.4390367,-37.8917226,47            175.4390503,-37.8917351,47            175.4390677,-37.8917592,47            175.439081,-37.8917765,47            175.4390897,-37.8917948,48            175.4390983,-37.8918195,48            175.4391046,-37.8918403,48            175.439112,-37.89186,48            175.4391236,-37.8918864,49            175.4391305,-37.8919057,49            175.4391425,-37.8919261,49            175.4391534,-37.8919503,49            175.4391629,-37.8919683,49            175.4391748,-37.8919901,49            175.4391831,-37.8920117,49            175.4391908,-37.8920327,49            175.4392051,-37.8920508,49            175.4392222,-37.8920704,49            175.4392429,-37.8920847,49            175.4392575,-37.8921004,49            175.4392771,-37.8921171,48            175.43929,-37.8921332,48            175.4393162,-37.8921521,48            175.4393342,-37.8921678,47            175.4393587,-37.8921812,47            175.4393795,-37.8921941,46            175.4394047,-37.8922076,46            175.4394273,-37.8922156,45            175.4394514,-37.8922255,45            175.4394804,-37.8922376,45            175.4394993,-37.8922511,45            175.439526,-37.8922641,45            175.4395492,-37.8922764,45            175.4395669,-37.8922837,45            175.4395977,-37.8922965,44            175.4396194,-37.8923094,44            175.4396303,-37.8923262,44            175.4396512,-37.8923436,44            175.4396609,-37.8923587,44            175.4396653,-37.892371,44            175.4396721,-37.8923854,43            175.4396811,-37.892404,43            175.4396833,-37.8924202,43            175.4396878,-37.8924411,43            175.4396938,-37.8924587,42            175.4396908,-37.8924757,42            175.4396903,-37.8924974,42            175.4396903,-37.8925136,42            175.4396846,-37.8925299,42            175.4396755,-37.8925518,42            175.4396783,-37.8925708,42            175.4396764,-37.8925869,42            175.4396781,-37.8926084,42            175.4396812,-37.8926312,42            175.4396748,-37.8926463,42            175.4396719,-37.8926664,42            175.4396674,-37.8926914,42            175.4396654,-37.8927114,42            175.439662,-37.892732,42            175.4396612,-37.8927491,42            175.439657,-37.8927689,42            175.4396575,-37.8927865,41            175.4396533,-37.8928098,41            175.4396473,-37.8928283,41            175.4396394,-37.8928467,41            175.4396314,-37.8928681,41            175.4396246,-37.8928898,41            175.4396182,-37.8929086,41            175.4396144,-37.89293,40            175.4396058,-37.8929518,40            175.4396016,-37.8929706,40            175.4395859,-37.8929938,40            175.4395735,-37.8930144,40            175.439554,-37.8930296,40            175.4395383,-37.8930478,40            175.4395228,-37.8930665,40            175.4395101,-37.893082,40            175.4395004,-37.8931031,40            175.4394868,-37.8931181,40            175.4394795,-37.8931376,40            175.4394774,-37.8931596,40            175.4394761,-37.8931809,40            175.4394742,-37.8932019,40            175.4394806,-37.8932257,40            175.4394904,-37.8932421,40            175.4394972,-37.893264,40            175.4395087,-37.8932852,41            175.4395173,-37.8933019,41            175.4395221,-37.8933249,41            175.4395344,-37.8933453,41            175.4395432,-37.8933666,41            175.439557,-37.8933875,41            175.4395705,-37.8934074,42            175.4395728,-37.8934248,42            175.4395782,-37.893442,42            175.4395823,-37.8934639,42            175.4395856,-37.8934834,42            175.4395893,-37.8935046,43            175.439591,-37.8935246,43            175.4395927,-37.8935452,43            175.4395906,-37.8935633,43            175.4395996,-37.8935842,43            175.4395991,-37.8936015,44            175.4395953,-37.8936222,44            175.439588,-37.8936418,44            175.4395903,-37.8936612,44            175.4395905,-37.8936817,45            175.4395954,-37.8937038,45            175.4395936,-37.8937209,45            175.4395968,-37.893741,46            175.4396047,-37.8937628,46            175.4396097,-37.8937778,46            175.4396241,-37.8937933,46            175.4396381,-37.8938113,47            175.4396529,-37.8938268,47            175.4396722,-37.8938469,47            175.4396841,-37.893864,47            175.4396916,-37.8938779,47            175.4397078,-37.8939003,48            175.4397175,-37.8939191,48            175.4397264,-37.8939363,48            175.4397403,-37.8939524,48            175.4397524,-37.8939667,48            175.4397622,-37.8939787,48            175.4397752,-37.8939957,48            175.4397853,-37.8940113,48            175.4397928,-37.8940207,48            175.4398032,-37.8940358,48            175.4398152,-37.894055,48            175.4398255,-37.8940697,48            175.4398312,-37.8940845,48            175.4398344,-37.8941055,48            175.4398441,-37.8941229,48            175.4398467,-37.8941433,48            175.4398502,-37.894167,48            175.4398531,-37.8941873,48            175.439859,-37.8942058,48            175.439863,-37.894229,48            175.4398684,-37.8942482,48            175.4398794,-37.8942657,48            175.4398819,-37.8942909,47            175.4398846,-37.8943156,47            175.439877,-37.894338,47            175.4398666,-37.8943583,48            175.4398509,-37.8943825,48            175.4398342,-37.8944,48            175.4398125,-37.8944176,48            175.4397922,-37.8944382,49            175.4397745,-37.8944584,49            175.439754,-37.8944767,49            175.4397344,-37.8944944,49            175.4397093,-37.8945111,49            175.4396924,-37.8945269,49            175.4396699,-37.894546,49            175.4396574,-37.8945713,49            175.439638,-37.8945847,49            175.4396139,-37.894603,49            175.4395902,-37.8946229,49            175.439568,-37.8946373,49            175.4395433,-37.8946566,48            175.439524,-37.8946777,48            175.4395118,-37.8946934,48            175.4394948,-37.8947107,48            175.4394726,-37.8947272,47            175.4394593,-37.8947483,47            175.4394499,-37.8947732,47            175.4394426,-37.8947947,47            175.4394319,-37.8948094,47            175.4394236,-37.8948348,47            175.4394065,-37.894854,47            175.4393965,-37.8948687,47            175.4393836,-37.8948942,47            175.4393724,-37.8949145,47            175.4393577,-37.8949296,47            175.4393415,-37.8949602,47            175.4393302,-37.894984,47            175.4393115,-37.8950017,47            175.4393002,-37.8950262,47            175.4392822,-37.8950465,47            175.4392679,-37.8950659,47            175.4392545,-37.8950901,47            175.4392368,-37.895107,47            175.4392217,-37.8951292,47            175.4392036,-37.8951586,47            175.4391932,-37.8951811,46            175.4391738,-37.895201,46            175.4391669,-37.8952264,46            175.4391529,-37.8952416,46            175.4391362,-37.8952636,46            175.4391211,-37.8952867,45            175.4391183,-37.8953075,45            175.4390997,-37.8953289,45            175.4390879,-37.8953523,45            175.4390779,-37.8953704,45            175.4390655,-37.8953902,44            175.4390574,-37.8954099,44            175.439048,-37.895429,44            175.4390319,-37.8954516,44            175.4390221,-37.895478,44            175.439019,-37.8954991,44            175.4390106,-37.8955243,43            175.4389983,-37.8955452,43            175.4389886,-37.8955638,43            175.4389765,-37.8955911,43            175.4389673,-37.8956176,43            175.4389511,-37.8956378,42            175.4389355,-37.8956581,42            175.4389141,-37.8956801,42            175.4388967,-37.8956989,42            175.4388775,-37.8957192,42            175.4388594,-37.8957377,42            175.4388436,-37.8957563,41            175.4388235,-37.8957788,41            175.4387986,-37.8957954,41            175.4387843,-37.8958117,41            175.4387624,-37.8958286,41            175.4387444,-37.8958469,40            175.4387238,-37.8958615,40            175.4386996,-37.8958798,40            175.4386707,-37.8959022,40            175.438655,-37.895914,40            175.4386309,-37.8959327,40            175.4386137,-37.8959529,40            175.4385936,-37.8959618,40            175.4385746,-37.8959811,40            175.4385548,-37.8960001,40            175.4385411,-37.8960182,39            175.4385321,-37.8960469,39            175.4385231,-37.8960714,39            175.4385237,-37.8960913,39            175.4385292,-37.896115,39            175.438546,-37.8961367,38            175.4385648,-37.896158,38            175.4385882,-37.8961734,38            175.4386087,-37.8961904,38            175.4386348,-37.896206,38            175.4386605,-37.8962211,38            175.43868,-37.8962299,38            175.4386961,-37.8962448,38            175.4387123,-37.896262,38            175.4387297,-37.8962779,37            175.4387511,-37.8962893,37            175.438775,-37.8963,37            175.4387956,-37.8963121,37            175.4388148,-37.8963249,37            175.4388405,-37.8963322,37            175.4388648,-37.8963432,37            175.4388773,-37.8963537,37            175.4389003,-37.8963723,37            175.4389251,-37.8963816,37            175.4389439,-37.8963929,36            175.4389669,-37.8964004,36            175.4389935,-37.8964051,36            175.4390189,-37.896407,36            175.4390459,-37.8964096,36            175.4390745,-37.8964104,36            175.4390982,-37.8964092,36            175.4391319,-37.8964082,36            175.439166,-37.8964098,36            175.4391908,-37.8964122,36            175.4392241,-37.8964101,36            175.4392516,-37.8964133,36            175.4392808,-37.8964203,36            175.4393188,-37.8964215,36            175.4393422,-37.8964319,36            175.4393764,-37.8964378,36            175.4394125,-37.8964369,36            175.4394332,-37.896444,36            175.4394598,-37.896447,36            175.4394948,-37.896444,36            175.4395226,-37.8964461,36            175.4395543,-37.8964445,36            175.4395574,-37.8964436,36            175.4395811,-37.8964366,36            175.4396088,-37.8964364,36            175.439637,-37.8964252,36            175.4396662,-37.8964176,36            175.4396966,-37.8964103,35            175.4397288,-37.8963985,35            175.4397547,-37.8963917,35            175.4397815,-37.8963785,35            175.439809,-37.8963708,35            175.4398337,-37.8963677,35            175.4398616,-37.8963612,35            175.4398922,-37.8963493,35            175.4399195,-37.896342,35            175.4399533,-37.8963314,34            175.4399859,-37.8963196,34            175.4400157,-37.8963121,34            175.4400438,-37.8962984,34            175.4400695,-37.8962901,34            175.4400923,-37.8962841,34            175.4401159,-37.8962684,34            175.4401443,-37.8962595,34            175.4401752,-37.8962527,34            175.4402011,-37.8962342,34            175.4402265,-37.896224,34            175.4402519,-37.8962131,34            175.4402749,-37.8961998,34            175.4403004,-37.8961923,34            175.4403257,-37.8961844,35            175.4403564,-37.8961712,35            175.4403793,-37.8961604,35            175.4404102,-37.8961424,35            175.4404344,-37.8961362,35            175.4404654,-37.8961305,35            175.4404896,-37.8961139,35            175.4405119,-37.8961048,36            175.4405345,-37.896092,36            175.4405556,-37.896081,36            175.4405786,-37.8960735,36            175.440608,-37.8960585,36            175.4406344,-37.8960443,36            175.4406561,-37.8960379,36            175.4406806,-37.8960242,36            175.4407055,-37.8960136,37            175.4407389,-37.8960031,37            175.4407688,-37.8959894,37            175.4407931,-37.8959827,37            175.4408196,-37.8959712,37            175.440847,-37.8959572,37            175.4408795,-37.895956,37            175.4409101,-37.8959404,37            175.4409376,-37.8959354,37            175.4409642,-37.8959342,37            175.4409869,-37.8959261,37            175.4410125,-37.8959178,36            175.4410486,-37.8959125,36            175.441075,-37.8958992,36            175.4410946,-37.8958959,36            175.4411261,-37.8958864,36            175.4411489,-37.8958743,36            175.4411768,-37.8958687,36            175.441209,-37.8958531,35            175.4412343,-37.895841,35            175.441261,-37.8958317,35            175.4412838,-37.8958169,35            175.4413076,-37.8958066,35            175.4413386,-37.8957949,34            175.4413622,-37.89578,34            175.4413855,-37.8957736,34            175.4414182,-37.8957532,34            175.4414463,-37.8957382,34            175.4414756,-37.8957325,34            175.4415106,-37.8957149,34            175.4415378,-37.8957015,34            175.4415671,-37.8956918,33            175.4415962,-37.8956751,33            175.4416279,-37.8956621,33            175.4416574,-37.8956596,33            175.4416871,-37.8956487,33            175.4417182,-37.8956353,33            175.4417515,-37.8956314,33            175.4417856,-37.8956228,33            175.4418102,-37.8956148,33            175.4418423,-37.8956196,33            175.4418735,-37.8956116,33            175.4419022,-37.8956065,33            175.441933,-37.8956036,33            175.441964,-37.895592,33            175.4420032,-37.8955808,33            175.4420264,-37.8955829,33            175.4420599,-37.8955706,33            175.4420945,-37.8955653,33            175.4421192,-37.895562,33            175.4421358,-37.8955543,33            175.4421573,-37.895549,33            175.4421807,-37.8955459,33            175.4422135,-37.8955312,33            175.4422372,-37.8955227,33            175.4422519,-37.8955094,33            175.4422718,-37.895498,33            175.4422942,-37.8954834,33            175.4423067,-37.895467,33            175.4423125,-37.8954582,33            175.4423118,-37.8954449,33            175.4423179,-37.8954292,33            175.4423195,-37.8954172,33            175.4423224,-37.8953969,34            175.4423166,-37.8953882,34            175.4423189,-37.8953708,34            175.4423359,-37.895357,34            175.4423393,-37.8953367,34            175.4423446,-37.89533,34            175.4423542,-37.8953158,34            175.442367,-37.8953042,34            175.4423794,-37.8952865,34            175.4423904,-37.8952773,34            175.4424021,-37.8952673,34            175.4424185,-37.895259,34            175.4424357,-37.8952479,34            175.4424579,-37.8952447,34            175.4424767,-37.8952386,34            175.4424933,-37.8952295,34            175.4425119,-37.8952263,34            175.4425314,-37.8952208,34            175.44255,-37.8952167,34            175.4425686,-37.8952145,34            175.4425879,-37.8952138,34            175.4426063,-37.8952158,34            175.4426246,-37.8952214,34            175.4426417,-37.8952267,34            175.442659,-37.8952311,34            175.4426783,-37.8952336,34            175.4426951,-37.8952418,33            175.4427129,-37.895249,33            175.4427306,-37.8952544,33            175.4427498,-37.8952592,33            175.4427691,-37.8952624,33            175.4427909,-37.8952624,33            175.4428111,-37.8952621,32            175.4428305,-37.8952569,32            175.4428499,-37.8952614,32            175.4428688,-37.8952622,32            175.4428899,-37.8952579,32            175.4429099,-37.8952579,32            175.4429299,-37.8952481,32            175.4429485,-37.8952428,32            175.4429711,-37.895242,32            175.442992,-37.8952389,32            175.4430115,-37.8952361,32            175.4430291,-37.8952211,32            175.4430475,-37.8952147,32            175.4430677,-37.8952121,32            175.4430871,-37.8952094,32            175.4431079,-37.8952091,32            175.4431277,-37.8952064,32            175.4431488,-37.8952054,32            175.4431691,-37.8952001,32            175.443191,-37.8951944,32            175.4432113,-37.8951902,32            175.4432317,-37.8951882,32            175.4432516,-37.895184,32            175.4432716,-37.895179,32            175.4432915,-37.8951724,32            175.4433125,-37.895169,32            175.4433329,-37.8951636,32            175.4433528,-37.8951628,32            175.4433729,-37.895156,32            175.4433926,-37.8951503,32            175.4434123,-37.8951436,33            175.4434322,-37.8951393,33            175.4434517,-37.8951349,33            175.4434709,-37.8951317,33            175.4434912,-37.8951296,33            175.4435106,-37.8951241,33            175.443531,-37.8951209,33            175.4435504,-37.8951176,33            175.4435684,-37.8951097,33            175.4435887,-37.8951078,34            175.4436101,-37.8951079,34            175.4436289,-37.8951033,34            175.443654,-37.8950977,34            175.4436757,-37.8950893,34            175.4436899,-37.8950781,34            175.4437111,-37.8950698,34            175.4437355,-37.8950653,34            175.4437596,-37.8950607,34            175.4437812,-37.8950524,34            175.4438023,-37.8950412,34            175.4438266,-37.8950353,34            175.4438474,-37.8950314,34            175.4438674,-37.8950279,34            175.4438922,-37.8950269,34            175.4439175,-37.8950269,34            175.4439404,-37.8950268,34            175.4439623,-37.8950258,34            175.4439848,-37.8950264,34            175.4440056,-37.895026,35            175.4440248,-37.8950288,35            175.4440455,-37.8950315,35            175.4440653,-37.8950356,35            175.4440854,-37.895035,35            175.444104,-37.8950337,35            175.4441212,-37.8950308,35            175.4441365,-37.8950283,35            175.4441525,-37.895037,35            175.4441689,-37.8950446,35            175.4441833,-37.8950554,35            175.4441964,-37.8950674,35            175.4442125,-37.895075,34            175.4442269,-37.8950842,34            175.4442385,-37.8950947,34            175.4442484,-37.895103,34            175.4442535,-37.8950998,34            175.4442458,-37.8950941,34            175.4442363,-37.8950891,34            175.4442331,-37.8950861,34            175.4442358,-37.8950877,34            175.4442341,-37.8950859,34            175.4442257,-37.8950831,34            175.444222,-37.8950806,34            175.4442216,-37.8950834,34            175.4442186,-37.8950821,34            175.4442206,-37.8950818,34            175.4442172,-37.8950816,34            175.4442162,-37.8950824,34            175.4442118,-37.8950803,34            175.4442099,-37.8950798,34            175.4442117,-37.8950771,34            175.4442083,-37.89508,34            175.4442055,-37.8950788,34            175.4442044,-37.895079,34            175.4442037,-37.8950796,34            175.444204,-37.8950824,34            175.4441977,-37.8950802,34            175.4441958,-37.8950866,34            175.4441959,-37.8950854,34            175.4441891,-37.8950861,34            175.4441998,-37.8950896,34            175.4441956,-37.8950895,34            175.4441903,-37.8950904,34            175.4441922,-37.8950893,34            175.444197,-37.8950937,34            175.4442116,-37.8950867,34            175.4442188,-37.8950818,34            175.4442192,-37.8950779,34            175.4442143,-37.8950809,34            175.4442106,-37.8950846,34            175.4442095,-37.895086,34            175.4442123,-37.8950845,34            175.4442118,-37.8950846,34            175.4442077,-37.895088,34            175.4442031,-37.8950864,34            175.444203,-37.8950868,34            175.444176,-37.8950856,34            175.4441634,-37.8950878,34            175.444164,-37.8950862,34            175.4441636,-37.8950849,34            175.4441633,-37.895085,34            175.444151,-37.8950873,34            175.4441512,-37.8950841,34            175.4441539,-37.8950818,34            175.4441572,-37.8950821,34            175.4441545,-37.8950822,34            175.4441601,-37.8950835,34            175.4441634,-37.8950812,34            175.4441615,-37.8950814,34            175.4441648,-37.895081,34            175.4441796,-37.895078,34            175.444186,-37.895079,34            175.4441918,-37.8950755,34            175.4441919,-37.895079,34            175.4441914,-37.8950794,34            175.4441914,-37.8950779,34            175.4441885,-37.8950784,34            175.4441907,-37.8950746,34            175.4441918,-37.8950752,34            175.4441889,-37.8950741,34            175.4441926,-37.8950691,35            175.444191,-37.8950731,34            175.4441901,-37.8950719,34            175.4441887,-37.895074,34            175.4441895,-37.8950701,35            175.4441906,-37.895069,35            175.4441965,-37.8950657,35            175.4441872,-37.8950703,35            175.4441822,-37.8950718,34            175.4441796,-37.8950732,34            175.4441801,-37.8950742,34            175.4441635,-37.8950794,34            175.4441641,-37.8950778,34            175.4441634,-37.8950757,34            175.4441647,-37.8950786,34            175.4441663,-37.8950785,34            175.4441719,-37.8950818,34            175.444175,-37.8950788,34            175.4441729,-37.8950792,34            175.4441766,-37.8950768,34            175.4441751,-37.8950785,34            175.444175,-37.8950786,34            175.4441725,-37.8950855,34            175.4441759,-37.8950847,34            175.4441852,-37.8950806,34            175.4441857,-37.8950821,34            175.4441903,-37.8950788,34            175.4441975,-37.8950823,34            175.4442025,-37.8950808,34            175.4442019,-37.895081,34            175.4441915,-37.8950679,35            175.4441927,-37.895068,35            175.4441932,-37.8950663,35            175.4441896,-37.8950664,35            175.4441863,-37.8950668,35            175.4441819,-37.8950682,35            175.4441798,-37.8950675,35            175.4441763,-37.8950679,35            175.444174,-37.8950693,35            175.4441732,-37.8950703,35            175.4441717,-37.8950707,35            175.4441695,-37.8950636,35            175.4441692,-37.8950638,35            175.4441695,-37.8950631,35            175.4441746,-37.8950639,35            175.4441741,-37.895067,35            175.4441782,-37.8950634,35            175.4441773,-37.8950636,35            175.4441756,-37.8950625,35            175.4441771,-37.8950655,35            175.4441766,-37.895066,35            175.4441752,-37.8950664,35            175.444174,-37.8950672,35            175.4441713,-37.8950697,35            175.4441689,-37.8950699,35            175.444167,-37.895069,35            175.4441664,-37.8950777,34            175.4441665,-37.8950772,34            175.4441673,-37.895074,34            175.4441695,-37.8950718,34            175.4441683,-37.8950728,34            175.4441672,-37.8950771,34            175.4441672,-37.8950872,34            175.4441645,-37.8950855,34            175.4441727,-37.895111,34            175.4441714,-37.8951096,34            175.4441708,-37.8951078,34            175.4441565,-37.8950818,34            175.4441572,-37.8950814,34            175.4441556,-37.8950827,34            175.444158,-37.8950843,34            175.4441598,-37.8950853,34            175.4441608,-37.8950839,34            175.4441615,-37.8950841,34            175.4441611,-37.895084,34            175.4441627,-37.8950846,34            175.4441612,-37.8950856,34            175.4441622,-37.895085,34            175.444167,-37.8950835,34            175.4441636,-37.8950835,34            175.4441634,-37.8950837,34            175.4441615,-37.89508,34            175.4441611,-37.89508,34            175.4441601,-37.8950821,34            175.4441603,-37.8950825,34            175.4441579,-37.8950825,34            175.4441567,-37.8950852,34            175.4441564,-37.8950839,34            175.4441579,-37.8950855,34            175.4441626,-37.8950874,34            175.444162,-37.8950884,34            175.4441537,-37.8950889,34            175.4441539,-37.8950854,34            175.4441565,-37.8950837,34            175.444159,-37.8950821,34            175.4441595,-37.895079,34            175.4441616,-37.8950792,34            175.4441616,-37.8950796,34            175.4441616,-37.8950775,34            175.4441586,-37.8950759,34            175.4441602,-37.8950766,34            175.4441628,-37.8950767,34            175.4441635,-37.8950802,34            175.4441617,-37.8950829,34            175.4441585,-37.8950853,34            175.4441573,-37.8950829,34            175.4441634,-37.8950794,34            175.4441633,-37.8950834,34            175.4441609,-37.8950834,34            175.4441606,-37.8950794,34            175.4441605,-37.8950777,34            175.4441609,-37.8950756,34            175.4441596,-37.895074,34            175.4441632,-37.895071,34            175.4441609,-37.8950734,34            175.4441577,-37.8950788,34            175.4441562,-37.8950815,34            175.4441506,-37.8950862,34            175.4441571,-37.8950816,34            175.4441639,-37.8950853,34            175.4441568,-37.8950796,34            175.4441593,-37.8950785,34            175.4441567,-37.8950811,34            175.4441558,-37.8950823,34            175.4441585,-37.8950793,34            175.4441567,-37.8950805,34            175.4441562,-37.8950809,34            175.4441599,-37.8950761,34            175.4441583,-37.8950773,34            175.4441573,-37.8950799,34            175.4441598,-37.8950848,34            175.4441605,-37.8950878,34            175.4441603,-37.8950877,34            175.444163,-37.8950924,34            175.444163,-37.8950926,34            175.4441614,-37.8950945,34            175.4441571,-37.8950918,34            175.4441596,-37.8950872,34            175.4441577,-37.8950887,34            175.4441593,-37.8950883,34            175.4441615,-37.8950859,34            175.4441626,-37.8950881,34            175.4441603,-37.8950871,34            175.4441614,-37.8950861,34            175.4441626,-37.8950854,34            175.4441615,-37.8950852,34            175.4441665,-37.8950866,34            175.4441651,-37.8950895,34            175.4441635,-37.8950887,34            175.4441618,-37.8950877,34            175.4441598,-37.8950846,34            175.4441583,-37.8950854,34            175.4441529,-37.8950847,34            175.4441529,-37.8950868,34            175.4441536,-37.8950864,34            175.4441535,-37.8950868,34            175.4441596,-37.8950853,34            175.4441615,-37.895085,34            175.4441615,-37.8950845,34            175.4441623,-37.8950861,34            175.4441628,-37.8950839,34            175.444164,-37.8950847,34            175.4441642,-37.8950843,34            175.4441654,-37.8950842,34            175.4441715,-37.8950824,34            175.4441714,-37.8950849,34            175.4441709,-37.8950827,34            175.4441725,-37.8950812,34            175.4441723,-37.8950836,34            175.4441723,-37.8950855,34            175.4441707,-37.8950855,34            175.4441707,-37.8950856,34            175.444172,-37.8950854,34            175.4441777,-37.895083,34            175.4441756,-37.8950861,34            175.4441735,-37.8950858,34            175.444169,-37.8950883,34            175.4441682,-37.8950884,34            175.4441673,-37.8950889,34            175.4441688,-37.8950874,34            175.4441742,-37.8950896,34            175.444172,-37.8950934,34            175.4441723,-37.8950923,34            175.4441741,-37.8950911,34            175.4441796,-37.8950917,34            175.4441814,-37.8950917,34            175.4441841,-37.8950867,34            175.4441891,-37.8950867,34            175.4441899,-37.8950839,34            175.4441906,-37.8950819,34            175.4441912,-37.8950835,34            175.4441872,-37.8950812,34            175.4441893,-37.8950821,34            175.4441909,-37.8950817,34            175.4441895,-37.8950821,34            175.4441906,-37.8950817,34            175.4441913,-37.8950825,34            175.4441922,-37.8950875,34            175.4441934,-37.8950893,34            175.4441924,-37.8950904,34            175.4441932,-37.8950914,34            175.4441939,-37.895093,34            175.4441939,-37.8950877,34            175.4441927,-37.8950816,34            175.4441905,-37.8950808,34            175.4441864,-37.8950802,34            175.4441822,-37.8950766,34            175.4441807,-37.8950771,34            175.4441825,-37.8950781,34            175.4441823,-37.8950804,34            175.4441808,-37.8950803,34            175.4441813,-37.8950815,34            175.4441831,-37.8950778,34            175.4441812,-37.8950799,34            175.4441821,-37.8950791,34            175.4441812,-37.89508,34            175.4441785,-37.8950809,34            175.4441766,-37.8950823,34            175.444176,-37.8950818,34            175.4441744,-37.8950839,34            175.4441677,-37.8950867,34            175.444167,-37.8950865,34            175.444167,-37.8950866,34            175.4441602,-37.8950852,34            175.4441657,-37.8950874,34            175.4441585,-37.8950935,34            175.444163,-37.8950929,34            175.4441665,-37.8950932,34            175.4441664,-37.8950877,34            175.4441623,-37.8950912,34            175.4441652,-37.8950886,34            175.4441659,-37.8950893,34            175.4441679,-37.8950872,34            175.4441685,-37.8950881,34            175.4441684,-37.8950883,34            175.4441758,-37.8950812,34            175.4441756,-37.8950796,34            175.4441734,-37.8950837,34            175.4441735,-37.8950831,34            175.4441744,-37.8950824,34            175.444174,-37.8950825,34            175.4441722,-37.8950802,34            175.4441713,-37.895081,34            175.4441688,-37.8950816,34            175.4441684,-37.8950817,34            175.4441689,-37.895084,34            175.4441721,-37.8950848,34            175.4441757,-37.8950829,34            175.4441751,-37.8950816,34            175.444176,-37.8950828,34            175.4441775,-37.8950812,34            175.4441773,-37.8950814,34            175.4441771,-37.8950816,34            175.4441732,-37.895081,34            175.4441746,-37.8950816,34            175.4441913,-37.8950885,34            175.4441922,-37.8950896,34            175.4441895,-37.8950924,34            175.444191,-37.8950892,34            175.4441876,-37.8950923,34            175.4442105,-37.895103,34            175.4442133,-37.895104,34            175.4442133,-37.8951033,34            175.4442017,-37.8950914,34            175.4441998,-37.8950884,34            175.4441882,-37.8950846,34            175.4441844,-37.8950858,34            175.4441845,-37.8950858,34            175.4441864,-37.8950827,34            175.4441763,-37.8950785,34            175.4441734,-37.8950783,34            175.444173,-37.8950775,34            175.444176,-37.8950805,34            175.4441765,-37.89508,34            175.4441764,-37.8950803,34            175.4441729,-37.8950806,34            175.4441711,-37.8950821,34            175.4441726,-37.8950808,34            175.4441757,-37.8950833,34            175.4441679,-37.895084,34            175.4441672,-37.8950833,34            175.4441664,-37.8950841,34            175.4441678,-37.8950833,34            175.4441798,-37.8950713,34            175.4441798,-37.8950716,34            175.4441608,-37.8950741,34            175.4441553,-37.8950749,34            175.4441543,-37.8950767,34            175.4441521,-37.8950784,34            175.4441488,-37.8950809,34            175.4441497,-37.89508,34            175.444157,-37.8950809,34            175.4441565,-37.8950824,34            175.4441561,-37.8950839,34            175.4441547,-37.8950812,34            175.4441545,-37.8950804,34            175.4441572,-37.8950794,34            175.4441537,-37.8950809,34            175.4441566,-37.8950743,34            175.444161,-37.8950761,34            175.4441646,-37.8950779,34            175.4441716,-37.8950766,34            175.4441872,-37.8950748,34            175.4441931,-37.8950802,34            175.4442019,-37.8950842,34            175.4442018,-37.8950875,34            175.4442012,-37.8950839,34            175.4441969,-37.8950842,34            175.4442003,-37.8950831,34            175.4442021,-37.8950835,34            175.4441955,-37.8950867,34            175.4441896,-37.8950871,34            175.444186,-37.8950871,34            175.4441827,-37.8950906,34            175.4441813,-37.8950896,34            175.4441779,-37.8950945,34            175.4441752,-37.8951039,34            175.4441761,-37.8951041,34            175.4441772,-37.8951001,34            175.4441845,-37.8950983,34            175.4441891,-37.8950984,34            175.4441922,-37.8950963,34            175.4441969,-37.8950945,34            175.4442012,-37.8950915,34            175.4442001,-37.8950883,34            175.4442057,-37.8950917,34            175.4442027,-37.8950903,34            175.4441946,-37.8950921,34            175.444189,-37.8950947,34            175.4441895,-37.8950952,34            175.4441894,-37.895097,34            175.444187,-37.8951052,34            175.4441823,-37.8951032,34            175.4441779,-37.8950995,34            175.4441851,-37.8950941,34            175.4441907,-37.8950924,34            175.4441975,-37.8950874,34            175.4441965,-37.8950885,34            175.444193,-37.8950922,34            175.4441905,-37.8950896,34            175.444197,-37.8950889,34            175.4441815,-37.895091,34            175.4441869,-37.8950897,34            175.4441817,-37.8950883,34            175.4441839,-37.8950874,34            175.4441829,-37.8950904,34            175.4441789,-37.8950967,34            175.4441915,-37.8950933,34            175.444191,-37.8950932,34            175.4441908,-37.8950943,34            175.4441899,-37.8950937,34            175.4441941,-37.8950906,34            175.4441869,-37.8950835,34            175.4441756,-37.8950773,34            175.4441593,-37.8950719,34            175.4441268,-37.895063,34            175.4440941,-37.8950467,35            175.4440504,-37.8950307,35            175.4440133,-37.8950306,35            175.4439895,-37.8950214,35            175.4439551,-37.8950271,34            175.4439302,-37.8950326,34            175.4438982,-37.8950303,34            175.4438771,-37.8950501,34            175.4438453,-37.8950562,34            175.4438104,-37.8950688,34            175.4437967,-37.8950928,33            175.4437602,-37.8950989,33            175.4437416,-37.8951174,33            175.4437137,-37.8951165,33            175.443675,-37.8951286,33            175.4436447,-37.8951433,33            175.4436079,-37.8951376,33            175.4435709,-37.8951438,33            175.4435416,-37.8951467,33            175.4435127,-37.8951526,33            175.4434813,-37.8951667,32            175.4434615,-37.8951719,32            175.4434263,-37.8951786,32            175.4433883,-37.8951817,32            175.4433617,-37.8951822,32            175.4433345,-37.8951877,32            175.4433031,-37.8951861,32            175.4432698,-37.8951841,32            175.4432394,-37.8951939,32            175.4432045,-37.8951909,32            175.4431742,-37.8952044,32            175.4431513,-37.8952065,32            175.4431207,-37.8952093,32            175.4430874,-37.8952193,32            175.4430584,-37.8952206,32            175.4430261,-37.8952257,32            175.4430029,-37.895238,32            175.4429751,-37.8952392,32            175.4429389,-37.8952459,32            175.4429112,-37.8952515,32            175.4428826,-37.8952538,32            175.4428551,-37.8952659,32            175.4428217,-37.895258,32            175.4427918,-37.8952617,33            175.4427556,-37.8952592,33            175.4427275,-37.8952524,33            175.4426897,-37.895241,33            175.4426701,-37.8952392,33            175.442633,-37.895233,34            175.4426022,-37.8952194,34            175.4425711,-37.8952153,34            175.4425358,-37.8952112,35            175.4425063,-37.895214,35            175.4424742,-37.8952138,35            175.4424484,-37.8952294,35            175.4424146,-37.8952322,35            175.4423887,-37.8952486,35            175.4423683,-37.8952612,35            175.4423453,-37.8952753,35            175.4423263,-37.8952963,35            175.4423104,-37.8953208,34            175.4422907,-37.8953375,34            175.4422847,-37.8953635,34            175.4422761,-37.895384,34            175.4422638,-37.8954041,34            175.4422608,-37.8954333,34            175.442251,-37.8954532,33            175.4422324,-37.8954751,33            175.4422172,-37.8954962,33            175.4421963,-37.8955121,33            175.4421736,-37.8955281,33            175.4421478,-37.8955382,33            175.4421198,-37.8955485,33            175.4420973,-37.8955624,33            175.4420781,-37.8955727,33            175.4420506,-37.895579,33            175.4420183,-37.8955813,33            175.4419941,-37.8955849,33            175.4419852,-37.8955867,33            175.441968,-37.8955879,33            175.4419494,-37.895591,33            175.4419257,-37.8955979,33            175.4419065,-37.8956043,33            175.4418803,-37.8956091,33            175.4418599,-37.8956111,33            175.4418375,-37.8956158,33            175.4418199,-37.8956204,33            175.4417991,-37.8956258,33            175.4417865,-37.8956254,33            175.4417697,-37.8956245,33            175.4417543,-37.8956296,33            175.4417334,-37.8956372,33            175.441714,-37.8956394,33            175.4416978,-37.895642,33            175.4416807,-37.8956469,33            175.4416633,-37.8956495,33            175.441646,-37.8956553,33            175.4416295,-37.8956618,33            175.4416135,-37.8956696,33            175.441598,-37.8956763,33            175.441583,-37.895686,33            175.4415662,-37.8956935,33            175.4415481,-37.8957005,34            175.4415315,-37.8957086,34            175.4415132,-37.8957155,34            175.4414956,-37.8957234,34            175.4414772,-37.8957302,34            175.4414596,-37.8957391,34            175.4414446,-37.8957499,34            175.4414237,-37.8957617,34            175.4414098,-37.8957709,34            175.4413915,-37.8957788,34            175.4413735,-37.8957833,34            175.4413547,-37.8957905,34            175.441334,-37.8957955,35            175.4413149,-37.895804,35            175.4412955,-37.895814,35            175.4412748,-37.895821,35            175.4412543,-37.8958271,35            175.4412343,-37.8958302,35            175.4412155,-37.8958364,35            175.4411963,-37.8958473,36            175.4411782,-37.8958559,36            175.4411591,-37.8958653,36            175.4411408,-37.8958737,36            175.4411227,-37.895881,36            175.4411053,-37.8958904,36            175.4410873,-37.8959001,36            175.4410663,-37.8959025,36            175.4410456,-37.8959096,36            175.4410268,-37.8959159,36            175.4410068,-37.8959206,36            175.4409842,-37.8959268,37            175.4409658,-37.8959325,37            175.4409432,-37.8959375,37            175.4409239,-37.8959411,37            175.4409034,-37.8959468,37            175.4408829,-37.8959553,37            175.4408619,-37.8959647,37            175.4408437,-37.8959754,37            175.4408239,-37.8959823,37            175.4408006,-37.8959838,37            175.4407813,-37.8959919,37            175.4407593,-37.8959977,37            175.4407377,-37.8960051,37            175.4407148,-37.8960096,37            175.4406926,-37.8960133,37            175.4406763,-37.8960288,36            175.4406539,-37.8960291,36            175.4406349,-37.8960361,36            175.4406186,-37.89605,36            175.4405961,-37.8960603,36            175.4405769,-37.8960691,36            175.4405544,-37.8960803,36            175.4405329,-37.8960933,36            175.440514,-37.8961057,36            175.4404873,-37.8961163,35            175.4404709,-37.8961331,35            175.4404436,-37.89614,35            175.4404212,-37.8961517,35            175.4404002,-37.8961663,35            175.4403717,-37.8961755,35            175.4403361,-37.8961848,35            175.4403101,-37.8962038,34            175.4402838,-37.8962157,34            175.44025,-37.8962233,34            175.4402219,-37.896238,34            175.4401863,-37.8962442,34            175.4401602,-37.8962627,34            175.4401265,-37.8962768,34            175.4400887,-37.896283,34            175.4400613,-37.8963006,34            175.4400223,-37.8963115,34            175.4399892,-37.8963221,34            175.4399735,-37.8963447,34            175.4399454,-37.8963495,34            175.4399096,-37.8963612,34            175.4398871,-37.8963752,35            175.4398593,-37.8963818,35            175.4398251,-37.896383,35            175.4397958,-37.8963922,35            175.4397689,-37.8963987,35            175.4397333,-37.8964033,35            175.4397108,-37.8964208,35            175.4396871,-37.8964332,35            175.4396539,-37.8964418,35            175.4396282,-37.8964517,36            175.4395977,-37.8964526,36            175.4395647,-37.896458,36            175.4395401,-37.896472,36            175.439516,-37.8964798,36            175.43948,-37.8964835,36            175.4394544,-37.8964884,36            175.4394259,-37.8964854,36            175.4393943,-37.8964819,36            175.4393723,-37.8964827,36            175.4393391,-37.8964687,36            175.4393138,-37.8964699,36            175.4392894,-37.8964632,36            175.4392542,-37.8964596,36            175.4392274,-37.8964524,36            175.439198,-37.8964551,36            175.4391686,-37.8964556,36            175.4391399,-37.8964579,36            175.4391078,-37.896455,36            175.4390741,-37.8964526,36            175.4390398,-37.8964565,36            175.4390126,-37.8964518,36            175.4389835,-37.896448,36            175.4389573,-37.8964402,36            175.4389327,-37.8964263,36            175.4389133,-37.8964149,36            175.4389044,-37.8964097,36            175.4388846,-37.8963966,36            175.438866,-37.896381,37            175.438839,-37.8963658,37            175.4388132,-37.8963514,37            175.4387966,-37.8963432,37            175.4387711,-37.8963234,37            175.4387496,-37.896315,37            175.4387321,-37.8963038,37            175.4387005,-37.8962888,37            175.438677,-37.8962821,37            175.438662,-37.8962655,37            175.4386391,-37.8962451,38            175.4386155,-37.8962333,38            175.4386068,-37.896214,38            175.4385858,-37.8961997,38            175.4385579,-37.8962025,38            175.4385267,-37.8962217,38            175.4385265,-37.8962558,37            175.4385536,-37.8962882,37            175.4385801,-37.8963006,37            175.4386081,-37.8963139,37            175.4386307,-37.8963212,37            175.4386483,-37.8963313,37            175.4386689,-37.8963499,37            175.438695,-37.896367,37            175.4387108,-37.896386,37            175.4387298,-37.8964061,36            175.4387577,-37.8964183,36            175.4387685,-37.8964338,36            175.4387848,-37.8964495,36            175.4388042,-37.8964695,36            175.4387991,-37.8964916,35            175.4387886,-37.8965122,35            175.4387656,-37.8965251,35            175.4387391,-37.896527,35            175.4387048,-37.8965131,35            175.4386705,-37.896493,35            175.4386466,-37.8964872,35            175.4386203,-37.8964791,36            175.4386004,-37.896471,36            175.438574,-37.8964679,35            175.4385515,-37.8964558,35            175.4385312,-37.8964477,36            175.4385055,-37.8964411,35            175.4384826,-37.8964332,35            175.4384627,-37.8964257,35            175.4384397,-37.8964449,35            175.438454,-37.8964703,35            175.4384789,-37.8964887,35            175.4385154,-37.8965034,35            175.4385461,-37.8965123,35            175.4385551,-37.8965269,35            175.4385777,-37.8965375,35            175.4386011,-37.8965528,35            175.438621,-37.8965616,35            175.4386367,-37.8965773,34            175.4386447,-37.8966,34            175.4386358,-37.8966226,34            175.4386022,-37.8966332,34            175.4385703,-37.8966319,34            175.4385354,-37.8966162,34            175.4385125,-37.896599,34            175.438494,-37.8965824,34            175.4384676,-37.8965712,34            175.4384413,-37.89657,34            175.4384102,-37.8965767,33            175.4383813,-37.8965849,33            175.4383583,-37.8965938,33            175.4383333,-37.8966004,33            175.4383115,-37.8966114,32            175.438283,-37.8966151,32            175.4382566,-37.8966164,32            175.4382222,-37.8966149,32            175.4381909,-37.896611,32            175.438166,-37.8966039,33            175.4381341,-37.8965992,33            175.4381134,-37.8965989,33            175.4380939,-37.8965952,33            175.438063,-37.8965923,33            175.4380416,-37.8965919,33            175.4380203,-37.8966023,33            175.4379967,-37.8966095,33            175.437976,-37.8966199,33            175.4379503,-37.8966243,33            175.4379268,-37.8966313,33            175.4379067,-37.8966399,32            175.4378794,-37.8966389,33            175.4378513,-37.8966498,33            175.4378316,-37.8966553,32            175.4378069,-37.8966574,33            175.4377846,-37.8966664,32            175.4377654,-37.8966722,33            175.4377468,-37.8966776,33            175.4377232,-37.8966861,33            175.437699,-37.8966902,33            175.4376761,-37.896695,33            175.4376522,-37.8966993,33            175.4376291,-37.8967047,33            175.4376081,-37.8967078,33            175.4375833,-37.8967179,33            175.4375598,-37.8967303,33            175.437537,-37.8967411,33            175.4375195,-37.8967581,33            175.4375034,-37.8967704,33            175.4374841,-37.8967832,33            175.4374656,-37.8967989,33            175.4374511,-37.8968145,33            175.4374324,-37.896828,33            175.4374194,-37.8968443,33            175.4374083,-37.8968442,33            175.4373947,-37.8968657,33            175.4373818,-37.896882,33            175.43737,-37.8968957,33            175.4373513,-37.8969117,33            175.4373418,-37.896923,33            175.4373221,-37.8969373,33            175.43731,-37.8969479,33            175.4373015,-37.8969619,33            175.4372925,-37.8969755,33            175.4372854,-37.89699,33            175.4372696,-37.8969997,33            175.437262,-37.8970147,33            175.4372522,-37.8970291,33            175.4372433,-37.8970439,33            175.4372339,-37.8970613,33            175.4372214,-37.8970761,33            175.4372103,-37.8970911,33            175.4371995,-37.8971036,33            175.4371925,-37.8971198,32            175.437187,-37.8971331,32            175.4371789,-37.8971496,32            175.4371626,-37.8971619,32            175.4371516,-37.8971765,32            175.4371387,-37.8971899,32            175.4371261,-37.897202,32            175.4371099,-37.8972127,32            175.4370937,-37.8972213,32            175.4370734,-37.8972289,32            175.4370567,-37.8972407,32            175.4370375,-37.89725,32            175.4370188,-37.8972585,32            175.4370011,-37.8972684,32            175.4369823,-37.8972777,32            175.4369629,-37.8972859,32            175.4369429,-37.8972914,33            175.4369218,-37.8973014,33            175.4369022,-37.8973113,33            175.4368818,-37.8973196,34            175.4368662,-37.8973306,34            175.4368463,-37.8973363,34            175.4368289,-37.8973476,34            175.4368122,-37.897356,34            175.4367918,-37.8973656,35            175.4367699,-37.897372,35            175.436752,-37.8973813,35            175.4367359,-37.8973919,35            175.4367182,-37.8973994,35            175.4367047,-37.8974152,36            175.4366873,-37.8974249,36            175.4366643,-37.8974334,36            175.4366489,-37.8974484,36            175.4366357,-37.8974616,36            175.4366174,-37.8974739,36            175.4366018,-37.8974902,36            175.4365816,-37.8975027,36            175.4365519,-37.8975093,37            175.4365353,-37.8975304,37            175.4365106,-37.8975354,37            175.4364873,-37.8975464,37            175.4364633,-37.8975549,38            175.4364349,-37.8975617,38            175.436412,-37.8975701,38            175.4363836,-37.8975777,39            175.43636,-37.8975876,39            175.4363384,-37.8975994,39            175.436309,-37.8976079,39            175.4362841,-37.8976181,39            175.4362601,-37.8976311,39            175.4362379,-37.8976336,39            175.4362056,-37.8976411,39            175.4361768,-37.8976514,39            175.4361493,-37.8976559,39            175.4361196,-37.8976694,39            175.4360896,-37.8976732,39            175.4360585,-37.8976774,39            175.4360234,-37.8976882,38            175.4359971,-37.89769,38            175.4359685,-37.8976957,38            175.4359418,-37.8976995,38            175.435917,-37.8976927,37            175.435894,-37.8976818,37            175.4358681,-37.897672,37            175.4358532,-37.8976601,37            175.4358333,-37.8976604,37            175.4358137,-37.8976521,37            175.4357926,-37.8976408,37            175.435775,-37.8976342,36            175.4357606,-37.8976314,36            175.4357337,-37.8976248,36            175.4357116,-37.8976153,36            175.4356894,-37.8976099,36            175.4356664,-37.8976023,36            175.4356505,-37.897597,35            175.4356404,-37.8975915,35            175.4356203,-37.8975908,35            175.4356017,-37.8975901,35            175.4355818,-37.897589,35            175.4355616,-37.897585,35            175.4355403,-37.8975812,34            175.435519,-37.8975799,34            175.4354979,-37.8975784,34            175.4354792,-37.897577,34            175.4354593,-37.8975739,34            175.4354395,-37.8975733,34            175.4354189,-37.897569,34            175.435399,-37.8975722,34            175.4353797,-37.897567,34            175.4353599,-37.8975641,34            175.4353401,-37.8975597,34            175.4353208,-37.8975551,33            175.4353027,-37.8975509,33            175.4352859,-37.8975465,33            175.4352688,-37.8975389,33            175.4352495,-37.8975359,33            175.4352312,-37.8975309,34            175.4352123,-37.8975285,34            175.4351916,-37.8975267,34            175.4351712,-37.8975269,34            175.4351483,-37.8975344,34            175.4351288,-37.8975347,34            175.435108,-37.8975371,34            175.4350875,-37.8975436,34            175.4350661,-37.8975465,34            175.4350448,-37.8975497,34            175.4350255,-37.8975536,34            175.4350051,-37.8975592,34            175.4349836,-37.8975577,34            175.4349634,-37.8975585,34            175.4349429,-37.8975626,34            175.4349206,-37.8975641,34            175.4348993,-37.897554,35            175.4348779,-37.8975505,35            175.4348579,-37.8975454,35            175.4348382,-37.8975421,35            175.4348198,-37.8975353,35            175.4347996,-37.8975323,35            175.4347798,-37.8975282,35            175.4347605,-37.8975219,35            175.4347412,-37.8975141,35            175.434723,-37.8975079,35            175.4347074,-37.8974983,36            175.4346846,-37.8974995,36            175.4346656,-37.8974953,36            175.4346446,-37.8974949,36            175.4346237,-37.8974899,36            175.4345992,-37.8974952,36            175.4345786,-37.8974947,36            175.4345585,-37.8974986,36            175.4345384,-37.8975026,36            175.4345178,-37.8975068,36            175.4344977,-37.8975117,36            175.4344774,-37.8975139,36            175.4344577,-37.8975169,36            175.4344388,-37.8975163,36            175.4344198,-37.8975217,37            175.4343997,-37.8975155,37            175.4343798,-37.897516,37            175.4343599,-37.8975205,37            175.4343408,-37.8975198,37            175.4343212,-37.8975206,37            175.434301,-37.8975257,37            175.4342812,-37.8975282,37            175.4342608,-37.8975301,38            175.4342414,-37.8975318,38            175.4342206,-37.8975313,38            175.4342017,-37.8975322,38            175.4341826,-37.8975317,38            175.434164,-37.8975291,38            175.4341455,-37.8975228,38            175.4341278,-37.8975151,38            175.4341093,-37.897507,38            175.4340955,-37.8974933,38            175.4340796,-37.8974825,38            175.4340628,-37.8974719,38            175.434046,-37.8974626,38            175.4340292,-37.8974539,38            175.4340133,-37.8974434,38            175.4339962,-37.8974345,38            175.4339807,-37.8974255,38            175.4339679,-37.8974102,38            175.4339518,-37.8973997,38            175.4339334,-37.897391,38            175.4339123,-37.8973871,38            175.433901,-37.897379,38            175.4338905,-37.8973693,38            175.4338854,-37.8973535,39            175.4338763,-37.8973408,39            175.4338661,-37.8973283,39            175.4338613,-37.8973118,39            175.4338463,-37.8972998,39            175.4338258,-37.8972909,39            175.4338063,-37.8972837,39            175.4337861,-37.8972756,39            175.4337704,-37.8972624,39            175.4337524,-37.8972523,39            175.4337326,-37.8972455,39            175.4337152,-37.8972363,39            175.4336994,-37.8972246,39            175.4336733,-37.8972147,39            175.4336475,-37.89721,39            175.4336258,-37.8972034,39            175.4336003,-37.8971949,39            175.433565,-37.8971965,39            175.4335416,-37.8971904,39            175.4335086,-37.8971912,39            175.4334896,-37.8971879,40            175.4334644,-37.8971819,40            175.4334436,-37.8971841,40            175.4334084,-37.8971766,40            175.4333635,-37.8971556,40            175.4333268,-37.8971494,41            175.4332857,-37.8971371,41            175.4332538,-37.8971388,41            175.4332191,-37.8971303,41            175.4331853,-37.8971197,41            175.4331465,-37.897118,41            175.4331196,-37.8971109,41            175.4330826,-37.8971066,41            175.4330482,-37.8971061,41            175.433017,-37.8971,41            175.4329768,-37.8970987,41            175.4329521,-37.897107,41            175.432921,-37.8971052,40            175.4328858,-37.8971084,40            175.4328619,-37.897107,40            175.4328212,-37.8971087,39            175.432787,-37.8971105,39            175.4327588,-37.8971101,39            175.4327217,-37.8971174,39            175.4326999,-37.8971248,38            175.4326663,-37.8971233,38            175.4326295,-37.8971281,37            175.4326027,-37.8971289,37            175.4325716,-37.8971353,37            175.4325591,-37.8971512,36            175.4325367,-37.8971518,36            175.4324994,-37.8971585,36            175.4324699,-37.8971636,35            175.4324369,-37.8971613,35            175.4324004,-37.8971624,35            175.4323712,-37.8971604,35            175.4323428,-37.8971652,35            175.4323104,-37.8971701,35            175.4322869,-37.8971697,35            175.4322468,-37.8971767,35            175.4322144,-37.8971753,35            175.4321867,-37.897173,35            175.4321414,-37.8971674,35            175.432115,-37.8971722,35            175.4320895,-37.8971704,35            175.4320551,-37.8971724,35            175.43203,-37.8971681,35            175.4320008,-37.8971672,35            175.431957,-37.8971682,35            175.4319306,-37.89717,35            175.4319044,-37.8971662,35            175.4318706,-37.8971728,35            175.4318437,-37.8971704,35            175.4318068,-37.8971642,35            175.4317803,-37.8971725,35            175.4317594,-37.8971704,35            175.4317423,-37.8971641,36            175.4317204,-37.8971627,36            175.4316927,-37.8971599,36            175.4316641,-37.8971594,36            175.4316385,-37.8971594,36            175.4316104,-37.8971581,37            175.4315885,-37.8971525,37            175.4315676,-37.8971546,37            175.4315483,-37.8971515,37            175.4315301,-37.8971561,37            175.4315068,-37.897154,38            175.4314807,-37.8971602,38            175.4314657,-37.8971673,38            175.4314484,-37.8971754,38            175.4314306,-37.8971823,38            175.4314125,-37.8971904,38            175.4313962,-37.8971977,38            175.4313763,-37.897202,38            175.4313534,-37.8971984,38            175.4313325,-37.8971955,38            175.4313101,-37.8971973,38            175.4312888,-37.8971956,38            175.4312688,-37.8971952,38            175.4312503,-37.8971953,39            175.4312323,-37.8971945,39            175.4312118,-37.8971924,39            175.4311928,-37.8971874,39            175.4311726,-37.8971872,39            175.4311519,-37.8971873,39            175.4311321,-37.8971849,39            175.4311141,-37.8971861,39            175.4310952,-37.8971852,39            175.4310765,-37.8971866,39            175.4310551,-37.8971889,39            175.4310342,-37.8971915,39            175.4310122,-37.8971941,38            175.4309916,-37.8971923,38            175.4309699,-37.8972008,38            175.4309502,-37.8972014,38            175.4309278,-37.8972018,38            175.4309039,-37.8971987,38            175.4308798,-37.897204,37            175.4308562,-37.8972104,37            175.430836,-37.8972223,37            175.4308184,-37.8972353,36            175.4307963,-37.8972412,36            175.4307755,-37.8972537,36            175.4307522,-37.8972651,36            175.4307322,-37.8972797,36            175.4307123,-37.8972908,36            175.4306988,-37.8973048,36            175.4306778,-37.8973147,35            175.4306583,-37.8973237,35            175.4306398,-37.8973375,35            175.4306237,-37.8973574,35            175.4306091,-37.8973729,35            175.430589,-37.8973838,35            175.4305742,-37.8974025,35            175.4305543,-37.8974155,34            175.4305392,-37.8974338,34            175.4305217,-37.897453,34            175.4304971,-37.8974649,34            175.4304718,-37.8974785,34            175.4304472,-37.8974918,34            175.4304174,-37.8974977,34            175.4303839,-37.8974932,34            175.4303507,-37.8974841,34            175.4303313,-37.8974685,34            175.4303095,-37.8974583,34            175.4302879,-37.8974465,34            175.4302655,-37.8974325,35            175.4302428,-37.8974162,35            175.4302225,-37.8974105,35            175.4302017,-37.8973999,35            175.4301838,-37.8973869,35            175.430167,-37.897371,35            175.4301483,-37.8973575,35            175.430129,-37.8973503,35            175.4301124,-37.8973443,35            175.4301056,-37.8973447,35            175.4300959,-37.8973403,35            175.4300851,-37.8973355,35            175.4300763,-37.8973298,35            175.4300506,-37.8973187,35            175.4300454,-37.8973089,35            175.4300222,-37.8972947,35            175.4300127,-37.8972923,35            175.4299945,-37.8972827,34            175.4299876,-37.897271,34            175.4299688,-37.8972544,34            175.4299595,-37.8972476,34            175.4299432,-37.8972398,34            175.4299296,-37.8972294,34            175.4299142,-37.8972153,34            175.4298965,-37.8972061,34            175.4298799,-37.8971959,34            175.4298617,-37.8971855,34            175.4298466,-37.8971717,34            175.4298299,-37.8971605,34            175.4298126,-37.8971459,34            175.4297969,-37.8971328,34            175.4297809,-37.8971202,34            175.4297665,-37.8971071,34            175.4297519,-37.8970921,34            175.4297361,-37.8970808,34            175.4297215,-37.8970675,34            175.4297066,-37.8970543,35            175.4296913,-37.897042,35            175.4296786,-37.8970289,35            175.4296629,-37.8970173,35            175.4296475,-37.8970068,35            175.4296275,-37.8969988,35            175.429616,-37.896981,36            175.4296147,-37.8969609,36            175.4296349,-37.8969433,36            175.4296762,-37.8969444,36            175.4296995,-37.8969672,36            175.4297122,-37.8969854,36            175.4297376,-37.896996,36            175.4297617,-37.8970166,36            175.4297831,-37.8970369,35            175.429797,-37.8970481,35            175.4298104,-37.8970675,35            175.429828,-37.8970803,35            175.4298475,-37.8970931,35            175.4298633,-37.8971084,35            175.4298806,-37.8971228,35            175.4298952,-37.89714,35            175.4299105,-37.8971588,35            175.4299445,-37.8971735,35            175.4299749,-37.8971951,35            175.4299987,-37.8972153,34            175.4300221,-37.8972308,35            175.4300445,-37.8972524,35            175.4300699,-37.8972699,35            175.430096,-37.8972922,35            175.430118,-37.8973104,35            175.4301387,-37.8973308,35            175.4301598,-37.897351,35            175.4301786,-37.8973691,35            175.4302051,-37.8973872,35            175.4302233,-37.8974082,35            175.4302419,-37.897428,35            175.4302619,-37.8974512,35            175.4302825,-37.8974695,34            175.4303126,-37.8974859,34            175.4303345,-37.8975034,34            175.4303623,-37.8975175,34            175.4303873,-37.8975133,34            175.4304224,-37.897493,34            175.4304437,-37.8974683,34            175.4304581,-37.8974512,34            175.4304813,-37.897436,34            175.4305131,-37.8974242,34            175.430536,-37.8974109,34            175.4305633,-37.8973944,35            175.4305815,-37.897378,35            175.4305994,-37.8973635,35            175.4306282,-37.897348,35            175.4306519,-37.8973312,35            175.4306764,-37.8973134,36            175.4307097,-37.8972971,36            175.4307265,-37.8972865,36            175.4307496,-37.89727,36            175.4307801,-37.8972518,36            175.4307986,-37.8972352,36            175.4308222,-37.8972178,37            175.4308314,-37.8972055,37            175.4308539,-37.8971955,37            175.4308772,-37.8971909,38            175.4309014,-37.8971965,38            175.4309194,-37.8971985,38            175.4309408,-37.8971966,38            175.4309598,-37.8971979,38            175.4309861,-37.8971917,38            175.4310071,-37.8971868,38            175.4310353,-37.8971868,39            175.4310581,-37.8971787,39            175.4310846,-37.8971775,39            175.4311078,-37.8971742,39            175.4311319,-37.8971703,39            175.4311503,-37.8971731,39            175.4311715,-37.8971726,39            175.4311954,-37.8971703,39            175.4312201,-37.8971701,39            175.4312421,-37.8971676,39            175.4312646,-37.8971723,39            175.4312862,-37.8971722,39            175.4313076,-37.897174,39            175.4313269,-37.8971759,39            175.4313459,-37.8971738,39            175.4313646,-37.8971728,39            175.4313833,-37.8971698,39            175.4314041,-37.8971707,39            175.4314229,-37.8971693,38            175.4314416,-37.8971635,38            175.4314602,-37.8971537,38            175.4314771,-37.897147,38            175.4314922,-37.8971403,38            175.4315092,-37.8971344,38            175.4315299,-37.8971296,38            175.4315514,-37.8971269,38            175.4315748,-37.8971281,38            175.4315986,-37.8971308,38            175.4316215,-37.8971326,37            175.4316428,-37.8971345,37            175.4316632,-37.8971333,37            175.4316835,-37.8971327,37            175.4317078,-37.8971289,37            175.4317288,-37.8971303,37            175.4317488,-37.8971289,36            175.4317693,-37.8971332,36            175.4317905,-37.8971275,36            175.4318106,-37.897125,36            175.4318301,-37.8971241,36            175.431849,-37.8971211,36            175.4318737,-37.8971211,36            175.4318993,-37.8971205,36            175.4319201,-37.8971238,36            175.4319417,-37.8971227,36            175.4319617,-37.8971209,36            175.4319812,-37.8971159,36            175.4320018,-37.8971155,36            175.4320225,-37.8971171,36            175.4320445,-37.8971191,36            175.4320666,-37.8971168,36            175.4320888,-37.8971188,36            175.4321086,-37.8971177,36            175.4321285,-37.8971195,36            175.4321482,-37.8971182,36            175.4321695,-37.8971148,36            175.4321907,-37.8971179,36            175.4322127,-37.8971148,36            175.4322344,-37.8971152,36            175.4322547,-37.8971104,36            175.4322757,-37.8971089,37            175.4322962,-37.8971071,37            175.432317,-37.8971064,37            175.4323397,-37.8971074,37            175.4323607,-37.897105,37            175.4323832,-37.8971033,37            175.4324045,-37.8971022,37            175.4324244,-37.8971004,37            175.4324462,-37.897099,37            175.4324681,-37.8970965,38            175.4324898,-37.8970927,38            175.4325118,-37.897089,38            175.432534,-37.8970878,38            175.4325567,-37.8970866,38            175.4325764,-37.8970855,38            175.4325977,-37.8970823,39            175.4326189,-37.8970794,39            175.4326409,-37.8970732,39            175.4326635,-37.8970725,40            175.4326851,-37.8970701,40            175.4327058,-37.8970674,40            175.4327293,-37.8970667,40            175.4327512,-37.8970663,40            175.4327728,-37.8970632,41            175.4327946,-37.8970619,41            175.4328159,-37.8970575,41            175.432859,-37.897085,41            175.432874,-37.8970825,41            175.4328771,-37.8970607,41            175.4329037,-37.8970638,42            175.432929,-37.8970663,42            175.4329531,-37.8970675,42            175.4329771,-37.8970724,42            175.4330015,-37.8970805,42            175.4330239,-37.8970863,42            175.4330469,-37.8970873,42            175.4330685,-37.8970881,42            175.4330927,-37.8970929,42            175.4331151,-37.8971022,42            175.4331388,-37.8971096,41            175.4331622,-37.8971114,41            175.4331845,-37.8971159,41            175.4332073,-37.8971149,41            175.4332305,-37.8971163,41            175.4332538,-37.8971204,41            175.4332768,-37.8971275,41            175.4332995,-37.8971316,41            175.4333208,-37.8971375,41            175.4333442,-37.8971384,41            175.4333684,-37.8971387,41            175.433389,-37.8971431,41            175.4334117,-37.8971509,41            175.4334328,-37.8971565,40            175.4334543,-37.8971611,40            175.4334777,-37.8971593,40            175.4335001,-37.8971576,40            175.4335235,-37.8971593,40            175.4335457,-37.8971673,40            175.4335662,-37.897175,40            175.4335871,-37.8971803,40            175.4336074,-37.8971817,40            175.433628,-37.8971885,40            175.4336472,-37.8971948,40            175.4336643,-37.8972072,39            175.433682,-37.8972178,39            175.4336985,-37.8972303,39            175.4337143,-37.8972417,39            175.4337325,-37.8972488,39            175.4337476,-37.8972591,39            175.4337638,-37.8972691,39            175.4337769,-37.8972831,39            175.4337893,-37.8972963,39            175.4338065,-37.8973082,39            175.4338198,-37.8973227,39            175.4338365,-37.897333,39            175.4338539,-37.8973414,39            175.4338672,-37.8973557,38            175.4338843,-37.8973741,38            175.4339053,-37.8973845,38            175.4339213,-37.8973975,38            175.4339395,-37.8974074,38            175.4339509,-37.8974249,38            175.4339647,-37.8974372,38            175.4339851,-37.8974463,38            175.4339989,-37.8974603,38            175.4340174,-37.897471,37            175.4340329,-37.8974893,37            175.4340496,-37.8975083,37            175.4340683,-37.897518,37            175.43409,-37.897528,37            175.434114,-37.8975405,37            175.434147,-37.8975385,38            175.4341713,-37.8975403,38            175.4341984,-37.8975441,38            175.4342296,-37.8975427,38            175.4342603,-37.8975369,37            175.4342924,-37.8975354,37            175.4343236,-37.8975332,37            175.4343531,-37.8975257,37            175.434385,-37.8975292,37            175.4344092,-37.8975251,37            175.4344353,-37.8975189,36            175.4344708,-37.897522,36            175.4345027,-37.8975191,36            175.4345301,-37.8975061,36            175.4345597,-37.8975093,36            175.4345811,-37.8975139,36            175.4346104,-37.897516,36            175.4346371,-37.8975239,36            175.4346677,-37.8975338,35            175.4346885,-37.8975394,35            175.4347156,-37.8975526,35            175.4347463,-37.8975536,35            175.4347716,-37.8975572,35            175.4348002,-37.8975704,35            175.4348247,-37.8975787,35            175.4348491,-37.8975833,35            175.4348796,-37.8975834,35            175.4349088,-37.8975868,34            175.4349361,-37.8975827,34            175.4349642,-37.8975737,34            175.4349914,-37.897572,34            175.4350172,-37.8975727,34            175.4350404,-37.8975646,34            175.4350678,-37.8975635,34            175.4350922,-37.8975563,34            175.4351215,-37.8975474,34            175.4351547,-37.897553,34            175.4351791,-37.8975591,34            175.4352043,-37.8975634,34            175.4352275,-37.8975715,33            175.435252,-37.8975824,33            175.4352766,-37.8975819,33            175.4353013,-37.8975837,33            175.4353216,-37.8975925,33            175.4353418,-37.8976007,33            175.4353685,-37.8975967,34            175.4353965,-37.8976004,34            175.4354252,-37.8976043,34            175.4354494,-37.8976079,34            175.4354768,-37.8976067,34            175.4355032,-37.8976145,34            175.4355292,-37.8976169,34            175.4355477,-37.8976215,34            175.4355769,-37.8976229,35            175.4356029,-37.8976294,35            175.4356272,-37.8976323,35            175.435653,-37.897637,35            175.4356755,-37.8976413,36            175.4356983,-37.8976465,36            175.4357236,-37.8976528,36            175.4357497,-37.8976668,36            175.4357755,-37.8976718,36            175.4358003,-37.8976765,37            175.4358308,-37.8976787,37            175.4358541,-37.8976892,37            175.4358777,-37.8976918,37            175.4358994,-37.8976913,37            175.4359272,-37.8976747,38            175.435943,-37.8976593,38            175.4359651,-37.8976502,38            175.4359861,-37.8976429,38            175.4360134,-37.8976402,38            175.4360333,-37.8976324,38            175.4360549,-37.8976318,39            175.4360752,-37.8976337,39            175.4360991,-37.8976325,39            175.4361183,-37.8976274,39            175.4361413,-37.8976229,39            175.4361641,-37.8976172,39            175.4361886,-37.8976129,39            175.4362105,-37.8976076,39            175.4362329,-37.8975981,39            175.4362508,-37.8975912,39            175.4362732,-37.8975878,39            175.4362918,-37.8975787,39            175.4363124,-37.8975759,39            175.436335,-37.8975704,39            175.4363523,-37.8975586,39            175.4363739,-37.8975522,39            175.4363943,-37.8975465,38            175.4364132,-37.8975371,38            175.4364266,-37.8975259,38            175.4364451,-37.8975197,38            175.4364644,-37.8975131,38            175.4364844,-37.8975069,38            175.4365081,-37.8975052,37            175.4365302,-37.8975033,37            175.4365515,-37.8974997,37            175.4365707,-37.8974946,37            175.4365893,-37.8974863,36            175.4366033,-37.8974729,36            175.4366167,-37.8974601,36            175.4366323,-37.8974516,36            175.4366489,-37.8974405,36            175.4366655,-37.897432,36            175.436679,-37.8974188,36            175.4366912,-37.8974057,36            175.4367063,-37.8973935,36            175.4367251,-37.8973861,36            175.4367418,-37.8973777,35            175.4367569,-37.8973647,35            175.4367742,-37.8973563,35            175.4367898,-37.8973479,35            175.4368044,-37.8973357,35            175.4368245,-37.8973292,34            175.4368389,-37.897318,34            175.4368581,-37.8973095,34            175.4368746,-37.8972997,34            175.4368894,-37.8972885,33            175.4369062,-37.8972792,33            175.4369219,-37.8972686,33            175.4369387,-37.8972591,33            175.4369554,-37.8972508,32            175.4369748,-37.8972437,32            175.4369912,-37.8972347,32            175.4370126,-37.897229,32            175.4370335,-37.8972228,32            175.4370517,-37.8972148,32            175.4370673,-37.8972049,32            175.4370847,-37.8971948,32            175.4371008,-37.8971832,32            175.4371184,-37.8971745,32            175.437139,-37.8971661,32            175.4371576,-37.8971567,32            175.4371696,-37.8971406,32            175.4371786,-37.8971264,32            175.4371919,-37.8971127,32            175.4372079,-37.8970984,32            175.437222,-37.8970836,32            175.4372342,-37.8970695,33            175.4372442,-37.8970532,33            175.4372574,-37.8970383,33            175.4372726,-37.8970224,33            175.4372868,-37.8970056,33            175.4372972,-37.8969882,33            175.4373043,-37.8969694,33            175.4373238,-37.8969559,33            175.4373288,-37.8969365,33            175.4373394,-37.8969171,33            175.4373558,-37.8969045,33            175.4373675,-37.896888,33            175.4373813,-37.8968726,33            175.4374002,-37.89686,33            175.4374146,-37.8968461,33            175.4374353,-37.8968373,33            175.4374548,-37.8968285,33            175.4374676,-37.8968132,33            175.4374915,-37.8967995,33            175.4375182,-37.8967894,33            175.4375383,-37.8967742,33            175.4375681,-37.8967696,33            175.4375932,-37.8967633,33            175.4376157,-37.8967496,33            175.4376492,-37.8967484,33            175.4376796,-37.896745,32            175.4377059,-37.8967299,32            175.4377355,-37.8967218,32            175.4377624,-37.8967053,32            175.4377835,-37.8966889,32            175.4378155,-37.8966822,32            175.4378416,-37.8966678,32            175.4378714,-37.8966612,32            175.4379025,-37.8966538,32            175.4379358,-37.8966459,32            175.4379632,-37.896637,32            175.4379937,-37.8966315,32            175.4380204,-37.8966283,32            175.4380481,-37.8966287,32            175.4380726,-37.8966344,32            175.4380971,-37.896636,32            175.4381265,-37.8966397,32            175.4381586,-37.8966428,32            175.4381874,-37.8966429,32            175.4382146,-37.8966369,32            175.4382354,-37.896622,32            175.4382537,-37.8966077,32            175.4382715,-37.8965926,33            175.4382914,-37.8965821,33            175.4383138,-37.8965715,33            175.4383355,-37.8965599,33            175.4383568,-37.8965522,33            175.4383771,-37.896545,33            175.4383999,-37.8965491,34            175.4384258,-37.8965456,34            175.4384564,-37.89655,34            175.4384775,-37.8965574,34            175.4385026,-37.8965634,34            175.4385248,-37.8965744,34            175.4385455,-37.8965843,34            175.4385632,-37.8965932,34            175.4385797,-37.8966004,34            175.4386034,-37.8965933,34            175.4386253,-37.8965746,34            175.4386291,-37.8965607,35            175.4386221,-37.8965446,35            175.4385994,-37.896532,35            175.4385788,-37.8965244,35            175.4385621,-37.8965159,35            175.4385462,-37.8965086,35            175.4385315,-37.8964998,35            175.4385174,-37.8964904,35            175.4385012,-37.8964829,35            175.438488,-37.8964711,35            175.4384726,-37.8964648,35            175.4384601,-37.896456,35            175.4384567,-37.8964404,35            175.4384562,-37.8964384,35            175.4384653,-37.8964167,36            175.4384809,-37.8963965,36            175.4385056,-37.8963849,36            175.438533,-37.8963845,36            175.4385559,-37.8963925,36            175.438573,-37.8964005,36            175.4385869,-37.8964059,36            175.4386036,-37.8964158,36            175.4386191,-37.8964233,36            175.4386365,-37.8964291,36            175.4386535,-37.8964354,36            175.4386694,-37.8964399,36            175.4386868,-37.8964447,36            175.4387018,-37.8964552,36            175.4387201,-37.8964606,36            175.4387367,-37.8964662,36            175.4387491,-37.8964768,36            175.4387623,-37.8964868,35            175.4387782,-37.8964942,35            175.4387967,-37.8964895,35            175.438814,-37.8964681,36            175.4388152,-37.8964558,36            175.4388114,-37.8964418,36            175.4387959,-37.8964259,36            175.4387782,-37.8964159,36            175.4387602,-37.8964087,36            175.4387392,-37.8963991,36            175.4387168,-37.896394,36            175.4387034,-37.8963826,37            175.4386889,-37.8963723,37            175.4386737,-37.896365,37            175.4386578,-37.896358,37            175.4386445,-37.896349,37            175.4386307,-37.8963385,37            175.438618,-37.8963276,37            175.4386081,-37.8963162,37            175.4385927,-37.8963063,37            175.4385783,-37.8962961,37            175.4385664,-37.8962845,37            175.4385601,-37.8962692,37            175.438554,-37.8962569,37            175.4385521,-37.8962386,38            175.4385539,-37.8962211,38            175.4385613,-37.8962045,38            175.4385647,-37.89619,38            175.438564,-37.8961749,38            175.4385535,-37.8961601,38            175.4385488,-37.8961448,38            175.4385471,-37.8961292,39            175.4385534,-37.8961133,39            175.4385539,-37.8960986,39            175.4385567,-37.8960832,39            175.4385607,-37.8960678,39            175.4385654,-37.8960537,39            175.4385706,-37.896039,39            175.4385805,-37.8960251,39            175.43859,-37.896012,39            175.438601,-37.8959981,39            175.4386175,-37.8959887,39            175.4386292,-37.8959774,39            175.438642,-37.8959649,40            175.4386543,-37.895953,40            175.4386667,-37.8959413,40            175.4386743,-37.8959276,40            175.4386885,-37.8959178,40            175.4387015,-37.8959072,40            175.4387124,-37.8958959,40            175.4387246,-37.8958829,40            175.4387421,-37.8958749,40            175.4387568,-37.8958652,40            175.4387722,-37.8958554,40            175.4387872,-37.8958458,40            175.4387984,-37.8958326,41            175.4388116,-37.8958206,41            175.4388211,-37.8958065,41            175.4388281,-37.8957886,41            175.4388418,-37.8957757,41            175.4388511,-37.895762,41            175.438866,-37.8957502,41            175.4388771,-37.8957347,42            175.4388911,-37.8957195,42            175.438912,-37.8957089,42            175.4389225,-37.8956921,42            175.4389312,-37.8956775,42            175.4389411,-37.8956621,42            175.4389483,-37.8956462,42            175.4389559,-37.8956314,43            175.4389648,-37.8956171,43            175.4389743,-37.8956032,43            175.4389809,-37.8955869,43            175.4389923,-37.8955713,43            175.4390012,-37.8955572,43            175.4390097,-37.8955423,43            175.4390176,-37.8955276,43            175.4390252,-37.8955129,43            175.4390302,-37.8954979,44            175.4390406,-37.8954831,44            175.4390455,-37.895467,44            175.4390536,-37.8954513,44            175.4390616,-37.8954362,44            175.4390739,-37.8954218,44            175.4390832,-37.895406,44            175.4390875,-37.8953894,44            175.4390975,-37.895374,45            175.4391058,-37.8953588,45            175.4391074,-37.8953424,45            175.4391138,-37.8953281,45            175.4391216,-37.8953125,45            175.4391318,-37.895298,45            175.4391483,-37.8952845,45            175.4391618,-37.8952708,46            175.4391686,-37.895254,46            175.4391744,-37.8952378,46            175.4391803,-37.8952214,46            175.4391902,-37.8952062,46            175.4391965,-37.8951914,46            175.4392069,-37.8951761,46            175.4392211,-37.8951631,46            175.439233,-37.8951501,46            175.4392484,-37.8951379,46            175.4392595,-37.8951231,47            175.4392675,-37.8951076,47            175.4392739,-37.8950917,47            175.4392768,-37.8950749,47            175.4392884,-37.895061,47            175.4393013,-37.8950467,47            175.4393131,-37.895033,47            175.4393217,-37.8950176,47            175.4393328,-37.8950037,47            175.4393339,-37.8949857,47            175.4393436,-37.8949692,47            175.4393484,-37.894953,47            175.4393599,-37.8949366,47            175.4393706,-37.8949221,47            175.4393796,-37.8949079,47            175.4393893,-37.8948929,47            175.4394004,-37.894877,47            175.4394094,-37.8948627,47            175.4394122,-37.8948448,47            175.4394159,-37.8948279,47            175.4394241,-37.8948122,47            175.4394341,-37.8947961,47            175.4394406,-37.8947799,47            175.4394565,-37.8947659,47            175.439471,-37.894752,47            175.4394837,-37.8947373,47            175.4394993,-37.8947237,47            175.4395136,-37.8947111,48            175.4395247,-37.8946961,48            175.4395315,-37.8946802,48            175.439544,-37.8946665,48            175.4395586,-37.8946541,48            175.4395775,-37.8946434,49            175.439592,-37.89463,49            175.439607,-37.8946174,49            175.4396195,-37.8946043,49            175.43963,-37.8945897,49            175.4396412,-37.8945761,49            175.4396513,-37.894562,49            175.439669,-37.8945512,49            175.4396836,-37.8945395,49            175.4396984,-37.894527,49            175.4397109,-37.8945134,49            175.4397264,-37.8945014,49            175.4397449,-37.894492,49            175.4397573,-37.8944779,49            175.4397693,-37.8944644,49            175.4397798,-37.8944507,49            175.4397946,-37.894438,49            175.4398089,-37.8944263,48            175.4398202,-37.8944123,48            175.439831,-37.8943988,48            175.4398424,-37.8943836,48            175.4398474,-37.8943669,48            175.4398568,-37.894353,48            175.4398596,-37.8943367,48            175.4398572,-37.8943192,48            175.4398508,-37.894302,48            175.4398407,-37.8942844,48            175.4398413,-37.894268,48            175.4398376,-37.894252,48            175.4398289,-37.8942362,48            175.4398221,-37.8942199,49            175.4398195,-37.8942046,49            175.4398131,-37.8941893,49            175.4398095,-37.8941743,49            175.4398033,-37.8941597,49            175.4398013,-37.8941413,49            175.4398003,-37.8941239,49            175.4397915,-37.8941087,49            175.4397833,-37.8940935,49            175.4397709,-37.8940783,49            175.4397636,-37.8940614,49            175.4397529,-37.8940469,49            175.4397401,-37.8940309,49            175.4397348,-37.8940151,49            175.4397252,-37.8940001,49            175.4397132,-37.8939834,49            175.4397026,-37.8939603,48            175.4396826,-37.8939428,48            175.4396651,-37.8939236,48            175.4396532,-37.8939025,48            175.4396337,-37.8938809,48            175.4396193,-37.8938596,47            175.4396134,-37.8938384,47            175.4396126,-37.8938137,47            175.4396115,-37.89379,46            175.4396142,-37.8937727,46            175.4396129,-37.8937456,46            175.4396166,-37.8937221,45            175.439612,-37.8937014,45            175.4396009,-37.8936767,45            175.439608,-37.8936487,44            175.4396071,-37.8936275,44            175.439603,-37.8936015,44            175.439612,-37.8935773,43            175.4396089,-37.8935545,43            175.4396022,-37.8935308,43            175.4396033,-37.8935064,43            175.4395895,-37.8934799,42            175.4395836,-37.8934503,42            175.4395726,-37.8934202,42            175.4395569,-37.8933912,41            175.4395449,-37.8933805,41            175.4395288,-37.8933632,41            175.4395231,-37.8933418,41            175.4395195,-37.8933215,41            175.4395114,-37.8933049,41            175.4395064,-37.8932875,40            175.4394934,-37.8932715,40            175.4394843,-37.8932552,40            175.4394828,-37.8932359,40            175.4394791,-37.8932192,40            175.4394745,-37.8932024,40            175.439478,-37.8931818,40            175.439483,-37.8931618,40            175.4394817,-37.8931454,40            175.4394915,-37.8931305,40            175.4395036,-37.8931169,40            175.4395129,-37.893103,40            175.4395221,-37.8930888,40            175.4395262,-37.8930736,40            175.4395341,-37.8930575,40            175.4395412,-37.8930429,40            175.4395468,-37.8930295,40            175.4395606,-37.8930153,40            175.4395773,-37.8930028,40            175.4395853,-37.8929872,40            175.4395887,-37.89297,40            175.4395939,-37.8929529,40            175.4395924,-37.8929371,40            175.4395931,-37.8929201,40            175.4395986,-37.8929049,41            175.4396021,-37.8928881,41            175.4396103,-37.8928722,41            175.4396129,-37.8928555,41            175.4396166,-37.8928389,41            175.4396133,-37.8928222,41            175.439615,-37.8928052,41            175.4396154,-37.8927886,41            175.4396121,-37.892772,42            175.4396159,-37.8927563,42            175.4396138,-37.8927398,42            175.4396281,-37.8927239,42            175.4396331,-37.8927088,42            175.4396387,-37.8926931,42            175.4396401,-37.8926761,42            175.4396373,-37.89266,42            175.4396337,-37.8926436,42            175.4396336,-37.8926274,42            175.4396334,-37.8926122,42            175.4396332,-37.8925951,42            175.4396362,-37.8925793,42            175.4396457,-37.8925635,42            175.4396559,-37.8925471,42            175.439655,-37.8925306,42            175.4396466,-37.8925138,42            175.4396417,-37.8924977,42            175.4396423,-37.8924816,43            175.43965,-37.8924657,43            175.4396477,-37.89245,43            175.4396488,-37.8924317,43            175.4396365,-37.8924156,43            175.439628,-37.8923979,44            175.4396131,-37.8923808,44            175.4395912,-37.892367,44            175.4395688,-37.8923517,44            175.4395465,-37.8923393,44            175.4395242,-37.8923326,44            175.4395043,-37.8923197,44            175.4394779,-37.8923094,44            175.4394574,-37.8922985,44            175.4394391,-37.892287,45            175.4394212,-37.8922747,45            175.4394066,-37.8922609,45            175.4393897,-37.8922472,46            175.4393728,-37.8922364,46            175.4393582,-37.8922237,47            175.4393372,-37.8922147,47            175.4393212,-37.8922061,48            175.4393092,-37.8921967,48            175.4392975,-37.8921821,48            175.4392873,-37.8921707,48            175.439269,-37.8921606,49            175.4392591,-37.8921451,49            175.4392499,-37.8921303,49            175.4392365,-37.8921176,49            175.4392215,-37.8921062,49            175.4392112,-37.892091,49            175.4392042,-37.8920738,49            175.4391882,-37.8920603,49            175.4391785,-37.8920452,49            175.4391672,-37.8920298,49            175.4391604,-37.8920142,49            175.4391527,-37.8919987,50            175.4391421,-37.8919848,49            175.4391356,-37.8919683,50            175.4391299,-37.8919526,49            175.439128,-37.8919353,49            175.4391208,-37.8919192,49            175.4391101,-37.8919045,49            175.4390954,-37.8918912,49            175.4390847,-37.8918749,49            175.4390746,-37.89186,49            175.4390627,-37.8918452,49            175.4390503,-37.8918304,49            175.4390497,-37.8918126,48            175.4390367,-37.8917984,48            175.4390296,-37.8917826,48            175.4390145,-37.8917703,48            175.4389973,-37.8917586,48            175.4389803,-37.8917485,48            175.4389666,-37.8917357,48            175.4389532,-37.8917214,48            175.4389367,-37.8917104,48            175.4389166,-37.891702,48            175.4389024,-37.8916891,48            175.4388852,-37.8916798,48            175.4388737,-37.8916664,48            175.4388518,-37.8916605,48            175.4388331,-37.8916507,48            175.4388185,-37.8916406,48            175.4387985,-37.8916327,48            175.4387849,-37.8916206,48            175.43877,-37.8916084,48            175.4387551,-37.8915973,48            175.4387365,-37.8915859,48            175.4387222,-37.8915742,48            175.4387058,-37.8915634,48            175.4386879,-37.8915537,48            175.4386651,-37.8915501,48            175.43865,-37.8915402,48            175.4386388,-37.8915256,47            175.4386216,-37.8915141,47            175.4386104,-37.8914973,47            175.4385948,-37.8914872,47            175.4385749,-37.8914816,47            175.438553,-37.8914768,47            175.4385308,-37.8914715,47            175.4385114,-37.8914623,48            175.4384936,-37.8914554,48            175.4384772,-37.8914453,48            175.4384616,-37.8914326,48            175.4384415,-37.8914271,48            175.4384263,-37.8914149,48            175.4384052,-37.8914066,48            175.4383845,-37.8913991,48            175.4383633,-37.8913908,48            175.4383441,-37.8913794,48            175.4383273,-37.8913687,48            175.4383105,-37.891359,48            175.4382926,-37.8913503,48            175.4382759,-37.8913432,48            175.4382591,-37.8913321,48            175.4382435,-37.8913215,48            175.438225,-37.8913115,48            175.4382067,-37.8913029,49            175.4381889,-37.8912926,49            175.4381675,-37.8912875,49            175.4381508,-37.8912758,49            175.4381353,-37.8912637,49            175.4381195,-37.8912527,49            175.4381027,-37.8912442,49            175.4380846,-37.8912377,49            175.4380674,-37.8912305,49            175.438052,-37.8912197,49            175.4380362,-37.8912098,49            175.4380151,-37.8912075,49            175.4379979,-37.891197,49            175.4379771,-37.8911935,50            175.4379638,-37.8911788,50            175.4379445,-37.8911722,50            175.4379253,-37.8911662,51            175.4379069,-37.8911583,51            175.4378925,-37.891147,51            175.4378755,-37.8911377,51            175.4378616,-37.8911221,51            175.4378447,-37.8911052,51            175.4378288,-37.8910984,51            175.4378101,-37.8910886,51            175.4377921,-37.8910794,51            175.4377775,-37.8910672,51            175.4377634,-37.8910526,51            175.4377452,-37.8910423,51            175.4377248,-37.8910325,51            175.4377131,-37.8910148,50            175.4376997,-37.8910013,50            175.4376817,-37.8909918,50            175.437667,-37.8909802,50            175.4376534,-37.8909674,50            175.4376374,-37.8909574,49            175.4376186,-37.8909482,49            175.4376013,-37.8909382,49            175.4375834,-37.8909302,49            175.4375659,-37.8909213,49            175.4375467,-37.890913,49            175.4375238,-37.8909099,49            175.4375033,-37.8909068,49            175.4374802,-37.8909057,49            175.4374586,-37.8909002,49            175.437438,-37.8908898,49            175.4374166,-37.8908843,49            175.4373948,-37.8908833,49            175.4373775,-37.8908711,48            175.4373586,-37.8908638,48            175.4373363,-37.8908609,48            175.4373127,-37.8908582,48            175.4372941,-37.8908494,48            175.4372743,-37.8908429,48            175.4372546,-37.8908356,47            175.4372358,-37.8908271,47            175.4372174,-37.8908168,48            175.437196,-37.890812,48            175.4371753,-37.8908057,49            175.4371577,-37.8907951,49            175.4371397,-37.890785,50            175.4371216,-37.8907747,50            175.4371036,-37.8907654,50            175.4370911,-37.8907538,51            175.4370733,-37.8907419,51            175.4370609,-37.8907274,51            175.4370434,-37.8907167,51            175.4370307,-37.890704,52            175.4370158,-37.8906929,52            175.4370033,-37.890678,52            175.4369924,-37.8906614,52            175.4369814,-37.8906445,52            175.4369711,-37.8906303,53            175.4369603,-37.890616,53            175.4369475,-37.8906018,53            175.4369351,-37.8905893,53            175.4369189,-37.8905797,53            175.4369035,-37.8905687,53            175.4368891,-37.8905552,54            175.4368715,-37.8905441,54            175.4368543,-37.890533,54            175.4368389,-37.8905228,55            175.436822,-37.8905129,55            175.4368042,-37.8905044,55            175.4367868,-37.8904914,56            175.436764,-37.8904845,56            175.4367457,-37.890475,56            175.436724,-37.8904696,57            175.436704,-37.890465,57            175.4366838,-37.8904609,57            175.4366641,-37.890459,58            175.4366418,-37.8904517,58            175.4366223,-37.890449,59            175.4366012,-37.8904464,59            175.4365822,-37.8904428,59            175.4365638,-37.8904366,59            175.4365425,-37.8904325,60            175.4365216,-37.8904309,60            175.4365011,-37.8904263,60            175.436483,-37.8904193,60            175.4364626,-37.8904151,60            175.4364446,-37.8904167,61            175.4364268,-37.8904091,61            175.4364069,-37.8904043,61            175.4363863,-37.8903961,61            175.4363663,-37.8903909,61            175.436347,-37.8903858,62            175.4363281,-37.8903852,62            175.4363092,-37.8903832,62            175.4362905,-37.8903802,62            175.4362685,-37.8903826,62            175.4362481,-37.8903797,62            175.4362287,-37.8903803,63            175.4362107,-37.8903772,63            175.4361909,-37.8903756,63            175.4361724,-37.890371,63            175.436154,-37.8903658,63            175.436138,-37.890363,63            175.4361222,-37.8903614,64            175.4361046,-37.8903605,64            175.4360903,-37.8903534,64            175.4360762,-37.8903478,64            175.436063,-37.890341,64            175.4360499,-37.8903326,64            175.4360377,-37.8903217,64            175.4360262,-37.8903119,64            175.436011,-37.8903042,64            175.4360013,-37.8902915,64            175.4359879,-37.8902827,64            175.4359742,-37.8902738,64            175.4359624,-37.8902641,64            175.4359469,-37.8902531,64            175.4359371,-37.8902456,64            175.4359205,-37.8902357,64            175.4359085,-37.890225,64            175.4358953,-37.890214,64            175.4358875,-37.8901997,64            175.4358847,-37.8901833,64            175.4358729,-37.8901704,65            175.4358682,-37.8901561,65            175.4358596,-37.8901432,65            175.4358587,-37.8901289,65            175.435859,-37.8901143,65            175.4358605,-37.8901002,65            175.4358634,-37.8900859,65            175.4358671,-37.8900719,66            175.4358777,-37.8900561,66            175.4358868,-37.8900449,66            175.4358896,-37.8900414,66            175.4358992,-37.8900326,66            175.4359225,-37.8900201,66            175.4359469,-37.8900045,66            175.4359551,-37.8899935,66            175.4359806,-37.8899801,66            175.435993,-37.8899668,66            175.4360058,-37.8899574,66            175.4360126,-37.889955,66            175.4360282,-37.8899492,66            175.4360414,-37.8899387,66            175.4360556,-37.8899322,67            175.4360637,-37.8899264,67            175.4360774,-37.8899195,67            175.4360834,-37.8899074,67            175.436094,-37.8898974,67            175.4361033,-37.8898875,67            175.4361129,-37.8898777,68            175.4361253,-37.8898689,68            175.4361354,-37.8898582,68            175.4361448,-37.8898463,68            175.4361543,-37.8898339,68            175.4361591,-37.8898186,68            175.4361674,-37.889805,69            175.4361743,-37.8897911,69            175.4361873,-37.88978,69            175.4361968,-37.8897668,69            175.4362138,-37.8897575,69            175.4362281,-37.8897457,69            175.4362374,-37.8897312,69            175.4362475,-37.8897171,70            175.4362565,-37.8897027,70            175.4362673,-37.8896896,70          </coordinates></LineString></Placemark><Placemark><name>Finish</name><styleUrl>#icon-1899-FF5252-nodesc</styleUrl><Point><coordinates>            175.4362565,-37.8897027,0          </coordinates></Point></Placemark><Placemark><name>Start</name><styleUrl>#icon-1899-0F9D58-nodesc</styleUrl><Point><coordinates>            175.4359217,-37.890281,0          </coordinates></Point></Placemark></Folder></Document></kml>