<?xml version="1.0" encoding="UTF-8"?><kml xmlns="http://www.opengis.net/kml/2.2"><Document><name>parkrun Grudziądz</name><description/><Style id="icon-1899-0F9D58-nodesc-normal"><IconStyle><color>ff589d0f</color><scale>1</scale><Icon><href>https://www.gstatic.com/mapspro/images/stock/503-wht-blank_maps.png</href></Icon><hotSpot x="32" xunits="pixels" y="64" yunits="insetPixels"/></IconStyle><LabelStyle><scale>0</scale></LabelStyle><BalloonStyle><text><![CDATA[<h3>$[name]</h3>]]></text></BalloonStyle></Style><Style id="icon-1899-0F9D58-nodesc-highlight"><IconStyle><color>ff589d0f</color><scale>1</scale><Icon><href>https://www.gstatic.com/mapspro/images/stock/503-wht-blank_maps.png</href></Icon><hotSpot x="32" xunits="pixels" y="64" yunits="insetPixels"/></IconStyle><LabelStyle><scale>1</scale></LabelStyle><BalloonStyle><text><![CDATA[<h3>$[name]</h3>]]></text></BalloonStyle></Style><StyleMap id="icon-1899-0F9D58-nodesc"><Pair><key>normal</key><styleUrl>#icon-1899-0F9D58-nodesc-normal</styleUrl></Pair><Pair><key>highlight</key><styleUrl>#icon-1899-0F9D58-nodesc-highlight</styleUrl></Pair></StyleMap><Style id="icon-1899-FF5252-nodesc-normal"><IconStyle><color>ff5252ff</color><scale>1</scale><Icon><href>https://www.gstatic.com/mapspro/images/stock/503-wht-blank_maps.png</href></Icon><hotSpot x="32" xunits="pixels" y="64" yunits="insetPixels"/></IconStyle><LabelStyle><scale>0</scale></LabelStyle><BalloonStyle><text><![CDATA[<h3>$[name]</h3>]]></text></BalloonStyle></Style><Style id="icon-1899-FF5252-nodesc-highlight"><IconStyle><color>ff5252ff</color><scale>1</scale><Icon><href>https://www.gstatic.com/mapspro/images/stock/503-wht-blank_maps.png</href></Icon><hotSpot x="32" xunits="pixels" y="64" yunits="insetPixels"/></IconStyle><LabelStyle><scale>1</scale></LabelStyle><BalloonStyle><text><![CDATA[<h3>$[name]</h3>]]></text></BalloonStyle></Style><StyleMap id="icon-1899-FF5252-nodesc"><Pair><key>normal</key><styleUrl>#icon-1899-FF5252-nodesc-normal</styleUrl></Pair><Pair><key>highlight</key><styleUrl>#icon-1899-FF5252-nodesc-highlight</styleUrl></Pair></StyleMap><Style id="line-0288D1-5000-nodesc-normal"><LineStyle><color>ffd18802</color><width>5</width></LineStyle><BalloonStyle><text><![CDATA[<h3>$[name]</h3>]]></text></BalloonStyle></Style><Style id="line-0288D1-5000-nodesc-highlight"><LineStyle><color>ffd18802</color><width>7.5</width></LineStyle><BalloonStyle><text><![CDATA[<h3>$[name]</h3>]]></text></BalloonStyle></Style><StyleMap id="line-0288D1-5000-nodesc"><Pair><key>normal</key><styleUrl>#line-0288D1-5000-nodesc-normal</styleUrl></Pair><Pair><key>highlight</key><styleUrl>#line-0288D1-5000-nodesc-highlight</styleUrl></Pair></StyleMap><Folder><name>Untitled layer</name><Placemark><name>Course</name><styleUrl>#line-0288D1-5000-nodesc</styleUrl><LineString><tessellate>1</tessellate><coordinates>            18.753276,53.46675,21.8            18.753282,53.466749,21.8            18.75329,53.46673,22            18.753293,53.466718,22            18.7533,53.466706,22            18.753302,53.466694,22            18.7533,53.466682,22            18.753302,53.46667,22            18.753307,53.466657,22.2            18.753315,53.466643,22.2            18.753321,53.466629,22.2            18.753322,53.466613,22.2            18.753326,53.466602,22.2            18.753331,53.466588,22.4            18.753336,53.466571,22.4            18.753341,53.466555,22.4            18.753345,53.466541,22.6            18.753347,53.466526,22.6            18.753352,53.466511,22.6            18.753354,53.466495,22.8            18.753356,53.466481,22.8            18.753361,53.466466,22.8            18.753362,53.466451,23            18.753367,53.466437,23            18.75337,53.466423,23            18.753373,53.466409,23.2            18.753378,53.466396,23.2            18.753384,53.466383,23.2            18.753388,53.466369,23.2            18.753391,53.466355,23.4            18.753399,53.46634,23.4            18.753408,53.466324,23.4            18.753414,53.46631,23.6            18.75342,53.466295,23.6            18.753426,53.466279,23.6            18.753433,53.466264,23.8            18.753441,53.466247,23.8            18.753448,53.466231,24            18.753452,53.466214,24            18.753457,53.466201,24            18.753466,53.466186,24.2            18.753467,53.466171,24.2            18.753462,53.466158,24.2            18.753462,53.466143,24.2            18.753463,53.46613,24.4            18.753465,53.466116,24.4            18.753467,53.466104,24.4            18.753468,53.466091,24.4            18.753468,53.466078,24.6            18.753471,53.466062,24.6            18.75347,53.466046,24.6            18.753469,53.46603,24.6            18.753465,53.466014,24.8            18.753463,53.465998,24.8            18.753467,53.465982,25            18.75347,53.465968,25            18.753476,53.465952,25.2            18.75348,53.465938,25.2            18.753486,53.465919,25.4            18.753491,53.465903,25.4            18.753494,53.465887,25.6            18.753502,53.46587,25.6            18.753504,53.465854,25.6            18.753502,53.465839,25.8            18.753503,53.465822,25.8            18.753506,53.465806,26            18.75351,53.465792,26            18.753514,53.465777,26            18.753522,53.465759,26.2            18.753525,53.465745,26.2            18.753534,53.465728,26.2            18.753539,53.465714,26.4            18.753544,53.4657,26.4            18.753546,53.465685,26.4            18.753549,53.46567,26.6            18.753549,53.465655,26.6            18.753549,53.465641,26.6            18.753548,53.465627,26.8            18.753547,53.465611,26.8            18.753547,53.465597,27            18.753549,53.465585,27            18.753554,53.465571,27            18.75356,53.465554,27            18.753566,53.465538,27.2            18.753572,53.465521,27.2            18.753575,53.465505,27.4            18.753578,53.46549,27.4            18.753581,53.465473,27.4            18.753585,53.465456,27.6            18.753592,53.465441,27.6            18.753598,53.465426,27.6            18.7536,53.465411,27.8            18.753603,53.465395,27.8            18.753602,53.465378,27.8            18.753596,53.465365,28            18.753595,53.465351,28            18.753597,53.465339,28            18.753601,53.465327,28.2            18.753603,53.465313,28.2            18.753605,53.4653,28.2            18.753609,53.465291,28.2            18.753612,53.465279,28.4            18.753614,53.465264,28.4            18.753617,53.465251,28.4            18.753622,53.465234,28.6            18.753625,53.465217,28.6            18.753629,53.465199,28.8            18.753635,53.465183,28.8            18.753639,53.465168,28.8            18.753643,53.465151,29            18.75365,53.465134,29            18.753656,53.465118,29.2            18.753659,53.4651,29.4            18.753661,53.465082,29.4            18.753666,53.465064,29.6            18.753666,53.465047,29.6            18.753669,53.46503,29.8            18.75367,53.465012,30            18.75367,53.464996,30            18.753672,53.464979,30.2            18.753672,53.464963,30.2            18.753675,53.464947,30.4            18.753678,53.464932,30.4            18.753682,53.464917,30.6            18.753684,53.464901,30.8            18.753684,53.464886,30.8            18.753685,53.464873,31            18.753684,53.464858,31            18.753687,53.464845,31.2            18.753694,53.464829,31.2            18.753699,53.464814,31.4            18.753706,53.464797,31.4            18.753711,53.46478,31.6            18.753716,53.46476,31.6            18.75372,53.464744,31.8            18.753725,53.464726,32            18.753733,53.464706,32            18.753736,53.464688,32.2            18.753738,53.46467,32.4            18.753737,53.464654,32.4            18.753739,53.464636,32.6            18.753739,53.46462,32.6            18.753739,53.464603,32.8            18.753743,53.464585,33            18.753746,53.464566,33            18.753746,53.464548,33.2            18.753748,53.464533,33.2            18.753756,53.464516,33.4            18.75376,53.464497,33.6            18.753765,53.46448,33.6            18.75377,53.464464,33.8            18.753774,53.46445,33.8            18.75378,53.464437,34            18.753788,53.464423,34            18.753796,53.464408,34.2            18.753802,53.464392,34.2            18.753806,53.464376,34.4            18.753808,53.464358,34.4            18.753809,53.464341,34.6            18.753813,53.464324,34.6            18.753815,53.464306,34.6            18.75382,53.464288,34.6            18.753821,53.464269,34.6            18.753825,53.464253,34.6            18.753829,53.464239,34.6            18.75383,53.464224,34.6            18.753834,53.464209,34.6            18.75384,53.464195,34.6            18.753844,53.464179,34.6            18.753846,53.464161,34.6            18.75385,53.464142,34.6            18.753852,53.464123,34.6            18.753851,53.46411,34.6            18.753854,53.464094,34.6            18.753857,53.464078,34.6            18.753858,53.464056,34.6            18.75386,53.464038,34.6            18.753861,53.464028,34.6            18.753862,53.464016,34.6            18.753862,53.464001,34.6            18.753864,53.463986,34.6            18.753863,53.463967,34.6            18.753859,53.463949,34.6            18.753853,53.463929,34.6            18.75385,53.463912,34.6            18.753849,53.463897,34.6            18.753847,53.463884,34.6            18.753846,53.46387,34.6            18.753845,53.463851,34.6            18.753846,53.463837,34.6            18.753843,53.46382,34.6            18.753841,53.463805,34.6            18.753834,53.46379,34.6            18.753828,53.463778,34.6            18.753821,53.463763,34.6            18.75381,53.463751,34.6            18.753796,53.46374,34.8            18.753778,53.46373,34.8            18.753759,53.463723,34.8            18.753738,53.463715,34.8            18.753722,53.463707,34.8            18.753708,53.4637,34.8            18.753692,53.463692,34.8            18.753676,53.463683,34.8            18.753656,53.463674,34.8            18.753634,53.463662,34.8            18.753619,53.463652,35            18.753601,53.463643,35            18.753584,53.463636,35            18.753565,53.46363,35            18.753541,53.463618,35            18.753519,53.463607,35            18.753496,53.463597,35            18.75348,53.463586,35            18.753464,53.463571,35            18.75345,53.463552,34.8            18.753426,53.463538,34.8            18.753405,53.463528,34.8            18.753387,53.463518,34.8            18.75336,53.463507,34.8            18.753336,53.463493,34.8            18.753312,53.463482,34.8            18.753287,53.46347,34.8            18.753261,53.463458,34.8            18.75324,53.463449,34.6            18.753216,53.463438,34.6            18.753191,53.463426,34.6            18.753172,53.463414,34.6            18.753151,53.463399,34.6            18.753131,53.463393,34.6            18.753108,53.463386,34.6            18.753091,53.463371,34.6            18.753078,53.463359,34.6            18.753066,53.463346,34.6            18.753055,53.463335,34.6            18.753036,53.463324,34.6            18.753017,53.463314,34.6            18.752999,53.463304,34.6            18.752976,53.463298,34.6            18.752959,53.463291,34.6            18.752941,53.463283,34.6            18.752924,53.463273,34.6            18.752904,53.463261,34.6            18.752886,53.46325,34.6            18.752864,53.463239,34.4            18.752846,53.463217,34.4            18.752825,53.463201,34.4            18.752803,53.463188,34.4            18.752782,53.463179,34.4            18.752762,53.463168,34.4            18.752746,53.463156,34.4            18.752723,53.463141,34.4            18.752699,53.463128,34.4            18.752672,53.463117,34.4            18.752652,53.463107,34.4            18.752629,53.463097,34.4            18.752612,53.46309,34.4            18.752594,53.463083,34.4            18.752581,53.463073,34.4            18.752568,53.463064,34.4            18.752552,53.46305,34.4            18.752535,53.463037,34.4            18.752519,53.463022,34.4            18.752497,53.463011,34.4            18.752476,53.462997,34.4            18.752454,53.462985,34.4            18.752437,53.462974,34.2            18.752418,53.462965,34.2            18.752399,53.462959,34.2            18.752376,53.462947,34.2            18.752351,53.462941,34.2            18.752328,53.462932,34.2            18.752301,53.46292,34.2            18.752275,53.46291,34.2            18.752249,53.462901,34.2            18.752221,53.462893,34.2            18.752191,53.462888,34.2            18.752171,53.462883,34            18.752154,53.462881,34            18.752134,53.46287,34            18.752114,53.462855,34            18.75209,53.462846,34            18.752068,53.462837,34            18.752034,53.462827,34            18.75201,53.462822,34            18.751986,53.462817,34            18.751956,53.462814,34            18.751934,53.462811,34            18.751908,53.462807,34            18.751882,53.462798,34            18.751856,53.462787,34            18.751825,53.462778,34            18.751791,53.462767,34.2            18.751758,53.462758,34.2            18.751721,53.462755,34.2            18.751695,53.462751,34.2            18.751671,53.462748,34.2            18.751641,53.462742,34.2            18.751619,53.462737,34.4            18.751599,53.462728,34.4            18.751578,53.462727,34.4            18.751552,53.462725,34.4            18.751519,53.462721,34.4            18.751492,53.462718,34.4            18.751465,53.462716,34.4            18.751441,53.462714,34.6            18.751416,53.462713,34.6            18.751389,53.462714,34.6            18.751366,53.462715,34.6            18.751344,53.462717,34.6            18.751317,53.462718,34.6            18.751288,53.462719,34.8            18.751264,53.462722,34.8            18.751235,53.462723,34.8            18.751208,53.462724,34.8            18.751179,53.462726,34.8            18.751151,53.462724,34.8            18.751121,53.462722,35            18.751092,53.462717,35            18.751059,53.462713,35            18.751029,53.462712,35            18.750996,53.462704,35            18.750966,53.462702,35            18.750942,53.462702,35            18.750919,53.4627,35            18.750899,53.462699,35            18.750878,53.462696,35            18.750853,53.462691,35            18.750827,53.462697,35            18.750802,53.462694,35            18.750773,53.462688,35            18.750745,53.462683,35            18.750723,53.462675,35            18.750703,53.462665,35            18.750686,53.462658,35            18.750667,53.462651,35            18.750644,53.462645,35            18.750617,53.46264,35            18.750589,53.462634,35            18.750559,53.462626,35            18.750534,53.46262,35            18.750516,53.462619,35            18.750496,53.462617,35.2            18.750473,53.462614,35.2            18.75045,53.462609,35.2            18.750429,53.462601,35.2            18.75041,53.462594,35.2            18.75039,53.462582,35.2            18.750363,53.462572,35.2            18.750341,53.462566,35.2            18.750317,53.462554,35.2            18.750291,53.462542,35.2            18.750265,53.462527,35.4            18.75024,53.462514,35.4            18.750219,53.4625,35.4            18.750202,53.462487,35.4            18.75019,53.462475,35.4            18.750178,53.462458,35.4            18.750162,53.462449,35.4            18.750147,53.462435,35.4            18.750126,53.462421,35.4            18.750105,53.462411,35.4            18.750082,53.4624,35.4            18.750064,53.462391,35.4            18.750047,53.462381,35.4            18.750029,53.462371,35.4            18.750011,53.462363,35.4            18.749992,53.462358,35.4            18.749969,53.462351,35.4            18.749947,53.462342,35.4            18.749924,53.462331,35.4            18.749902,53.462319,35.4            18.749875,53.46231,35.4            18.749857,53.462299,35.4            18.749841,53.462286,35.4            18.749823,53.462275,35.4            18.749807,53.462262,35.4            18.74979,53.462247,35.4            18.749774,53.462234,35.6            18.749759,53.462224,35.6            18.749738,53.462212,35.6            18.749715,53.462203,35.6            18.749691,53.462187,35.6            18.749663,53.462174,35.6            18.749642,53.462161,35.6            18.749622,53.462147,35.6            18.749598,53.462137,35.6            18.749572,53.462125,35.6            18.74955,53.462114,35.6            18.749528,53.462104,35.6            18.749508,53.462091,35.6            18.749486,53.462079,35.6            18.749464,53.462069,35.8            18.749443,53.462061,35.8            18.749423,53.462053,35.8            18.749403,53.462045,35.8            18.749389,53.462037,35.8            18.749367,53.462026,35.8            18.749341,53.462015,35.8            18.749315,53.462007,35.8            18.749291,53.461998,35.8            18.749268,53.461988,35.8            18.749242,53.461981,35.8            18.749218,53.461971,35.8            18.749189,53.46196,35.8            18.749161,53.461951,35.8            18.749137,53.461945,35.8            18.749112,53.461939,35.8            18.749094,53.461929,35.8            18.749075,53.461924,35.8            18.749052,53.461916,35.8            18.749026,53.461906,36            18.749001,53.461899,36            18.748978,53.461891,36            18.748958,53.461883,36            18.748938,53.461878,36            18.748923,53.46187,36            18.748901,53.461862,36            18.748879,53.461855,36            18.748866,53.461845,36            18.748847,53.461834,36            18.748829,53.461823,36            18.74881,53.461811,36            18.748789,53.461804,36            18.748765,53.461794,36            18.748745,53.461787,36            18.748722,53.46178,36            18.748698,53.461774,36            18.748681,53.461762,36            18.748662,53.461752,36            18.748649,53.461742,36            18.748641,53.46173,36            18.748632,53.461717,36            18.748621,53.461703,36            18.748613,53.461691,36            18.748605,53.461677,36            18.7486,53.461661,36            18.7486,53.461647,36            18.748594,53.461631,36            18.748591,53.46162,36            18.748588,53.461604,36            18.748586,53.461582,36            18.748584,53.461562,36            18.748588,53.461539,36            18.748588,53.461523,36            18.748583,53.461503,36            18.748577,53.461486,36            18.748575,53.461468,36            18.748574,53.461445,36            18.748571,53.461424,36            18.748573,53.461406,36            18.748577,53.461387,36            18.748578,53.461368,36            18.748576,53.461351,36            18.748575,53.461334,36            18.748575,53.461316,36            18.748578,53.461297,36            18.748585,53.461281,36            18.748584,53.461262,36            18.748588,53.461245,36            18.748586,53.461229,36            18.748587,53.461211,36            18.748588,53.461194,36            18.74859,53.461178,36            18.748592,53.46116,36            18.748593,53.461143,36            18.748601,53.461125,36            18.74861,53.46111,36            18.748614,53.461096,36            18.748616,53.46108,36            18.748615,53.461068,36            18.748618,53.461054,36            18.748616,53.461038,36            18.748621,53.461022,36            18.748623,53.461006,36            18.748619,53.460991,36            18.748607,53.460972,36            18.748611,53.460954,36            18.748615,53.460935,36            18.748619,53.460919,36            18.748621,53.4609,35.8            18.748621,53.460883,35.8            18.748626,53.460866,35.8            18.748626,53.460846,35.8            18.748624,53.460829,35.8            18.74862,53.46081,35.8            18.74862,53.460796,35.8            18.74862,53.46078,35.8            18.74862,53.460762,35.8            18.748617,53.460745,35.8            18.748615,53.460727,35.6            18.748613,53.460712,35.6            18.748613,53.460698,35.6            18.748612,53.460681,35.6            18.74861,53.460661,35.6            18.74861,53.460638,35.6            18.748615,53.460617,35.6            18.748617,53.460603,35.6            18.74862,53.460592,35.6            18.74862,53.460579,35.6            18.748618,53.460563,35.4            18.748616,53.46055,35.4            18.748612,53.460534,35.4            18.748607,53.460517,35.4            18.74861,53.460501,35.4            18.748607,53.460489,35.4            18.748603,53.46048,35.4            18.748605,53.460468,35.4            18.748599,53.460454,35.4            18.748589,53.46044,35.4            18.748586,53.460426,35.4            18.748582,53.460407,35.2            18.748581,53.460389,35.2            18.748585,53.460371,35.2            18.748591,53.460353,35.2            18.748594,53.460336,35.2            18.748593,53.460319,35.2            18.748594,53.460303,35.2            18.748599,53.460286,35.2            18.7486,53.460267,35.2            18.748601,53.460249,35.2            18.748597,53.460231,35            18.748601,53.460219,35            18.748605,53.460201,35            18.748612,53.460182,35            18.748617,53.460164,35            18.74862,53.460147,35            18.748622,53.46013,35            18.748624,53.460112,35            18.748628,53.460093,35            18.748631,53.460075,34.8            18.748634,53.46006,34.8            18.748638,53.460042,34.8            18.748643,53.460026,34.8            18.748646,53.460009,34.8            18.748643,53.459995,34.8            18.748637,53.45998,34.8            18.748634,53.459964,34.8            18.748631,53.459945,34.8            18.748631,53.45993,34.8            18.74863,53.459913,34.8            18.748636,53.459895,34.6            18.748643,53.459879,34.6            18.748643,53.459863,34.6            18.748644,53.459848,34.6            18.748641,53.459832,34.6            18.748638,53.459815,34.6            18.748628,53.459802,34.6            18.748622,53.459787,34.6            18.748623,53.459771,34.6            18.748621,53.459755,34.6            18.748623,53.45974,34.4            18.748627,53.459726,34.4            18.748629,53.459711,34.4            18.748635,53.459695,34.4            18.748641,53.459679,34.4            18.748646,53.459662,34.4            18.748653,53.459643,34.4            18.748655,53.459627,34.4            18.748662,53.459608,34.4            18.748666,53.45959,34.4            18.748666,53.459572,34.2            18.748665,53.459555,34.2            18.748668,53.459539,34.2            18.748672,53.459523,34.2            18.748676,53.459504,34.2            18.74868,53.459487,34.2            18.74868,53.45947,34.2            18.748685,53.459455,34.2            18.748689,53.459437,34.2            18.748695,53.459419,34.2            18.7487,53.459403,34            18.748707,53.459387,34            18.748705,53.459375,34            18.748704,53.459359,34            18.748703,53.459343,34            18.748708,53.459315,34            18.74871,53.459295,34            18.748712,53.45928,34            18.74871,53.459263,34            18.748709,53.459238,33.8            18.748712,53.45922,33.8            18.748717,53.459201,33.8            18.748721,53.459179,33.8            18.748722,53.459159,33.8            18.748723,53.45914,33.8            18.748726,53.459122,33.8            18.748728,53.459105,33.8            18.74873,53.45909,33.8            18.748731,53.45908,33.8            18.748731,53.459063,33.6            18.748731,53.459046,33.6            18.748732,53.459027,33.6            18.748732,53.459014,33.6            18.748733,53.459001,33.6            18.748732,53.458984,33.6            18.748734,53.458971,33.6            18.748736,53.458959,33.6            18.748741,53.458942,33.6            18.748745,53.458926,33.6            18.748743,53.458911,33.6            18.748745,53.458894,33.4            18.748747,53.458877,33.4            18.748748,53.458859,33.4            18.748748,53.458843,33.4            18.748749,53.458822,33.4            18.748752,53.458804,33.4            18.74875,53.458791,33.4            18.748746,53.458775,33.4            18.74874,53.458761,33.4            18.74874,53.458745,33.4            18.74874,53.458727,33.2            18.748736,53.45871,33.2            18.748733,53.458691,33.2            18.748727,53.458677,33.2            18.74872,53.458659,33.2            18.748719,53.458642,33.2            18.74872,53.458625,33.2            18.74872,53.458609,33.2            18.748721,53.458593,33.2            18.74872,53.458577,33.2            18.748721,53.458564,33.2            18.748719,53.458548,33.2            18.748721,53.458533,33.2            18.748722,53.458519,33.2            18.748727,53.458504,33.2            18.748726,53.458489,33.2            18.748723,53.458476,33.2            18.748722,53.458462,33.2            18.74872,53.458446,33.4            18.748718,53.45843,33.4            18.748714,53.458409,33.4            18.748713,53.458393,33.4            18.748715,53.458378,33.4            18.748716,53.458364,33.6            18.748718,53.458349,33.6            18.748721,53.458332,33.6            18.748722,53.458316,33.6            18.748716,53.458302,33.6            18.748717,53.458284,33.8            18.748718,53.458266,33.8            18.748718,53.458251,33.8            18.748716,53.458236,33.8            18.748714,53.45822,33.8            18.748715,53.458206,33.8            18.748722,53.458192,34            18.748724,53.458174,34            18.748725,53.458157,34            18.748722,53.458141,34            18.748721,53.458122,34.2            18.748724,53.458105,34.2            18.748727,53.458088,34.2            18.748731,53.458073,34.2            18.748736,53.458056,34.2            18.748744,53.45804,34.4            18.748747,53.458026,34.4            18.74875,53.458012,34.4            18.748757,53.457994,34.4            18.748763,53.457977,34.6            18.748767,53.457961,34.6            18.748773,53.457943,34.6            18.748777,53.457926,34.6            18.748781,53.45791,34.6            18.748788,53.457892,34.8            18.748794,53.457875,34.8            18.748799,53.457859,34.8            18.7488,53.457841,34.8            18.748803,53.457823,35            18.748805,53.457804,35            18.748805,53.457787,35            18.748813,53.457768,35            18.748825,53.457751,35.2            18.748827,53.457738,35.2            18.748824,53.457725,35.2            18.748828,53.457712,35.2            18.748832,53.457702,35.2            18.748834,53.457692,35.2            18.748836,53.457678,35.4            18.748843,53.457661,35.4            18.748845,53.457646,35.4            18.748844,53.457633,35.4            18.748843,53.457616,35.4            18.748848,53.457603,35.2            18.74885,53.457592,35.2            18.748851,53.457573,35.2            18.748849,53.457555,35.2            18.748846,53.457538,35.2            18.748845,53.457519,35.2            18.748843,53.457499,35.2            18.748841,53.457482,35.2            18.74884,53.457469,35.2            18.748836,53.457453,35.2            18.748834,53.457436,35            18.748833,53.457419,35            18.748835,53.457401,35            18.748841,53.457379,35            18.748846,53.457363,35            18.748847,53.457346,35            18.748848,53.457329,35            18.748846,53.457315,35            18.74885,53.457298,35            18.748853,53.457281,35            18.748854,53.457267,35            18.748855,53.45725,34.8            18.748855,53.457232,34.8            18.748861,53.457218,34.8            18.748865,53.457202,34.8            18.748866,53.457186,34.8            18.748867,53.457172,34.8            18.748874,53.45716,34.8            18.748873,53.457146,34.8            18.748872,53.457126,34.8            18.748869,53.457105,34.6            18.748871,53.457084,34.6            18.748871,53.457066,34.6            18.748871,53.45705,34.6            18.748877,53.457035,34.6            18.748877,53.45702,34.4            18.748881,53.45701,34.4            18.748881,53.456992,34.4            18.748881,53.456974,34.4            18.748881,53.456956,34.4            18.74888,53.456941,34.2            18.748886,53.456927,34.2            18.748895,53.456915,34.2            18.748899,53.456898,34.2            18.748895,53.456874,34.2            18.748891,53.456851,34            18.748891,53.456833,34            18.74889,53.456813,34            18.748886,53.456791,33.8            18.748883,53.456772,33.8            18.748882,53.456754,33.6            18.748887,53.456734,33.6            18.748887,53.456718,33.4            18.748883,53.456701,33.4            18.748884,53.456684,33.4            18.748884,53.45667,33.2            18.748883,53.456653,33.2            18.74889,53.456633,33            18.748893,53.456616,33            18.748892,53.456601,33            18.748889,53.456587,32.8            18.748889,53.456572,32.8            18.748888,53.456555,32.6            18.748885,53.45654,32.6            18.748879,53.456523,32.6            18.748876,53.456506,32.4            18.748872,53.456491,32.4            18.748874,53.456478,32.4            18.748877,53.456462,32.2            18.748875,53.456443,32.2            18.74887,53.456426,32            18.748869,53.45641,32            18.748871,53.456394,32            18.748868,53.456378,31.8            18.748867,53.456363,31.8            18.748864,53.456345,31.6            18.748861,53.456327,31.6            18.748864,53.456308,31.6            18.748868,53.45629,31.4            18.748874,53.456273,31.2            18.748878,53.456257,31.2            18.74888,53.456247,31.2            18.74888,53.456233,31            18.748885,53.456221,31            18.748888,53.456205,30.8            18.748887,53.456189,30.8            18.748887,53.456168,30.6            18.748891,53.456149,30.6            18.748897,53.45613,30.4            18.748905,53.456114,30.2            18.748913,53.456099,30.2            18.748921,53.456084,30            18.748931,53.456067,30            18.748935,53.456051,29.8            18.748944,53.456035,29.8            18.748948,53.456019,29.6            18.748953,53.456,29.6            18.748956,53.455985,29.6            18.748957,53.455968,29.6            18.74896,53.455952,29.6            18.748963,53.455936,29.6            18.748967,53.455921,29.6            18.748969,53.455905,29.6            18.748969,53.455888,29.6            18.74897,53.455872,29.6            18.74897,53.455856,29.6            18.748974,53.455839,29.6            18.748977,53.455822,29.6            18.748978,53.45581,29.6            18.748979,53.455796,29.8            18.748976,53.45578,29.8            18.748974,53.455765,29.8            18.748979,53.45575,29.8            18.748979,53.455736,29.8            18.748978,53.455721,29.8            18.74898,53.455703,29.8            18.748986,53.455686,29.8            18.748988,53.455669,29.8            18.748985,53.45565,29.8            18.748983,53.455633,30            18.748978,53.455618,30            18.748974,53.455603,30            18.748974,53.455587,30            18.748974,53.45557,30            18.748978,53.455554,30            18.748977,53.455538,29.8            18.748971,53.455523,29.8            18.748969,53.455505,29.8            18.748965,53.455488,29.8            18.74897,53.455472,29.8            18.748973,53.455456,29.8            18.748976,53.455438,29.8            18.748979,53.455423,29.8            18.748981,53.455408,29.8            18.748983,53.455392,29.6            18.74899,53.455378,29.6            18.749,53.455366,29.6            18.749005,53.455353,29.6            18.749008,53.455339,29.6            18.749004,53.455325,29.6            18.749005,53.455309,29.6            18.749003,53.455295,29.6            18.749001,53.455281,29.4            18.748999,53.455269,29.4            18.748998,53.455255,29.4            18.748998,53.455238,29.4            18.748998,53.455221,29.4            18.748996,53.455204,29.4            18.748993,53.455187,29.4            18.748992,53.455171,29.4            18.748994,53.455157,29.4            18.748995,53.455143,29.4            18.748998,53.455128,29.6            18.749001,53.455113,29.6            18.749001,53.455097,29.8            18.749004,53.455081,30            18.749004,53.455063,30            18.749003,53.455045,30.2            18.749007,53.455031,30.2            18.749008,53.455016,30.4            18.749012,53.454999,30.4            18.749015,53.454982,30.6            18.749019,53.454964,30.6            18.74902,53.454946,30.8            18.749021,53.454928,31            18.749022,53.45491,31            18.749022,53.454894,31.2            18.749024,53.45488,31.2            18.749023,53.454866,31.4            18.749017,53.454852,31.6            18.749015,53.454837,31.6            18.749015,53.454823,31.8            18.749016,53.454809,31.8            18.749019,53.454795,31.8            18.749022,53.454777,32            18.749023,53.454763,32            18.749024,53.454747,32            18.749026,53.454731,32.2            18.749029,53.454715,32.2            18.749034,53.454698,32.2            18.749037,53.454685,32.4            18.74904,53.454669,32.4            18.749038,53.454651,32.4            18.749039,53.454633,32.6            18.749043,53.454617,32.6            18.749048,53.4546,32.6            18.749057,53.454579,32.6            18.749064,53.454563,32.8            18.749069,53.454545,32.8            18.749072,53.454529,32.8            18.749074,53.454512,33            18.749074,53.454495,33            18.749076,53.454481,33            18.749077,53.454463,33.2            18.749075,53.454446,33.2            18.749068,53.454426,33.4            18.749067,53.45441,33.4            18.749067,53.454395,33.6            18.74907,53.454379,33.6            18.749072,53.454363,33.6            18.749073,53.454347,33.8            18.74908,53.454332,33.8            18.749088,53.45432,33.8            18.749092,53.454306,33.6            18.749092,53.454291,33.8            18.749089,53.454276,33.8            18.749092,53.454263,33.6            18.749097,53.45425,33.6            18.7491,53.454237,33.6            18.749105,53.454221,33.6            18.749111,53.454205,33.6            18.749118,53.454189,33.6            18.74912,53.454175,33.6            18.749125,53.454158,33.6            18.749125,53.45414,33.4            18.749127,53.454125,33.4            18.749132,53.454109,33.4            18.749136,53.454093,33.4            18.749138,53.454078,33.4            18.749138,53.454058,33.4            18.749138,53.454043,33.4            18.749139,53.454026,33.4            18.749139,53.454009,33.4            18.749135,53.453993,33.4            18.749135,53.453978,33.4            18.749139,53.45396,33.4            18.74914,53.453945,33.4            18.749141,53.45393,33.4            18.749145,53.453913,33.4            18.749141,53.453897,33.4            18.749138,53.453882,33.4            18.74914,53.453872,33.4            18.749139,53.453856,33.4            18.749136,53.453841,33.4            18.749135,53.453826,33.4            18.749139,53.453811,33.4            18.749141,53.453793,33.4            18.749145,53.453775,33.4            18.749149,53.45376,33.4            18.749155,53.453741,33.4            18.749156,53.453723,33.4            18.749155,53.453708,33.4            18.749156,53.453692,33.4            18.749161,53.453675,33.2            18.749163,53.453657,33.2            18.749162,53.45364,33.2            18.749164,53.453624,33.2            18.749164,53.453608,33.2            18.749164,53.453595,33.2            18.749164,53.45358,33.2            18.749158,53.453565,33.4            18.749159,53.453551,33.2            18.749164,53.453536,33.2            18.749166,53.45352,33.2            18.74917,53.453506,33.2            18.749174,53.453491,33.2            18.749174,53.453476,33.2            18.749173,53.453459,33.2            18.749178,53.453441,33.2            18.749181,53.453425,33            18.749179,53.453408,33            18.74918,53.453392,33            18.749185,53.453372,33            18.749188,53.453357,33            18.749188,53.453342,33            18.749184,53.453328,33            18.749185,53.453313,33            18.74919,53.453298,32.8            18.749193,53.453283,32.8            18.749191,53.453267,32.8            18.749191,53.453251,32.8            18.749191,53.453236,32.8            18.749194,53.45322,32.8            18.749193,53.453206,32.8            18.74919,53.453192,32.8            18.74919,53.453176,32.8            18.749187,53.453161,32.8            18.749183,53.453147,32.8            18.749178,53.453131,32.8            18.749183,53.453112,32.6            18.749193,53.453094,32.6            18.749198,53.453077,32.6            18.749203,53.453059,32.6            18.749209,53.453041,32.4            18.749214,53.453024,32.4            18.749218,53.453008,32.4            18.749219,53.45299,32.4            18.749223,53.452973,32.2            18.749227,53.452955,32.2            18.749232,53.452939,32.2            18.749236,53.452923,32.2            18.749238,53.452906,32.2            18.749243,53.452888,32            18.749249,53.452874,32            18.749254,53.45286,32            18.749254,53.452843,32            18.749255,53.452829,32            18.749252,53.452814,32            18.749252,53.452801,32            18.749256,53.452788,31.8            18.749262,53.452775,31.8            18.749263,53.452759,31.8            18.749263,53.452743,31.8            18.749264,53.452728,31.8            18.749264,53.452712,31.8            18.749266,53.452697,31.8            18.749268,53.452683,31.6            18.749271,53.45267,31.6            18.749273,53.452657,31.6            18.749274,53.452641,31.4            18.749276,53.452624,31.4            18.749277,53.452607,31.2            18.749276,53.452591,31.2            18.749279,53.452574,31            18.749282,53.452556,31            18.749281,53.452539,31            18.749283,53.452523,31            18.749287,53.452508,31            18.749286,53.452491,31            18.749288,53.452474,31            18.74929,53.45246,31            18.749292,53.452442,31            18.749299,53.45243,31            18.749311,53.452421,31.2            18.749322,53.452413,31.2            18.749339,53.45241,31.2            18.749355,53.452413,31.2            18.749374,53.452416,31.2            18.749397,53.452422,31.2            18.749425,53.452424,31            18.749446,53.45243,30.8            18.749469,53.452435,30.6            18.749492,53.452437,30.4            18.749517,53.452439,30.2            18.749545,53.452443,30            18.749569,53.452449,29.8            18.749595,53.452455,29.6            18.749618,53.452458,29.4            18.749635,53.452462,29.4            18.749653,53.452462,29.2            18.749677,53.452463,29            18.749702,53.452465,28.8            18.749728,53.452468,28.6            18.749754,53.452464,28.6            18.74978,53.452462,28.4            18.749808,53.452462,28.2            18.749838,53.452461,28            18.749864,53.452461,27.8            18.749893,53.452466,27.6            18.74992,53.452469,27.4            18.749946,53.45247,27.2            18.749975,53.452474,27            18.750019,53.452476,26.6            18.750052,53.452477,26.6            18.750084,53.452476,26.6            18.750116,53.452477,26.8            18.750142,53.45248,26.8            18.750166,53.452481,26.8            18.750185,53.452478,27            18.750209,53.452479,27            18.750239,53.452482,27            18.750266,53.452489,26.8            18.750297,53.452494,26.8            18.750316,53.452492,26.8            18.750343,53.452492,26.8            18.750374,53.452494,26.8            18.750407,53.452499,26.8            18.750436,53.452507,26.6            18.750463,53.45251,26.6            18.750488,53.452515,26.6            18.750511,53.452516,26.6            18.750538,53.45252,26.6            18.750568,53.452528,26.4            18.750596,53.452528,26.4            18.750622,53.452528,26.4            18.750647,53.452528,26.4            18.75067,53.452531,26.4            18.750694,53.452532,26.4            18.750718,53.452534,26.4            18.750744,53.452535,26.4            18.750768,53.452537,26.4            18.750791,53.45254,26.2            18.750816,53.452542,26.2            18.75084,53.452543,26.2            18.750863,53.452548,26.2            18.75089,53.452552,26.2            18.750914,53.452552,26.2            18.750939,53.452548,26.2            18.750964,53.452548,26.2            18.750992,53.452552,26            18.751017,53.452555,26            18.751043,53.45256,26            18.751069,53.452566,26            18.751096,53.452568,26            18.751118,53.452572,26            18.751143,53.452576,26            18.751164,53.452582,25.8            18.751188,53.452592,25.8            18.751211,53.452591,25.8            18.751232,53.452596,25.8            18.751259,53.452595,25.8            18.751289,53.452591,26            18.75132,53.452593,26            18.751351,53.452596,26            18.751376,53.452596,26            18.751412,53.452591,26            18.751445,53.452588,26.2            18.75147,53.452588,26.2            18.751492,53.452589,26.2            18.751524,53.452584,26.4            18.751555,53.452581,26.4            18.751585,53.452577,26.4            18.751616,53.452575,26.4            18.751649,53.452576,26.6            18.751681,53.452577,26.6            18.751712,53.452575,26.6            18.751742,53.452571,26.6            18.751767,53.452566,26.8            18.751794,53.452565,26.8            18.751825,53.452564,26.6            18.751854,53.452557,26.6            18.751878,53.452554,26.6            18.751905,53.452549,26.6            18.751934,53.452546,26.8            18.751967,53.452545,26.8            18.751998,53.452549,26.8            18.752032,53.45255,26.8            18.752062,53.452551,26.8            18.75209,53.45255,27            18.752123,53.452556,27            18.75215,53.45256,27            18.752175,53.452565,27            18.752202,53.452564,27            18.752226,53.452566,27            18.752254,53.452567,27            18.752282,53.452568,27            18.752309,53.452567,27            18.752337,53.452563,27.2            18.752366,53.452563,27.2            18.752395,53.452561,27.2            18.752424,53.452561,27.2            18.75245,53.452562,27.2            18.752472,53.452561,27.4            18.752496,53.452554,27.4            18.75252,53.452552,27.4            18.752543,53.452553,27.4            18.752566,53.452556,27.4            18.752589,53.452555,27.4            18.752616,53.452558,27.4            18.752647,53.452556,27.4            18.752675,53.452553,27.4            18.7527,53.452554,27.2            18.752727,53.452554,27.2            18.752751,53.452556,27.4            18.752774,53.45256,27.4            18.752797,53.452563,27.4            18.752817,53.452565,27.4            18.75284,53.452567,27.6            18.752863,53.452566,27.6            18.752886,53.452566,27.6            18.752907,53.452567,27.6            18.752926,53.452567,27.8            18.752944,53.452564,27.8            18.752965,53.452562,27.8            18.752987,53.45256,28            18.753009,53.452559,28            18.753036,53.452557,28            18.753065,53.452561,28            18.753095,53.452567,28.2            18.753123,53.452574,28.2            18.753147,53.452582,28.2            18.753171,53.452587,28.2            18.753198,53.452592,28.4            18.753228,53.452595,28.4            18.753253,53.452596,28.4            18.753284,53.452591,28.6            18.753313,53.452593,28.6            18.753342,53.452593,28.6            18.753367,53.452591,28.8            18.753395,53.452584,28.8            18.753428,53.452584,29            18.753456,53.452578,29            18.753487,53.452574,29            18.75352,53.452575,28.8            18.753555,53.452574,28.8            18.753587,53.452576,29            18.753618,53.452574,29            18.753643,53.452572,29            18.753665,53.452566,29            18.753695,53.452564,29.2            18.753722,53.452562,29.2            18.753752,53.452562,29.2            18.753796,53.452559,29.4            18.753823,53.452562,29.4            18.753856,53.452556,29.6            18.753878,53.452556,29.6            18.753904,53.452556,29.6            18.753932,53.45256,29.6            18.753963,53.452562,29.8            18.753986,53.452561,29.8            18.75402,53.452558,30            18.754066,53.452557,30            18.754106,53.452555,30.2            18.754141,53.452554,30.2            18.75417,53.452557,30.2            18.754192,53.452558,30.4            18.754224,53.452561,30.4            18.754261,53.452561,30.4            18.754297,53.452557,30.6            18.754326,53.452557,30.6            18.754354,53.452561,30.8            18.754383,53.452564,30.8            18.75441,53.452574,31            18.75444,53.452578,31            18.754472,53.452574,31.2            18.754497,53.452572,31.2            18.754528,53.452581,31.4            18.754557,53.452586,31.4            18.754587,53.452593,31.6            18.754615,53.452596,31.8            18.754645,53.4526,31.8            18.754679,53.452602,32            18.754705,53.452601,32            18.754729,53.452603,32.2            18.754757,53.452607,32.2            18.754779,53.452606,32.4            18.754808,53.452604,32.4            18.754838,53.452601,32.6            18.754868,53.452601,32.6            18.754895,53.452599,32.8            18.754921,53.452601,32.8            18.754942,53.452604,33            18.754964,53.452602,33            18.754992,53.452601,33            18.75502,53.4526,33.2            18.755052,53.452603,33.2            18.755079,53.452603,33.4            18.755101,53.452598,33.4            18.755125,53.452597,33.6            18.755153,53.452598,33.6            18.755178,53.452598,33.8            18.755206,53.452601,33.8            18.755238,53.452606,33.8            18.755265,53.452612,33.8            18.755288,53.452614,33.8            18.755316,53.452619,33.8            18.755342,53.452623,33.8            18.755369,53.452624,33.8            18.755397,53.452626,33.8            18.755419,53.452631,33.8            18.755439,53.452637,34            18.755452,53.452644,34            18.755464,53.452655,34            18.755471,53.452667,34            18.755473,53.452672,34            18.755484,53.452686,34            18.755495,53.452696,34            18.755498,53.452704,34.2            18.755496,53.452715,34.2            18.755491,53.452724,34.2            18.755488,53.452733,34.2            18.755485,53.45274,34.2            18.755482,53.452754,34.2            18.75548,53.452767,34.2            18.755479,53.45278,34.2            18.755478,53.452793,34.4            18.755478,53.452811,34.4            18.755477,53.452826,34.4            18.755477,53.452836,34.4            18.755476,53.452845,34.4            18.755476,53.452857,34.4            18.755478,53.45287,34.6            18.75548,53.452882,34.6            18.755481,53.452892,34.6            18.755475,53.452905,34.6            18.755468,53.452916,34.6            18.755462,53.452926,34.6            18.75546,53.452938,34.6            18.755457,53.452952,34.8            18.755456,53.452968,34.8            18.755448,53.45298,34.8            18.755443,53.452995,34.8            18.755442,53.453011,34.8            18.755439,53.453026,34.8            18.755436,53.453042,35            18.755432,53.453057,35            18.755428,53.453075,35            18.755428,53.453095,35            18.755428,53.453114,35            18.755424,53.453129,35.2            18.755424,53.453146,35.2            18.755423,53.453165,35.2            18.755421,53.453186,35.2            18.755422,53.453207,35.4            18.755419,53.453224,35.4            18.755418,53.453241,35.4            18.755421,53.453261,35.4            18.755424,53.453284,35.4            18.755424,53.453303,35.6            18.755421,53.453319,35.6            18.75542,53.453335,35.6            18.755422,53.453351,35.6            18.755425,53.453371,35.8            18.755425,53.453389,35.8            18.755423,53.453404,35.8            18.755422,53.453419,35.8            18.755422,53.453434,35.8            18.755421,53.45345,35.8            18.755418,53.453466,36            18.755414,53.453482,36            18.755407,53.453495,36            18.7554,53.453509,36            18.755394,53.453526,36            18.755389,53.453545,36            18.755387,53.453566,36            18.755383,53.453584,36.2            18.755374,53.453599,36.2            18.755366,53.453614,36.2            18.755362,53.453631,36.2            18.755357,53.453646,36.2            18.755356,53.453664,36.2            18.75536,53.453684,36.2            18.755362,53.453701,36.2            18.755363,53.453718,36.2            18.755363,53.453736,36.2            18.755359,53.453753,36.2            18.755352,53.453772,36.2            18.755344,53.45379,36.2            18.755338,53.453806,36.2            18.755332,53.453824,36.2            18.75532,53.453839,36.2            18.755311,53.453851,36.2            18.7553,53.453866,36.2            18.755293,53.453882,36.2            18.755292,53.453901,36            18.75529,53.453916,36            18.755291,53.453932,36            18.755291,53.45395,36            18.755291,53.453968,36            18.755288,53.453983,36            18.755285,53.453995,36            18.755279,53.454006,36            18.755277,53.454019,36            18.755272,53.454033,36            18.755267,53.454045,36            18.755262,53.454059,36            18.755258,53.454076,36            18.755254,53.454091,36            18.755252,53.45411,36            18.75525,53.454128,36            18.755251,53.454149,36            18.755249,53.454166,36            18.755242,53.454181,36            18.755231,53.454196,36            18.755223,53.45421,36            18.755223,53.454223,36            18.755214,53.454233,36            18.755206,53.454247,36            18.755197,53.454263,36            18.755195,53.454281,36            18.755196,53.454301,36            18.755188,53.454316,36            18.755185,53.454335,36            18.755187,53.454355,36            18.755187,53.454377,36            18.75519,53.454398,35.8            18.755188,53.454418,35.8            18.75519,53.454436,35.8            18.755194,53.454452,35.8            18.755194,53.454467,35.6            18.755199,53.454485,35.6            18.755201,53.454504,35.6            18.755196,53.454512,35.6            18.755191,53.454528,35.6            18.755185,53.454544,35.6            18.755172,53.45456,35.4            18.755163,53.454576,35.4            18.755155,53.454593,35.4            18.755143,53.454605,35.4            18.755132,53.454618,35.4            18.755118,53.454631,35.4            18.755114,53.454649,35.4            18.755112,53.454668,35.2            18.75511,53.454689,35.2            18.75511,53.45471,35.2            18.75511,53.454729,35.2            18.755109,53.454748,35.2            18.755112,53.454767,35            18.75511,53.454785,35            18.755104,53.454801,35            18.7551,53.454816,35            18.755095,53.454831,35            18.755088,53.454845,35            18.755078,53.454859,34.8            18.755075,53.454872,34.8            18.755079,53.454889,34.8            18.755074,53.454903,34.8            18.75507,53.454919,34.8            18.755064,53.454932,34.8            18.755063,53.454948,34.6            18.755063,53.454963,34.6            18.755063,53.454978,34.6            18.755062,53.454996,34.6            18.755057,53.455011,34.6            18.755059,53.455029,34.4            18.75506,53.455046,34.4            18.755061,53.455064,34.4            18.75506,53.455079,34.2            18.755057,53.455094,34.2            18.755053,53.455109,34.2            18.755052,53.455123,34.2            18.755055,53.455134,34            18.755061,53.455152,34            18.755058,53.455171,34            18.755054,53.455186,34            18.755049,53.4552,34            18.755041,53.455211,34            18.755039,53.455224,34            18.75504,53.45524,34            18.755038,53.455255,34.2            18.755039,53.455273,34.2            18.755038,53.455289,34.2            18.755042,53.455306,34.2            18.755044,53.455325,34.2            18.755035,53.455338,34.2            18.75503,53.455352,34.2            18.755024,53.455365,34.2            18.75502,53.455377,34.2            18.75502,53.455393,34.2            18.755013,53.455403,34.2            18.755002,53.455414,34.4            18.754993,53.455428,34.4            18.754988,53.455446,34.4            18.754983,53.455461,34.4            18.754978,53.455479,34.4            18.754975,53.455498,34.4            18.754971,53.455516,34.4            18.754967,53.455534,34.4            18.754965,53.455554,34.4            18.754964,53.455575,34.4            18.754968,53.455597,34.6            18.754964,53.455616,34.6            18.754957,53.455634,34.6            18.754958,53.455655,34.6            18.754962,53.455672,34.6            18.754969,53.455692,34.6            18.754971,53.455709,34.6            18.754969,53.455723,34.6            18.754967,53.455737,34.6            18.754965,53.455755,34.6            18.754962,53.455773,34.6            18.754961,53.455791,34.6            18.754956,53.455808,34.6            18.754951,53.455823,34.6            18.754947,53.455841,34.6            18.754938,53.455853,34.6            18.754935,53.455866,34.4            18.754935,53.455881,34.4            18.754934,53.455898,34.4            18.754934,53.455917,34.4            18.754934,53.455937,34.4            18.754936,53.455959,34.4            18.754939,53.455977,34.4            18.754947,53.456,34.4            18.754947,53.456021,34.4            18.754943,53.456035,34.4            18.754944,53.456053,34.4            18.754944,53.45607,34.4            18.754941,53.456086,34.4            18.75494,53.456102,34.4            18.75494,53.456117,34.4            18.754943,53.456135,34.4            18.75494,53.456149,34.4            18.754936,53.456161,34.4            18.754927,53.456169,34.4            18.75492,53.456183,34.4            18.754914,53.456197,34.2            18.75491,53.456212,34.2            18.75491,53.456226,34.2            18.754906,53.456242,34.2            18.754905,53.45626,34.2            18.754903,53.456276,34.2            18.754904,53.456291,34.2            18.754904,53.456308,34.2            18.754901,53.456325,34.2            18.754897,53.456337,34.2            18.754894,53.45635,34.2            18.754895,53.456366,34.2            18.754892,53.456381,34.2            18.754886,53.456398,34.2            18.754879,53.45641,34.2            18.754871,53.456423,34.2            18.754862,53.456441,34.2            18.754851,53.456454,34.2            18.754844,53.456469,34.2            18.75484,53.456484,34.2            18.754836,53.456503,34.2            18.754837,53.456519,34.2            18.754837,53.456537,34.4            18.754836,53.456554,34.4            18.754834,53.45657,34.4            18.75484,53.456591,34.4            18.754838,53.456608,34.4            18.754838,53.456627,34.6            18.754843,53.456649,34.6            18.754845,53.45667,34.6            18.754848,53.456689,34.6            18.754846,53.456706,34.8            18.754846,53.456723,34.8            18.75485,53.456739,34.8            18.754851,53.456753,34.8            18.75485,53.456769,34.8            18.754848,53.456787,35            18.754847,53.456808,35            18.754841,53.456825,35            18.754838,53.456844,35            18.754832,53.456863,35            18.754825,53.456879,35            18.754821,53.456895,35            18.754821,53.456917,35.2            18.754823,53.456936,35.2            18.754826,53.456952,35.2            18.754825,53.456969,35.2            18.754822,53.456985,35.2            18.754822,53.457004,35.2            18.754817,53.457027,35.2            18.754814,53.457042,35.2            18.754813,53.457055,35.2            18.754814,53.457068,35.2            18.754814,53.457083,35.4            18.754814,53.4571,35.4            18.75481,53.457116,35.4            18.754806,53.457131,35.4            18.754804,53.457147,35.4            18.754805,53.457164,35.4            18.754806,53.457179,35.4            18.754806,53.457193,35.4            18.754804,53.457207,35.4            18.754801,53.457221,35.4            18.7548,53.457238,35.4            18.754804,53.457253,35.6            18.754802,53.457268,35.6            18.754802,53.457285,35.6            18.754803,53.457303,35.6            18.754803,53.45732,35.6            18.7548,53.457339,35.8            18.754797,53.457356,35.8            18.754789,53.457368,35.8            18.75478,53.457378,35.8            18.754775,53.457392,35.8            18.75477,53.457412,36            18.754766,53.45743,36            18.754772,53.457446,36            18.754772,53.45746,36            18.754769,53.457478,36            18.754768,53.457492,36.2            18.754767,53.457506,36.2            18.754761,53.457519,36.2            18.754751,53.457531,36.2            18.754746,53.457546,36.2            18.754739,53.457566,36.4            18.754734,53.457585,36.4            18.754727,53.457601,36.4            18.754718,53.45762,36.4            18.754707,53.457635,36.6            18.754696,53.457649,36.6            18.754683,53.457666,36.6            18.754677,53.457682,36.6            18.754671,53.457697,36.6            18.754663,53.457716,36.6            18.754656,53.457738,36.6            18.754653,53.457758,36.6            18.754648,53.457776,36.6            18.754642,53.457798,36.6            18.754638,53.457818,36.6            18.754629,53.457835,36.6            18.754627,53.457852,36.6            18.754626,53.457868,36.8            18.754625,53.457885,36.8            18.754623,53.457903,36.8            18.754625,53.457922,36.8            18.754626,53.457937,36.6            18.754625,53.457952,36.8            18.754621,53.457968,36.8            18.754619,53.457981,36.8            18.754617,53.457995,36.8            18.754615,53.458007,36.8            18.754613,53.45802,36.8            18.75461,53.458037,36.8            18.754607,53.458054,36.8            18.754603,53.458073,36.8            18.754599,53.458093,36.8            18.75459,53.458107,36.8            18.754583,53.458121,36.8            18.754581,53.458136,36.8            18.754573,53.458147,36.8            18.75457,53.45816,36.8            18.754566,53.458175,36.8            18.754565,53.45819,36.8            18.754567,53.458205,36.8            18.754567,53.458222,36.8            18.754569,53.458243,36.8            18.75457,53.45826,36.8            18.754572,53.458279,36.8            18.754575,53.458297,36.8            18.754576,53.458314,36.8            18.754581,53.458333,36.8            18.754584,53.458351,36.8            18.754583,53.458366,36.8            18.75458,53.458379,36.8            18.754576,53.458389,36.8            18.754571,53.4584,36.8            18.754573,53.458411,36.8            18.754573,53.458423,36.8            18.754571,53.458434,36.8            18.754569,53.458447,36.8            18.754567,53.458461,36.8            18.754565,53.458475,36.8            18.754565,53.458491,36.8            18.75456,53.458501,36.8            18.75456,53.458515,36.8            18.754561,53.458528,36.8            18.754558,53.458544,36.8            18.754553,53.458557,36.8            18.754548,53.458571,36.8            18.754544,53.458586,36.8            18.754541,53.458603,36.8            18.754533,53.458622,36.8            18.754525,53.458641,36.8            18.754521,53.458659,36.8            18.75452,53.458676,36.8            18.754518,53.458692,36.8            18.754515,53.458709,36.8            18.754513,53.458726,36.8            18.754512,53.458739,36.8            18.754512,53.458752,36.8            18.754511,53.458767,36.8            18.754509,53.458779,36.8            18.754507,53.458794,36.8            18.754501,53.458813,36.8            18.754495,53.45883,36.8            18.754493,53.458846,36.8            18.754491,53.458867,36.8            18.754487,53.458885,36.8            18.754486,53.458902,36.8            18.754484,53.458918,36.8            18.754482,53.458934,36.8            18.754477,53.458947,36.8            18.754469,53.458963,36.8            18.754463,53.458977,36.8            18.75446,53.458993,36.8            18.754459,53.459013,37            18.754458,53.459027,37            18.754459,53.459043,37            18.754457,53.459061,37            18.754453,53.459078,37            18.754453,53.459093,37            18.754453,53.459112,37            18.754457,53.45913,37            18.754456,53.459149,37            18.754458,53.459171,37            18.754451,53.459187,37            18.754448,53.459203,37            18.754448,53.459221,37            18.754446,53.459238,37            18.754443,53.459256,37            18.754441,53.459274,37            18.754438,53.459292,37            18.754435,53.459308,37            18.754432,53.459327,37            18.754433,53.459349,37            18.754438,53.45937,37            18.754441,53.459386,37            18.754443,53.459402,37            18.754446,53.459419,37            18.754454,53.459436,37            18.754455,53.459449,37            18.754452,53.459464,37            18.754447,53.459486,36.8            18.754441,53.459507,36.8            18.754439,53.459528,36.8            18.754433,53.459541,36.8            18.754422,53.459553,36.8            18.754411,53.459562,36.8            18.754391,53.459567,36.8            18.754371,53.459571,36.8            18.754345,53.459568,36.8            18.75432,53.459565,36.8            18.754297,53.45956,36.8            18.754271,53.459558,36.8            18.754244,53.459554,36.8            18.75422,53.45955,36.8            18.754197,53.459546,36.8            18.754176,53.459542,36.8            18.754153,53.459543,36.8            18.75413,53.459547,36.8            18.754104,53.459548,36.8            18.754081,53.459545,36.8            18.754058,53.459544,36.8            18.754032,53.459546,36.8            18.75401,53.459549,36.8            18.753988,53.459549,36.8            18.753968,53.459552,36.8            18.753944,53.459555,36.8            18.753926,53.459556,36.8            18.753908,53.459559,36.8            18.753884,53.459566,36.8            18.753857,53.459563,36.8            18.753834,53.459557,36.8            18.753813,53.459557,36.8            18.753783,53.459555,36.8            18.753756,53.459553,36.8            18.753729,53.45955,36.8            18.753706,53.459547,36.8            18.753685,53.459547,36.8            18.753659,53.459552,36.8            18.753627,53.459553,36.8            18.753598,53.459548,36.8            18.753577,53.459542,36.8            18.753555,53.459537,36.8            18.753535,53.459539,36.8            18.753512,53.459537,36.8            18.753489,53.459536,36.8            18.753466,53.459537,36.8            18.753446,53.459535,36.8            18.753427,53.459531,36.8            18.753404,53.45953,36.8            18.753378,53.459529,36.8            18.753355,53.459528,36.8            18.753326,53.459524,36.8            18.753297,53.459519,36.8            18.753272,53.459516,36.8            18.753245,53.459512,36.8            18.75322,53.459507,36.8            18.753191,53.459507,36.8            18.75316,53.459501,36.8            18.753133,53.459498,36.8            18.753107,53.459492,36.8            18.753073,53.459483,36.8            18.753046,53.459482,36.8            18.753025,53.459482,36.8            18.753,53.459483,36.8            18.75298,53.459484,36.8            18.752953,53.459482,36.8            18.752932,53.45948,36.8            18.752907,53.459481,36.8            18.752886,53.459485,36.8            18.752863,53.459488,36.8            18.752835,53.459489,36.8            18.752806,53.45949,36.8            18.752779,53.459491,36.8            18.752749,53.459491,36.8            18.75272,53.45949,36.8            18.752694,53.459488,36.8            18.752661,53.459481,36.8            18.752629,53.459479,36.8            18.752596,53.459481,36.8            18.752566,53.459481,36.8            18.752539,53.459479,36.8            18.75251,53.459475,36.8            18.752482,53.459472,36.8            18.752448,53.459473,36.8            18.752416,53.459477,36.8            18.752382,53.459478,36.8            18.752349,53.459482,36.8            18.752318,53.459486,36.8            18.75228,53.459485,36.8            18.752249,53.459485,36.8            18.752221,53.459487,36.8            18.75219,53.459483,36.8            18.75216,53.459482,36.8            18.752131,53.45948,36.8            18.752105,53.459474,36.8            18.752077,53.459472,36.8            18.752046,53.45947,36.8            18.752022,53.45947,36.8            18.751998,53.459471,36.8            18.751976,53.459472,36.8            18.751955,53.459469,36.8            18.751937,53.459466,36.8            18.751916,53.459466,36.8            18.751888,53.459464,36.8            18.751862,53.459462,36.8            18.751839,53.459462,36.8            18.751813,53.459462,36.6            18.751781,53.459462,36.6            18.751753,53.459462,36.6            18.751725,53.459465,36.4            18.751701,53.459464,36.4            18.751672,53.459461,36.4            18.751638,53.459461,36.2            18.751604,53.459461,36.2            18.751574,53.459461,36.2            18.751546,53.459463,36            18.751525,53.459462,36            18.7515,53.45946,36            18.751476,53.459456,35.8            18.751452,53.459455,35.8            18.751428,53.459452,35.8            18.7514,53.459453,35.8            18.751373,53.459456,35.6            18.751352,53.459458,35.6            18.751336,53.459464,35.6            18.751313,53.459464,35.4            18.751288,53.459461,35.4            18.751264,53.459459,35.4            18.751238,53.459456,35.4            18.751216,53.45945,35.2            18.751195,53.459446,35.2            18.75117,53.459442,35.2            18.751147,53.459439,35.2            18.751123,53.459435,35.2            18.751096,53.459429,35.2            18.751065,53.459427,35.2            18.751034,53.459427,35            18.751002,53.459426,35            18.750975,53.459426,35            18.750949,53.459424,34.8            18.750924,53.459419,34.8            18.750899,53.459418,34.8            18.750881,53.459416,34.8            18.750857,53.459413,34.6            18.750835,53.459416,34.6            18.750812,53.459414,34.6            18.750784,53.459418,34.4            18.750762,53.459426,34.4            18.750748,53.459434,34.4            18.750727,53.459436,34.4            18.750701,53.459436,34.4            18.75067,53.45944,34.2            18.750639,53.45944,34.2            18.750607,53.45944,34            18.750571,53.459443,34            18.750536,53.45944,34            18.750504,53.459441,33.8            18.750475,53.459443,33.8            18.750449,53.459445,33.8            18.750425,53.459446,33.6            18.750397,53.459445,33.6            18.750369,53.459446,33.6            18.750338,53.459444,33.4            18.750312,53.459445,33.4            18.750283,53.459442,33.4            18.750251,53.45944,33.4            18.75022,53.459442,33.4            18.750187,53.459442,33.4            18.750153,53.459441,33.4            18.750126,53.459442,33.6            18.7501,53.459445,33.6            18.75007,53.459439,33.6            18.750044,53.459436,33.6            18.750022,53.459434,33.6            18.750004,53.459428,33.6            18.749982,53.459425,33.6            18.749958,53.459426,33.6            18.749934,53.459425,33.6            18.749913,53.459428,33.8            18.749896,53.459433,33.8            18.749876,53.459431,33.8            18.749854,53.459428,33.8            18.749835,53.459429,33.8            18.749806,53.459426,33.8            18.749777,53.459422,33.8            18.749746,53.459425,34            18.749716,53.459427,34            18.749692,53.459428,34            18.749671,53.459426,34            18.749644,53.459428,34            18.749617,53.459428,34            18.749593,53.459426,34            18.749571,53.459428,34.2            18.749545,53.459425,34.2            18.749517,53.459422,34.2            18.749487,53.45942,34.2            18.749456,53.459416,34.2            18.749428,53.459411,34.2            18.749401,53.459411,34.2            18.749378,53.459412,34.2            18.749351,53.459417,34.2            18.749323,53.459417,34.2            18.749297,53.459422,34.2            18.749265,53.459424,34.2            18.74924,53.459426,34.2            18.749211,53.459426,34.2            18.749177,53.459422,34.2            18.749146,53.459423,34.2            18.749113,53.459419,34.2            18.74909,53.459417,34.2            18.74906,53.459413,34.2            18.749036,53.45941,34            18.74901,53.459407,34            18.748982,53.459405,34            18.748952,53.459404,34            18.748925,53.459402,34            18.748899,53.459401,34            18.74887,53.459394,34            18.748841,53.459393,34            18.748806,53.459386,34            18.74878,53.459384,34            18.748757,53.45938,34            18.74873,53.459377,34            18.748702,53.459376,34            18.748679,53.459371,34            18.748661,53.459367,34            18.748638,53.459357,34            18.748609,53.459351,34            18.748583,53.459344,34            18.748556,53.459342,34            18.748524,53.459346,34            18.748499,53.459344,34            18.748475,53.459341,34            18.74845,53.45934,34.2            18.748429,53.45934,34.2            18.748406,53.45934,34.2            18.748383,53.459338,34.2            18.748361,53.459335,34.2            18.748341,53.459335,34.2            18.748314,53.459332,34.2            18.748289,53.459332,34.4            18.74827,53.459335,34.4            18.748252,53.459335,34.4            18.748228,53.459329,34.4            18.748197,53.459323,34.4            18.748161,53.459317,34.4            18.748131,53.459319,34.4            18.748107,53.459322,34.6            18.748085,53.459327,34.6            18.748065,53.459333,34.6            18.74804,53.459332,34.6            18.748008,53.459331,34.6            18.747974,53.45933,34.6            18.747939,53.459332,34.8            18.747906,53.459334,34.8            18.747878,53.459336,34.8            18.747855,53.459338,34.8            18.747836,53.459342,34.8            18.747811,53.459339,34.8            18.747787,53.459341,35            18.747764,53.45934,35            18.747736,53.459337,35            18.747713,53.459338,35            18.747694,53.459335,35            18.747675,53.459332,35            18.747655,53.459328,35            18.747639,53.459323,35            18.747634,53.459322,35            18.747583,53.459318,35            18.747547,53.459316,35            18.747509,53.459317,35            18.747473,53.459318,35            18.747439,53.459315,35            18.74741,53.459315,35            18.74738,53.459316,35            18.747354,53.459318,35            18.747329,53.459319,35            18.747305,53.459319,35            18.747277,53.459316,35            18.747249,53.459315,35            18.747224,53.459319,35            18.747195,53.459317,35            18.747167,53.459315,35            18.747138,53.45931,35            18.747102,53.459302,35            18.747072,53.4593,35            18.747049,53.459303,35            18.747029,53.459304,35            18.747011,53.459307,35            18.746994,53.459311,35            18.746975,53.459315,35            18.746959,53.459318,35            18.746933,53.459316,35            18.746905,53.459317,35            18.746876,53.459321,35            18.746838,53.459315,35            18.746808,53.459312,35            18.746776,53.459306,35            18.746751,53.459302,35.2            18.746718,53.459294,35.2            18.746687,53.459296,35.2            18.746661,53.459297,35.2            18.746634,53.459296,35.2            18.746611,53.4593,35.2            18.746581,53.459303,35.4            18.746559,53.459308,35.4            18.746538,53.459312,35.4            18.746517,53.459317,35.4            18.746494,53.459318,35.4            18.746476,53.45932,35.4            18.746458,53.459323,35.4            18.746431,53.459322,35.6            18.746404,53.459317,35.6            18.746385,53.459316,35.6            18.746362,53.459315,35.6            18.746342,53.45931,35.6            18.746313,53.459318,35.6            18.746287,53.459319,35.6            18.746262,53.45932,35.8            18.746232,53.459319,35.8            18.746205,53.459313,35.8            18.746178,53.459309,35.8            18.74615,53.459305,35.8            18.746123,53.459302,35.8            18.746097,53.459302,36            18.746075,53.459301,36            18.746055,53.459299,36            18.746036,53.4593,36            18.746019,53.4593,36            18.74599,53.459307,36            18.745953,53.45931,36            18.745911,53.459305,36.2            18.745889,53.459303,36.2            18.745863,53.459304,36.2            18.745836,53.459303,36.2            18.745801,53.459297,36.2            18.745775,53.459294,36.2            18.745741,53.459293,36.2            18.745719,53.45929,36.2            18.745699,53.459289,36.4            18.745672,53.459289,36.4            18.745638,53.459283,36.4            18.745611,53.459275,36.4            18.745583,53.459264,36.4            18.745562,53.459263,36.4            18.745541,53.459264,36.4            18.745518,53.459263,36.4            18.745496,53.459261,36.4            18.74547,53.459255,36.6            18.745446,53.459251,36.6            18.745422,53.459243,36.6            18.745398,53.459241,36.6            18.745372,53.45924,36.6            18.745343,53.459239,36.6            18.745316,53.459242,36.6            18.745295,53.459244,36.6            18.745269,53.459246,36.8            18.74524,53.459241,36.8            18.74521,53.459236,36.8            18.745175,53.45924,36.8            18.745151,53.459239,36.8            18.745129,53.459242,36.8            18.745104,53.459243,36.8            18.745078,53.459247,36.8            18.745048,53.459252,36.8            18.745017,53.459249,36.6            18.744982,53.459242,36.6            18.744954,53.45924,36.6            18.744928,53.459239,36.6            18.744896,53.459229,36.6            18.744869,53.459222,36.4            18.744845,53.459218,36.4            18.744818,53.459214,36.4            18.744786,53.459214,36.4            18.744763,53.459215,36.4            18.74474,53.459218,36.4            18.744721,53.459223,36.2            18.744693,53.459229,36.2            18.744668,53.459234,36.2            18.744642,53.459233,36.2            18.744621,53.459233,36.2            18.744603,53.459238,36.2            18.744587,53.459241,36.2            18.744561,53.459239,36.2            18.744535,53.459238,36            18.744502,53.459236,36            18.744474,53.459237,36            18.744451,53.459236,36            18.744419,53.459238,36            18.744394,53.459239,36            18.744355,53.45924,35.8            18.744317,53.459245,36            18.744278,53.459246,35.8            18.74423,53.459237,35.8            18.744197,53.459235,35.8            18.744168,53.459231,35.8            18.744132,53.459224,35.8            18.744094,53.459217,35.6            18.744064,53.459211,35.6            18.744034,53.459212,35.6            18.744007,53.45921,35.6            18.743983,53.459205,35.6            18.743963,53.459204,35.6            18.743944,53.459202,35.4            18.743922,53.459199,35.4            18.743897,53.459194,35.4            18.743878,53.459191,35.4            18.743856,53.459185,35.4            18.743835,53.459184,35.4            18.743819,53.45919,35.4            18.743804,53.459199,35.4            18.743789,53.45921,35.2            18.743783,53.459225,35.2            18.743784,53.459239,35.2            18.74379,53.45925,35.2            18.743805,53.459259,35.4            18.743826,53.459269,35.4            18.743843,53.459284,35.4            18.743858,53.459298,35.4            18.743873,53.459311,35.4            18.743888,53.459322,35.4            18.743904,53.459334,35.4            18.743919,53.459343,35.4            18.743936,53.459352,35.4            18.743951,53.459359,35.4            18.743965,53.459368,35.4            18.743982,53.459381,35.4            18.744,53.459395,35.4            18.744023,53.459411,35.4            18.744042,53.459424,35.4            18.744059,53.459439,35.4            18.744074,53.459451,35.4            18.744087,53.459461,35.4            18.744102,53.459473,35.4            18.744118,53.459484,35.6            18.744134,53.459499,35.6            18.744148,53.459507,35.6            18.744163,53.459521,35.6            18.74418,53.459534,35.6            18.744195,53.459544,35.6            18.744212,53.459552,35.6            18.74423,53.459562,35.6            18.744244,53.459573,35.6            18.744255,53.45958,35.6            18.744267,53.459585,35.6            18.744281,53.459593,35.6            18.744296,53.459603,35.6            18.744318,53.459618,35.6            18.74434,53.45963,35.6            18.744362,53.459638,35.6            18.744379,53.459645,35.6            18.744402,53.459653,35.8            18.744425,53.459665,35.8            18.744442,53.459675,35.8            18.744464,53.459693,35.8            18.744488,53.459709,36            18.744513,53.459725,36            18.744539,53.459734,36.2            18.744562,53.459746,36.2            18.744581,53.459754,36.2            18.744598,53.459758,36.2            18.744614,53.459772,36.4            18.744634,53.459781,36.4            18.744653,53.459792,36.4            18.744671,53.4598,36.4            18.74469,53.459814,36.6            18.744711,53.459826,36.6            18.744731,53.459835,36.6            18.744753,53.459838,36.8            18.744775,53.459844,36.8            18.744793,53.45985,36.8            18.744808,53.459861,37            18.744836,53.459869,37            18.744862,53.459876,37            18.744884,53.459883,37.2            18.744903,53.45989,37.2            18.744927,53.459898,37.4            18.744956,53.459903,37.4            18.744977,53.459909,37.4            18.744993,53.459915,37.4            18.745008,53.459922,37.4            18.745023,53.459927,37.4            18.745043,53.459935,37.6            18.745068,53.459947,37.6            18.745092,53.459957,37.6            18.745113,53.459962,37.6            18.745141,53.459971,37.6            18.745163,53.459984,37.8            18.745182,53.459996,37.8            18.745206,53.46001,37.8            18.74523,53.460027,37.8            18.745251,53.460041,37.8            18.745265,53.460052,37.8            18.745278,53.460063,37.8            18.745293,53.460069,37.8            18.745312,53.460072,37.8            18.745336,53.460077,37.8            18.745353,53.460086,37.8            18.745371,53.4601,37.8            18.745392,53.460112,37.8            18.745407,53.460122,37.8            18.745427,53.460135,37.8            18.745449,53.460149,37.6            18.745469,53.460157,37.6            18.745485,53.460164,37.6            18.745509,53.460178,37.6            18.745533,53.460193,37.6            18.745557,53.460207,37.6            18.74558,53.460219,37.4            18.745605,53.460228,37.4            18.745632,53.460236,37.4            18.745656,53.460245,37.4            18.745676,53.460259,37.4            18.745698,53.460268,37.2            18.745718,53.460274,37.2            18.745739,53.460287,37.2            18.745758,53.460301,37.2            18.745774,53.460312,37.2            18.745788,53.460334,37            18.745809,53.460352,37            18.745831,53.460368,37            18.74585,53.460381,37            18.745868,53.460393,37            18.745886,53.460405,36.8            18.745903,53.460417,36.8            18.745923,53.460428,36.8            18.745943,53.460442,36.8            18.745964,53.460455,36.8            18.745989,53.46047,36.6            18.746011,53.460486,36.6            18.746042,53.460502,36.6            18.746069,53.460517,36.6            18.746093,53.460526,36.6            18.746113,53.460532,36.6            18.746136,53.460536,36.6            18.74616,53.460547,36.6            18.746186,53.460555,36.8            18.746213,53.460562,36.8            18.746245,53.460568,36.8            18.746268,53.460578,36.8            18.746287,53.460584,36.8            18.74631,53.460593,36.8            18.746332,53.4606,36.8            18.746354,53.460604,36.8            18.746375,53.460614,36.8            18.746397,53.46063,36.8            18.746415,53.460642,36.8            18.746432,53.460651,36.8            18.746448,53.460661,36.8            18.746464,53.460675,36.8            18.74648,53.460689,36.8            18.746494,53.460704,36.8            18.746504,53.460717,36.8            18.746521,53.46073,36.8            18.746538,53.460743,36.8            18.746556,53.460754,37            18.746576,53.46076,37            18.746595,53.460768,37            18.746613,53.460778,37            18.746633,53.460789,37            18.746661,53.460798,37            18.74668,53.460808,37            18.746704,53.460821,37            18.746722,53.460832,37            18.746739,53.460845,37            18.746763,53.460859,37            18.746781,53.460869,37            18.7468,53.460879,37            18.746818,53.460892,37            18.746831,53.460903,37            18.746843,53.460911,37            18.746858,53.460919,37            18.746879,53.460929,37            18.746901,53.460941,37            18.746923,53.460955,37            18.746942,53.460966,37            18.746961,53.460973,37            18.746988,53.460986,37            18.747006,53.460997,37            18.747023,53.461009,37            18.747041,53.461019,37            18.747064,53.46103,37            18.747089,53.461045,37            18.747113,53.461056,37            18.747132,53.461061,37            18.747151,53.461071,37            18.747172,53.461084,37            18.747194,53.461097,37            18.74722,53.461111,37            18.747242,53.461125,37            18.747261,53.461133,37            18.74728,53.46114,37            18.7473,53.46115,37            18.747322,53.461161,37            18.747353,53.461173,37            18.747382,53.461184,37            18.747407,53.461196,37            18.747441,53.461216,37            18.747471,53.461231,37            18.74749,53.461241,37            18.747507,53.461252,37            18.747528,53.461256,37            18.747549,53.461264,37            18.747571,53.461265,37            18.747592,53.461271,37            18.747613,53.46128,37            18.747636,53.461287,37            18.747657,53.461297,37            18.747679,53.461306,37            18.747701,53.461319,37            18.747721,53.461331,37            18.747739,53.461339,37            18.747759,53.461346,37            18.747772,53.461354,37            18.747787,53.461358,37            18.747803,53.461368,36.8            18.747812,53.461375,36.8            18.747826,53.461382,36.8            18.747845,53.461391,36.8            18.747859,53.461401,36.8            18.747878,53.46141,36.8            18.747897,53.461423,36.8            18.747915,53.461437,36.8            18.747931,53.461448,36.8            18.747948,53.461457,36.8            18.747966,53.461467,36.6            18.747985,53.461478,36.6            18.748009,53.461488,36.6            18.748028,53.4615,36.6            18.74805,53.461513,36.6            18.74807,53.461524,36.6            18.748097,53.461535,36.6            18.748121,53.461551,36.6            18.748145,53.461565,36.4            18.748173,53.461581,36.4            18.748198,53.461589,36.4            18.748218,53.461602,36.4            18.748236,53.461613,36.4            18.748253,53.461626,36.4            18.748273,53.46164,36.4            18.748288,53.461649,36.4            18.748305,53.461662,36.2            18.748315,53.461672,36.2            18.74833,53.461685,36.2            18.748355,53.461697,36.2            18.748381,53.46171,36.2            18.748397,53.461721,36.2            18.748408,53.461732,36.2            18.748423,53.461742,36.2            18.748439,53.461753,36.2            18.748461,53.461768,36            18.748479,53.461781,36            18.748496,53.461791,36            18.748512,53.461803,36            18.748532,53.461812,36            18.748553,53.461821,36            18.748575,53.461825,36            18.748595,53.461831,36            18.748612,53.461836,36            18.748632,53.461846,36            18.748653,53.461856,36            18.748677,53.461866,36            18.748705,53.461878,36            18.748731,53.461885,36            18.748755,53.461899,36            18.748781,53.461911,35.8            18.748807,53.461925,35.8            18.74883,53.461938,35.8            18.748856,53.461948,35.8            18.748887,53.461954,35.8            18.748911,53.461956,35.8            18.748932,53.461962,35.8            18.748955,53.461974,35.8            18.74898,53.461986,35.8            18.749005,53.461996,35.8            18.749025,53.462002,35.8            18.749045,53.462007,35.8            18.749071,53.462013,35.8            18.749091,53.462025,35.8            18.749109,53.462036,35.8            18.74912,53.462042,35.8            18.749132,53.462048,35.8            18.749143,53.462053,35.8            18.749156,53.462055,35.8            18.749173,53.462063,35.8            18.749192,53.462073,35.8            18.749214,53.462081,35.6            18.749237,53.462089,35.6            18.749259,53.462098,35.6            18.74928,53.46211,35.6            18.749299,53.462121,35.6            18.749319,53.46213,35.6            18.749337,53.462139,35.6            18.749348,53.462146,35.6            18.749363,53.462158,35.6            18.749376,53.462169,35.6            18.749396,53.46218,35.6            18.749413,53.46219,35.6            18.749431,53.4622,35.6            18.749455,53.46221,35.6            18.749482,53.462219,35.6            18.749508,53.462234,35.6            18.749527,53.462242,35.6            18.749547,53.46225,35.4            18.749565,53.462261,35.4            18.749586,53.462273,35.4            18.749604,53.462283,35.4            18.74962,53.462292,35.4            18.749638,53.462304,35.4            18.749663,53.462319,35.4            18.749684,53.462331,35.4            18.749702,53.462345,35.4            18.749724,53.462357,35.4            18.749747,53.462368,35.4            18.749771,53.462379,35.4            18.749785,53.462387,35.4            18.749807,53.4624,35.4            18.749828,53.462415,35.2            18.749852,53.46243,35.2            18.749873,53.46244,35.2            18.749898,53.462446,35.2            18.749925,53.462452,35.2            18.74995,53.462458,35.2            18.749972,53.462466,35.2            18.749989,53.46248,35.2            18.750011,53.462493,35.2            18.750025,53.462502,35.2            18.750042,53.462509,35.2            18.750062,53.462517,35.2            18.750081,53.46253,35.2            18.750101,53.462538,35.2            18.750117,53.462545,35.2            18.750132,53.462551,35.2            18.750154,53.462561,35.2            18.750178,53.462575,35.2            18.750197,53.462587,35.2            18.750222,53.462596,35.2            18.750245,53.462603,35.2            18.750263,53.462613,35.2            18.750282,53.462626,35            18.750299,53.462637,35            18.750322,53.462646,35            18.750338,53.462657,35            18.750358,53.462673,35            18.750381,53.462684,35            18.750404,53.462693,35            18.75043,53.462698,35            18.750455,53.462709,35            18.750485,53.462721,35            18.75051,53.462728,35            18.750541,53.462737,35            18.750564,53.462746,34.8            18.750594,53.462752,34.8            18.750621,53.462756,34.8            18.750655,53.462769,34.8            18.750681,53.462773,34.8            18.750716,53.462783,34.8            18.750746,53.462791,34.8            18.750774,53.4628,34.8            18.750797,53.462805,34.8            18.750818,53.462812,34.8            18.750838,53.462818,34.8            18.750858,53.462829,34.8            18.750883,53.462835,34.8            18.750908,53.46284,34.8            18.750933,53.462838,34.8            18.750962,53.462836,34.8            18.750991,53.462839,34.8            18.751029,53.462841,34.8            18.751059,53.462847,34.8            18.751085,53.462848,34.8            18.751112,53.462848,34.8            18.751139,53.462851,34.8            18.751161,53.462846,34.8            18.751178,53.462846,34.8            18.751207,53.462848,34.8            18.751236,53.462848,34.8            18.751269,53.46285,34.8            18.751297,53.462855,34.6            18.751336,53.462854,34.6            18.751365,53.462856,34.6            18.751401,53.462853,34.6            18.751439,53.462849,34.6            18.751474,53.462855,34.4            18.751503,53.462854,34.4            18.751522,53.462853,34.4            18.751554,53.462858,34.4            18.75159,53.462858,34.4            18.75162,53.462861,34.4            18.751639,53.462861,34.2            18.751657,53.462863,34.2            18.751685,53.46287,34.2            18.751706,53.462874,34.2            18.751728,53.462873,34.2            18.751755,53.462874,34.2            18.75178,53.46288,34.2            18.751798,53.462885,34            18.751812,53.46289,34            18.75183,53.462895,34            18.751851,53.462903,34            18.751874,53.46291,34            18.751897,53.462913,34            18.751911,53.462917,34            18.751925,53.462922,34            18.75194,53.462929,34            18.751959,53.462939,34            18.751979,53.46295,34            18.751995,53.462954,34            18.752014,53.462956,34            18.752023,53.462962,34            18.752034,53.462964,34            18.752057,53.462972,34            18.752074,53.462974,34            18.752091,53.462977,34            18.752111,53.462981,34            18.752128,53.462992,34            18.752146,53.463003,34            18.752167,53.463011,34            18.752185,53.463019,34            18.752202,53.463029,34            18.752213,53.463034,34            18.752229,53.463044,34            18.752244,53.463056,34            18.752262,53.463065,34            18.752282,53.463073,34            18.752302,53.463083,34            18.752319,53.46309,34            18.752344,53.463097,34            18.752369,53.463106,34            18.752391,53.463115,34            18.752413,53.463126,34            18.752436,53.463135,34.2            18.75246,53.463143,34.2            18.752479,53.463157,34.2            18.752508,53.463172,34.2            18.752524,53.463181,34.2            18.752542,53.463193,34.2            18.752568,53.463213,34.2            18.752585,53.463229,34.2            18.752609,53.463242,34.2            18.752637,53.463255,34.2            18.752663,53.463268,34.2            18.752682,53.463276,34.2            18.7527,53.463285,34.2            18.752717,53.463291,34.2            18.752736,53.463297,34.2            18.752757,53.463302,34.2            18.752778,53.463313,34.2            18.752792,53.463322,34.4            18.752806,53.46333,34.4            18.752816,53.463341,34.4            18.752826,53.463352,34.4            18.752839,53.463359,34.4            18.752861,53.463359,34.4            18.752881,53.463363,34.4            18.752901,53.463375,34.4            18.752921,53.463384,34.4            18.752938,53.463389,34.4            18.752963,53.463401,34.4            18.752984,53.463412,34.4            18.753013,53.463429,34.4            18.753045,53.46344,34.4            18.753071,53.463453,34.4            18.753096,53.463461,34.6            18.753121,53.463472,34.6            18.753142,53.463484,34.6            18.75316,53.4635,34.6            18.753172,53.46351,34.6            18.753186,53.463523,34.6            18.753202,53.463528,34.6            18.75322,53.463538,34.6            18.75324,53.463551,34.6            18.753258,53.463561,34.6            18.753275,53.46357,34.6            18.753291,53.463576,34.6            18.753311,53.463581,34.8            18.753333,53.463595,34.8            18.75335,53.463604,34.8            18.75337,53.463618,34.8            18.753387,53.463632,34.8            18.753403,53.463643,34.8            18.753424,53.463656,34.8            18.753451,53.463669,34.8            18.753475,53.463683,35            18.753502,53.4637,35            18.753528,53.463711,35            18.753545,53.463724,35            18.753567,53.463739,35            18.753587,53.463751,35            18.753607,53.463766,35            18.753631,53.463776,34.8            18.753652,53.463784,34.8            18.75367,53.463793,34.8            18.75369,53.463799,34.8            18.753709,53.463808,34.8            18.753729,53.463815,34.8            18.753749,53.463826,34.8            18.753767,53.463834,34.8            18.753788,53.463843,34.8            18.753812,53.463853,34.6            18.753839,53.463859,34.6            18.753867,53.463868,34.6            18.75389,53.463872,34.6            18.753915,53.463878,34.6            18.75394,53.463884,34.6            18.75396,53.463888,34.6            18.75398,53.463897,34.6            18.753996,53.463906,34.6            18.754011,53.463911,34.4            18.754035,53.46392,34.4            18.754053,53.463927,34.4            18.754071,53.463932,34.4            18.75409,53.463939,34.4            18.754113,53.463941,34.4            18.754137,53.463946,34.4            18.754167,53.463955,34.4            18.754198,53.463965,34.4            18.754222,53.463976,34.4            18.754243,53.463991,34.4            18.754263,53.464002,34.4            18.754285,53.464014,34.4            18.754304,53.464022,34.4            18.754325,53.464036,34.4            18.754349,53.464048,34.4            18.754373,53.464054,34.4            18.754392,53.464059,34.2            18.754416,53.464065,34.2            18.754443,53.464077,34.2            18.75447,53.464081,34            18.754496,53.464091,34            18.754519,53.464095,34            18.754541,53.464103,33.8            18.754565,53.464107,33.8            18.754581,53.464116,33.8            18.754597,53.46413,33.8            18.754617,53.464139,33.6            18.754645,53.464151,33.6            18.754669,53.464164,33.4            18.754692,53.464179,33.4            18.754713,53.464195,33.4            18.75474,53.464207,33.2            18.754765,53.464221,33.2            18.754784,53.46423,33.2            18.754798,53.464239,33            18.754816,53.464247,33            18.754833,53.464256,33            18.754854,53.464265,33            18.754875,53.464268,32.8            18.754892,53.464278,32.8            18.754911,53.464287,32.8            18.754936,53.464291,32.8            18.754961,53.464298,32.6            18.754987,53.464314,32.6            18.75501,53.464326,32.4            18.755032,53.464335,32.4            18.755052,53.464345,32.2            18.75507,53.464355,32.2            18.755092,53.464369,32            18.755114,53.46438,32            18.755132,53.464387,31.8            18.755152,53.464396,31.8            18.755175,53.464409,31.6            18.755188,53.464415,31.6            18.755202,53.464418,31.4            18.755218,53.464429,31.4            18.755233,53.464439,31.4            18.755245,53.46445,31.2            18.755249,53.464462,31.2            18.755253,53.464476,31            18.755259,53.464489,31            18.755257,53.464503,30.8            18.755256,53.464519,30.8            18.755257,53.464537,30.6            18.755265,53.464552,30.6            18.755264,53.464566,30.6            18.755271,53.464582,30.4            18.755272,53.464594,30.4            18.755272,53.464608,30.2            18.755275,53.464622,30.2            18.755273,53.46463,30.2            18.755271,53.464643,30            18.755269,53.464656,30            18.755271,53.464668,29.8            18.755285,53.464687,29.8            18.755286,53.4647,29.6            18.755289,53.464713,29.6            18.755291,53.464726,29.6            18.755285,53.46474,29.4            18.75528,53.464759,29.4            18.755278,53.464777,29.2            18.755279,53.464792,29.2            18.755279,53.464804,29            18.755277,53.464821,29            18.755279,53.464838,28.8            18.755278,53.464854,28.8            18.755268,53.46487,28.6            18.755261,53.46489,28.6            18.755245,53.464904,28.6            18.755227,53.464915,28.4            18.755201,53.464919,28.4            18.755174,53.464914,28.6            18.75515,53.464914,28.6            18.755124,53.464915,28.6            18.755099,53.464916,28.8            18.755075,53.464918,28.8            18.755048,53.464915,28.8            18.755022,53.464908,29            18.754999,53.464902,29            18.754974,53.464894,29.2            18.754946,53.464889,29.2            18.754921,53.464886,29.4            18.754902,53.46488,29.4            18.754885,53.464883,29.4            18.75487,53.464883,29.4            18.754854,53.464886,29.4            18.754836,53.464887,29.4            18.754821,53.464888,29.4            18.754805,53.464892,29.4            18.754795,53.464894,29.4            18.754777,53.464894,29.4            18.754746,53.464898,29.4            18.754719,53.464896,29.4            18.754693,53.464894,29.6            18.754671,53.464892,29.6            18.754648,53.464899,29.6            18.754625,53.464899,29.6            18.754601,53.464897,29.6            18.754578,53.464893,29.6            18.754564,53.464892,29.8            18.754546,53.464889,29.8            18.754519,53.464885,29.8            18.754491,53.46489,29.8            18.754463,53.464896,29.8            18.754435,53.464903,29.8            18.75441,53.464902,29.8            18.754387,53.464904,29.8            18.754365,53.464908,29.8            18.754345,53.46491,29.8            18.754322,53.464911,29.8            18.754295,53.464915,29.8            18.754273,53.464915,29.8            18.754255,53.464916,30            18.754235,53.464909,30            18.754214,53.464906,30            18.754187,53.464902,30            18.754159,53.464899,30.2            18.754134,53.464898,30.2            18.754107,53.464899,30.2            18.754081,53.464902,30.2            18.754052,53.464908,30.2            18.75403,53.464914,30.2            18.754011,53.464921,30.2            18.753993,53.464926,30.2            18.753965,53.464924,30.2            18.753945,53.464934,30.2            18.75392,53.464946,30            18.753893,53.464955,30            18.753863,53.464965,30            18.753835,53.464978,30            18.753816,53.464995,29.8            18.753797,53.465007,29.8            18.753788,53.465024,29.6            18.753779,53.465039,29.6            18.753768,53.465051,29.6            18.753761,53.465066,29.4            18.753749,53.465077,29.4            18.753739,53.465088,29.2            18.753733,53.465101,29.2            18.753729,53.465114,29.2            18.75372,53.46513,29            18.753709,53.465146,29            18.753705,53.46516,28.8            18.753695,53.46517,28.8            18.753688,53.465184,28.8            18.75368,53.465197,28.6            18.753673,53.465207,28.6            18.753664,53.465219,28.6            18.753639,53.46523,28.6            18.75362,53.465241,28.6            18.753611,53.465256,28.4            18.753602,53.465273,28.4            18.753595,53.465287,28.4            18.753586,53.465304,28.2            18.753581,53.465325,28.2            18.753574,53.465343,28            18.753567,53.465361,28            18.753563,53.465378,28            18.753551,53.46539,27.8            18.75354,53.465401,27.8            18.753532,53.465415,27.8            18.753529,53.465432,27.8            18.753524,53.465446,27.6            18.753519,53.465465,27.6            18.753516,53.465485,27.4            18.75351,53.465502,27.4            18.753506,53.465519,27.2            18.753501,53.465536,27.2            18.753496,53.465553,27.2            18.753494,53.46557,27            18.753488,53.465584,27            18.753488,53.465597,27            18.753493,53.465609,26.8            18.753496,53.465623,26.8            18.753495,53.465637,26.8            18.753488,53.465651,26.6            18.753481,53.465663,26.6            18.753478,53.465681,26.6            18.753475,53.465697,26.4            18.75347,53.46571,26.4            18.753464,53.465723,26.4            18.753455,53.465741,26.2            18.753448,53.465756,26.2            18.753445,53.465772,26            18.753439,53.465787,26            18.75343,53.465802,26            18.75342,53.465816,25.8            18.753413,53.465828,25.8            18.753403,53.465842,25.8            18.753397,53.465856,25.6            18.753399,53.465869,25.6            18.753397,53.465883,25.4            18.753396,53.465897,25.4            18.753398,53.465914,25.2            18.753397,53.465929,25.2            18.753394,53.465942,25            18.753396,53.465959,25            18.753389,53.465973,24.8            18.753394,53.465995,24.6            18.753395,53.466011,24.6            18.753396,53.466026,24.6            18.753396,53.466041,24.4            18.753392,53.466057,24.4            18.753386,53.466074,24.4            18.753382,53.46609,24.2            18.753381,53.466105,24.2            18.753378,53.466119,24.2            18.753374,53.466131,24.2            18.753371,53.466148,24            18.753367,53.466165,24            18.753362,53.466183,23.8            18.75336,53.466201,23.8            18.75336,53.46622,23.8            18.753359,53.466238,23.6            18.753359,53.466255,23.6            18.753357,53.466271,23.6            18.753354,53.466289,23.4            18.753355,53.466306,23.4            18.753353,53.466323,23.4            18.753351,53.46634,23.2            18.753349,53.466355,23.2            18.753347,53.466372,23.2            18.753343,53.466388,23.2            18.753339,53.466402,23            18.753335,53.466417,23            18.753332,53.466433,23            18.753329,53.466448,22.8            18.753328,53.466464,22.8            18.753327,53.466479,22.8            18.753326,53.466492,22.6            18.753325,53.466505,22.6          </coordinates></LineString></Placemark><Placemark><name>Finish</name><styleUrl>#icon-1899-FF5252-nodesc</styleUrl><Point><coordinates>            18.753325,53.466505,22.6          </coordinates></Point></Placemark><Placemark><name>Start</name><styleUrl>#icon-1899-0F9D58-nodesc</styleUrl><Point><coordinates>            18.753276,53.46675,21.8          </coordinates></Point></Placemark></Folder></Document></kml>